tag_value,ratio,policy,n,value_score,value_score_lo,value_score_hi,animal_recall,animal_recall_lo,animal_recall_hi,dropped_frac,dropped_frac_lo,dropped_frac_hi,latency_p95_h,latency_p95_h_lo,latency_p95_h_hi,battery_years_to_eol,battery_years_to_eol_lo,battery_years_to_eol_hi,frac_time_soc_above_90,frac_time_soc_above_90_lo,frac_time_soc_above_90_hi,b_wakes_per_day,b_wakes_per_day_lo,b_wakes_per_day_hi,calendar_share,calendar_share_lo,calendar_share_hi,ceiling_at_floor_frac,ceiling_at_floor_frac_lo,ceiling_at_floor_frac_hi,reserve_coverage,reserve_coverage_lo,reserve_coverage_hi,soc_mean,soc_mean_lo,soc_mean_hi,equiv_full_cycles_per_year,equiv_full_cycles_per_year_lo,equiv_full_cycles_per_year_hi,capacity_wh,capacity_wh_lo,capacity_wh_hi,days_of_autonomy,days_of_autonomy_lo,days_of_autonomy_hi
0.5,0.5,always_now,45,0.06775636135462401,0.04795186310069566,0.08981249563971969,0.20481244517234234,0.1763766788836402,0.2332689978698335,0.741107140857913,0.7167344907444612,0.7654888357331107,0.0,0.0,0.0,12.755198658127531,12.416367369269366,13.107448936964438,0.0,0.0,0.0,0.2767123287671233,0.20267123287671232,0.35519786910197865,0.6958872259461621,0.6869917628539289,0.7049519260424393,0.0,0.0,0.0,nan,nan,nan,0.0832330247507978,0.07888471054922074,0.08758539482692479,112.93220656355854,107.9682295988987,117.74330304681529,0.02859778572369355,0.02774219976981865,0.029466225539023904,0.5,0.5,0.5
0.5,0.5,ceiling_now,45,0.0652109548239117,0.044212447415900906,0.0877817131431875,0.22633550403336136,0.19710411895042693,0.25603402531301006,0.7218935397074436,0.6955387763887427,0.7490713115813216,0.0,0.0,0.0,12.645595753838897,12.297763317134185,12.996804144184715,0.0,0.0,0.0,0.06270928462709284,0.042435312024353126,0.08542313546423132,0.6978795974065594,0.689759118499716,0.7061504067857333,0.0,0.0,0.0,nan,nan,nan,0.09061783299160994,0.08466630722918342,0.09664286270643253,112.97459157128449,108.12769874514484,117.78440188535913,0.028597785723693554,0.02774005998328334,0.02947357981653109,0.5,0.5,0.5
0.5,0.5,ee_now,45,0.0652109548239117,0.044788619886314426,0.08872901433473242,0.22633550403336136,0.19749826776353455,0.2580946138690797,0.7218935397074436,0.6944125833687702,0.7485738818767984,0.0,0.0,0.0,12.645595753838897,12.288129398398931,12.995928849162233,0.0,0.0,0.0,0.06270928462709283,0.04261035007610352,0.08450837138508371,0.6978795974065594,0.689550432162745,0.7061748518909046,0.0,0.0,0.0,nan,nan,nan,0.09061783299160996,0.08451769742076205,0.09673387913021511,112.97459157128449,108.02090465518653,117.95584466456755,0.028597785723693554,0.02772851080151675,0.029451480481112787,0.5,0.5,0.5
0.5,0.5,lazy_defer,45,0.06626894918741359,0.04560605615925,0.0889995540797301,0.23038979079839672,0.20180452044314684,0.25981814126032793,0.7166157888003768,0.6900641612740317,0.743201386515325,48.0,48.0,48.0,12.621882828242352,12.286777981716316,12.977414963196649,0.0,0.0,0.0,0.000243531202435312,6.0882800608828e-05,0.000487062404870624,0.6980087914893984,0.689972233307004,0.7058918654276171,0.0,0.0,0.0,nan,nan,nan,0.09259349082340586,0.08626556829213178,0.09917689949058486,112.96896774788259,108.23411595102237,117.80671901718897,0.02859778572369355,0.02779037280350858,0.029450445569600796,0.5,0.5,0.5
0.5,0.5,sunsched,45,0.0663600944922753,0.04506641875395997,0.08995056765364344,0.2307541139576668,0.20055879609832777,0.26189203805054484,0.7162917063950897,0.6889032134745182,0.7444309752985714,48.0,48.0,48.0,12.621969430716623,12.272064834995298,12.982390120999755,0.0,0.0,0.0,0.000243531202435312,6.0882800608828e-05,0.000487062404870624,0.6980524095850507,0.690275093616116,0.7062892377566203,0.0,0.0,0.0,0.9444757433489824,0.9434741784037556,0.9454147104851328,0.09263025498423223,0.0857974616161909,0.09917516421151777,112.96981410828104,107.94060956962095,117.75357922355624,0.028597785723693554,0.027737486060698535,0.029413729250600495,0.5,0.5,0.5
0.5,0.5,sunsched_no_ceiling,45,0.0663600944922753,0.04641968233334371,0.08965019468701213,0.2307541139576668,0.2016137843814233,0.2612781897892198,0.7162917063950895,0.6887812277657561,0.7435947606016923,48.0,48.0,48.0,12.621969430716627,12.285355766754336,12.968917194199742,0.0,0.0,0.0,0.000243531202435312,6.0882800608828e-05,0.000487062404870624,0.6980524095850507,0.6902932269678543,0.7059489160268593,0.0,0.0,0.0,0.9444757433489827,0.943411580594679,0.9454773082942095,0.09263025498423222,0.08612521252201269,0.09910312799845163,112.96981410828104,108.18904536466022,117.67928776905254,0.028597785723693554,0.0277509063770607,0.029441398455222506,0.5,0.5,0.5
0.5,0.5,sunsched_no_conformal,45,0.0663600944922753,0.04499906258560649,0.0900609372390033,0.23075411395766685,0.20173127112840006,0.2617973397199764,0.7162917063950897,0.6888425409126315,0.7435609058741333,48.0,48.0,48.0,12.621969430716627,12.261261193029515,12.980714305722918,0.0,0.0,0.0,0.000243531202435312,6.0882800608828e-05,0.000487062404870624,0.6980524095850507,0.6900146376984562,0.7058598148585221,0.0,0.0,0.0,0.6888888888888888,0.682942097026604,0.6949608763693271,0.09263025498423222,0.0863553866237725,0.09938871577002904,112.96981410828104,108.25963664007025,117.85248757620991,0.02859778572369355,0.027787949515089325,0.029467514738947136,0.5,0.5,0.5
0.5,1.0,always_now,45,0.197973042952695,0.16317879584629108,0.2351941895240577,0.5616029610933416,0.5315250001934346,0.5890133415434069,0.3819801319007673,0.3589117340405379,0.4064072813445503,0.0,0.0,0.0,4.834074267802384,4.713236112817319,4.94928612907493,0.1676674277016743,0.16412310269744632,0.17111875845594454,1.0216133942161338,0.8111887366818873,1.2539436834094366,0.4401549233301712,0.4320097332941518,0.44780670080398943,0.0,0.0,0.0,nan,nan,nan,0.41578216152235115,0.41025844146451074,0.42131407574027874,328.9259152114956,325.39865943579326,332.48090146804833,0.028597785723693554,0.027749720369306355,0.029469991942594986,0.5,0.5,0.5
0.5,1.0,ceiling_now,45,0.16742250799271233,0.14195595142367254,0.19750860326256578,0.5650603182530284,0.5364044721222069,0.593294736682492,0.3633585704332682,0.3415162321422829,0.38766868211735495,0.0,0.0,0.0,4.813759464830658,4.699402039283252,4.9180045546901665,0.16898359546761374,0.1654743097835278,0.172626310671402,0.8244748858447489,0.6575296803652969,0.9933652968036529,0.4401225338345095,0.43232616619494235,0.44753525006907413,0.0,0.0,0.0,nan,nan,nan,0.4200474523210629,0.4138378849033931,0.4262166877366297,325.9611257296194,322.923694361773,329.21249375567453,0.028597785723693554,0.02774574971097004,0.029449140644547806,0.5,0.5,0.5
0.5,1.0,ee_now,45,0.16813325517200065,0.14206592375315247,0.19892160743116113,0.5655812268638625,0.5370420068730488,0.5958016062271304,0.36282887536489117,0.34002593384398255,0.3859083495874455,0.0,0.0,0.0,4.86731832631612,4.743642716006172,4.995334331475897,0.17033147302553694,0.16680613690174195,0.17407482453915102,0.8267884322678843,0.6550228310502283,1.0002968036529676,0.4461187736499555,0.43626368744932337,0.45570106416157136,0.0,0.0,0.0,nan,nan,nan,0.42148930535684676,0.4149735906773819,0.4283789437991654,326.2381858322676,322.983492319821,329.55592721481486,0.028597785723693554,0.027702206131634634,0.029471207971322026,0.5,0.5,0.5
0.5,1.0,lazy_defer,45,0.24056884471193693,0.19684638810708946,0.2885270090593271,0.6497416956237291,0.6199398130195615,0.6772664516212643,0.31078884004240204,0.2858378196736462,0.33788686305843113,36.15990740740738,33.56669675925924,38.52218518518517,4.815552313747496,4.659215008929495,4.971265396536466,0.1571344917977338,0.15358442203619146,0.16081794879925584,0.767488584474886,0.6564231354642314,0.8798477929984778,0.4399353986211276,0.4262028064442083,0.45381415750221876,0.0,0.0,0.0,nan,nan,nan,0.43116931346183063,0.42148057189482974,0.44097653315893454,339.7767248982893,335.8301880013465,343.7549349223077,0.028597785723693543,0.027773931185306754,0.029446263154924348,0.5,0.5,0.5
0.5,1.0,sunsched,45,0.17273752887517485,0.1369250548400116,0.21453951494127763,0.6262536713911082,0.597946594559838,0.6580722404455267,0.290102181274353,0.2649962779271881,0.3173527002004068,48.0,48.0,48.0,5.190535776223083,4.975035348498201,5.39930795291451,0.18468036529680362,0.1795360434635549,0.18990549953492308,0.017290715372907158,0.01308980213089802,0.022283105022831044,0.48735853358046427,0.46551031707554075,0.5097455261511444,0.0,0.0,0.0,0.9440375586854456,0.9433489827856023,0.9447261345852892,0.4486957458562809,0.43816532909496775,0.45923110219105395,310.6472128189895,307.10756191806763,314.174331280658,0.02859778572369355,0.02777980755491726,0.029420772043694313,0.5,0.5,0.5
0.5,1.0,sunsched_no_ceiling,45,0.17403055886835822,0.13680218955327333,0.21364373452661992,0.6265120861373509,0.598160470132859,0.6564840052406385,0.2899346333951802,0.2660994426087066,0.3178541942055492,48.0,48.0,48.0,5.203200013546736,4.977252644068394,5.420732723187042,0.18620624048706244,0.1803247294097751,0.19171170514121424,0.03111111111111111,0.015401826484018274,0.04932267884322676,0.48948633927044694,0.4657531988031023,0.5127166478593375,0.0,0.0,0.0,0.9440375586854456,0.943411580594679,0.9446635367762125,0.44976739861060666,0.4380521104013418,0.46072656675291623,311.16406318883156,307.7928774966944,314.61681631277196,0.028597785723693554,0.027766067319628048,0.02942600439172906,0.5,0.5,0.5
0.5,1.0,sunsched_no_conformal,45,0.1721644916806761,0.13764383230078972,0.21251665924436045,0.6246831539670163,0.5994626696967119,0.6542279878165702,0.29191311419451244,0.2670672291561359,0.3168180253362658,48.0,48.0,48.0,5.060465070031626,4.880215389825889,5.250090718470747,0.17584474885844747,0.17081548600541183,0.1808636848892271,0.017290715372907158,0.013211567732115678,0.022100456621004565,0.4707376133008547,0.4546507450400956,0.48772756738894146,0.0,0.0,0.0,0.6933333333333334,0.6863834115805946,0.6998435054773082,0.44346860869517596,0.43497043954532144,0.45254802403238314,310.399976229181,306.52482187962187,314.1178818704547,0.02859778572369355,0.027788954933079407,0.029433317508940994,0.5,0.5,0.5
0.5,2.0,always_now,45,0.2325563033774748,0.19250086406422562,0.27676055982584513,0.6606959242565478,0.6285143388275403,0.6919455942540982,0.2775484177798738,0.25580269964412694,0.30077311229420567,0.0,0.0,0.0,4.5113253460282285,4.411244063935003,4.611910353307872,0.3100188144765771,0.30617175608828,0.3137910747505496,1.2793911719939115,1.0048538812785388,1.592249619482496,0.4807207333178011,0.47566011070285735,0.48539680231392107,0.0,0.0,0.0,nan,nan,nan,0.5471028681193985,0.5418941716448096,0.5522176380801169,363.12425624257844,359.4258063238752,366.91067336241946,0.02859778572369355,0.027778188550125316,0.029477850222467256,0.5,0.5,0.5
0.5,2.0,ceiling_now,45,0.2014918634725956,0.17117104693178647,0.23613827396234488,0.6687477309952546,0.6392439320612758,0.6968710102461748,0.2604570890041758,0.23906132355015425,0.2831864184630115,0.0,0.0,0.0,4.491390152586961,4.392244205507107,4.585269899867088,0.3059392440385591,0.3008847031963471,0.31066018729917133,1.0960730593607306,0.86055098934551,1.3330913242009133,0.47695027074157437,0.47200964924298205,0.4816646322902653,0.0,0.0,0.0,nan,nan,nan,0.5465736844082761,0.5416686856383814,0.551219432326949,359.39524260383524,356.5274698338147,362.1318721120681,0.02859778572369355,0.027751043605145576,0.029455867691868934,0.5,0.5,0.5
0.5,2.0,ee_now,45,0.20261370550493818,0.1710617406578562,0.23793513222532092,0.669797481110586,0.6403837041836203,0.6997003060868474,0.2594479436633266,0.2373332470581933,0.2835794653554473,0.0,0.0,0.0,4.56408397297921,4.461900673051358,4.667737340087924,0.31108320649416543,0.30718108933705396,0.31504535557246743,1.101674277016743,0.8628234398782343,1.344188736681887,0.48724813992010463,0.4804678146202762,0.4932487706454889,0.0,0.0,0.0,nan,nan,nan,0.550293985437728,0.5446934220160942,0.5560075707574168,359.95403770141843,356.8928794979107,362.83931506720756,0.028597785723693554,0.02771830296096659,0.02941901889241076,0.5,0.5,0.5
0.5,2.0,lazy_defer,45,0.28480016122767793,0.2358304477399749,0.3403311908122291,0.7662951694807751,0.7353381815471357,0.7932273378530432,0.18758053824027326,0.16472980584040567,0.21367005001640613,17.91620370370369,17.256331018518498,18.661504629629615,4.616159392423317,4.482975380533181,4.744843319303967,0.3079409775071875,0.30377668378995437,0.31228788263149,1.002922374429224,0.8316575342465755,1.1771719939117198,0.4956376821582727,0.4830298883985097,0.507169330105807,0.0,0.0,0.0,nan,nan,nan,0.5690258057322366,0.5597075603913981,0.5791262230651693,373.7618754462701,370.59797679657805,376.6475065454037,0.02859778572369355,0.027764245915607392,0.02946391281546984,0.5,0.5,0.5
0.5,2.0,sunsched,45,0.1952298090521522,0.153843708085479,0.2391449635298557,0.7217050707399651,0.6945750034895617,0.7501322247652197,0.1790573132478796,0.15557423063577888,0.20471530764393392,48.0,48.0,48.0,5.01380346266815,4.839589738459683,5.196133711506043,0.3133096566886521,0.3073205278623373,0.31892843099949264,0.025692541856925415,0.016315068493150685,0.03713850837138508,0.5396327281733048,0.5221306857070154,0.5581693611923884,0.0,0.0,0.0,0.9437245696400623,0.9430359937402188,0.9444131455399057,0.5733193165891575,0.5648856865146253,0.5817833883172613,334.8262184158707,330.01639169808135,339.27869268850367,0.02859778572369355,0.0278181723919802,0.029471742940859098,0.5,0.5,0.5
0.5,2.0,sunsched_no_ceiling,45,0.2004929184774922,0.15756483430536852,0.2484628885173461,0.7227096534607506,0.6942385422067798,0.7512260797256712,0.17894803663077347,0.15529752136360578,0.20603817985927525,48.0,48.0,48.0,5.031492528345942,4.836752222437845,5.217101822102263,0.3206709791983765,0.31571035219008964,0.32562542279722645,0.08639269406392693,0.036467275494672755,0.1447808219178082,0.5443875396292618,0.5245113952150824,0.5636870178687949,0.0,0.0,0.0,0.9437245696400621,0.9430985915492955,0.9443505477308293,0.5767049964182064,0.5665820556115138,0.5865285136113993,336.6401617067967,332.8311313796125,340.45809516450964,0.02859778572369355,0.02778804533743605,0.029398178552277082,0.5,0.5,0.5
0.5,2.0,sunsched_no_conformal,45,0.19451443765296517,0.1547520345222137,0.23774335665811772,0.7195846920388276,0.6922382551295503,0.7467906867122666,0.18130626838224778,0.15826999032004171,0.20698564349890153,48.0,48.0,48.0,4.87623407375853,4.706999769984618,5.042000477390451,0.2954312531709792,0.28267138085574156,0.30639090246067985,0.025692541856925415,0.015829528158295282,0.036529680365296795,0.5177932155930037,0.5039986478699328,0.531142105601992,0.0,0.0,0.0,0.6931455399061033,0.6837543035993738,0.7019733959311424,0.5641650341543083,0.5578867363294053,0.5704048150041182,334.55839958755354,330.0131927132221,339.3172937829188,0.028597785723693554,0.027768451884821233,0.029393340924330557,0.5,0.5,0.5
1.0,0.5,always_now,45,0.05451099576862627,0.03758406477636913,0.07213280272627436,0.1710384701517404,0.14722677124223885,0.19496841803772708,0.7847020813075188,0.7643241978949513,0.8058999610375808,0.0,0.0,0.0,16.15369920518051,15.83848544192723,16.503540467640548,0.0,0.0,0.0,0.2112024353120244,0.15086453576864534,0.27610502283105026,0.8108034792198626,0.8050528186460263,0.8163979486329451,0.0,0.0,0.0,nan,nan,nan,0.04389052535211449,0.04157969878131792,0.04623771328750433,56.69459843328755,54.26582274680815,59.15805604291213,0.0571955714473871,0.055513858861021205,0.05893449702283808,1.0,1.0,1.0
1.0,0.5,ceiling_now,45,0.0539424532440738,0.035855370162206246,0.07312610468399743,0.18845833182813057,0.16331321390189804,0.21448085347507567,0.7674795798359221,0.7429908177556932,0.7917713217418487,0.0,0.0,0.0,16.14274532220836,15.816708255919117,16.472807989337273,0.0,0.0,0.0,0.00487062404870624,0.003713850837138508,0.006027397260273973,0.8142237163125667,0.8098726094076041,0.8189172330433755,0.0,0.0,0.0,nan,nan,nan,0.047459374999174304,0.044045304308985386,0.05072699886052206,56.70976271865229,54.211972575176496,59.0487463133677,0.0571955714473871,0.05539046587230452,0.05892039265313558,1.0,1.0,1.0
1.0,0.5,ee_now,45,0.05398900950132085,0.036372717711844305,0.07347630820075292,0.18846655126869324,0.16363454996968702,0.2146242135472697,0.7674463938701949,0.7433126706594589,0.7910832080109313,0.0,0.0,0.0,16.14270112702962,15.806707894262148,16.460487399648816,0.0,0.0,0.0,0.004505327245053271,0.0035296803652968057,0.005540334855403349,0.8142262524226921,0.810093635202574,0.8186373825982216,0.0,0.0,0.0,nan,nan,nan,0.04746626374531322,0.04421810482420853,0.05070292178669614,56.70974616801959,54.306705860227744,59.00110778389157,0.05719557144738711,0.05551392355322264,0.058836528229127036,1.0,1.0,1.0
1.0,0.5,lazy_defer,45,0.053862178489349065,0.035899326260811784,0.07278405803072611,0.1878649831691072,0.16242348820859903,0.21360171638960884,0.7682384535192238,0.744861260223734,0.7923114507354143,48.0,48.0,48.0,16.137441919434846,15.809892002672681,16.456631336515965,0.0,0.0,0.0,0.000487062404870624,0.00018264840182648405,0.0007914764079147642,0.8140830406882524,0.8095532476923446,0.8184777545745353,0.0,0.0,0.0,nan,nan,nan,0.04770322816457461,0.04442952240024216,0.05115116047729251,56.70567659513046,54.36954686613309,59.15257413525964,0.0571955714473871,0.055555258353688235,0.058982931086101587,1.0,1.0,1.0
1.0,0.5,sunsched,45,0.05384264556818846,0.036207443931414555,0.0733904755080717,0.18808085389756984,0.16314206798982925,0.2145559103678138,0.7679333804698081,0.7444399578327466,0.7922866882961181,48.0,48.0,48.0,16.139672674763567,15.79686426376591,16.47744206256844,0.0,0.0,0.0,0.0017656012176560127,0.0012176560121765602,0.0023135464231354647,0.8141380704396142,0.8096387203434914,0.8186197172961228,0.0,0.0,0.0,0.9444757433489824,0.9434100156494519,0.9454773082942095,0.04760134851583359,0.044364093226956856,0.05106106398077403,56.70649487499062,54.268324854087616,59.16022948828694,0.0571955714473871,0.055530646068156636,0.05897439699854408,1.0,1.0,1.0
1.0,0.5,sunsched_no_ceiling,45,0.05384264556818847,0.036318042655599146,0.07383826305725716,0.18808085389756984,0.16235024849932933,0.21495589085727004,0.767933380469808,0.7442402581161522,0.7923347982268999,48.0,48.0,48.0,16.139672674763567,15.807368354144918,16.46836889572397,0.0,0.0,0.0,0.0017656012176560127,0.0012770167427701702,0.0023135464231354647,0.8141380704396142,0.8095718978747601,0.8183265099936682,0.0,0.0,0.0,0.9444757433489824,0.9434741784037556,0.9455399061032862,0.04760134851583359,0.04443795527352933,0.05106893569047604,56.706494874990604,54.46870126029219,59.19182186025509,0.05719557144738711,0.055585003561252316,0.05895239051602701,1.0,1.0,1.0
1.0,0.5,sunsched_no_conformal,45,0.05384264556818847,0.03580122426260058,0.07377016931840195,0.18808085389756984,0.16277152254940155,0.2137313036711932,0.7679333804698081,0.7442867031230076,0.7927760954074715,48.0,48.0,48.0,16.13967267476357,15.787305126430844,16.477197142203902,0.0,0.0,0.0,0.0017656012176560127,0.0012785388127853881,0.0023135464231354647,0.8141380704396142,0.8096019883484605,0.8188759969592073,0.0,0.0,0.0,0.6888888888888889,0.6830046948356807,0.6949608763693269,0.047601348515833586,0.04416529085814115,0.05095504717321877,56.706494874990604,54.16330577992141,59.14251260193786,0.05719557144738711,0.05546055966074158,0.058845907384011686,1.0,1.0,1.0
1.0,1.0,always_now,45,0.23793030524930975,0.19756788509988904,0.281741972999492,0.6859904781815462,0.6633934967099895,0.7083703327849766,0.2549745635585575,0.23818130797393286,0.27311186462190373,0.0,0.0,0.0,8.142253604389229,7.975310242399781,8.306500707474077,0.09664277862337224,0.09100984589041096,0.10216333713850834,1.3278538812785392,1.0641643835616437,1.5946484018264835,0.7077288379583931,0.7023017940071604,0.7131999156300329,0.0,0.0,0.0,nan,nan,nan,0.44362383598529653,0.436112383845638,0.45079067418652174,194.73708474320293,192.69884413033378,196.85995543713983,0.05719557144738711,0.05550291960175799,0.058914280051353594,1.0,1.0,1.0
1.0,1.0,ceiling_now,45,0.18672508881397062,0.16022330193215364,0.21826153947227928,0.6810032048376453,0.6623427704107332,0.7015553417338837,0.24529277371825908,0.23218271611054841,0.25899250675407254,0.0,0.0,0.0,9.308731683865378,9.122545145403022,9.496167690257215,0.007607179096905123,0.0067801665821072225,0.008483690596989682,0.9064231354642315,0.733074581430746,1.085738203957382,0.6852679432907411,0.6819520240736336,0.6885907298166795,0.0,0.0,0.0,nan,nan,nan,0.33030564176650273,0.326608920967181,0.3338932497436842,185.20636410188516,183.41549417886802,187.0033004292753,0.0571955714473871,0.055528835316164524,0.058968259427165055,1.0,1.0,1.0
1.0,1.0,ee_now,45,0.1949795055797202,0.16512296504051258,0.23081978747438894,0.7261732889098079,0.705518971493255,0.7466648389324019,0.1967530181775984,0.18222831804613657,0.21307016106025603,0.0,0.0,0.0,8.06305017745451,7.89860904759247,8.22339312457185,0.1072995941146626,0.10090618658041606,0.11322236491628612,1.0222222222222221,0.8063926940639269,1.2213196347031965,0.7200974509021142,0.7160779676648793,0.7243755615204253,0.0,0.0,0.0,nan,nan,nan,0.4716035474089412,0.4610802987209679,0.4816014665204594,193.4563878510245,191.40638955776726,195.3876175354936,0.0571955714473871,0.05541244842697562,0.05888517978754393,1.0,1.0,1.0
1.0,1.0,lazy_defer,45,0.26845629525510295,0.22052489356979313,0.3204965507971927,0.7818203349173198,0.7582968804229674,0.8039535679592326,0.17563075655834315,0.15702226618010112,0.19623406081955938,47.88296296296296,47.69185185185185,48.0,7.904591512961016,7.734418727250178,8.091443640874711,0.11781752071706411,0.10763195501437509,0.12796643518518516,0.6647792998477929,0.5484246575342465,0.7777184170471843,0.7191039497563411,0.715034801224811,0.7234047172996572,0.0,0.0,0.0,nan,nan,nan,0.4935668507908488,0.4760735512545603,0.5108341827157488,189.5431518973689,187.70600863712613,191.18200845878576,0.0571955714473871,0.05542507278662994,0.05893701197433499,1.0,1.0,1.0
1.0,1.0,sunsched,45,0.19903855323212175,0.16170069899717635,0.242542154787954,0.7598456853850585,0.7389237972478236,0.7814142241715343,0.15050060433212087,0.13510821050271304,0.16824372771104099,48.0,48.0,48.0,8.519291687000736,8.339875741202896,8.699738600188608,0.09123308811094198,0.0837191305175038,0.09930885865888717,0.0163165905631659,0.012663622526636222,0.02027549467275494,0.7488156568256246,0.7445678855676873,0.7528706775447207,0.0,0.0,0.0,0.9440375586854458,0.9433489827856023,0.9446635367762125,0.4759531091851708,0.46450105884776105,0.4882810685753095,174.16823663388212,171.41801646688444,176.87558706422107,0.0571955714473871,0.05559037597133256,0.05885736319825253,1.0,1.0,1.0
1.0,1.0,sunsched_no_ceiling,45,0.21998849876974846,0.17990662873620547,0.26920084578112824,0.7857075642494997,0.7637158373364926,0.8080625758470426,0.1442255138584537,0.12848132277624874,0.16212749145454952,48.0,48.0,48.0,7.902410649705773,7.723178086891744,8.088853730464725,0.1548896499238965,0.14447141890749196,0.1653334865973279,0.3032572298325723,0.21722983257229828,0.3986027397260274,0.7566728589209538,0.7534424763662262,0.7598923043209029,0.0,0.0,0.0,0.9440375586854458,0.9434100156494519,0.9446635367762125,0.542033416144606,0.5250419082030519,0.5584062917680935,181.70437883410736,179.6400978519455,183.60847713177182,0.0571955714473871,0.05559797565548345,0.058804657864802476,1.0,1.0,1.0
1.0,1.0,sunsched_no_conformal,45,0.1918936727973402,0.1542379026166793,0.2315278957446384,0.720885782902389,0.6983902684399358,0.7422910220356449,0.19406378864048376,0.17679296666100786,0.2132378506422025,48.0,48.0,48.0,9.958611314032744,9.778646591845233,10.15664288808258,0.01082530018603078,0.00956366797733807,0.01206756299678674,0.01771689497716895,0.01333333333333333,0.022404870624048702,0.7290362985707471,0.723333780499203,0.7343611883211891,0.0,0.0,0.0,0.6933333333333334,0.6866338028169012,0.7001580594679185,0.33287994510348495,0.328490634007665,0.33756081739488386,169.15095040902918,166.0967054347052,172.26171104720103,0.05719557144738711,0.05545216649966164,0.058828777733429115,1.0,1.0,1.0
1.0,2.0,always_now,45,0.3136664808199225,0.2663904812682566,0.36523329984082264,0.8779692620934146,0.8597333247005133,0.8948469277952202,0.06707525930677777,0.057671832733015,0.07695908314723295,0.0,0.0,0.0,6.777573917083586,6.637571584152993,6.910186882140173,0.33948482157957044,0.3347655747928294,0.34383941632842885,1.7817351598173519,1.4277458143074582,2.156852359208523,0.7640181434316192,0.7568050999600987,0.7716764131735471,0.0,0.0,0.0,nan,nan,nan,0.7059401811360121,0.6999979823332203,0.7117941264063236,221.28581394298368,218.7134399082587,223.79912581074788,0.0571955714473871,0.05548883796283874,0.0589145326999153,1.0,1.0,1.0
1.0,2.0,ceiling_now,45,0.24131302473496805,0.20929852235655963,0.27797283516118426,0.8241155100224731,0.8044391338259348,0.8439874530765374,0.1071727386007249,0.09652139788900393,0.11850305703232894,0.0,0.0,0.0,8.36842513415566,8.209593987598666,8.528876087221777,0.03415884491797734,0.030270008878741754,0.03834937848807711,1.328036529680365,1.0845007610350077,1.5698310502283104,0.6999385257245112,0.6958204953190655,0.7040831316768877,0.0,0.0,0.0,nan,nan,nan,0.45138488854290765,0.4425421306998423,0.4602715240800869,206.41572751010744,205.01909663118346,207.63894434437555,0.05719557144738711,0.055598294132101427,0.05884555870406161,1.0,1.0,1.0
1.0,2.0,ee_now,45,0.25886366329060606,0.2209548954268896,0.30123814981779823,0.8849223803620518,0.8665281372015426,0.9027763263896662,0.04479411563041497,0.03788664650023475,0.0525759328228688,0.0,0.0,0.0,6.813501234202703,6.681632276523414,6.947603452772818,0.3414214442753255,0.33677715415186876,0.3460913611956705,1.6141248097412484,1.2847914764079147,1.9407595129375945,0.7701019792170333,0.7637718061839911,0.7768721963622428,0.0,0.0,0.0,nan,nan,nan,0.7109276788474296,0.7050149139637869,0.7168527696795406,218.62884642544077,216.59732434342163,220.59534730399503,0.0571955714473871,0.05549009935056609,0.05891237568480176,1.0,1.0,1.0
1.0,2.0,lazy_defer,45,0.3306085315619844,0.2805729297875948,0.3858433716815891,0.9257397475611443,0.9102504338873244,0.9398391891644091,0.029800924450583945,0.024114539826104373,0.0365191135156029,22.143148148148143,20.02554166666666,24.72602777777778,6.766591795693205,6.631408111828382,6.902179081510233,0.3505181380010147,0.34399879502790465,0.35681916962624727,1.045966514459665,0.855958904109589,1.2292952815829528,0.7750738293520846,0.7705012994416015,0.7798839094645402,0.0,0.0,0.0,nan,nan,nan,0.7405860080250777,0.7320789061926809,0.7489169394699741,207.74456891048172,206.11443480754718,209.29144388994223,0.0571955714473871,0.055520320706775976,0.0587936995407299,1.0,1.0,1.0
1.0,2.0,sunsched,45,0.2217688939067082,0.1820242331192549,0.2671534801930797,0.862854431717238,0.842782674304809,0.8822442448858023,0.03823284113482969,0.03045260772821628,0.04708537373546884,48.0,48.0,48.0,8.144743892771288,7.931073448635772,8.354522002512347,0.12358257229832573,0.10986726281075596,0.13827697446304754,0.06331811263318113,0.034579908675799076,0.09510350076103496,0.7581873956972071,0.7544378420005945,0.7621237888187563,0.0,0.0,0.0,0.9437245696400623,0.9430985915492955,0.944350547730829,0.5669697225780324,0.5539089569086907,0.5795678808085171,183.97773397424078,180.3166208275806,187.66626347055708,0.05719557144738711,0.05550827186843133,0.05884537736482716,1.0,1.0,1.0
1.0,2.0,sunsched_no_ceiling,45,0.2720138158409127,0.22929278229112404,0.3230496753928832,0.9275269890079831,0.9119344888377335,0.941800389681806,0.02558177872685187,0.020577289756994032,0.031404161262150974,46.26296296296296,43.974074074074075,48.0,6.878802479486695,6.733754205400965,7.014616278916283,0.35688165905631664,0.3508939518856757,0.36304981079824117,0.7750989345509893,0.5940730593607306,0.9571050228310501,0.790026516992939,0.7855988708678545,0.7943212306551292,0.0,0.0,0.0,0.9437245696400625,0.9430985915492955,0.944350547730829,0.7431586879083228,0.7355533110554807,0.750437530791267,199.83690596187367,198.07896546800868,201.71533563466488,0.0571955714473871,0.05542635181865121,0.058892902384210084,1.0,1.0,1.0
1.0,2.0,sunsched_no_conformal,45,0.21572883740102897,0.17676017163035318,0.26023704043556045,0.8255592927937344,0.8059792109482347,0.8476080171313737,0.07597441692491799,0.06341449247425986,0.09024608500251362,48.0,48.0,48.0,9.471868333238703,9.249064946331853,9.708400922864714,0.0292958312193472,0.02587812869947573,0.03286479473194655,0.06873668188736681,0.03859665144596652,0.10599847792998476,0.7531339502513623,0.7481430892779921,0.7583550204532464,0.0,0.0,0.0,0.6931455399061033,0.683755868544601,0.7019733959311424,0.4199116012837956,0.4130158568619204,0.425993432019227,180.6403881654763,176.81830703602364,184.17823305864684,0.05719557144738711,0.055587190797307076,0.058941362379769054,1.0,1.0,1.0
10.0,0.5,always_now,45,0.01400409623214964,0.010842373397510305,0.017223557903026127,0.03362441287525398,0.02995439405443186,0.037300191840125674,0.9651197521443928,0.961814522411415,0.968532883129677,0.0,0.0,0.0,20.238649878297167,19.87191911615208,20.59879665256353,0.0,0.0,0.0,0.06922374429223743,0.050834094368340944,0.09151445966514454,0.9527526100717564,0.9518370745506654,0.9536539796588128,0.0,0.0,0.0,nan,nan,nan,0.01794565756720555,0.01738742543197637,0.018496296132492682,5.993017336465452,5.755475509934506,6.240469055784357,0.5719557144738713,0.5558021853873004,0.5891465542053562,10.0,10.0,10.0
10.0,0.5,ceiling_now,45,0.010809651704054799,0.00761893742084527,0.01459163846423876,0.03733203011624271,0.032100650400793296,0.04285013368846712,0.961439638851801,0.9562613968859335,0.9662902238065171,0.0,0.0,0.0,20.232334945006205,19.85830281634486,20.601606427612502,0.0,0.0,0.0,0.053942161339421625,0.04085235920852359,0.07001674277016742,0.9527865149521053,0.9518496765390376,0.9537009719798695,0.9690216472179947,0.9650625422797228,0.9723091123372234,nan,nan,nan,0.01841968164752444,0.01796926529113814,0.018845371336168478,5.989859456577478,5.739763406768005,6.2440749130481885,0.5719557144738712,0.5552507224209527,0.5893930035362424,10.0,10.0,10.0
10.0,0.5,ee_now,45,0.010742754039474747,0.006914141218274196,0.015426755464392403,0.04120361293062717,0.03541334997992312,0.047761747862734,0.9577844412484453,0.9515950321703206,0.9632623001378502,0.0,0.0,0.0,20.225532310158933,19.877313611822924,20.58955027451403,0.0,0.0,0.0,0.03945205479452055,0.02904109589041096,0.051447488584474885,0.9527763181258595,0.9518480160453179,0.9536649678253294,0.0,0.0,0.0,nan,nan,nan,0.018864935940595417,0.01832597964174991,0.019400360589911184,5.992921180879064,5.7452523202920185,6.245167985554811,0.5719557144738713,0.5549989752361321,0.5895492396007773,10.0,10.0,10.0
10.0,0.5,lazy_defer,45,0.01398533506901363,0.008521914038195785,0.020370057494165306,0.044927740549433035,0.037412083775203026,0.05312091039500693,0.9531611368015966,0.9452208161207515,0.9603802652379081,5.78425925925926,1.5415509259259261,10.248449074074074,20.19440438636419,19.817391292592426,20.56336394019559,0.0,0.0,0.0,0.011750380517503803,0.008765601217656014,0.015220700152206999,0.9528289710440516,0.951953026823814,0.9537843438367591,0.0,0.0,0.0,nan,nan,nan,0.020712858587314777,0.019861886202163552,0.021602515845059584,5.9917834440629045,5.733414522414583,6.235780643538189,0.5719557144738713,0.5543745092524179,0.5889650002080228,10.0,10.0,10.0
10.0,0.5,sunsched,45,0.013730267403873444,0.009229262417115199,0.019036486019881785,0.04225520836962663,0.03576378606779691,0.04950409831740095,0.9568148674530735,0.9498701169790013,0.9630356584656183,2.6388888888888893,0.17037037037037037,6.068749999999998,20.212621579577046,19.849816324516883,20.599421137615348,0.0,0.0,0.0,0.030319634703196336,0.021672754946727553,0.04018264840182648,0.9528283403094142,0.9518907817747316,0.953739455963903,0.9710305682394728,0.9654878604346357,0.9751708153644516,0.9444757433489827,0.9434741784037557,0.9454773082942095,0.01961063334711056,0.019042551393801708,0.020150501718263943,5.984995410753209,5.740789508624218,6.2473347700242305,0.5719557144738712,0.5552195316710881,0.5901163152795502,10.0,10.0,10.0
10.0,0.5,sunsched_no_ceiling,45,0.013845482477226553,0.009240581586573239,0.01921892073580247,0.042630273219785755,0.036084644070197444,0.0495993718152324,0.9564573189232815,0.9499365012684128,0.9625259166745339,1.5037037037037038,0.03888888888888889,4.056064814814812,20.209254084753855,19.808892770162405,20.577288970729164,0.0,0.0,0.0,0.030258751902587526,0.021490106544901064,0.03981887366818873,0.9527722006980694,0.951822973052982,0.9536767902585909,0.0,0.0,0.0,0.9444757433489824,0.9434115805946789,0.9454773082942095,0.019744778673698758,0.019114631540059344,0.020354846615747338,5.991799194448154,5.747430182027494,6.244174941836271,0.5719557144738712,0.5548804779670607,0.5888606835620073,10.0,10.0,10.0
10.0,0.5,sunsched_no_conformal,45,0.013593115663003067,0.009318146169987803,0.01849642086228572,0.041416821678399815,0.03495827980548634,0.04812856227624209,0.9576455584315358,0.9513054256979778,0.9636646340775038,0.23148148148148145,0.01851851851851852,0.5926851851851846,20.213577536993228,19.859702243219246,20.598837763947483,0.0,0.0,0.0,0.0334855403348554,0.02392389649923897,0.04420395738203956,0.952821766158553,0.9519452905513821,0.953707667970482,0.9773021308980218,0.9773021308980218,0.9773021308980218,0.6888888888888888,0.6828794992175274,0.6948356807511736,0.01953242034290291,0.0189718406485323,0.020073410395842456,5.984978603040385,5.739158740996401,6.232694817642405,0.5719557144738712,0.5554479845794319,0.5897662838545648,10.0,10.0,10.0
10.0,1.0,always_now,45,0.22829050838199014,0.19096813067567087,0.2708052071762856,0.6311041404755072,0.5986356378916018,0.661075307921845,0.33390923546696316,0.3055186452304897,0.3640242844246677,0.0,0.0,0.0,14.060401760913948,13.347399691580653,14.755656124042641,0.05960975815998647,0.03425144279553527,0.08815966408760358,1.2936986301369862,1.0027260273972605,1.6014368340943677,0.940032466564056,0.9376723781509664,0.9423206428009221,0.0,0.0,0.0,nan,nan,nan,0.28483781023271143,0.2535560242557281,0.3172722909634455,21.15216065102714,20.872298574887758,21.43387485358291,0.5719557144738713,0.5546558222247806,0.5889377410122123,10.0,10.0,10.0
10.0,1.0,ceiling_now,45,0.19542273177157554,0.16437711582163103,0.2311400719311852,0.6775512291507302,0.6484054052642639,0.7065204159603006,0.26029665634449956,0.2311718926936912,0.29195264477029537,0.0,0.0,0.0,16.947892179177455,16.607456575420514,17.268225063749256,0.0,0.0,0.0,0.9903196347031964,0.7442831050228311,1.2213911719939115,0.9447743331314764,0.9429870747764392,0.9467504111968089,0.9748659732792156,0.9726735582614582,0.9765104430914937,nan,nan,nan,0.1549379092164538,0.14836210991748042,0.1611085378485008,20.30224575703718,20.080809496205596,20.509309566838265,0.5719557144738713,0.5539810601185584,0.5889283463696227,10.0,10.0,10.0
10.0,1.0,ee_now,45,0.2137989248437352,0.17385465211226225,0.2603380851898911,0.7790018428110512,0.7486661357852783,0.8084256632031951,0.14165807523406468,0.11285584353892575,0.17397304012872034,0.0,0.0,0.0,12.147238810760202,11.558663543863773,12.753265479483156,0.10122653475393203,0.07004661339421614,0.1340538115169964,0.9235312024353117,0.662523592085236,1.1797336377473364,0.9436188832049207,0.9414603476852188,0.9458546844477493,0.0,0.0,0.0,nan,nan,nan,0.41353310909283425,0.37561647661760433,0.4492420460547342,20.997362088645023,20.74973081993012,21.241682065619486,0.5719557144738713,0.554117362565205,0.5890058247566733,10.0,10.0,10.0
10.0,1.0,lazy_defer,45,0.25409976502390186,0.20254745564318127,0.31315866760710126,0.831427839461789,0.7982293545207975,0.8614887757087101,0.10948806580398111,0.08230533772894964,0.14062352028904723,48.0,48.0,48.0,10.933779050045466,10.340431370160434,11.629217058432976,0.17434149331980384,0.12844071854388636,0.21770735032978186,0.5842922374429225,0.40706240487062406,0.7632328767123288,0.9449411085334045,0.9429134609110535,0.9471010809927753,0.0,0.0,0.0,nan,nan,nan,0.5185710979670137,0.46490899074771597,0.566660117124174,20.577837606990734,20.385328892127372,20.76418921650519,0.5719557144738713,0.5548056286015376,0.5888092918040283,10.0,10.0,10.0
10.0,1.0,sunsched,45,0.2286247717773087,0.18927367373180082,0.2737517742079849,0.7391891875748026,0.7061847773464194,0.7697237894611961,0.2193397049997943,0.1894918797884391,0.2520575678595888,46.62277777777777,44.63148148148146,48.0,16.63808097449211,16.29306600388658,16.974552803233692,0.0,0.0,0.0,0.702283105022831,0.5355251141552512,0.880923896499239,0.9465692219703817,0.945014858628299,0.9481497720705517,0.9660954676137329,0.9587878086419757,0.9718816696262477,0.9440375586854456,0.943411580594679,0.9446635367762125,0.17422943544985336,0.1660010947109119,0.182020534611517,19.8172841726621,19.672717948061784,19.9434095662022,0.5719557144738713,0.5555408177624643,0.5898613321287894,10.0,10.0,10.0
10.0,1.0,sunsched_no_ceiling,45,0.24863595199800226,0.20902854987983394,0.2940874352426784,0.7953877867656756,0.7613430991868274,0.8276954714165945,0.16734543022984097,0.13712184532130134,0.2003278536623186,39.47398148148148,34.00097222222223,44.2962962962963,12.31770505136778,11.600465407196252,13.02906555734622,0.12021837476746153,0.08360122822594285,0.15602292617960423,0.8665449010654489,0.6550380517503807,1.0816240487062405,0.9439629852112608,0.942274039584246,0.9457204856703368,0.0,0.0,0.0,0.9440375586854456,0.943411580594679,0.9446635367762125,0.4037646578085811,0.3597939523014157,0.4478374627098816,20.7903688522598,20.58148461295245,20.986865762198057,0.5719557144738713,0.5555307586879754,0.5891946124810898,10.0,10.0,10.0
10.0,1.0,sunsched_no_conformal,45,0.22943611291179736,0.19124157485326096,0.2753542607957239,0.7241936263714304,0.690585881573067,0.7549829615349579,0.24370418613537703,0.21401997457449917,0.2769472700302891,42.705648148148136,38.9801296296296,45.91111574074073,16.740328061985753,16.392495113460814,17.07225989032122,0.0,0.0,0.0,0.7715677321156772,0.5804292237442923,0.9569056316590564,0.9453573963493876,0.9437113233191393,0.94705114893511,0.9773021308980218,0.9773021308980218,0.9773021308980218,0.6933333333333332,0.6860078247261344,0.6999702660406886,0.16693016052578777,0.15814871399205654,0.17434435103620163,19.869775800673303,19.728973262427306,19.99561374456191,0.5719557144738713,0.5538585337755326,0.5892722268049307,10.0,10.0,10.0
10.0,2.0,always_now,45,0.3430209298808178,0.2906997440520578,0.4005039630602271,0.9535962534544884,0.9397395725602237,0.9665896837021074,0.0015671156216604386,0.0002685500238578079,0.0032484982239063243,0.0,0.0,0.0,7.484596334301055,7.335856206439187,7.630517396319402,0.9190988077118214,0.9082321896668359,0.9301774532809065,1.9470319634703201,1.5397929984779304,2.3590898021308977,0.9509632094702413,0.947991577392806,0.9538921120057586,0.0,0.0,0.0,nan,nan,nan,0.9561423089247033,0.9513931271852593,0.9607412945308876,23.55596016330196,23.268251989435516,23.8564578107353,0.5719557144738713,0.555055623116391,0.5892116555712059,10.0,10.0,10.0
10.0,2.0,ceiling_now,45,0.3177847635895181,0.2718495641000116,0.3703817992542447,0.9401646973906438,0.9248191510749354,0.9554679226975122,0.006080201175034609,0.003484609199779387,0.008887988148452297,0.0,0.0,0.0,15.094076135352505,14.819347125793449,15.371821714218907,0.01835362760020294,0.01712940237612041,0.019407819634703203,1.8880974124809746,1.517543378995434,2.267249619482496,0.9507023103940049,0.9478317342638896,0.9535376958120575,0.9764489260950452,0.9753519786910202,0.9773021308980218,nan,nan,nan,0.28735664981672315,0.2856278273323533,0.28895765249922345,22.98331479022746,22.71007334399122,23.257809602585414,0.5719557144738713,0.5552593118169739,0.5886345792480235,10.0,10.0,10.0
10.0,2.0,ee_now,45,0.33810090195478476,0.29007566973802273,0.39296525744703825,0.952442429539835,0.936591492446865,0.9662806903364886,0.0010450605140196686,0.00024689715779247325,0.0021277009501545186,0.0,0.0,0.0,7.482749706485008,7.34645665151439,7.6296873575826405,0.9185925080331474,0.9076046898782341,0.928352829570438,1.9372907153729078,1.5359071537290716,2.3356849315068495,0.9508427102435718,0.9480387617626685,0.9537600764032633,0.0,0.0,0.0,nan,nan,nan,0.9564192133475362,0.9519540387203933,0.9602358522977865,23.606022233204765,23.297860570670103,23.928544972624042,0.5719557144738713,0.5544672061055353,0.5894184015183201,10.0,10.0,10.0
10.0,2.0,lazy_defer,45,0.3428090941828824,0.29405397886297135,0.3973244107309294,0.9539953397248788,0.9403873125076905,0.9673786550345029,0.0009759352695396087,0.00016328409820435505,0.002040331724166003,11.392592592592592,10.625879629629628,12.770972222222222,7.4618460857104045,7.320195455594014,7.608552260195928,0.9421207508878742,0.9317668009047861,0.9509941653982749,1.2008523592085236,0.9865905631659057,1.4254581430745812,0.9518551729388379,0.949178173785513,0.9544543819294656,0.0,0.0,0.0,nan,nan,nan,0.9630094695987355,0.958733705859692,0.9666094109845264,22.0911937035442,21.949995210933196,22.223526568798864,0.5719557144738713,0.5551691392597131,0.5892813057354367,10.0,10.0,10.0
10.0,2.0,sunsched,45,0.31229387673139863,0.2677920735918621,0.3621644944531463,0.9632699293152516,0.9532590260031175,0.973387882844693,0.004774277314898168,0.0025447665047511722,0.007360313958021219,3.699259259259233,1.6397638888888804,6.3200462962962405,15.106887134529838,14.841436813359433,15.39099332563025,0.019522873329950955,0.018718025959749706,0.020276509386098426,1.2664231354642312,1.000724505327245,1.5341948249619484,0.9545044643995209,0.9520527936756882,0.9568180692227324,0.9710880686622699,0.9670666328428889,0.9745622357517338,0.9437245696400623,0.9430985915492955,0.9444131455399057,0.2917512930747566,0.29025625002516603,0.2931593120300855,21.477181779696817,21.360552929306593,21.598721225112605,0.5719557144738713,0.5550385337948642,0.588851304355336,10.0,10.0,10.0
10.0,2.0,sunsched_no_ceiling,45,0.3148995237799701,0.27220527356720486,0.3647788029725033,0.9672813449789562,0.9574159144731367,0.9766774582414179,0.0011044342270209392,0.0002441500441746516,0.002185740777476368,0.8592592592592595,0.8481481481481484,0.8703703703703705,7.490395288825822,7.349500234730482,7.636209263055855,0.9391254439370876,0.9294563356164383,0.948270109293083,1.285296803652968,1.0245129375951294,1.543013698630137,0.9548887741289325,0.9523736466673376,0.9574331656343013,0.0,0.0,0.0,0.9437245696400623,0.9430985915492955,0.9443521126760561,0.9616259691102323,0.9574806675996765,0.9654216961270977,22.015292573810857,21.891506578661716,22.154533650106405,0.5719557144738713,0.5545892829769271,0.5887684437421725,10.0,10.0,10.0
10.0,2.0,sunsched_no_conformal,45,0.31345421284238995,0.27216069608736027,0.3619943220985211,0.9633188956332541,0.9525920775832005,0.972977796472735,0.004907679522171668,0.002721412301792991,0.007489189793821627,1.1,0.8759259259259259,1.5407407407407407,15.112955280402263,14.8231536390923,15.40028128012245,0.019522873329950955,0.018725652164721798,0.02023621681041772,1.2781126331811263,1.0100152207001523,1.5527716894977173,0.9547306862685967,0.9521847618446132,0.95718054057427,0.9773021308980218,0.9773021308980218,0.9773021308980218,0.6931455399061033,0.6835649452269172,0.7019718309859155,0.2914579233894425,0.28992872366430605,0.2928918235878282,21.50475665543653,21.388022177940066,21.63097102776869,0.5719557144738713,0.5545290384505032,0.5894496404751227,10.0,10.0,10.0
100.0,0.5,always_now,45,0.12045236560535079,0.10413204049407847,0.13712203227050715,0.3170543525489334,0.29328797409307905,0.3411366854336178,0.6676399855092509,0.6487505156924417,0.6866125183073523,0.0,0.0,0.0,19.02730474260433,18.661606727560653,19.39509099500328,0.0,0.0,0.0,0.6465144596651444,0.524138508371385,0.7731750380517501,0.9871018702277891,0.9868236111544884,0.9873750720486677,0.0,0.0,0.0,nan,nan,nan,0.12837605476451583,0.12672185179758225,0.12991290205471498,0.8568407356927261,0.8351666696992565,0.8786492551479018,5.719557144738711,5.549680088934714,5.896405366193968,100.0,100.0,100.0
100.0,0.5,ceiling_now,45,0.09420200083924589,0.07926670839684914,0.10895445578978662,0.28733205359839725,0.26577924764457256,0.3086271289675258,0.6986805225072616,0.6804039265472557,0.7169401400268337,0.0,0.0,0.0,19.333279262969462,18.951474516211025,19.707081888199106,0.0,0.0,0.0,0.5131202435312024,0.4072435312024353,0.6251537290715373,0.988615631241825,0.9883405419203585,0.9888649723076244,0.9773021308980218,0.9773021308980218,0.9773021308980218,nan,nan,nan,0.11356063684204158,0.11210623725216472,0.11510580594806166,0.8077493140184373,0.7881325292508826,0.8286454938212479,5.719557144738713,5.555320367915411,5.896604308720454,100.0,100.0,100.0
100.0,0.5,ee_now,45,0.08727363133640709,0.07206199660898267,0.10314176181388145,0.3607725036663471,0.33575366416778507,0.38663350170722965,0.6027247701198764,0.5793908264200015,0.6250804814788846,0.0,0.0,0.0,18.846595145224818,18.46663099482341,19.209774222140883,0.0,0.0,0.0,0.34191780821917805,0.26401826484018276,0.4179726027397261,0.9869634929998222,0.9866583707464758,0.9872708749348404,0.0,0.0,0.0,nan,nan,nan,0.13820869631830768,0.13597422563517647,0.14047224878563794,0.8650843214113069,0.8408897409451214,0.8895847245644894,5.719557144738711,5.5428174618206105,5.89149620702169,100.0,100.0,100.0
100.0,0.5,lazy_defer,45,0.1193849064230971,0.10004179054849834,0.13986902030734377,0.40384651262155125,0.3753269072926715,0.4323085319892132,0.5583411049266588,0.5321207027251887,0.5849349431348482,48.0,48.0,48.0,18.51060063967077,18.134593940284606,18.895294600069562,0.0,0.0,0.0,0.09406392694063927,0.07245053272450534,0.11695738203957382,0.9869085685622992,0.9866101688148347,0.9872043098469552,0.0,0.0,0.0,nan,nan,nan,0.15580168024449323,0.1498051925230823,0.16225593422444082,0.8674444658854955,0.8439111859132618,0.8910780771017562,5.719557144738711,5.547542873621529,5.888028588216907,100.0,100.0,100.0
100.0,0.5,sunsched,45,0.09921369169578943,0.08295054221952307,0.11471717650482216,0.30518075614290935,0.2808474870333877,0.32915452230228637,0.687450666852646,0.667923610222182,0.7081225717079545,0.4362037037037031,0.38665509259259195,0.4855578703703691,19.227618724592414,18.875841738527267,19.60933097060676,0.0,0.0,0.0,0.41838660578386605,0.3365601217656012,0.5023531202435311,0.9887390336954524,0.9884874443940709,0.9889896573628021,0.9773021308980218,0.9773021308980218,0.9773021308980218,0.9444757433489824,0.9434741784037556,0.9455399061032862,0.11936997930669856,0.1178888083580436,0.12096054394996324,0.8020903796717836,0.7825757687039882,0.8220490851759618,5.719557144738713,5.552274200211596,5.899072388860852,100.0,100.0,100.0
100.0,0.5,sunsched_no_ceiling,45,0.11359978694239839,0.09645030696519147,0.13092717893497055,0.358159242642927,0.3318276263835009,0.3837877514163512,0.627936087648014,0.6070507800349887,0.6500433066380558,0.7259259259259261,0.701851851851852,0.7481481481481482,18.816625426770994,18.43792148525544,19.178272028404557,0.0,0.0,0.0,0.4535159817351599,0.367910197869102,0.5369436834094367,0.987092455990509,0.9868136603048637,0.9873761591418676,0.0,0.0,0.0,0.9444757433489824,0.943411580594679,0.9454773082942095,0.13963027189354582,0.13642161488259225,0.14300182212205725,0.8570610038401829,0.8348189540136309,0.8787983192044265,5.719557144738713,5.54343677507041,5.893663947344305,100.0,100.0,100.0
100.0,0.5,sunsched_no_conformal,45,0.09905157520280734,0.08309192072664517,0.11501404047231473,0.304390018689617,0.2798490955809925,0.32705797896882977,0.6884088805265082,0.6695712153713567,0.7092171405957246,0.431388888888888,0.38156712962962863,0.48120833333333185,19.2278397363693,18.8482140553736,19.610925567270602,0.0,0.0,0.0,0.4200913242009132,0.3374079147640792,0.504917808219178,0.988738200000633,0.9884985169907945,0.9889776105427621,0.9773021308980218,0.9773021308980218,0.9773021308980218,0.6888888888888888,0.6828794992175274,0.6948356807511737,0.11935598851501437,0.11784347118878012,0.12087614379400126,0.802119513052682,0.7823904253311097,0.8216478813077532,5.719557144738713,5.554414947911746,5.887388203225755,100.0,100.0,100.0
100.0,1.0,always_now,45,0.3426911624984421,0.29354723437037994,0.40050086302744115,0.9525621282691173,0.937910704214139,0.9654491701766222,0.00267225010712461,0.001009338086637401,0.0047241991417426585,0.0,0.0,0.0,12.68475803856828,12.324439455468788,13.014333956749072,0.0,0.0,0.0,1.9470319634703195,1.5454459665144595,2.3855814307458143,0.9830881097258264,0.9828559692140812,0.9833057319335989,0.0,0.0,0.0,nan,nan,nan,0.5003804436610718,0.4844247043116214,0.5170257263730272,2.2300509708678016,2.211144094796244,2.250130772544265,5.719557144738711,5.545212433145213,5.894299529121672,100.0,100.0,100.0
100.0,1.0,ceiling_now,45,0.26863213331049735,0.22412926724617044,0.3162885799069031,0.8321088903332513,0.8043658898237243,0.8589972568585751,0.09016295853568405,0.06725929698050766,0.11554695181119955,0.0,0.0,0.0,16.925105585220603,16.517109026948003,17.30429845229501,0.0,0.0,0.0,1.5045966514459665,1.2017184170471842,1.8136301369863008,0.9862026675178696,0.9860081717302056,0.9864078497335801,0.9773021308980218,0.9773021308980218,0.9773021308980218,nan,nan,nan,0.2325185379536094,0.2238736765212366,0.24214327216447232,2.0266241831455645,2.0033283748796116,2.0494480228518475,5.719557144738711,5.550817968782763,5.889334784838737,100.0,100.0,100.0
100.0,1.0,ee_now,45,0.2304177182314566,0.1972705499224145,0.26652416636778664,0.9079364457853459,0.8888169395178914,0.9263692541545341,0.0,0.0,0.0,0.0,0.0,0.0,12.543903898754394,12.210741493953105,12.87778349426944,0.0,0.0,0.0,1.6935159817351602,1.3420852359208524,2.0414094368340945,0.9835267387619295,0.9833052628338251,0.9837384623412302,0.0,0.0,0.0,nan,nan,nan,0.5130399061038724,0.49867029770506643,0.5283955138913148,2.206038802191963,2.189241199757898,2.2252042611625797,5.719557144738711,5.549275774538204,5.890696121830947,100.0,100.0,100.0
100.0,1.0,lazy_defer,45,0.3043931566664171,0.2507645949719004,0.3628252077932443,0.9321075821783866,0.9123827130706383,0.9506160759069181,0.0,0.0,0.0,43.898148148148145,39.83675925925926,47.18703703703704,11.180308115918573,10.855829136629675,11.498946898969228,0.004905716218501607,0.0,0.01471714865550482,0.8046270928462709,0.5756331811263317,1.0386118721461186,0.9858054892409284,0.9855047897189404,0.9860708038484398,0.0,0.0,0.0,nan,nan,nan,0.6225632935228181,0.6037956966610598,0.6423003789621876,2.1187901486045067,2.1029108223666313,2.1333998943698074,5.719557144738711,5.54257791071285,5.890500368270477,100.0,100.0,100.0
100.0,1.0,sunsched,45,0.2907979892195906,0.24821984112077156,0.339386743450612,0.8930823378521617,0.8667496957605837,0.9164092214382213,0.07790762240188598,0.054690595330425466,0.1044060294996563,3.4351851851851847,0.8648148148148148,6.877824074074073,16.372874624176685,15.955848387241865,16.767738898679642,0.0,0.0,0.0,1.1963470319634704,0.9482313546423135,1.4483394216133938,0.9872082672656941,0.9870270217454283,0.9873991602502529,0.9773021308980218,0.9773021308980218,0.9773021308980218,0.9440375586854456,0.943411580594679,0.9446635367762125,0.2636135042623786,0.2519107466925601,0.2754921461307173,1.9713933915292845,1.9522446201047383,1.9904019371522617,5.719557144738713,5.5514494336496245,5.886805941422752,100.0,100.0,100.0
100.0,1.0,sunsched_no_ceiling,45,0.3152939432037829,0.2708230679428969,0.36580898664922357,0.9683516487588418,0.9575316020875837,0.9781571451198658,0.0,0.0,0.0,0.8851851851851843,0.8737037037037031,0.8959259259259246,11.561990635749762,11.175156045143186,11.932667962340192,0.0019596651445966517,0.0,0.005878995433789955,1.2447488584474882,0.9870319634703197,1.501872146118721,0.9850239256903923,0.9847500593745694,0.9852954548278965,0.0,0.0,0.0,0.9440375586854456,0.943411580594679,0.9447261345852892,0.5909083928509961,0.5687900498794662,0.6156534016202403,2.156190238482495,2.1414867509010618,2.17017095751865,5.719557144738711,5.544697411004909,5.89536823542086,100.0,100.0,100.0
100.0,1.0,sunsched_no_conformal,45,0.2909795649604481,0.2502987721800621,0.3384911092372546,0.8921659856320387,0.8673145588541447,0.9151136246556723,0.07907112825776179,0.056225639664051155,0.1059205391344015,2.1296296296296298,0.862962962962963,4.49263888888889,16.373483452469532,15.976103235682034,16.796870208713603,0.0,0.0,0.0,1.2015829528158297,0.9393302891933029,1.4558401826484015,0.9872035011623058,0.9870020373184175,0.9873926809917777,0.9773021308980218,0.9773021308980218,0.9773021308980218,0.6933333333333332,0.6863208137715179,0.6999061032863849,0.26355132131641795,0.251449252928373,0.27498901199181675,1.9714855990625408,1.9508120637369288,1.9904768985015655,5.719557144738713,5.5424093903371885,5.886716154763379,100.0,100.0,100.0
100.0,2.0,always_now,45,0.3436305934568239,0.2916104271564374,0.40221001455057204,0.9551362303607194,0.9401827025123899,0.9682526221827533,0.0,0.0,0.0,0.0,0.0,0.0,7.658177665280127,7.523824118315113,7.799550465207443,0.9443368425503127,0.9392573830965669,0.9494033062743109,1.9519025875190263,1.5503165905631662,2.3810273972602736,0.9899721126724553,0.9898623289174049,0.9900767401364186,0.0,0.0,0.0,nan,nan,nan,0.9850868272561647,0.9840919023365077,0.9860296239847028,2.467727592704135,2.442372867573983,2.493731568210498,5.719557144738713,5.554332117054163,5.896884980000186,100.0,100.0,100.0
100.0,2.0,ceiling_now,45,0.3418659345740238,0.2901157802874489,0.39761281633595114,0.9552733560443267,0.9408306306809042,0.9689912302542534,0.0,0.0,0.0,0.0,0.0,0.0,14.924484470499104,14.65319652590197,15.216077202234706,0.0,0.0,0.0,1.9519025875190263,1.5510517503805177,2.3576803652968037,0.9912063393595218,0.991082737205353,0.9913325031171051,0.9773021308980218,0.9773021308980218,0.9773021308980218,nan,nan,nan,0.3620114038919503,0.3605777040049357,0.36352070884884774,2.160891351180128,2.135878203244592,2.185614730573893,5.719557144738711,5.552492292260734,5.8878464412180165,100.0,100.0,100.0
100.0,2.0,ee_now,45,0.34298360311775444,0.2917456211513998,0.39767084591188134,0.9550284108467524,0.9401313574062968,0.9684055307586569,0.0,0.0,0.0,0.0,0.0,0.0,7.6581282612383585,7.519833642737712,7.792228407189452,0.9441842127515644,0.9387931834517167,0.9492072816252324,1.951902587519026,1.5424170471841703,2.3679939117199393,0.9899316386838245,0.989820220413657,0.9900403097022328,0.0,0.0,0.0,nan,nan,nan,0.9850399677796499,0.9839917021330593,0.9859947891900815,2.4736781492552917,2.4458746399115396,2.499796041731167,5.719557144738711,5.5509276289469005,5.89680954552504,100.0,100.0,100.0
100.0,2.0,lazy_defer,45,0.34346959245549397,0.2909124897563893,0.39785658549611086,0.9551242183487075,0.9399695560017974,0.9680689610626699,0.0,0.0,0.0,10.670370370370373,10.518518518518517,10.818564814814815,7.654336108039502,7.511823965299992,7.793580126525904,0.9504838914256721,0.946758392524945,0.9541550608828004,1.1956164383561645,0.984144596651446,1.4249162861491624,0.990605550059805,0.9905118613641029,0.9907111732319558,0.0,0.0,0.0,nan,nan,nan,0.9867985801186098,0.9860426928568639,0.9875149447283724,2.317734348332981,2.2828272706744164,2.3486902207704503,5.719557144738711,5.553405559454493,5.892722473168584,100.0,100.0,100.0
100.0,2.0,sunsched,45,0.3152939432037829,0.2707948625544551,0.3639317920218653,0.968351648758842,0.9577493421229322,0.9776027675737151,0.0,0.0,0.0,0.8518518518518521,0.8425925925925927,0.862962962962963,14.880364354646595,14.599870470177247,15.174173547417292,0.0,0.0,0.0,1.3233485540334857,1.0511963470319636,1.6159391171993909,0.9918875953416961,0.9918140695063127,0.9919653304898272,0.9773021308980218,0.9773021308980218,0.9773021308980218,0.9437245696400625,0.9430985915492955,0.944350547730829,0.3662264861621719,0.36513271868651254,0.3673553480082751,2.0284271518896273,2.007023633785727,2.0497705795799623,5.719557144738711,5.548340012135014,5.896585347321427,100.0,100.0,100.0
100.0,2.0,sunsched_no_ceiling,45,0.31529394320378284,0.27184690367782394,0.36421852438947117,0.9683516487588418,0.9580306023868265,0.9774001604067485,0.0,0.0,0.0,0.8612962962962963,0.8501851851851852,0.8724074074074074,7.655218426669263,7.5183828979575305,7.796865656942626,0.950316675122611,0.9463931010062574,0.9537146700067647,1.2829832572298325,1.0281750380517503,1.5460106544901062,0.9906340192661995,0.9905533511317627,0.9907132644176174,0.0,0.0,0.0,0.9437245696400625,0.9430985915492955,0.944350547730829,0.9866369541010666,0.9858754696326911,0.9873262446733214,2.3323517144523445,2.3052530879322375,2.3576110184929098,5.719557144738711,5.55010901423033,5.88515726650176,100.0,100.0,100.0
100.0,2.0,sunsched_no_conformal,45,0.3152939432037829,0.26971026280830984,0.3649834677959586,0.968351648758842,0.957790922851721,0.9781232385509621,0.0,0.0,0.0,0.8518518518518521,0.8425925925925929,0.862962962962963,14.880364354646595,14.606504009445919,15.165764855507154,0.0,0.0,0.0,1.323348554033486,1.057146118721461,1.600185692541857,0.9918875953416961,0.9918094159585421,0.9919662406385759,0.9773021308980218,0.9773021308980218,0.9773021308980218,0.6931455399061033,0.6841909233176838,0.7017214397496087,0.3662264861621719,0.36511788801494466,0.36732137091018635,2.0284271518896273,2.0068602574520735,2.049452061300054,5.719557144738711,5.5515584174922985,5.891236458108727,100.0,100.0,100.0
175.0,0.5,always_now,45,0.20404757031426918,0.1780438649099235,0.23152175052423787,0.605893710201069,0.5770818780794534,0.6357977565191231,0.36602910657670834,0.3300456328944939,0.4017326885597176,0.0,0.0,0.0,17.6009425728699,17.221990896350373,17.96143901710191,0.0,0.0,0.0,1.1491628614916287,0.9538036529680368,1.344365296803653,0.9965933361996748,0.9958852245697819,0.9972767321159253,0.0,0.0,0.0,nan,nan,nan,0.2122497147049456,0.20927896151328887,0.21516976916681851,0.47420267469430905,0.45268053815747344,0.49656473987625227,10.009225003292746,9.72299414392031,10.302230033912698,175.0,175.0,175.0
175.0,0.5,ceiling_now,45,0.16522256374758051,0.1474471076500073,0.18436909572391563,0.5439371687346182,0.5177166877056406,0.5695747786976797,0.4029030310159471,0.36589769733942307,0.4385330673641757,0.0,0.0,0.0,18.147241846084352,17.775058805789232,18.511223426930677,0.0,0.0,0.0,0.9013089802130897,0.7519589041095889,1.051476407914764,0.997241152446105,0.9965421112531313,0.9978835348798852,0.9773021308980218,0.9773021308980218,0.9773021308980218,nan,nan,nan,0.1848503866941456,0.18291977080169794,0.1868662112264067,0.4570833857215779,0.43667349319347176,0.47869679139275717,10.009225003292746,9.723004067059208,10.309962361680688,175.0,175.0,175.0
175.0,0.5,ee_now,45,0.15907873745194742,0.14206977974061866,0.17643464927351185,0.612657468832863,0.5920444887481409,0.6333507340968592,0.30883554163705057,0.2742005474788853,0.3438761272128888,0.0,0.0,0.0,17.288162795379023,16.93699043810181,17.646664568675178,0.0,0.0,0.0,0.6355555555555555,0.5115068493150685,0.7562389649923897,0.9964371666160612,0.9956416306913265,0.9972133514631797,0.0,0.0,0.0,nan,nan,nan,0.22731688622606755,0.22360200253012377,0.2312678569994631,0.4790520797144362,0.4547439442488526,0.5040175943207112,10.009225003292745,9.712224583491835,10.312878351829882,175.0,175.0,175.0
175.0,0.5,lazy_defer,45,0.18626886026061137,0.15787841038830375,0.21682202293191755,0.6579213110877702,0.6378743535583847,0.6776366817778209,0.26518343352292323,0.2345821440817597,0.29643574497376046,48.0,48.0,48.0,16.658311655333115,16.259448527944365,17.062504935111978,0.0,0.0,0.0,0.14094368340943683,0.11037899543378994,0.17309132420091322,0.996248241005395,0.9953482026004601,0.9971115361614104,0.0,0.0,0.0,nan,nan,nan,0.25940141509321285,0.24937521126672615,0.27007906405960214,0.48448735438313933,0.4576234067924297,0.5130133681210383,10.009225003292746,9.697356190085783,10.323868398773312,175.0,175.0,175.0
175.0,0.5,sunsched,45,0.17834090976142264,0.16107600549003678,0.1964235143838047,0.5996501626369971,0.5675170617128371,0.6309582500421129,0.3820395513337591,0.34410760848955063,0.42054306632752875,0.6699999999999994,0.636657407407407,0.7044444444444443,17.979610193917633,17.64899842999161,18.325005893956522,0.0,0.0,0.0,0.7539117199391171,0.6178143074581431,0.8894490106544901,0.9974099168497689,0.9967345899785357,0.9980432281642803,0.9773021308980218,0.9773021308980218,0.9773021308980218,0.9444757433489824,0.943411580594679,0.9454147104851328,0.19362690657461346,0.19143826446826823,0.19600855514554882,0.45206979212541587,0.4318727245015848,0.4732619247762235,10.009225003292745,9.701622568919685,10.321998304834056,175.0,175.0,175.0
175.0,0.5,sunsched_no_ceiling,45,0.1985916869310888,0.17703232271663782,0.22135569068957112,0.653311456625229,0.6252778275955134,0.6830941526163209,0.3260198443599919,0.28909866576707344,0.36116773587434986,0.8333333333333337,0.8333333333333337,0.8333333333333337,17.23535116288459,16.851154970630283,17.607685753708385,0.0,0.0,0.0,0.7807001522070013,0.6430837138508373,0.9238980213089804,0.9966276364485809,0.9958791735145074,0.9973563218169076,0.0,0.0,0.0,0.9444757433489824,0.9434741784037557,0.9454773082942095,0.23070072288575513,0.22568423362209394,0.23659776546640843,0.47348118820156765,0.4503670644972412,0.4972051338097444,10.009225003292745,9.697768883942905,10.330709098248816,175.0,175.0,175.0
175.0,0.5,sunsched_no_conformal,45,0.17825511096714675,0.1587248654994985,0.19733291036151007,0.5994957723087894,0.5694133001979407,0.6295454469400488,0.3822907951349948,0.344276143561573,0.4185985746694448,0.6644444444444438,0.6299999999999992,0.6981481481481482,17.979940135572182,17.6172558758732,18.336557823323382,0.0,0.0,0.0,0.7558599695585997,0.6310228310502284,0.88524200913242,0.9974099179186058,0.9967687533544546,0.9979889269894456,0.9773021308980218,0.9773021308980218,0.9773021308980218,0.6888888888888888,0.6829405320813772,0.694774647887324,0.19361076606727012,0.19142039012163847,0.19589608231445527,0.452069792125416,0.4340202832059721,0.4723135980077222,10.009225003292745,9.72716858703462,10.315819097205889,175.0,175.0,175.0
175.0,1.0,always_now,45,0.3436305934568239,0.29177911805033,0.4017215287719583,0.9551362303607194,0.9399334821767673,0.9686428137368706,0.0,0.0,0.0,0.0,0.0,0.0,11.773195115589147,11.5021182553571,12.03398280729405,0.0,0.0,0.0,1.9519025875190263,1.5371202435312026,2.3754109589041095,0.986658966281827,0.9863883220656676,0.986925517696475,0.0,0.0,0.0,nan,nan,nan,0.5766410863168445,0.566792886922747,0.5858662099498717,1.272952352873057,1.262862613514027,1.2835430423687013,10.009225003292745,9.705546905572321,10.321214877511217,175.0,175.0,175.0
175.0,1.0,ceiling_now,45,0.2922259448923043,0.2478156030463227,0.3407685187315511,0.915021512098883,0.8949731629963178,0.9333845235105571,0.027267632534269993,0.016834277589231606,0.039449375557019016,0.0,0.0,0.0,15.830249429693882,15.501293045765102,16.15871813715236,0.0,0.0,0.0,1.6894977168949772,1.344558599695586,2.0211278538812785,0.9899788640128078,0.9897503650080411,0.990210500210927,0.9773021308980218,0.9773021308980218,0.9773021308980218,nan,nan,nan,0.30121215506848803,0.29427661668095884,0.30817618353621895,1.1365376729851124,1.1257956899247497,1.1471770661874152,10.009225003292746,9.706624021357648,10.313604818467295,175.0,175.0,175.0
175.0,1.0,ee_now,45,0.2368144992742774,0.20420864081915596,0.27287669746636195,0.9112663090200054,0.8927472851718093,0.9305231113602007,0.0,0.0,0.0,0.0,0.0,0.0,11.733091766843518,11.452594777899634,11.992505519049862,0.0,0.0,0.0,1.8926027397260274,1.5097412480974126,2.2601780821917807,0.9867056354200558,0.9864272170986842,0.986964478581369,0.0,0.0,0.0,nan,nan,nan,0.5800269578687149,0.5711119469095889,0.5893317959092997,1.2681681109160108,1.2581422202770107,1.2793001925514889,10.009225003292746,9.719935287539279,10.28823907248992,175.0,175.0,175.0
175.0,1.0,lazy_defer,45,0.3107782272764002,0.2607545886085308,0.36783699106851847,0.9400159061235537,0.9243256325171202,0.9556423679480942,0.0,0.0,0.0,43.92407407407408,40.59800925925926,47.18703703703704,11.079062379549024,10.81861742951323,11.320433204675277,0.0,0.0,0.0,0.8804870624048706,0.6729497716894978,1.1018706240487064,0.9878581654425251,0.9874773899316474,0.9881974174612458,0.0,0.0,0.0,nan,nan,nan,0.6361941318592328,0.6241209285919672,0.6487347932825298,1.2213656008216438,1.2118760569781974,1.230117727472745,10.009225003292746,9.7006308586203,10.304353284730219,175.0,175.0,175.0
175.0,1.0,sunsched,45,0.309002828310635,0.2641013256143845,0.35785312657294566,0.9519005673858915,0.9397298992490479,0.9632304461534723,0.017568571237007957,0.009296814851432689,0.027683438738498264,0.8833333333333335,0.8518518518518521,0.9370370370370373,15.421381795992321,15.113121595599273,15.710628731147573,0.0,0.0,0.0,1.297351598173516,1.0316879756468798,1.5755996955859968,0.990588976216163,0.990347302327374,0.9908379005731389,0.9773021308980218,0.9773021308980218,0.9773021308980218,0.9440375586854456,0.9434100156494519,0.9447261345852892,0.3269405838961172,0.32076926035803416,0.33298677242812275,1.1032252940516256,1.0946460523588337,1.1117262409753759,10.009225003292745,9.725733109542183,10.32040887944836,175.0,175.0,175.0
175.0,1.0,sunsched_no_ceiling,45,0.3152939432037829,0.2722999702674256,0.3653701446310001,0.968351648758842,0.9576365169024261,0.9781092123117998,0.0,0.0,0.0,0.8851851851851842,0.8729629629629623,0.8959259259259253,11.155767117636511,10.882294244982894,11.41786789980283,0.0,0.0,0.0,1.2447488584474882,0.9996818873668188,1.4973850837138503,0.98756592308415,0.9872342408174212,0.9878978020969972,0.0,0.0,0.0,0.9440375586854458,0.943411580594679,0.9446651017214396,0.6283757284528775,0.6154162133155865,0.6416112679362422,1.238836292464152,1.2303426292901682,1.2464879163291855,10.009225003292746,9.718847981053443,10.301866887763605,175.0,175.0,175.0
175.0,1.0,sunsched_no_conformal,45,0.30939660060153534,0.265727112785569,0.3585841533247135,0.9516951727247683,0.9404022601302988,0.963673730605749,0.017775769143348708,0.008926026389456219,0.027596920322163584,0.8611111111111112,0.8500000000000002,0.8722222222222223,15.42143725098541,15.119301471794978,15.718274491339633,0.0,0.0,0.0,1.2990563165905633,1.0466316590563167,1.5681628614916283,0.9905888272811573,0.9903381135429616,0.9908306870712354,0.9773021308980218,0.9773021308980218,0.9773021308980218,0.6933333333333332,0.6863223787167448,0.700093896713615,0.3269309444972864,0.32059650173153625,0.3327109158916786,1.1032762517469241,1.0944828588758413,1.1119518887992956,10.009225003292746,9.731538791760899,10.306404215431908,175.0,175.0,175.0
175.0,2.0,always_now,45,0.3436305934568239,0.29361758147470757,0.398991666889734,0.9551362303607194,0.9403850504737815,0.968924283032,0.0,0.0,0.0,0.0,0.0,0.0,7.710599197946356,7.5644922600323525,7.843599428705761,0.9046594368340943,0.9007868414933196,0.908745904151869,1.9519025875190263,1.5630989345509896,2.3856712328767125,0.9925997688137983,0.9925399637100689,0.9926588953125768,0.0,0.0,0.0,nan,nan,nan,0.9786546522280335,0.9777400720981105,0.9795432037153945,1.5041248979609145,1.4884730019192318,1.5192306275397482,10.009225003292745,9.717639584243788,10.314303181356767,175.0,175.0,175.0
175.0,2.0,ceiling_now,45,0.3432714166749283,0.2910215627164637,0.39975025544019316,0.9550796530268764,0.9400242654585169,0.968641422162205,0.0,0.0,0.0,0.0,0.0,0.0,14.583590099692954,14.302170924511518,14.854031254469845,0.0,0.0,0.0,1.9519025875190266,1.54437899543379,2.3626316590563166,0.9943050579276906,0.9942344118820428,0.9943745590275773,0.9773021308980218,0.9773021308980218,0.9773021308980218,nan,nan,nan,0.39168214713218397,0.3901531806279197,0.39328103568617384,1.2099868490507895,1.1963246297774404,1.2239925351567174,10.009225003292745,9.712392445851721,10.303116453442108,175.0,175.0,175.0
175.0,2.0,ee_now,45,0.34281318730316684,0.292221346830676,0.4002084464309984,0.9549428467347855,0.9402971503079848,0.9679076221842343,0.0,0.0,0.0,0.0,0.0,0.0,7.710870811276984,7.565242267322741,7.850180059644685,0.9043590394047017,0.9002298537121596,0.9084483024691361,1.9519025875190263,1.5455266362252664,2.3727610350076103,0.992590528198332,0.992528697726334,0.9926489286313438,0.0,0.0,0.0,nan,nan,nan,0.9785918579717069,0.9776446024071309,0.9794801399894105,1.5069521475064804,1.4914201193202867,1.52223438646447,10.009225003292745,9.701457194491056,10.318414243116184,175.0,175.0,175.0
175.0,2.0,lazy_defer,45,0.34346959245549397,0.2903957026612665,0.4015423230407379,0.9551242183487073,0.939861027641993,0.9682782795895143,0.0,0.0,0.0,10.679629629629632,10.525879629629628,10.831481481481482,7.702742189871007,7.564608437629399,7.83661716957479,0.911777862337223,0.9081462561305597,0.915190264036868,1.1909284627092849,0.9718386605783865,1.4250487062404869,0.9928779491237497,0.9928083673655546,0.9929497014782112,0.0,0.0,0.0,nan,nan,nan,0.9806006761658884,0.9798042578940678,0.9813655961238478,1.425076895465197,1.4043049523370257,1.4431010770274437,10.009225003292745,9.70112290851883,10.31947744458428,175.0,175.0,175.0
175.0,2.0,sunsched,45,0.3152939432037829,0.27005025184069475,0.36431846859351597,0.9683516487588422,0.9577099778557289,0.9781754973280176,0.0,0.0,0.0,0.8111111111111112,0.7943981481481482,0.8296296296296297,14.516315631104202,14.243654420723951,14.805446738399707,0.0,0.0,0.0,1.3520243531202434,1.0756590563165906,1.6401415525114154,0.9946375691144239,0.9945809259130381,0.994693634591454,0.9773021308980218,0.9773021308980218,0.9773021308980218,0.9437245696400625,0.9430985915492955,0.944350547730829,0.39694705733948565,0.3955852364364479,0.3982110074813011,1.1439055923999066,1.1324303332926067,1.1551907307915508,10.009225003292745,9.720555788921898,10.310825368442474,175.0,175.0,175.0
175.0,2.0,sunsched_no_ceiling,45,0.31529394320378284,0.272066416806366,0.36486328109021054,0.968351648758842,0.9579346114552733,0.9778577630113834,0.0,0.0,0.0,0.8649999999999998,0.853703703703704,0.8777777777777777,7.703332743546441,7.561340707595802,7.837581808988289,0.9117916032470827,0.9082864345509892,0.9153527608658886,1.279573820395738,1.0174581430745813,1.5317503805175035,0.9928756438882876,0.9928142993048992,0.9929317611255609,0.0,0.0,0.0,0.9437245696400623,0.9430985915492955,0.944350547730829,0.9804668469146585,0.9796918069792403,0.9812094185888752,1.4340086778533943,1.4184808404658145,1.4483412365751016,10.009225003292746,9.712637866331711,10.296598737620823,175.0,175.0,175.0
175.0,2.0,sunsched_no_conformal,45,0.31529394320378296,0.27161272826023586,0.3649475325206556,0.9683516487588422,0.9585260116034166,0.9784321149090832,0.0,0.0,0.0,0.8111111111111111,0.7925925925925928,0.8296296296296297,14.5163156311042,14.228900600448775,14.787805072993793,0.0,0.0,0.0,1.3520243531202436,1.0778767123287671,1.636054794520548,0.994637569114424,0.9945826361109048,0.9946943444799855,0.9773021308980218,0.9773021308980218,0.9773021308980218,0.6931455399061033,0.6843192488262911,0.701658841940532,0.39694705733948565,0.39557681931405925,0.3982617127513947,1.1439055923999066,1.1326563657604831,1.1545331359846631,10.009225003292746,9.711368425521119,10.309637405861132,175.0,175.0,175.0
2.0,0.5,always_now,45,0.034413603790139906,0.02363822442985461,0.04674688673233965,0.10270562638324855,0.08304472130549617,0.12357973812556738,0.8671466388829537,0.8481050558800644,0.885445583099472,0.0,0.0,0.0,18.22078614012571,17.86798838838246,18.549368803115662,0.0,0.0,0.0,0.10270928462709283,0.0655068493150685,0.141675799086758,0.8792122237001843,0.876102832195267,0.8824767622666394,0.0,0.0,0.0,nan,nan,nan,0.025125195891158948,0.02364979975868227,0.026526621903147415,28.569231454941093,27.339801047177716,29.741548106921293,0.1143911428947742,0.11085022352229684,0.11787923518945577,2.0,2.0,2.0
2.0,0.5,ceiling_now,45,0.03304813889243612,0.02077651331059625,0.04595392507773881,0.11154210131876881,0.08934163957249813,0.1348535267828643,0.8610547940018838,0.839685097021216,0.8827979659939419,0.0,0.0,0.0,18.229921410991146,17.900127667258023,18.5790885150387,0.0,0.0,0.0,0.008340943683409437,0.006940639269406395,0.00974124809741248,0.8805939378310186,0.8777194319218897,0.883271064847078,0.0,0.0,0.0,nan,nan,nan,0.02605405641676147,0.02431875658507884,0.02786711020745664,28.57028399972698,27.391533221971038,29.803495817463258,0.1143911428947742,0.11108428452149191,0.11789006141265253,2.0,2.0,2.0
2.0,0.5,ee_now,45,0.03304813889243612,0.021755851876519437,0.04638369269635159,0.1115421013187688,0.08963780698009714,0.13450412551659102,0.8610547940018838,0.8399223088604465,0.8815511407781804,0.0,0.0,0.0,18.229921410991146,17.875356652421537,18.580921236009804,0.0,0.0,0.0,0.008340943683409437,0.006940639269406392,0.009681887366818867,0.8805939378310187,0.8778757237418288,0.8833375083288069,0.0,0.0,0.0,nan,nan,nan,0.026054056416761468,0.024238367730771062,0.027866858806365257,28.57028399972697,27.329560392550665,29.796289858896458,0.11439114289477421,0.11091035096930356,0.11796115882108654,2.0,2.0,2.0
2.0,0.5,lazy_defer,45,0.03331449115628151,0.021447783770818293,0.046435329347408405,0.11199700838438867,0.08949395352072265,0.13416788290764442,0.860897577871874,0.8391569129235441,0.8822327829179151,44.8,40.53333333333333,48.0,18.22128502551594,17.870830246446246,18.563338555509745,0.0,0.0,0.0,0.0020091324200913244,0.0015220700152207003,0.0024961948249619488,0.8804691588556717,0.877643093771513,0.8831426506713618,0.0,0.0,0.0,nan,nan,nan,0.026464146127691955,0.02466808592326186,0.028305916263620036,28.56986599995158,27.373076202224464,29.82397242494691,0.1143911428947742,0.11100055374817883,0.11803548963397614,2.0,2.0,2.0
2.0,0.5,sunsched,45,0.033363469121353226,0.021403342208484277,0.04626594967761986,0.11216443175814364,0.0895703546862261,0.13414020106839394,0.8606896153396377,0.839468469625355,0.8821460221629127,28.8,21.333333333333332,35.2,18.224015326420073,17.88267202818189,18.570553816593797,0.0,0.0,0.0,0.004140030441400304,0.002981735159817354,0.005357686453576864,0.8805098669848053,0.8777408312966768,0.8832899318873396,0.0,0.0,0.0,0.9444757433489827,0.943411580594679,0.9454773082942095,0.026329284197685387,0.02458854381307954,0.0281155568423198,28.569195951740685,27.334915531721677,29.804049659520437,0.1143911428947742,0.11103138219613284,0.11781626342930591,2.0,2.0,2.0
2.0,0.5,sunsched_no_ceiling,45,0.033363469121353226,0.021596088260385025,0.04604017996696345,0.11216443175814364,0.09066187573098645,0.1344601953487483,0.8606896153396377,0.8396465074302348,0.8819159066977336,28.8,22.4,35.2,18.22401532642007,17.89230194459386,18.56830266894595,0.0,0.0,0.0,0.004140030441400304,0.002983257229832572,0.005357686453576863,0.8805098669848053,0.8778596605216707,0.883247038687145,0.0,0.0,0.0,0.9444757433489824,0.943411580594679,0.9454773082942095,0.026329284197685394,0.02455787032220063,0.028089729654939794,28.569195951740692,27.36186029103214,29.77996586628197,0.11439114289477421,0.11095425515271033,0.11779391014453043,2.0,2.0,2.0
2.0,0.5,sunsched_no_conformal,45,0.033363469121353226,0.02135081330330944,0.04632491699585876,0.11216443175814364,0.08990518420780001,0.1347382877696968,0.8606896153396377,0.8396194320049696,0.8818114972755476,28.8,21.333333333333332,35.2,18.224015326420073,17.88839832122236,18.55673422724531,0.0,0.0,0.0,0.004140030441400304,0.002983257229832572,0.005357686453576864,0.8805098669848053,0.8778226602242534,0.8831763057019729,0.0,0.0,0.0,0.6888888888888889,0.6828153364632238,0.6948982785602504,0.026329284197685387,0.02462283839183452,0.02810124580950466,28.569195951740692,27.38699470012315,29.766785769326294,0.1143911428947742,0.11114135423164262,0.11782465369518827,2.0,2.0,2.0
2.0,1.0,always_now,45,0.23960337314651023,0.20141768624118708,0.2827081521018408,0.6928394256228995,0.6694266622503154,0.7149026512825207,0.2568753178331035,0.2390653869534592,0.27652690472860997,0.0,0.0,0.0,10.196622014100077,9.921420626111399,10.492125803448275,0.09095361914425841,0.08024695057500424,0.10112570290038897,1.3383257229832575,1.0688873668188739,1.6134596651445963,0.8331195520504603,0.8288782706883535,0.8376785238811362,0.0,0.0,0.0,nan,nan,nan,0.40055594264685157,0.38503854051485403,0.41488220022372385,100.49077540627424,99.38564104183847,101.5616844151457,0.1143911428947742,0.11088125107765961,0.11783620005221704,2.0,2.0,2.0
2.0,1.0,ceiling_now,45,0.186341849880586,0.15818078863238547,0.2182716042632736,0.6835775095689317,0.6639943743398882,0.7033723396547582,0.24703567923346403,0.2328953280620625,0.2631698141414243,0.0,0.0,0.0,13.543838245296252,13.29368582805695,13.788283768207485,0.0004473194655843058,0.00026735582614578063,0.0006475615169964482,0.9417960426179606,0.7504322678843228,1.145144596651446,0.8232129593074224,0.8198252246677213,0.8266921306582852,0.0,0.0,0.0,nan,nan,nan,0.20673400952311333,0.2044790162769639,0.20879120269079296,95.10104419553012,94.13747734092784,96.06164751466534,0.1143911428947742,0.11103669235731897,0.11794684352357465,2.0,2.0,2.0
2.0,1.0,ee_now,45,0.20600346681517523,0.17063244876341727,0.2455803225232893,0.7756542311726572,0.7522786793866546,0.797930765671855,0.14926400243720941,0.13170757685545342,0.168246064905271,0.0,0.0,0.0,9.772558316722051,9.506463415923184,10.029778268441115,0.09977380348384914,0.08895909436834096,0.11091100646879755,0.9407610350076101,0.733324200913242,1.161423135464231,0.8418771570495862,0.838225568058202,0.8458880054300542,0.0,0.0,0.0,nan,nan,nan,0.45860393104542474,0.44134073971474325,0.47594615439854615,100.07231141384436,99.10268724155928,101.12007374052946,0.11439114289477421,0.11111625730834675,0.11790087474034941,2.0,2.0,2.0
2.0,1.0,lazy_defer,45,0.25807251559213695,0.20890969240155213,0.31288613259252024,0.8225608812561267,0.7993198854688972,0.8442004293412216,0.1231906880173011,0.10647875917425506,0.14273390427315039,48.0,48.0,48.0,9.272069334475288,8.98402273039811,9.561327369975594,0.12653665651953322,0.11127356566040925,0.14253464294774226,0.6017656012176561,0.4698280060882801,0.744441400304414,0.841078456110518,0.837889793240607,0.8445166657029793,0.0,0.0,0.0,nan,nan,nan,0.5130961351785446,0.4874512429312129,0.538519661948926,98.16004049434943,97.33333766674788,98.95053214414732,0.1143911428947742,0.11098670195684025,0.11783667816166958,2.0,2.0,2.0
2.0,1.0,sunsched,45,0.22186244992172482,0.17712953177550828,0.27183926613567405,0.7723880254712319,0.7500012091580588,0.7962694658388069,0.1547430008529416,0.13808266728572108,0.17381411242278802,48.0,48.0,48.0,12.180952312338109,11.904910774031702,12.4854031626019,0.0005840943683409436,0.00038809614408929485,0.0007868520632504648,0.4575342465753424,0.3200593607305936,0.5933181126331811,0.8176700143451492,0.8101070420282921,0.8255227548651676,0.014126289531540673,0.0032248435650262153,0.027771700067647544,0.9440375586854458,0.943411580594679,0.9446635367762125,0.29113300422888483,0.2840039330644071,0.29844917372133706,92.69498522701055,91.69358037796074,93.661620508939,0.1143911428947742,0.11101524732872652,0.11801964000051303,2.0,2.0,2.0
2.0,1.0,sunsched_no_ceiling,45,0.2440582529555096,0.20241326234454665,0.2927863597529572,0.8283273744688774,0.8068540958519484,0.8492442746615925,0.12267732261991819,0.10658579931572117,0.13986874721776757,47.67592592592593,47.02777777777778,48.0,9.2720163382052,9.013870907824593,9.555612137346827,0.13031392694063929,0.11720078111787585,0.14349127452223912,0.6442617960426179,0.49204414003044145,0.796235920852359,0.8468141989061218,0.8440142436413687,0.8496955026633902,0.0,0.0,0.0,0.9440375586854456,0.943411580594679,0.9446635367762125,0.5149545825517776,0.49357852643472466,0.5356378590823413,97.75759275950313,97.04544750844998,98.46087256242667,0.1143911428947742,0.1110567152378024,0.11768469052289916,2.0,2.0,2.0
2.0,1.0,sunsched_no_conformal,45,0.21721205160931475,0.17560665765512423,0.26703249786482514,0.7326282580298251,0.7092495248211865,0.7556332424041948,0.2037431886334748,0.18459658600774478,0.22483743092909983,48.0,48.0,48.0,13.681008520089264,13.37554946900813,13.963136594658584,0.0005416032470826991,0.0003576494588195502,0.0007422311009639775,0.5115372907153728,0.3663044140030442,0.6537260273972599,0.8174426044673755,0.8103824716266578,0.824537911059673,0.06783443260612211,0.03336754291391849,0.10838932754101131,0.6933333333333332,0.686510172143975,0.7000954616588418,0.19742446803527297,0.1942598651320721,0.20042217940883839,90.53870437201421,89.42693593590982,91.59535474725737,0.1143911428947742,0.11090832961415013,0.11780532413729557,2.0,2.0,2.0
2.0,2.0,always_now,45,0.3372210451253196,0.2885076953775998,0.3918468175992459,0.9374367518512069,0.9217492304707089,0.9518089219092569,0.01893939736329708,0.013759715593528671,0.02437080423696707,0.0,0.0,0.0,7.265229728185953,7.122184892325862,7.404413992984671,0.4327145695924235,0.42672290398274987,0.4384367231100964,1.8934550989345516,1.5041324200913242,2.2755403348554033,0.8658388571662288,0.8601769644052063,0.8717376750604484,0.0,0.0,0.0,nan,nan,nan,0.8279752671204068,0.8215307790150307,0.8338374564190041,114.95904830277601,113.57029792992645,116.33140406863204,0.1143911428947742,0.11098731415160187,0.11777382431429569,2.0,2.0,2.0
2.0,2.0,ceiling_now,45,0.25138724394404593,0.21635219069166003,0.2904853115892623,0.8480954379723123,0.829308269027096,0.8672098241997322,0.08262449920073801,0.0731249107672337,0.09257996958677994,0.0,0.0,0.0,12.267871832891979,12.03448481499055,12.485825496044757,0.008614493488922712,0.008116211102655167,0.009052759808895656,1.5007001522070014,1.206771689497717,1.8130563165905629,0.826691163315285,0.8223652213637641,0.8310004155422898,0.0,0.0,0.0,nan,nan,nan,0.3075040215983126,0.30132621892514444,0.31323145354721166,107.1696700477809,106.3728149606862,108.01948011239462,0.1143911428947742,0.11092389259024443,0.11793301160065152,2.0,2.0,2.0
2.0,2.0,ee_now,45,0.29142849775211027,0.24801038349195406,0.3401375864670738,0.9310244585695084,0.9129339611849077,0.9465686430746593,0.00731080317100715,0.004542285756029426,0.01042722045181302,0.0,0.0,0.0,7.262734814457814,7.120206230564387,7.403515375999868,0.43417808219178083,0.4278675059191611,0.4400584041518688,1.8328767123287668,1.4720913242009135,2.2034870624048697,0.8668228718297561,0.8610194713561332,0.8724596102279522,0.0,0.0,0.0,nan,nan,nan,0.8313589742889081,0.8245210939252687,0.8368712625915316,114.54209744135454,113.2833767763294,115.92649176594844,0.1143911428947742,0.11106249111113332,0.11789301313125378,2.0,2.0,2.0
2.0,2.0,lazy_defer,45,0.33921465734089395,0.28881821696735055,0.39690896864456643,0.9495893598625471,0.934971948393601,0.9628591557134801,0.005902326120735985,0.003349942979000527,0.008704718292303406,17.054537037037033,14.310268518518512,20.253872685185183,7.2158937694884395,7.0815908310979,7.354854076542451,0.4582959157787926,0.44844852972264515,0.46744034859631317,1.162496194824962,0.9464018264840185,1.3905038051750378,0.869960684967749,0.8652230888276156,0.8749827220619245,0.0,0.0,0.0,nan,nan,nan,0.8509795229637733,0.8441186619600409,0.8575435971885718,107.98819776505617,107.25223761928639,108.64262098005517,0.1143911428947742,0.1109240547034061,0.1178086638499413,2.0,2.0,2.0
2.0,2.0,sunsched,45,0.2963746698172403,0.2526290686745296,0.34517842154469214,0.929045011943807,0.9155337864366692,0.9417747976936298,0.03303690229025758,0.02655247378966367,0.04084648107345267,39.66249999999998,36.6905347222222,42.321909722222195,11.264843397248493,11.02951099790814,11.494651359656908,0.014291603247082698,0.012471551031625235,0.01640046296296296,1.170654490106545,1.0110456621004569,1.3289680365296803,0.7984366783227614,0.7950892531111389,0.8017634090845356,0.03403581092508033,0.00925434952646711,0.06356514776763066,0.9437245696400625,0.9430970266040686,0.944350547730829,0.3670383373657545,0.3560526585147475,0.378477775373691,102.86507579621201,101.45606159358525,104.0225195668629,0.1143911428947742,0.11113576489769936,0.1176652004230402,2.0,2.0,2.0
2.0,2.0,sunsched_no_ceiling,45,0.3091601759099688,0.2672137491129551,0.36031467182257215,0.9620217006141539,0.9517560251061835,0.9721433391612899,0.006089907646836649,0.0036251970272339657,0.009008935868486464,11.129444444444431,7.337231481481468,15.678759259259225,7.279096588276416,7.13696635161523,7.420338203068243,0.45154828344326076,0.4439449887958736,0.45929299847793,1.2168036529680364,0.9687473363774732,1.4536179604261794,0.8763069118833849,0.8717608967965652,0.8808728835938312,0.0,0.0,0.0,0.9437245696400623,0.9430985915492955,0.944350547730829,0.8468085737780535,0.8409237494600185,0.8524904328982842,107.30687408336588,106.68811457463497,107.9560834910648,0.1143911428947742,0.11103793957739772,0.117684356393163,2.0,2.0,2.0
2.0,2.0,sunsched_no_conformal,45,0.29034820631988983,0.24830822599208796,0.33798373497134027,0.8947201629071527,0.8774729174918885,0.9097443217994553,0.0676420499499717,0.056307267388118164,0.0812325999110604,35.57888888888888,32.56387962962962,38.66939814814814,12.714944685157777,12.479594719882005,12.952887770407429,0.009055893793336716,0.00867790250295958,0.009417395991882295,1.1573211567732113,0.9935951293759512,1.3115905631659055,0.8102962628716308,0.8071097062809292,0.8136032014799346,0.11550820226619311,0.0670930893793337,0.17085644448672416,0.6931455399061032,0.6840688575899844,0.7016588419405321,0.26296089110751375,0.2598136161739192,0.2660453675757423,101.0536523566803,99.71055009835383,102.263630703456,0.1143911428947742,0.1109675009885059,0.11778329238806566,2.0,2.0,2.0
3.0,0.5,always_now,45,0.01817178933930124,0.011364444194796604,0.025670239813501316,0.051197946717392896,0.03806509314116234,0.0652086255952081,0.9365687023584776,0.9230485738516646,0.9496450541316477,0.0,0.0,0.0,19.033482059515443,18.681990481979245,19.38774669699921,0.0,0.0,0.0,0.04663622526636226,0.0283668188736682,0.06770167427701675,0.906964398362626,0.905002348625766,0.9089923344208883,0.0,0.0,0.0,nan,nan,nan,0.019486745777971083,0.01838900165895634,0.02057611415645087,19.19664784663387,18.358962090944672,20.003350774078733,0.17158671434216136,0.16624641611896976,0.17686587968216447,3.0,3.0,3.0
3.0,0.5,ceiling_now,45,0.017688460135128897,0.010091797411566695,0.026288780264516864,0.05569140008281892,0.040091512589974655,0.07245099315698757,0.9325374352945682,0.916240514896208,0.948095094522856,0.0,0.0,0.0,19.031432995275093,18.67878886114328,19.37975120222925,0.0,0.0,0.0,0.01211567732115677,0.009863013698630137,0.014430745814307453,0.9071772971966703,0.9052610480487335,0.9090964407837977,0.0,0.0,0.0,nan,nan,nan,0.019882255419576306,0.01862135488035981,0.021169155255714084,19.195161220172317,18.37068140587602,20.041681119159488,0.17158671434216136,0.1663783299621395,0.17701763371736726,3.0,3.0,3.0
3.0,0.5,ee_now,45,0.017688460135128894,0.010221180355583276,0.026161134107536604,0.05569140008281892,0.04007376499149479,0.07253621475175757,0.9325374352945682,0.9166016889219049,0.9477973881105252,0.0,0.0,0.0,19.03143299527509,18.662061784047257,19.41022397272904,0.0,0.0,0.0,0.012115677321156768,0.009802130898021311,0.014429223744292235,0.9071772971966703,0.9053294252581511,0.9090502369299884,0.0,0.0,0.0,nan,nan,nan,0.019882255419576306,0.018652654910851028,0.021100270826662552,19.195161220172317,18.383283329196754,20.006492444047492,0.17158671434216136,0.16649418624277884,0.17666515400315153,3.0,3.0,3.0
3.0,0.5,lazy_defer,45,0.017675821419891817,0.009599242918408043,0.026842987716332724,0.057374421703922755,0.040945390697466666,0.07492253835137236,0.9307200431906376,0.913511864842295,0.946617164641244,22.60185185185185,15.400231481481484,29.13518518518519,19.02037778904316,18.67208013586278,19.383526969614397,0.0,0.0,0.0,0.0027397260273972603,0.0020700152207001527,0.003409436834094368,0.907152736131499,0.9052125395980515,0.9090476602814014,0.0,0.0,0.0,nan,nan,nan,0.020514001122019957,0.01926995361241675,0.02185336057943945,19.19400634834167,18.384859242967508,20.014198039214744,0.17158671434216133,0.16671699562887382,0.1767222837952328,3.0,3.0,3.0
3.0,0.5,sunsched,45,0.017692472085905644,0.009897811582876793,0.026417976120499113,0.057095554953092265,0.04203564277449022,0.07358577755747603,0.9310237105916871,0.9146018470686571,0.9458887666541533,14.935648148148147,8.535648148148148,21.33564814814815,19.024450216575534,18.67311068035258,19.38505157599473,0.0,0.0,0.0,0.005844748858447487,0.004383561643835616,0.0072450532724505304,0.907177595014492,0.9053307853697611,0.9091609080860644,0.002861280230001691,0.000243531202435312,0.006090409901911036,0.9444757433489827,0.9434741784037556,0.9455399061032861,0.020296885211621603,0.019042750813300636,0.02153451476222744,19.19392715533244,18.36636295713265,20.000566435152376,0.17158671434216133,0.1663914082147774,0.17653772230065723,3.0,3.0,3.0
3.0,0.5,sunsched_no_ceiling,45,0.017692472085905644,0.009908094739474942,0.02643728032668736,0.057095554953092265,0.04142103618252967,0.07395210348420458,0.9310237105916871,0.9149621023836221,0.9465397195041056,14.935648148148147,8.535648148148148,21.333333333333332,19.024450216575538,18.67453666818129,19.381817052559548,0.0,0.0,0.0,0.005844748858447487,0.004444444444444444,0.007245053272450531,0.907177595014492,0.9053659147371368,0.9090341138335011,0.0,0.0,0.0,0.9444757433489824,0.943411580594679,0.9455399061032862,0.020296885211621603,0.019081877630190258,0.021554082872346093,19.19392715533244,18.390253917843488,19.98235664726382,0.17158671434216133,0.16652961382922984,0.1768784843894243,3.0,3.0,3.0
3.0,0.5,sunsched_no_conformal,45,0.017692472085905644,0.009933811937341597,0.02599838473086149,0.057095554953092265,0.04119882344291709,0.07352771658898932,0.9310237105916871,0.9147793951233033,0.946607591931088,14.935648148148147,8.535648148148148,21.338020833333335,19.024450216575534,18.666928305393906,19.384605608991812,0.0,0.0,0.0,0.005844748858447487,0.004444444444444444,0.007305936073059361,0.907177595014492,0.9053005439147265,0.9091504712476197,0.05863669034331136,0.028558451716556743,0.09279436199898526,0.6888888888888889,0.6828794992175274,0.6947746478873239,0.020296885211621603,0.019026825184965585,0.021559225644849803,19.193927155332442,18.35197155564597,20.011277810595935,0.17158671434216136,0.16634268361638796,0.17673195106614398,3.0,3.0,3.0
3.0,1.0,always_now,45,0.23850435312276844,0.20217467759728194,0.2806595137070375,0.6828248414259431,0.6576291266102525,0.7073701838594109,0.2729825916931262,0.25152151067109535,0.29565823818146186,0.0,0.0,0.0,10.991119422391005,10.656070970956481,11.332533030099288,0.09846376627769324,0.08303408274141721,0.11402718586166072,1.32779299847793,1.0605905631659054,1.5927290715372908,0.874364836692696,0.8705783603465201,0.8782129937225024,0.0,0.0,0.0,nan,nan,nan,0.3793468154170921,0.3597799092288114,0.3980049024974886,67.87373070758578,67.10485744180728,68.61783914537743,0.17158671434216136,0.16662012078665847,0.1765301322300809,3.0,3.0,3.0
3.0,1.0,ceiling_now,45,0.18178370249355108,0.1538640324773521,0.21421774778362976,0.6735165538183557,0.6534335688459147,0.6938981005500742,0.2597367017200385,0.24350918090867799,0.27784547706990037,0.0,0.0,0.0,15.187159141105523,14.881599047529987,15.479402927193426,0.00016742770167427703,6.085637578217491e-05,0.00029554054625401653,0.9750380517503804,0.7757656012176561,1.1886194824961949,0.869320098975445,0.866730409885909,0.8720533913609755,0.080987020125148,0.04268002705902251,0.12354960468459325,nan,nan,nan,0.16654125372373893,0.16423391285697855,0.16883928845716892,64.4571039145319,63.78861370046779,65.13102729591606,0.17158671434216136,0.16656052426951773,0.1769587064129236,3.0,3.0,3.0
3.0,1.0,ee_now,45,0.2109601467255705,0.17691128709269888,0.2497173247277461,0.7855371575720163,0.7616315336527109,0.8089069461380901,0.13918881421325469,0.12118115053347626,0.1604434649134723,0.0,0.0,0.0,10.387478033411016,10.054360370710272,10.733226543904012,0.11111977845425333,0.09469182838660577,0.1263713110941992,0.9173820395738204,0.7006225266362253,1.130786910197869,0.8816466061865116,0.8783212352718828,0.8850494023291611,0.0,0.0,0.0,nan,nan,nan,0.4500640727719386,0.42621596328872985,0.4727966885210291,67.53775061068558,66.80545261905567,68.27353687063905,0.17158671434216136,0.1662718549602953,0.17672746977919893,3.0,3.0,3.0
3.0,1.0,lazy_defer,45,0.25445447589089426,0.2076565583376157,0.30869270839877133,0.8270367554382506,0.8019177334110126,0.8497481892968374,0.11637608001542735,0.09740705753438866,0.1378970199362678,48.0,48.0,48.0,9.743325801916155,9.38232095820942,10.102065733000476,0.14764734483341793,0.1264594643159141,0.16923125422797222,0.5909284627092847,0.4535768645357687,0.7321902587519025,0.8814746708975908,0.878483496035847,0.8846002554795326,0.0,0.0,0.0,nan,nan,nan,0.5166783622048926,0.48387823893212384,0.5487024473146975,66.21850524341738,65.67312522979401,66.73652667454444,0.17158671434216136,0.16651129600212322,0.17668043147216303,3.0,3.0,3.0
3.0,1.0,sunsched,45,0.22758240793088652,0.18559121374895735,0.27480814592157576,0.7784313445221319,0.7543630108343115,0.8005956074053123,0.16924694936567058,0.15043912611722454,0.191436123657106,48.0,48.0,48.0,14.315211221890573,14.017125271435615,14.614035187353348,0.00018074581430745814,7.249915440554712e-05,0.0003076166920345001,0.4103500761035007,0.3221598173515982,0.49908066971080656,0.869626711499985,0.866722403334622,0.8727271309509942,0.15162502113986132,0.12306488351936411,0.1833496110265517,0.9440375586854456,0.943411580594679,0.9446635367762125,0.21896173761482216,0.21341059096903506,0.2245103802439901,62.18815289202856,61.582524090854164,62.750362116952985,0.17158671434216133,0.16652236829152695,0.1766464752590565,3.0,3.0,3.0
3.0,1.0,sunsched_no_ceiling,45,0.24620570458195937,0.20227892211754564,0.2946974578375197,0.8261705803302445,0.8018908038813672,0.8492562200144598,0.1270376455864288,0.10905938171105464,0.14760949787134275,47.17592592592593,45.52777777777778,48.0,9.966040101573807,9.649462316655855,10.319520028603758,0.14237907999323524,0.12271991797733807,0.1603736364789447,0.7069101978691021,0.5344033485540336,0.88182800608828,0.8847813117392461,0.8822954249886121,0.8874855897288901,0.0,0.0,0.0,0.9440375586854456,0.943411580594679,0.9446635367762125,0.48969023464020145,0.4609116277790465,0.514488620518489,66.21200482822925,65.69061139229957,66.73256460904446,0.17158671434216136,0.16632055199712864,0.17660872834488348,3.0,3.0,3.0
3.0,1.0,sunsched_no_conformal,45,0.22986827000902757,0.19036335314567743,0.2763935312611769,0.7567247435424282,0.7327697264642199,0.7785798912487397,0.20340311189078814,0.18373824718874152,0.22566199873639062,48.0,48.0,48.0,15.19867000268137,14.895926156835095,15.516846608180623,0.00018074581430745817,6.849315068493152e-05,0.00030505348384914587,0.5093455098934552,0.40188280060882803,0.6158767123287668,0.8746742679290322,0.8722205188149299,0.8773666924589074,0.6004299847792999,0.5771214009386098,0.6232405610519195,0.6933333333333332,0.6863834115805946,0.7000312989045382,0.1736680645342727,0.16884241505940784,0.1782587015653873,61.76222431588966,61.20239739545741,62.29519504525929,0.17158671434216136,0.16654949431083224,0.17654932981627403,3.0,3.0,3.0
3.0,2.0,always_now,45,0.33953286926788623,0.28982420895897987,0.3911533774188014,0.9460225406248521,0.9309045726625468,0.9596146764902718,0.0095389764634584,0.00541562104807231,0.01427750833951215,0.0,0.0,0.0,7.361275601512205,7.215017657272101,7.500570770071234,0.5353411973617453,0.5285770812193472,0.5423532629375951,1.9195738203957384,1.5385722983257233,2.323354642313546,0.8985434759194242,0.8935894271868856,0.9035393820845709,0.0,0.0,0.0,nan,nan,nan,0.8772704950741858,0.8713830860580313,0.882947192283654,77.31611413426546,76.38277486275037,78.32471839155221,0.17158671434216133,0.16657552197899997,0.17683067835583496,3.0,3.0,3.0
3.0,2.0,ceiling_now,45,0.25741551382419303,0.22073403591688126,0.29833989445626086,0.8638083978478106,0.8444315863962831,0.8818897899365259,0.06738211564335486,0.05873756629915558,0.07753613528406675,0.0,0.0,0.0,13.853994149097746,13.601563617939183,14.108588335548536,0.010557669541687806,0.009859715880263825,0.011207609293083037,1.6229528158295283,1.2859604261796043,1.9480045662100451,0.8705324257255923,0.8674951992754752,0.8737414846247785,0.147474632166413,0.09066709474885846,0.20348635950448163,nan,nan,nan,0.2594365737944713,0.25612217411820787,0.2630282806534671,73.01192969450126,72.35806044785342,73.63932083063922,0.17158671434216133,0.16627200859620564,0.1768282189811703,3.0,3.0,3.0
3.0,2.0,ee_now,45,0.3148592744449391,0.2686212267924156,0.3664524406116618,0.9420044154010055,0.9261502392482109,0.9566040087942345,0.0038436081222838086,0.0017464364345216071,0.006296869167343031,0.0,0.0,0.0,7.356094757364501,7.2223095199277765,7.495466908542819,0.5361929223744292,0.5290779585235921,0.5431097317351599,1.8840791476407917,1.5050197869101978,2.2546194824961936,0.898808293369287,0.8940065487945775,0.9037852333323382,0.0,0.0,0.0,nan,nan,nan,0.8796054360555995,0.8740443457612705,0.8845797842319626,77.22370304534562,76.3088495369963,78.1878715944566,0.17158671434216136,0.1664530095773219,0.17650750562673,3.0,3.0,3.0
3.0,2.0,lazy_defer,45,0.34081032793419347,0.2887149902485081,0.3965487051269947,0.9515566648402196,0.9357720727808304,0.9653171834238181,0.0036147820062148585,0.0015876411110107625,0.006019047103687645,13.14833333333333,11.58925,15.424347222222222,7.313255663004438,7.17125492810806,7.451894825240356,0.5748357432775241,0.5623437817097919,0.587460949391172,1.1827092846270928,0.9727732115677323,1.4042207001522071,0.9012045676046209,0.8969490426054433,0.9055343939855899,0.0,0.0,0.0,nan,nan,nan,0.8953987677833332,0.8894719584804688,0.9009507084023115,72.48180319987183,72.01090087473095,72.88173495460602,0.17158671434216133,0.16673075309210494,0.17678487486964317,3.0,3.0,3.0
3.0,2.0,sunsched,45,0.3004737421584061,0.25978268101677243,0.34868018587397454,0.938415245452743,0.9267211591694944,0.9490638989008844,0.028234827533201702,0.023159329587477084,0.03388355430307146,29.69231481481479,26.842851851851794,32.913071759259246,13.45403623095963,13.228004722811772,13.693904474647963,0.011369017419245732,0.010871385083713849,0.011857353500761033,0.8820091324200914,0.7187595129375952,1.0540182648401824,0.8685666699099559,0.8658747274206371,0.871444569788952,0.3777604430914933,0.33037836652291563,0.42408292639100287,0.9437245696400625,0.9430985915492955,0.944350547730829,0.29208069643215645,0.2868108715266716,0.2978228487039632,67.54846374510404,66.91003816462349,68.16950515704582,0.17158671434216136,0.1666005836162285,0.17665868129202375,3.0,3.0,3.0
3.0,2.0,sunsched_no_ceiling,45,0.3134562118238642,0.27161237440682345,0.36292994310737753,0.9645608103144255,0.9540379426859281,0.9744022284502031,0.00370829839082182,0.0017093913541667285,0.006290601662385623,1.270555555555555,0.8851851851851852,1.8338935185185168,7.368792199638254,7.222096142566948,7.510661375804223,0.5594315491290378,0.5497646974885846,0.5686528993319804,1.266179604261796,1.0085707762557081,1.5327442922374428,0.9065773013669849,0.9025485365395638,0.9105317113015767,0.0,0.0,0.0,0.9437245696400623,0.9430970266040686,0.944350547730829,0.8912719742830275,0.886007303879299,0.8960470967817619,72.25063009065289,71.82622469878059,72.67471749834925,0.17158671434216133,0.16629719606368576,0.1766945044962901,3.0,3.0,3.0
3.0,2.0,sunsched_no_conformal,45,0.2979934066305802,0.2558872821883436,0.346326864470029,0.9223222662316916,0.9073370038444704,0.9352897021170546,0.04459832093610864,0.03592440984416832,0.054823713801242985,22.816296296296287,20.36834259259259,25.780416666666653,14.360204786894716,14.100246320302569,14.629859501750053,0.011337307627261968,0.010840092803991208,0.011807891510231695,0.9215829528158297,0.7406149162861492,1.1205494672754948,0.8855890375472095,0.8824365935445122,0.8888313417228356,0.7970042702519872,0.7773677648824626,0.8174531857771012,0.6931455399061032,0.6838169014084505,0.7019718309859153,0.2434462941549846,0.2423648089377891,0.24447206322687343,67.2345187841038,66.73838270609454,67.72416271910613,0.17158671434216136,0.1665722271862034,0.1768085619432577,3.0,3.0,3.0
30.0,0.5,always_now,45,0.037339328562303105,0.029099099376376187,0.04612548261983772,0.0855427401354596,0.0771990948916612,0.09276049543754143,0.9114813342278711,0.9049519285910002,0.9189668880051715,0.0,0.0,0.0,20.330793361332663,19.95606668438005,20.698476586878094,0.0,0.0,0.0,0.1872754946727549,0.13899238964992386,0.2407321156773212,0.9737340715481925,0.9732101897881003,0.9742729137811685,0.0,0.0,0.0,nan,nan,nan,0.04036695364756727,0.038952130032218105,0.041637813776898354,2.207633499748126,2.122463643211634,2.2899044345791273,1.7158671434216126,1.6643166731747354,1.7676605202622802,30.0,30.0,30.0
30.0,0.5,ceiling_now,45,0.031598420050527855,0.024418378708553783,0.03919848906976122,0.08060245499251889,0.07265503358689192,0.0878580907340099,0.9156173195366879,0.9085103418281287,0.923322732934267,0.0,0.0,0.0,20.402023518022002,20.00482135886227,20.782962760439798,0.0,0.0,0.0,0.17248097412480973,0.12779299847793,0.22405175038051753,0.9745883388388102,0.9740814808431443,0.9750906490824981,0.9773021308980218,0.9773021308980218,0.9773021308980218,nan,nan,nan,0.03740759440972438,0.036195290002082436,0.03846140639330396,2.1577356374180203,2.0791650530969132,2.2382349228214853,1.7158671434216126,1.6652582109452425,1.7666343414954593,30.0,30.0,30.0
30.0,0.5,ee_now,45,0.02367414030179093,0.018142307285699127,0.02993052793172061,0.08931340385223131,0.08030432316076672,0.09748437076004333,0.904964758146571,0.8976270252190149,0.9131394959899847,0.0,0.0,0.0,20.29604933053988,19.926954610895287,20.66263172052481,0.0,0.0,0.0,0.12432267884322681,0.09198630136986302,0.16036529680365297,0.9737803410939141,0.9732692181181251,0.9742934393580474,0.0,0.0,0.0,nan,nan,nan,0.04256670793161254,0.04154452497102998,0.043529832677886564,2.2080114778265614,2.127160116251915,2.2882335057694,1.7158671434216126,1.6635998038493849,1.7664876723061138,30.0,30.0,30.0
30.0,0.5,lazy_defer,45,0.027445896286339498,0.0205889010737018,0.03504070960651092,0.10008599675150195,0.0893589826404385,0.10914313033032962,0.8955100183546553,0.8868567035546104,0.9053423953753033,40.422222222222224,35.08888888888889,45.00740740740741,20.186718406091448,19.805568469644882,20.537844793571793,0.0,0.0,0.0,0.03433789954337899,0.02489954337899544,0.04511415525114155,0.9738574633409934,0.9733722850332254,0.9743611180881583,0.0,0.0,0.0,nan,nan,nan,0.04861565843553624,0.04709130579434265,0.0502044047044179,2.2074713537117168,2.125817813699749,2.287875557694652,1.7158671434216126,1.6641006476585865,1.7679251105940552,30.0,30.0,30.0
30.0,0.5,sunsched,45,0.029495292332238965,0.02292737918629454,0.03679819923732658,0.08554488117224439,0.07689226226581815,0.09367632118574563,0.9127749698928264,0.9051315615481174,0.9211052362400564,0.037037037037037035,0.007407407407407407,0.07407407407407407,20.359266238390482,19.99250870967274,20.737086223583898,0.0,0.0,0.0,0.12243531202435314,0.08949771689497717,0.15939573820395733,0.9746961385165116,0.9742057247592815,0.975161319871019,0.9773021308980218,0.9773021308980218,0.9773021308980218,0.9444757433489824,0.943411580594679,0.9454773082942095,0.039847526905433,0.039044847017742676,0.04066064262421135,2.15065652355903,2.0741972241139965,2.2303076836751434,1.7158671434216128,1.6667708578270088,1.7691787208735468,30.0,30.0,30.0
30.0,0.5,sunsched_no_ceiling,45,0.0310330009809735,0.024331507851726403,0.038522253792980986,0.09239385738267163,0.0836334264254196,0.09983943763381084,0.9057203251238123,0.8988498026768029,0.9135525217586258,0.1370370370370371,0.07592592592592592,0.2,20.259941661440287,19.865079128703158,20.62106405317791,0.0,0.0,0.0,0.11981735159817354,0.08931202435312025,0.15007762557077628,0.9737520408047444,0.9732357764741112,0.9742907096250969,0.0,0.0,0.0,0.9444757433489824,0.943411580594679,0.9454773082942095,0.04428252696950799,0.0433618185724117,0.045237297105531205,2.2062828928654885,2.120488715084274,2.286371028051817,1.7158671434216126,1.6618334762460532,1.7664634724499886,30.0,30.0,30.0
30.0,0.5,sunsched_no_conformal,45,0.029456134680656717,0.022932571477447965,0.03666831056030695,0.08548482111218435,0.07703149535146596,0.09360505401542678,0.9128588896346892,0.9051538858397996,0.9211178930963182,0.037037037037037035,0.007407407407407407,0.07407407407407407,20.359474893591813,19.982003148748515,20.752510039777185,0.0,0.0,0.0,0.12359208523592086,0.09138356164383561,0.1601856925418569,0.9746950077044744,0.974207221472133,0.9751852272279857,0.9773021308980218,0.9773021308980218,0.9773021308980218,0.6888888888888888,0.6829420970266041,0.6949608763693271,0.039832399120553356,0.039018298139510695,0.04061482636468865,2.150655947205348,2.072679933693247,2.2312340352892783,1.7158671434216126,1.6650001021257799,1.770173233005329,30.0,30.0,30.0
30.0,1.0,always_now,45,0.26693418216047554,0.22305401249552337,0.31370160212896453,0.7315846626207008,0.6978762538783718,0.7665523614957461,0.23349243945459483,0.20012129901256295,0.26626697615134476,0.0,0.0,0.0,16.062292976512495,15.43638840418889,16.63016877947432,0.003128699475731439,0.0,0.009386098427194317,1.521765601217656,1.1864033485540335,1.8769558599695586,0.9660463237613366,0.9647231428098979,0.9673480271346552,0.0,0.0,0.0,nan,nan,nan,0.25503795191487993,0.23066730628702664,0.2827267607427946,7.311784225168549,7.205652054342369,7.418261323112508,1.7158671434216126,1.664729503238791,1.767550931434793,30.0,30.0,30.0
30.0,1.0,ceiling_now,45,0.20427428716324478,0.16902692953890996,0.24207303806938624,0.6979203134889782,0.6572455857752806,0.7367152337448556,0.22806782843724324,0.1834205460684413,0.27402334845859466,0.0,0.0,0.0,17.501793885625002,17.122649403825605,17.890631582414347,0.0,0.0,0.0,1.0583257229832572,0.7976149162861492,1.3298660578386605,0.9708155570679972,0.9696571549788106,0.9719584750808048,0.9773021308980218,0.9773021308980218,0.9773021308980218,nan,nan,nan,0.16597404562178453,0.1564630739208944,0.17459541992093502,6.925638777019126,6.8469434126593,7.004883122093631,1.7158671434216126,1.6649422928666626,1.7667831683134596,30.0,30.0,30.0
30.0,1.0,ee_now,45,0.2241610356870679,0.18588958011946768,0.2696872577288979,0.8511434966379016,0.8263185855704833,0.874966031331875,0.054472891023257725,0.03421108992260911,0.07910936570352477,0.0,0.0,0.0,13.543850784820403,13.016073312865231,14.048860335370234,0.009465161508540505,0.000123879587349907,0.024155039742939286,1.15896499238965,0.8522861491628615,1.478146118721461,0.9689457877693985,0.9676679272887803,0.970201311865583,0.0,0.0,0.0,nan,nan,nan,0.40608325178104726,0.3763821974003333,0.4346481152975147,7.26103410709812,7.164548720401916,7.353319983772816,1.7158671434216128,1.6660256101948383,1.7670934441191712,30.0,30.0,30.0
30.0,1.0,lazy_defer,45,0.28605633152997223,0.23171582045682027,0.34710830747417704,0.9128602445256361,0.8882811552582116,0.9354309197499527,0.020856991552597327,0.007531229403700762,0.03847635921291199,46.7925925925926,44.7537037037037,48.0,11.245989505216121,10.673385085760602,11.86115900888906,0.08475139523084729,0.04358439561136478,0.12852233426348722,0.6611263318112633,0.454302891933029,0.8810213089802127,0.9704974327960783,0.9691621203291378,0.9717804937400754,0.0,0.0,0.0,nan,nan,nan,0.5838309772042659,0.539109923242411,0.6251050054181275,7.076728362505043,7.012500682165553,7.135277255735145,1.7158671434216126,1.6628032142396096,1.7682710899604683,30.0,30.0,30.0
30.0,1.0,sunsched,45,0.23073321498681756,0.1915683391676645,0.2749202058829015,0.7247368767259349,0.679697694039944,0.7683501469265266,0.23825369535355653,0.19492398455691576,0.2840374098692029,35.380740740740734,29.32493518518518,40.60420833333332,17.291145419351174,16.89393205845558,17.709851911043014,0.0,0.0,0.0,0.8789649923896496,0.66258599695586,1.1006423135464234,0.9713343158050981,0.9703431614168451,0.9722998061585929,0.9773021308980218,0.9773021308980218,0.9773021308980218,0.9440375586854458,0.943411580594679,0.9447261345852892,0.1784455234321803,0.16607945943423177,0.19096765083981634,6.799784361129583,6.743580394429317,6.854874343098875,1.7158671434216128,1.663995871691389,1.765192617614259,30.0,30.0,30.0
30.0,1.0,sunsched_no_ceiling,45,0.28810465047553663,0.24487817773055273,0.33956985740635653,0.8795680099018273,0.8487643637363433,0.9058616607995592,0.09039155388012661,0.06415892092323369,0.1213849293708922,9.190740740740742,4.557407407407408,14.788472222222213,13.793973333451474,12.949751674068448,14.668162793669078,0.04942330458312194,0.017989937426010492,0.08606804921359709,1.1458143074581428,0.9005692541856924,1.4013439878234397,0.9684534492708727,0.9675015173882301,0.969426567933669,0.0,0.0,0.0,0.9440375586854458,0.943411580594679,0.9446635367762125,0.4093885696877306,0.35355070954694695,0.46514846641290863,7.195224642987512,7.11438665486914,7.268575293547598,1.7158671434216128,1.6640551717657708,1.7664936507116604,30.0,30.0,30.0
30.0,1.0,sunsched_no_conformal,45,0.22891747085454747,0.19081834826070096,0.27044763476014944,0.7057184505218623,0.6576432359293952,0.7514717462898219,0.264604561267902,0.21977281796312842,0.31279905989193246,23.34055555555552,17.7512083333333,29.104101851851773,17.375146434614816,16.945444034657534,17.793128551809065,0.0,0.0,0.0,0.9093455098934549,0.6929010654490106,1.1322617960426176,0.9710388157158719,0.9701017252206114,0.9719903303828561,0.9773021308980218,0.9773021308980218,0.9773021308980218,0.6933333333333332,0.6863223787167448,0.7000938967136149,0.17412415208035523,0.16070656584364906,0.18674400275466524,6.804499024572959,6.749440459448965,6.858360291484191,1.7158671434216128,1.6634931182083785,1.7673143641186075,30.0,30.0,30.0
30.0,2.0,always_now,45,0.3436305934568239,0.29182752796224626,0.40010214934332555,0.9551362303607194,0.9404563509471862,0.9689835479218075,0.0,0.0,0.0,0.0,0.0,0.0,7.549076200664127,7.4130662727806955,7.692584306903855,0.9662102570607135,0.9568593089379331,0.9742996786741079,1.9519025875190263,1.5295996955859974,2.3567168949771693,0.973660852236734,0.9721135068443263,0.975299644115527,0.0,0.0,0.0,nan,nan,nan,0.9818382891781108,0.9797154646327798,0.9837636180658905,8.007546752334346,7.908803041064726,8.10844885076502,1.7158671434216126,1.6630231574971324,1.765669416724334,30.0,30.0,30.0
30.0,2.0,ceiling_now,45,0.3379298780271987,0.2874507532884692,0.392681614241042,0.9517956940501612,0.9360446205554184,0.9657589923312536,0.0017800508445758195,0.000555550078352454,0.00334595210840579,0.0,0.0,0.0,15.0949643057876,14.804669071082373,15.378959260064256,0.014751606629460512,0.012015009301538983,0.017389121427363437,1.9340030441400309,1.5431141552511418,2.322097412480974,0.9742232225071665,0.9726751795269185,0.9758275191044615,0.9773021308980218,0.9773021308980218,0.9773021308980218,nan,nan,nan,0.3240141853125387,0.3218115053823185,0.3260088265059054,7.657024446990585,7.560415804786274,7.752983814303629,1.7158671434216128,1.665893766135027,1.767070897828058,30.0,30.0,30.0
30.0,2.0,ee_now,45,0.34174564368752364,0.2906026648854897,0.3987413942280037,0.9551294599624508,0.9399146102577752,0.9695428759377406,0.0,0.0,0.0,0.0,0.0,0.0,7.548834692271382,7.410525282612537,7.687661519759026,0.9660796127177402,0.9565841894977168,0.9740708026805344,1.9519025875190263,1.5724611872146121,2.36306697108067,0.9735862724089571,0.9720140414579864,0.9751247881528372,0.0,0.0,0.0,nan,nan,nan,0.9817760238408283,0.9796372577359072,0.9836899586781492,8.028339331180007,7.935895428756965,8.130829680979748,1.715867143421613,1.6670937108347297,1.7671041611903981,30.0,30.0,30.0
30.0,2.0,lazy_defer,45,0.34346959245549397,0.2938397240235513,0.39736941108285584,0.9551242183487073,0.9400699698056497,0.9680131918726563,0.0,0.0,0.0,10.657407407407408,10.511064814814814,10.803703703703702,7.538410221461514,7.396924186882625,7.679062315277685,0.9752528327414173,0.9693961292913921,0.9801522492812449,1.2015829528158295,0.9879999999999999,1.4314277016742771,0.9740309139311222,0.9725431066363298,0.9754865328819031,0.0,0.0,0.0,nan,nan,nan,0.9846599387127601,0.9829232884139218,0.9860906230136003,7.522042880631312,7.465797968091993,7.5743690868454925,1.7158671434216128,1.666006933847629,1.7703448692765062,30.0,30.0,30.0
30.0,2.0,sunsched,45,0.3145609158505383,0.2742964839645578,0.3633761369544376,0.9665651814667428,0.9565633840053471,0.9757553134569744,0.0017800508445758195,0.000565585853596164,0.003427741266696343,0.8575925925925928,0.8466666666666667,0.8687037037037035,15.077160461198863,14.785011587173218,15.376941285707977,0.017228564180618973,0.014587556020632502,0.019771615508202268,1.2970471841704716,1.033295281582953,1.5560334855403348,0.9763535318920847,0.9750515406767831,0.9776309792994907,0.9773021308980218,0.9773021308980218,0.9773021308980218,0.9437245696400625,0.9430985915492955,0.944350547730829,0.32813379645104485,0.3264585652182282,0.3297135559149442,7.146157132845835,7.1050576851025085,7.188068876344803,1.7158671434216126,1.6643460546831157,1.7648683761953288,30.0,30.0,30.0
30.0,2.0,sunsched_no_ceiling,45,0.31529394320378284,0.2739270944461159,0.3619559450945277,0.9683516487588418,0.9574829144805075,0.9777556324682706,0.0,0.0,0.0,0.8592592592592595,0.8481481481481484,0.8703703703703705,7.553362916657843,7.414503078477334,7.691144926322044,0.9745127261965162,0.968367727887705,0.9799696325892102,1.2856621004566207,1.0344642313546422,1.541923896499239,0.9757330374425128,0.9744253377555662,0.9770588468203062,0.0,0.0,0.0,0.9437245696400623,0.9430985915492955,0.944350547730829,0.9841883390782349,0.9825006877481505,0.9857073198949644,7.499353467300884,7.449976151669277,7.550719719559132,1.7158671434216128,1.6644197080758347,1.7663532888671902,30.0,30.0,30.0
30.0,2.0,sunsched_no_conformal,45,0.31458845221561227,0.2711482513406193,0.366047656458959,0.966638588206816,0.9568248049537096,0.9762605366474945,0.0017919918559794856,0.0005800698952810944,0.0033480543060617606,0.8574074074074077,0.8462962962962965,0.8685185185185187,15.077270222433633,14.792711788780283,15.367113469764409,0.017228564180618973,0.01467937172332149,0.019552247167258584,1.2979604261796043,1.0176438356164383,1.5679786910197873,0.9763525000880777,0.9749810211393556,0.9777374306142901,0.9773021308980218,0.9773021308980218,0.9773021308980218,0.6931455399061033,0.6835680751173709,0.7016604068857589,0.3281249131833197,0.3265200701563581,0.32966086219713175,7.146404311750137,7.105438359013943,7.190670750831336,1.7158671434216128,1.6626527828939404,1.7660756933043422,30.0,30.0,30.0
5.0,0.5,always_now,45,0.007857166363591466,0.005914771547194252,0.009917254042401583,0.016879699277778014,0.013918045519273881,0.02005653437324966,0.9825229051946287,0.9794282193575329,0.9854348641797024,0.0,0.0,0.0,19.712381405915828,19.34918389858693,20.098769237533393,0.0,0.0,0.0,0.03263318112633182,0.023560121765601218,0.04371385083713851,0.9308719103133786,0.9294671165234157,0.9322515596915177,0.0,0.0,0.0,nan,nan,nan,0.016216287354328448,0.015557264617519943,0.01686007750490484,11.666861638677394,11.173873670275983,12.188695446633117,0.28597785723693564,0.27787895324654627,0.2948411738135212,5.0,5.0,5.0
5.0,0.5,ceiling_now,45,0.007086290347666678,0.004427607842968234,0.010219775155481893,0.019692055708568915,0.014737653008746378,0.02539698260621761,0.978750425929075,0.9731707905813928,0.9836162578859718,0.0,0.0,0.0,19.70707863525683,19.34809589301569,20.038609322175677,0.0,0.0,0.0,0.019969558599695583,0.015159817351598173,0.025694063926940635,0.9309082373451866,0.9295588306666713,0.9323120956164462,0.11976577033654659,0.06436364789446981,0.1801070152629798,nan,nan,nan,0.016600978199618813,0.0158084363750341,0.01737702957515927,11.665609884953188,11.1575950939391,12.170585374679012,0.28597785723693564,0.2770271854156869,0.29481581224367337,5.0,5.0,5.0
5.0,0.5,ee_now,45,0.007086290347666678,0.004394890230666608,0.010124130748945777,0.019692055708568915,0.014535078638104758,0.025267539062137932,0.978750425929075,0.973186338325251,0.9837096143311274,0.0,0.0,0.0,19.70707863525683,19.348140220237784,20.05474033126947,0.0,0.0,0.0,0.019969558599695583,0.014977168949771693,0.025389649923896498,0.9309082373451866,0.9295794126190997,0.9322085917236143,0.0,0.0,0.0,nan,nan,nan,0.016600978199618813,0.015871627164544842,0.017343089565847902,11.665609884953188,11.179567855869806,12.16352580141721,0.28597785723693564,0.2777571172698486,0.29472776543583334,5.0,5.0,5.0
5.0,0.5,lazy_defer,45,0.008162563776189085,0.004989593004424654,0.012088176175883031,0.022531193863865883,0.01702699245604753,0.02917012118010831,0.9759083915686213,0.9694302108977119,0.9813571311885356,5.333333333333333,1.0666666666666667,10.666666666666666,19.689871257975717,19.329346974034202,20.0503905671658,0.0,0.0,0.0,0.005418569254185692,0.004444444444444444,0.006514459665144594,0.9309486194464875,0.9295374092742318,0.9323193171092132,0.0,0.0,0.0,nan,nan,nan,0.017626879980125177,0.0167192559466534,0.018645029266030826,11.664413491876841,11.167491644253879,12.190409961549271,0.2859778572369356,0.2778441226063073,0.2947281512357042,5.0,5.0,5.0
5.0,0.5,sunsched,45,0.008494360412211636,0.005517431261573249,0.012138215393249852,0.021382289872264357,0.015839838594761978,0.027617887332741474,0.9770170119139812,0.9707807153877337,0.9824662722432321,5.333333333333333,1.0666666666666667,9.6,19.69497748228974,19.334449669787677,20.032107219867086,0.0,0.0,0.0,0.009680365296803653,0.007245053272450532,0.012420091324200912,0.9309338170282114,0.9295874927612481,0.9323467689976606,0.23005855741586329,0.18210719495180114,0.2792296845932691,0.9444757433489824,0.9434726134585286,0.9454773082942095,0.017320278764759323,0.016468745989697504,0.018204632485927307,11.664549256343726,11.169450442312991,12.166331821996648,0.2859778572369356,0.2777764120840616,0.29483447135895113,5.0,5.0,5.0
5.0,0.5,sunsched_no_ceiling,45,0.008494360412211636,0.00545046393467261,0.011820563047939214,0.021382289872264357,0.01598002530136478,0.027278134087622467,0.9770170119139814,0.9711959766093969,0.9823409622741662,5.333333333333333,1.0666666666666667,9.6,19.69497748228974,19.336866493703255,20.073312184680795,0.0,0.0,0.0,0.009680365296803653,0.007184170471841704,0.012237442922374426,0.9309338170282113,0.9296165710968539,0.9322997235620829,0.0,0.0,0.0,0.9444757433489824,0.943411580594679,0.9454773082942095,0.017320278764759323,0.016435416185868773,0.018212602375007464,11.664549256343726,11.169984472366263,12.150898543761839,0.2859778572369356,0.2774150648048098,0.29432087109410815,5.0,5.0,5.0
5.0,0.5,sunsched_no_conformal,45,0.008494360412211636,0.005491686760960522,0.011920063666014022,0.021382289872264357,0.01597970339248252,0.027465266040289513,0.9770170119139812,0.971218426721685,0.9824953861937094,5.333333333333333,1.0666666666666667,10.666666666666666,19.694977482289737,19.321429376562232,20.071581761882708,0.0,0.0,0.0,0.009680365296803651,0.007121765601217658,0.012298325722983252,0.9309338170282113,0.9296003507664813,0.9322862145266049,0.6951940639269405,0.6557601999830882,0.7339679942499575,0.6888888888888889,0.6828169014084507,0.6946494522691706,0.01732027876475932,0.016414903042541517,0.018182680795991963,11.664549256343726,11.165911070627372,12.14799439845246,0.2859778572369356,0.27721449815919086,0.29415430598510617,5.0,5.0,5.0
5.0,1.0,always_now,45,0.23247237694082612,0.19712938758758844,0.2717681417843185,0.6631509768081888,0.6369267248090827,0.6870984156983216,0.29771156513426034,0.2757001452760049,0.32256855918214994,0.0,0.0,0.0,12.037723323069038,11.546317331485973,12.562542746755634,0.10793759512937595,0.08382903137155422,0.1321740391933029,1.306240487062405,1.0263394216133945,1.5782267884322678,0.9093598327767568,0.9063361892998244,0.9124979003570448,0.0,0.0,0.0,nan,nan,nan,0.34825849022491145,0.32164687395897545,0.37409861333873595,41.35941634234652,40.89363683174087,41.84376022029482,0.2859778572369356,0.2774146114176773,0.2943760962399253,5.0,5.0,5.0
5.0,1.0,ceiling_now,45,0.18448735417595247,0.15516623958467682,0.21820021840231926,0.6762548781590798,0.6523849615272812,0.6982129006782517,0.2616348268848865,0.24258645560510622,0.28367197447169096,0.0,0.0,0.0,16.323987697168107,16.014991387289037,16.644469216475056,0.0,0.0,0.0,1.0076712328767123,0.7907153729071538,1.232939117199391,0.9150384363674507,0.9125362258005197,0.9178050182237705,0.6765759766615932,0.6542893571368172,0.6990001321241333,nan,nan,nan,0.15464560873481376,0.1506496165288069,0.1584683083149269,39.72720013509542,39.32832962734397,40.125672384384295,0.2859778572369356,0.27765990439586136,0.29437784222076724,5.0,5.0,5.0
5.0,1.0,ee_now,45,0.21458789243130189,0.17665709591518916,0.25640720524466554,0.7885684284466682,0.764171439378139,0.8131890329424547,0.1362738343391501,0.11590295950205463,0.16068412631864545,0.0,0.0,0.0,11.002249576800372,10.581953443322835,11.409613141261952,0.13327414172163032,0.10733784669372567,0.1600070078640284,0.9084931506849314,0.6874566210045663,1.1329893455098934,0.9147408394620054,0.9120793618130553,0.9176131538068076,0.0,0.0,0.0,nan,nan,nan,0.44002206733916693,0.41237287460028116,0.46755453387575624,41.10300093597903,40.6672824335895,41.54862885842854,0.2859778572369356,0.27766090611909866,0.29455419995531645,5.0,5.0,5.0
5.0,1.0,lazy_defer,45,0.2513126419769764,0.20260580807985556,0.30632427207322876,0.8265846774337945,0.8004938086088009,0.8514943615108576,0.1167366528318908,0.09497910212574652,0.14223318191012102,48.0,48.0,48.0,10.144288963419845,9.727622262991396,10.588368659153257,0.19546169457128365,0.16146848046676815,0.23024619482496186,0.5898325722983258,0.4429406392694065,0.7480091324200913,0.9156980580474962,0.9131973537712554,0.9182725933164605,0.0,0.0,0.0,nan,nan,nan,0.5216709648222175,0.4828032958577054,0.5578614083771815,40.25785341045911,39.89348995707696,40.59383492066403,0.28597785723693564,0.2778923315321526,0.29418420083549357,5.0,5.0,5.0
5.0,1.0,sunsched,45,0.22785725447317315,0.1850714229840405,0.27665146989928047,0.7660815042423269,0.7368528097192371,0.7918222794939607,0.18667414672858434,0.163385190460998,0.21428249259561358,48.0,48.0,48.0,15.892278350348162,15.569441185532469,16.22241707815337,6.341958396752917e-06,0.0,1.6489091831557584e-05,0.5368036529680366,0.4026697108066971,0.6802572298325723,0.9152890453289458,0.9133229989122351,0.9173360085461388,0.5346442161339421,0.4871992590478608,0.5796816601133096,0.9440375586854458,0.9434115805946789,0.9447261345852892,0.18099315315111641,0.17468468995164632,0.1871841286675063,38.31785604638973,38.03993544870748,38.59496144325282,0.28597785723693564,0.2776549113800961,0.29466986263608147,5.0,5.0,5.0
5.0,1.0,sunsched_no_ceiling,45,0.24641651208556725,0.20538508513691073,0.2928066544357731,0.8161978059225811,0.7903369410728183,0.8397076920953286,0.14207626281013247,0.12135096435870325,0.16629737316991733,43.92796296296294,40.07167129629627,47.11666666666667,10.743699858010356,10.288092991629801,11.228527063083853,0.17307817520717061,0.14203996490783022,0.2026942594706579,0.780456621004566,0.5898843226788434,0.9737823439878235,0.9164418317763642,0.9142134993714494,0.9188031287469874,0.0,0.0,0.0,0.9440375586854458,0.943411580594679,0.9446635367762125,0.4584315324446261,0.42406319022666633,0.49102873282636084,40.43140159227111,40.07506269639294,40.762892973734715,0.28597785723693564,0.27727645801251927,0.2947827984586636,5.0,5.0,5.0
5.0,1.0,sunsched_no_conformal,45,0.23302620024481707,0.19530185473505599,0.2773468289669196,0.7576467052203858,0.7299641004421978,0.7820363433964077,0.20760381761455302,0.18455856785728905,0.2339787313377675,47.762962962962966,47.28888888888889,48.0,16.105253592460123,15.787459442041929,16.424035829539967,6.341958396752917e-06,0.0,1.6489091831557584e-05,0.6806088280060882,0.5252328767123288,0.8389056316590561,0.917223786338984,0.9152189616650274,0.9192799630191901,0.8665115000845595,0.8462492336800268,0.8858660261288688,0.6933333333333332,0.686320813771518,0.7001564945226916,0.1701978072343589,0.1643113828760407,0.17578670460573076,38.71824523810589,38.44007884829375,38.98157001078297,0.28597785723693564,0.27728924962331813,0.29418912365865796,5.0,5.0,5.0
5.0,2.0,always_now,45,0.3413858973348028,0.2915328539340558,0.39559877753456035,0.9507297146753559,0.9356268388811586,0.9637071922554983,0.004456260415759648,0.0016192457834386012,0.008573861196704557,0.0,0.0,0.0,7.425002942849445,7.2765891148713715,7.564753100914775,0.7575260020294265,0.7477779310417725,0.7678432902080162,1.9344901065449014,1.541487062404871,2.3471750380517498,0.9266287894365194,0.9225605088373242,0.9305710965653702,0.0,0.0,0.0,nan,nan,nan,0.9213647822112867,0.9158121735068904,0.9261050308280823,46.66941010384744,46.122640793283736,47.23661379232742,0.2859778572369356,0.27756481531952704,0.2946216817025676,5.0,5.0,5.0
5.0,2.0,ceiling_now,45,0.2742984082335118,0.2348861314832025,0.32140151639373676,0.9038166531652121,0.8862908252349455,0.919446886787757,0.0316684409394016,0.026778714896649826,0.037321913884657415,0.0,0.0,0.0,14.842727724619959,14.571970539670803,15.120898915580268,0.0148408168442415,0.013952794689666839,0.01563843966683579,1.7861796042617955,1.4189741248097414,2.131634703196347,0.920206139482612,0.9167047245698438,0.9236333130264416,0.8520799509555218,0.8346237104684593,0.8680641119144257,nan,nan,nan,0.25862407309102775,0.2571202500373778,0.26001735160586703,45.11311419837213,44.60051005301786,45.589136495651154,0.28597785723693564,0.27752285065786025,0.29396806602603615,5.0,5.0,5.0
5.0,2.0,ee_now,45,0.32906118981298466,0.2818823125605737,0.38289952504698804,0.9474444263005748,0.9316955546476302,0.9619536449728577,0.002472311051657235,0.0009019299033111112,0.004306857004323434,0.0,0.0,0.0,7.420981078779416,7.278615523633032,7.559077649593332,0.7571778285134451,0.7471871459073228,0.7672543231016403,1.9185996955859972,1.522908675799087,2.304315068493151,0.9265198100331039,0.9225943488553879,0.930562395578421,0.0,0.0,0.0,nan,nan,nan,0.9225490811142254,0.9177010389839226,0.9270497133045854,46.72095446167237,46.14694236492139,47.29353722826386,0.28597785723693564,0.27731966677445113,0.294356920694744,5.0,5.0,5.0
5.0,2.0,lazy_defer,45,0.34226221159113945,0.29045420359525326,0.4001204639591231,0.9524941101233336,0.9368850629620197,0.9650854434771498,0.0024298211430105387,0.0008774756202189083,0.004284981332736443,10.91111111111111,10.736990740740739,11.079675925925924,7.38748706791852,7.250930981035715,7.528215184074137,0.8133694824961948,0.800314798959919,0.8262374534923049,1.1979299847793,0.9762617960426181,1.4236210045662097,0.9281317191083228,0.9245844561752531,0.9317317151730478,0.0,0.0,0.0,nan,nan,nan,0.9336065857473714,0.9287773914249803,0.9380333420419751,43.748808136757816,43.46467036473294,43.98119252372264,0.28597785723693564,0.2776288556856548,0.2944103995799009,5.0,5.0,5.0
5.0,2.0,sunsched,45,0.30493848600905815,0.262971391323276,0.355109637294807,0.9517075823119854,0.9402864046554714,0.9626008145737494,0.01616733363283875,0.012260547782697546,0.020541710135684815,21.586388888888877,18.022243055555546,25.7207824074074,14.737020920982186,14.479834760082198,14.997591970651188,0.016119567055640115,0.015538426982918994,0.016652756637916457,1.087001522070015,0.856117199391172,1.3185570776255706,0.9214476961419906,0.9187496903081885,0.9242940601168371,0.7968355741586336,0.766158665229156,0.82430083079655,0.9437245696400623,0.9430359937402188,0.944350547730829,0.27018873280586403,0.269034506525253,0.2714750374084943,41.86148306174873,41.63107177823286,42.095752524274104,0.28597785723693564,0.2775688663430324,0.29431469558075735,5.0,5.0,5.0
5.0,2.0,sunsched_no_ceiling,45,0.31440233860330546,0.27208172490622257,0.362133385850381,0.9658149470713192,0.9556658577665753,0.9750480526475898,0.002472311051657235,0.0009380341644060318,0.0044249968182745155,0.8629629629629634,0.8518518518518519,0.8740740740740743,7.430265779929485,7.29022778490642,7.5694914461110026,0.7943531202435312,0.783194999365804,0.8052660345848129,1.2828614916286147,1.031220700152207,1.5435053272450527,0.9323992100221279,0.929026303036129,0.9355608575514033,0.0,0.0,0.0,0.9437245696400625,0.9430985915492955,0.9443521126760561,0.9307255585884087,0.9258966011590001,0.9350661381667478,43.61045799220012,43.37333492569557,43.859411825700484,0.28597785723693564,0.27791359063838433,0.29464884492275234,5.0,5.0,5.0
5.0,2.0,sunsched_no_conformal,45,0.30538655995244796,0.26219221764238426,0.35498958981368733,0.9495385097725367,0.9373993393152102,0.9600203468361271,0.01897487384387334,0.014711959890991503,0.02346653037975146,12.954999999999982,10.118805555555559,16.25034722222221,14.957114727561057,14.671299726003511,15.227608534042863,0.016119567055640115,0.015542781794351427,0.0166433599695586,1.1838660578386606,0.9413637747336379,1.4465312024353116,0.9288279814312718,0.9255129700172857,0.9320085126602144,0.9414654151868763,0.9317095858701169,0.950673161889058,0.6931455399061033,0.6839420970266039,0.7019092331768387,0.26180533567032566,0.2600294626662525,0.2636154099113035,42.29995109791427,42.08029157174502,42.53381597893141,0.2859778572369356,0.27762403420995313,0.2949701749683484,5.0,5.0,5.0
