policy,location,site,year,ratio,solar_source,days,panel_area_cm2,demand_always_now_kj,capacity_wh,days_of_autonomy,sim_seconds,n_frames,value_score,gain_captured,accuracy,macro_f1,animal_recall,empty_false_alarm,dropped_frac,unclassified_frac,triage_final_frac,refined_now_frac,refined_later_frac,latency_mean_h,latency_p95_h,latency_refined_later_p95_h,ref_value_triage,ref_value_lite,ref_value_full,soc_mean,soc_p95,frac_time_soc_above_90,battery_temp_mean_c,ceiling_mean,ceiling_at_floor_frac,harvested_kj,consumed_kj,curtailed_kj,b_wakes_per_day,dead_frac,deferred,reserve_coverage,f_calendar_per_year,f_cycle_per_year,calendar_share,equiv_full_cycles_per_year,battery_years_to_eol,fade_after_deployment,replacements_per_deployment,battery_kgco2e_per_deployment
always_now,100,cct_region,2012,0.5,pvgis,365,0.3052640870787947,82.73851465568,10.0,158.8135834282582,0.27,4890,0.2342027881787988,0.3514815266430923,0.23026584867075664,0.19057400870116267,0.5209173922276492,0.2983425414364641,0.45950920245398774,0.0,0.0010224948875255625,0.5394683026584867,0.0,0.0,0.0,0.0,0.11224640900340586,0.169427344460663,0.4592244716633877,0.18046763798416257,0.7130454932017576,0.0,20.729461989872192,1.0,0.0,39.53192903371723,77.83638609815169,0.0,1.5643835616438355,0.2957096651445967,0,nan,0.008739532790347058,7.231854713036461e-05,0.991793035951164,0.6293625784944015,18.60269602277665,0.13699631098458354,0.5375564911535544,0.4569230174805213
always_now,105,cct_region,2013,0.5,pvgis,365,0.264632338334809,71.725720549728,10.0,183.19788075032216,0.27,2169,0.339272030651341,0.8595153363836638,0.3365606270170586,0.23328905996172525,0.8489658489658489,0.5777777777777777,0.07976025818349469,0.0,0.0,0.9202397418165053,0.0,0.0,0.0,0.0,0.096360153256705,0.25373563218390804,0.3789750957854406,0.2019612462969635,0.7205147992488249,0.0,20.64649507784094,1.0,0.0,36.316290969702145,74.66358584712228,0.0,1.1835616438356165,0.2984493911719939,0,nan,0.0089662796149921,1.5107187859700018e-05,0.9983179448573685,0.4198762014451557,18.251545716407694,0.1384584161425756,0.5478988002101238,0.46571398017860527
always_now,105,cct_region,2015,0.5,pvgis,365,0.264632338334809,71.725720549728,10.0,183.19788075032216,0.27,2169,0.33773946360153256,0.8540925266903915,0.3342554172429691,0.23166963065844706,0.8475228475228476,0.5111111111111111,0.08483171968649147,0.0,0.0,0.9151682803135085,0.0,0.0,0.0,0.0,0.096360153256705,0.25373563218390804,0.3789750957854406,0.20043327769617314,0.7173338886480147,0.0,21.709066091403,1.0,0.0,35.35438240349712,74.6025572256142,0.0,1.1726027397260275,0.31276636225266363,0,nan,0.009706981124082003,1.4323795662102207e-05,0.9985265562822734,0.4143022968091173,16.862364999585402,0.14481023315127628,0.5930366232877696,0.5040811297946042
always_now,105,cct_region,2014,0.5,pvgis,365,0.264632338334809,71.725720549728,10.0,183.19788075032216,0.27,2169,0.3393199233716475,0.8596847991865786,0.33702166897187646,0.23398506001270306,0.8489658489658489,0.6,0.07837713231904103,0.0,0.0,0.9216228676809589,0.0,0.0,0.0,0.0,0.096360153256705,0.25373563218390804,0.3789750957854406,0.20520579690178067,0.7241189359370035,0.0,22.297233232776282,1.0,0.0,37.14169056913848,74.67908169126562,0.0,1.1863013698630136,0.2870053272450533,0,nan,0.010139691374062105,1.4516778278047685e-05,0.998570368259124,0.4126807104731095,16.143473658378,0.1485045561800008,0.6194453691699919,0.5265285637944932
always_now,100,cct_region,2011,0.5,pvgis,365,0.3052640870787947,82.73851465568,10.0,158.8135834282582,0.28,4890,0.2333566034143555,0.3490427996585782,0.2294478527607362,0.19157838091565213,0.5145466128689743,0.2983425414364641,0.4656441717791411,0.0,0.0,0.5343558282208589,0.0,0.0,0.0,0.0,0.11224640900340586,0.169427344460663,0.4592244716633877,0.18231165188156948,0.7129740881412285,0.0,19.639202912676332,1.0,0.0,41.79490238410944,77.74698551189046,0.0,1.5561643835616439,0.2652777777777778,0,nan,0.008191438024557778,7.137099943693534e-05,0.9913623806105553,0.641484910841462,19.838797115238187,0.13224376198361898,0.5040628190264115,0.42845339617244976
always_now,105,cct_region,2012,0.5,pvgis,365,0.264632338334809,71.725720549728,10.0,183.19788075032216,0.28,2169,0.33773946360153256,0.8540925266903915,0.3342554172429691,0.23166963065844706,0.8475228475228476,0.5111111111111111,0.08483171968649147,0.0,0.0,0.9151682803135085,0.0,0.0,0.0,0.0,0.096360153256705,0.25373563218390804,0.3789750957854406,0.19844385142360146,0.7160567128471812,0.0,20.729461989872192,1.0,0.0,34.27008698988615,74.6025572256142,0.0,1.1726027397260275,0.3228215372907154,0,nan,0.008901027370101818,1.2285450669143346e-05,0.9986216740154666,0.4124240414078001,18.39093893877402,0.13787163742199693,0.5437460280462777,0.46218412383933605
always_now,105,cct_region,2011,0.5,pvgis,365,0.264632338334809,71.725720549728,10.0,183.19788075032216,0.28,2169,0.33773946360153256,0.8540925266903915,0.3342554172429691,0.23166963065844706,0.8475228475228476,0.5111111111111111,0.08483171968649147,0.0,0.0,0.9151682803135085,0.0,0.0,0.0,0.0,0.096360153256705,0.25373563218390804,0.3789750957854406,0.19982140131839157,0.7159948120572157,0.0,19.639202912676332,1.0,0.0,36.23185044209719,74.6025572256142,0.0,1.1726027397260275,0.2969463470319635,0,nan,0.008339816606808381,1.1032923821522805e-05,0.9986788261743844,0.4111707261522673,19.629642616327395,0.13300766478582549,0.509433625229747,0.43301858144528493
always_now,0,cct_region,2012,0.5,pvgis,365,0.3162228164973532,85.70875921763201,10.0,153.30988477659398,0.29,1861,0.31527990797546007,-0.9304143862392488,0.3433637829124127,0.32465309994351665,0.4158415841584158,0.06976744186046512,0.5905427189682966,0.0,0.0005373455131649651,0.40891993551853845,0.0,0.0,0.0,0.0,0.543424079754601,0.5286618098159508,0.788631134969325,0.1976520178403175,0.6672416434013789,0.0,20.729461989872192,1.0,0.0,40.951092741508575,76.2975696834657,0.0,1.9534246575342467,0.25212138508371384,0,nan,0.008902160406144874,7.675813625216295e-05,0.991451293840152,0.6494671991454231,18.25656297637251,0.1384371475374856,0.5477482269221164,0.4655859928837989
always_now,0,cct_region,2015,0.5,pvgis,365,0.3162228164973532,85.70875921763201,10.0,153.30988477659398,0.29,1861,0.3090490797546012,-0.9558248631743541,0.33799032778076304,0.32040239816433974,0.4081408140814081,0.06976744186046512,0.5980655561526061,0.0,0.0,0.40193444384739385,0.0,0.0,0.0,0.0,0.543424079754601,0.5286618098159508,0.788631134969325,0.19915581623972692,0.6687678065734366,0.0,21.709066091403,1.0,0.0,42.24677320053634,76.11541994674208,0.0,1.917808219178082,0.23702435312024353,0,nan,0.009668694044615293,8.14630546117885e-05,0.9916449495343778,0.6530006157845321,16.812466728560207,0.1450569536829639,0.5947967161185505,0.5055772087007678
always_now,0,cct_region,2014,0.5,pvgis,365,0.3162228164973532,85.70875921763201,10.0,153.30988477659398,0.29,1861,0.32237346625766866,-0.901485535574667,0.35034927458355725,0.32959535181132565,0.422992299229923,0.06976744186046512,0.5835572272971521,0.0,0.0,0.4164427727028479,0.0,0.0,0.0,0.0,0.543424079754601,0.5286618098159508,0.788631134969325,0.20700278550570797,0.6768756091847575,0.0,22.297233232776282,1.0,0.0,44.38251982033472,76.49235622824538,0.0,1.9917808219178081,0.20974124809741249,0,nan,0.010162960102518707,9.474290247229406e-05,0.9907637311758591,0.6754077466416935,15.98059446147263,0.14938538521376943,0.6257589493375134,0.5318951069368864
always_now,0,cct_region,2013,0.5,pvgis,365,0.3162228164973532,85.70875921763201,10.0,153.30988477659398,0.28,1861,0.31844325153374226,-0.9175136825645029,0.34551316496507256,0.3273696585960178,0.4174917491749175,0.06976744186046512,0.5889306824288018,0.0,0.0,0.4110693175711983,0.0,0.0,0.0,0.0,0.543424079754601,0.5286618098159508,0.788631134969325,0.20204573110847496,0.672568840549649,0.0,20.64649507784094,1.0,0.0,43.39620730950464,76.35312446706483,0.0,1.9643835616438357,0.2224410197869102,0,nan,0.00898284646061287,8.25682282700568e-05,0.9908919524253742,0.6719375449843787,18.082371017181753,0.1391821523318233,0.5530248212747136,0.4700710980835066
always_now,100,cct_region,2015,0.5,pvgis,365,0.3052640870787947,82.73851465568,10.0,158.8135834282582,0.29,4890,0.23293351103213383,0.34782343616632116,0.22903885480572597,0.1864530172783071,0.5141218942450626,0.2983425414364641,0.4656441717791411,0.0,0.00245398773006135,0.5319018404907976,0.0,0.0,0.0,0.0,0.11224640900340586,0.169427344460663,0.4592244716633877,0.18320908667546035,0.7145187670553372,0.0,21.709066091403,1.0,0.0,40.78270757288786,77.71596244895248,0.0,1.5506849315068494,0.2826769406392694,0,nan,0.009515434802444492,7.755228850643258e-05,0.9919157309635507,0.6293233125850735,17.08791956820418,0.14371209320099343,0.5852087470382991,0.49742743498255426
always_now,0,cct_region,2011,0.5,pvgis,365,0.3162228164973532,85.70875921763201,10.0,153.30988477659398,0.29,1861,0.31384202453987725,-0.9362783424550424,0.3406770553465879,0.32427293935515467,0.41254125412541254,0.06976744186046512,0.5937667920472864,0.0,0.0,0.4062332079527136,0.0,0.0,0.0,0.0,0.543424079754601,0.5286618098159508,0.788631134969325,0.19915734367817256,0.6671676749579585,0.0,19.639202912676332,1.0,0.0,43.29530497219543,76.22832114516022,0.0,1.9397260273972603,0.2213660578386606,0,nan,0.00833299853425406,8.112920180548984e-05,0.9903579783489852,0.6867923088534014,19.482018454090916,0.13355628026748367,0.5132938367533554,0.4362997612403521
always_now,100,cct_region,2014,0.5,pvgis,365,0.3052640870787947,82.73851465568,10.0,158.8135834282582,0.3,4890,0.2386452581921262,0.36428484331179123,0.23640081799591003,0.19973296634810778,0.541091526863453,0.2983425414364641,0.43803680981595094,0.0,0.0,0.561963190184049,0.0,0.0,0.0,0.0,0.11224640900340586,0.169427344460663,0.4592244716633877,0.18729017149078409,0.7223455930566215,0.0,22.297233232776282,1.0,0.0,42.844439706406234,78.22114060360119,0.0,1.610958904109589,0.258162100456621,0,nan,0.009946310399450332,8.734895468381286e-05,0.9912944069954077,0.6508659862707908,16.337428453901925,0.14747742837399058,0.6120914333743671,0.520277718368212
always_now,100,cct_region,2013,0.5,pvgis,365,0.3052640870787947,82.73851465568,10.0,158.8135834282582,0.3,4890,0.2356836115165746,0.3557492988659919,0.23353783231083844,0.1922312780940358,0.5368443406243364,0.2983425414364641,0.44212678936605315,0.0,0.003067484662576687,0.5548057259713701,0.0,0.0,0.0,0.0,0.11224640900340586,0.169427344460663,0.4592244716633877,0.18404942084745377,0.7181880758659945,0.0,20.64649507784094,1.0,0.0,41.892307942077814,78.10221404204361,0.0,1.5945205479452054,0.2714421613394216,0,nan,0.008788813045298619,7.550862849879948e-05,0.9914817364173504,0.6491415890473298,18.492581594093515,0.13744909524427662,0.5407573815001565,0.4596437742751331
always_now,130,cct_region,2011,0.5,pvgis,365,0.2526532182741883,68.47891018896,10.0,191.883894818735,0.28,1455,0.17314773898954192,0.07181756296800548,0.16838487972508592,0.1575024073325843,0.6035634743875279,0.5740740740740741,0.39106529209621993,0.0,0.0006872852233676976,0.6082474226804123,0.0,0.0,0.0,0.0,0.15760789512446605,0.3132272794225954,0.3739873324495508,0.23341084899116646,0.7254076772825585,0.0,19.639202912676332,1.0,0.0,34.59174217265647,69.7532224693968,0.0,0.4657534246575342,0.24786910197869103,0,nan,0.008662319259788788,7.734311606924194e-06,0.9991079280487445,0.39999007066276804,18.906941056259438,0.1357714729770121,0.528906287391706,0.44957034428295006
always_now,130,cct_region,2013,0.5,pvgis,365,0.2526532182741883,68.47891018896,10.0,191.883894818735,0.28,1455,0.17314773898954192,0.07181756296800548,0.16838487972508592,0.1575024073325843,0.6035634743875279,0.5740740740740741,0.39106529209621993,0.0,0.0,0.60893470790378,0.0,0.0,0.0,0.0,0.15760789512446605,0.3132272794225954,0.3739873324495508,0.23595029595005834,0.7297230580773022,0.0,20.64649507784094,1.0,0.0,34.672360328345206,69.76633404043122,0.0,0.4684931506849315,0.24789764079147641,0,nan,0.009338550538844467,8.334839590382725e-06,0.9991082762596392,0.39999007066276804,17.537841237167257,0.14160197861076795,0.5701956053067349,0.48466626451072464
always_now,28,cct_region,2012,0.5,pvgis,365,0.2576552408749775,69.834654076896,10.0,188.158732561793,0.27,1333,0.22519750519750517,0.4989231873653982,0.2355588897224306,0.16611561437668668,0.5968013468013468,0.36551724137931035,0.2603150787696924,0.0,0.0,0.7396849212303076,0.0,0.0,0.0,0.0,0.1674012474012474,0.18985446985446985,0.28324324324324324,0.22248822731004442,0.7201684341250199,0.0,20.729461989872192,1.0,0.0,33.36654761752561,71.66307270486487,0.0,0.821917808219178,0.29136225266362253,0,nan,0.009138906458142883,9.329538054539403e-06,0.9989801817466868,0.4030504716965671,17.918666713137647,0.1398948913989062,0.5580772364423843,0.47436565097602656
always_now,130,cct_region,2012,0.5,pvgis,365,0.2526532182741883,68.47891018896,10.0,191.883894818735,0.29,1455,0.17314773898954192,0.07181756296800548,0.16838487972508592,0.1575024073325843,0.6035634743875279,0.5740740740740741,0.39106529209621993,0.0,0.0,0.60893470790378,0.0,0.0,0.0,0.0,0.15760789512446605,0.3132272794225954,0.3739873324495508,0.23239428433814563,0.7254667760075889,0.0,20.729461989872192,1.0,0.0,32.71878192595117,69.76633404043122,0.0,0.4684931506849315,0.27213660578386606,0,nan,0.00924999442102783,8.353374700094082e-06,0.9990977467163257,0.39999007066276804,17.705555618101734,0.1408415581618827,0.5647944755699302,0.4800753042344406
always_now,130,cct_region,2014,0.5,pvgis,365,0.2526532182741883,68.47891018896,10.0,191.883894818735,0.29,1455,0.17756665193695687,0.09223961878829146,0.1725085910652921,0.15806023397338553,0.6169265033407573,0.5740740740740741,0.37869415807560136,0.0,0.002061855670103093,0.6192439862542956,0.0,0.0,0.0,0.0,0.15760789512446605,0.3132272794225954,0.3739873324495508,0.2406922784292622,0.7331640462010405,0.0,22.297233232776282,1.0,0.0,35.46039653915772,69.83513228692499,0.0,0.4767123287671233,0.23793759512937596,0,nan,0.01056227142373793,9.417119244194322e-06,0.9991092133289866,0.39999007066276804,15.50596114920632,0.15205207674128596,0.6449132629557669,0.5481762735124018
always_now,130,cct_region,2015,0.5,pvgis,365,0.2526532182741883,68.47891018896,10.0,191.883894818735,0.28,1455,0.17307409044041833,0.07147719537100068,0.1676975945017182,0.15745857014694156,0.5857461024498887,0.5740740740740741,0.40824742268041236,0.0,0.0,0.5917525773195876,0.0,0.0,0.0,0.0,0.15760789512446605,0.3132272794225954,0.3739873324495508,0.2325953345336854,0.7266861378528295,0.0,21.709066091403,1.0,0.0,33.753994506289885,69.6793072690618,0.0,0.4575342465753425,0.26076864535768646,0,nan,0.010044979949927093,8.957726577618074e-06,0.9991090330111603,0.39999007066276804,16.30447662432489,0.14765029549903608,0.6133284882681147,0.5213292150278975
always_now,28,cct_region,2013,0.5,pvgis,365,0.2576552408749775,69.834654076896,10.0,188.158732561793,0.28,1333,0.226029106029106,0.5061019382627421,0.23630907726931732,0.16651875407221814,0.5993265993265994,0.36551724137931035,0.25806451612903225,0.0,0.0,0.7419354838709677,0.0,0.0,0.0,0.0,0.1674012474012474,0.18985446985446985,0.28324324324324324,0.22609113319296498,0.7245758838023123,0.0,20.64649507784094,1.0,0.0,35.358802920170255,71.67856854900819,0.0,0.8246575342465754,0.2664193302891933,0,nan,0.009225305201858904,8.626374009267026e-06,0.9990657961954351,0.4010012984409179,17.752372375964704,0.14063173521329353,0.5633049931703327,0.47880924419478277
always_now,28,cct_region,2014,0.5,pvgis,365,0.2576552408749775,69.834654076896,10.0,188.158732561793,0.27,1333,0.22686070686070683,0.513280689160086,0.23705926481620404,0.1662766859123005,0.6203703703703703,0.36551724137931035,0.23780945236309078,0.0,0.0,0.7621905476369092,0.0,0.0,0.0,0.0,0.1674012474012474,0.18985446985446985,0.28324324324324324,0.23022966358706773,0.727820492553188,0.0,22.297233232776282,1.0,0.0,36.16244065374859,71.78518904103471,0.0,0.8410958904109589,0.2567446727549467,0,nan,0.010431123056963514,1.1617033306688859e-05,0.9988875493207464,0.40508426141621034,15.697430981905141,0.150957928918936,0.6370469162455483,0.541489878808716
always_now,28,cct_region,2011,0.5,pvgis,365,0.2576552408749775,69.834654076896,10.0,188.158732561793,0.29,1333,0.2235343035343035,0.4845656855707105,0.23405851462865718,0.16589294316075043,0.5917508417508418,0.36551724137931035,0.26481620405101275,0.0,0.0,0.7351837959489872,0.0,0.0,0.0,0.0,0.1674012474012474,0.18985446985446985,0.28324324324324324,0.22363309221657232,0.7199146071536037,0.0,19.639202912676332,1.0,0.0,35.27658868809041,71.62955470078869,0.0,0.8164383561643835,0.2660863774733638,0,nan,0.008559902338245747,7.656060955038786e-06,0.9991063894054397,0.39999007066276804,19.133128038471476,0.13488501699563915,0.5226536915392371,0.44425563780835153
always_now,40,cct_region,2012,0.5,pvgis,365,0.2463447621244807,66.769071679648,10.0,196.7977039286174,0.28,1079,0.18632968382277704,0.26932367149758435,0.19462465245597776,0.14893374900956985,0.6438923395445134,0.3185840707964602,0.32252085264133457,0.0,0.0,0.6774791473586654,0.0,0.0,0.0,0.0,0.16351171595211297,0.1324056072853781,0.24823493297861457,0.23863805661015203,0.7302951280095954,0.0,20.729461989872192,1.0,0.0,31.901832106504624,69.12571542635878,0.0,0.33972602739726027,0.27456240487062405,0,nan,0.009310548939316153,8.407794027559509e-06,0.9990977751836237,0.39999007066276804,17.590401642542357,0.14136218217335483,0.5684918515910983,0.48321807385243354
always_now,40,cct_region,2015,0.5,pvgis,365,0.2463447621244807,66.769071679648,10.0,196.7977039286174,0.27,1079,0.18622736109689964,0.26811594202898553,0.1936978683966636,0.14832256678802438,0.6438923395445134,0.2920353982300885,0.3262279888785913,0.0,0.0,0.6737720111214087,0.0,0.0,0.0,0.0,0.16351171595211297,0.1324056072853781,0.24823493297861457,0.2387087375838525,0.731389647648366,0.0,21.709066091403,1.0,0.0,32.911196636249485,69.09410693241315,0.0,0.33424657534246577,0.26420281582952815,0,nan,0.010121099501172907,9.014860693473393e-06,0.9991100929000951,0.39999007066276804,16.181869816402433,0.14829936615166472,0.6179755561908982,0.5252792227622635
always_now,28,cct_region,2015,0.5,pvgis,365,0.2576552408749775,69.834654076896,10.0,188.158732561793,0.28,1333,0.21854469854469852,0.44149318018664735,0.22955738934733683,0.16522537157969255,0.5841750841750841,0.36551724137931035,0.27156789197299325,0.0,0.0,0.7284321080270068,0.0,0.0,0.0,0.0,0.1674012474012474,0.18985446985446985,0.28324324324324324,0.2233971013776805,0.7212143347245878,0.0,21.709066091403,1.0,0.0,34.42225531270494,71.59064611572718,0.0,0.810958904109589,0.2800228310502283,0,nan,0.009951716694696855,9.310516966973392e-06,0.9990653055383615,0.40099202545307966,16.456554966243235,0.14685797006877477,0.6076605960671997,0.5165115066571198
always_now,40,cct_region,2011,0.5,pvgis,365,0.2463447621244807,66.769071679648,10.0,196.7977039286174,0.28,1079,0.18632968382277704,0.26932367149758435,0.19462465245597776,0.1491415676070252,0.6438923395445134,0.2920353982300885,0.3253012048192771,0.0,0.0,0.6746987951807228,0.0,0.0,0.0,0.0,0.16351171595211297,0.1324056072853781,0.24823493297861457,0.23963397733991015,0.7301431087472522,0.0,19.639202912676332,1.0,0.0,33.728026720588076,69.10769326642595,0.0,0.336986301369863,0.2507039573820396,0,nan,0.008720614582891927,7.784530820718602e-06,0.9991081376184449,0.39999007066276804,18.780556399106366,0.13627567272204177,0.5324655876795976,0.45259574952765796
always_now,40,cct_region,2013,0.5,pvgis,365,0.2463447621244807,66.769071679648,10.0,196.7977039286174,0.28,1079,0.18632968382277704,0.26932367149758435,0.19462465245597776,0.1491415676070252,0.6438923395445134,0.2920353982300885,0.3253012048192771,0.0,0.0,0.6746987951807228,0.0,0.0,0.0,0.0,0.16351171595211297,0.1324056072853781,0.24823493297861457,0.24213688041228554,0.7345120109897676,0.0,20.64649507784094,1.0,0.0,33.80663193496785,69.10769326642595,0.0,0.336986301369863,0.2503805175038052,0,nan,0.00940276788697561,8.388639236204368e-06,0.9991086494828941,0.39999007066276804,17.418070921722652,0.14215355587964051,0.5741163900951092,0.4879989315808428
always_now,40,cct_region,2014,0.5,pvgis,365,0.2463447621244807,66.769071679648,10.0,196.7977039286174,0.28,1079,0.18632968382277704,0.26932367149758435,0.19462465245597776,0.14880057326753124,0.6469979296066253,0.3185840707964602,0.31974050046339203,0.0,0.0,0.680259499536608,0.0,0.0,0.0,0.0,0.16351171595211297,0.1324056072853781,0.24823493297861457,0.2468555718506183,0.7377058101813596,0.0,22.297233232776282,1.0,0.0,34.574991800811475,69.14373758629162,0.0,0.3424657534246575,0.24073439878234398,0,nan,0.0106344448694318,9.477675201259535e-06,0.999109569318875,0.39999007066276804,15.400731369625117,0.1526643755726459,0.6493198121566495,0.5519218403331521
always_now,46,cct_region,2012,0.5,pvgis,365,0.32494362877726723,88.072440650112,10.0,149.1953658034943,0.27,6276,0.07131931846476719,nan,0.06963033779477375,0.07801881829091648,0.42882882882882883,0.3650137741046832,0.5532186105799872,0.0,0.0,0.4467813894200127,0.0,0.0,0.0,0.0,0.20872905773129866,0.1088997972468253,0.14310105645075233,0.1876927048680193,0.7064400034952104,0.0,20.729461989872192,1.0,0.0,42.080444495477394,79.04008057147665,0.0,1.8712328767123287,0.27784436834094367,0,nan,0.008801486483124479,8.402427126776302e-05,0.9905436756996518,0.6899659838024077,18.448482744558063,0.13763187419836354,0.5420499961141684,0.4607424966970432
always_now,46,cct_region,2013,0.5,pvgis,365,0.32494362877726723,88.072440650112,10.0,149.1953658034943,0.27,6276,0.07227972823960445,nan,0.07106437221159974,0.07861512008251605,0.44144144144144143,0.3677685950413223,0.5393562778840025,0.0,0.0,0.46064372211599747,0.0,0.0,0.0,0.0,0.20872905773129866,0.1088997972468253,0.14310105645075233,0.19133828121897517,0.7119877179565035,0.0,20.64649507784094,1.0,0.0,44.592990583395554,79.39851268321134,0.0,1.926027397260274,0.25321537290715374,0,nan,0.008862564432070258,9.077687460206677e-05,0.9898611175992569,0.720959156194269,18.30871695987158,0.13821672110666416,0.546187918133076,0.4642597304131146
always_now,46,cct_region,2011,0.5,pvgis,365,0.32494362877726723,88.072440650112,10.0,149.1953658034943,0.27,6276,0.07147938676057339,nan,0.06963033779477375,0.07821775927537801,0.42720720720720723,0.3622589531680441,0.5560866794136392,0.0,0.0009560229445506692,0.4429572976418101,0.0,0.0,0.0,0.0,0.20872905773129866,0.1088997972468253,0.14310105645075233,0.18967297008439774,0.7061434617234227,0.0,19.639202912676332,1.0,0.0,44.48930555522212,78.93917292251615,0.0,1.8547945205479452,0.24534817351598173,0,nan,0.008252839924984465,8.581928560189202e-05,0.9897082632309833,0.7214074303069375,19.65833927124401,0.13290193454895216,0.5086899692807665,0.43238647388865153
always_now,7,cct_region,2012,0.5,pvgis,365,0.2592832308673501,70.275903079136,10.0,186.97731973936163,0.26,1853,0.16136120679415614,nan,0.1548839719373988,0.1348536789106908,0.7039039039039039,0.30851063829787234,0.3248785752833243,0.0,0.0,0.6751214247166757,0.0,0.0,0.0,0.0,0.45064734529041467,0.20602209288514078,0.22146335669319397,0.22066691913284656,0.7267103487443879,0.0,20.729461989872192,1.0,0.0,33.5773735468446,71.50766174452814,0.0,0.673972602739726,0.28590182648401824,0,nan,0.00912394003050345,9.693461616900455e-06,0.9989387069641821,0.4041024555842155,17.947314392504246,0.13976926950363655,0.5571864280806565,0.47360846386855804
always_now,46,cct_region,2015,0.5,pvgis,365,0.32494362877726723,88.072440650112,10.0,149.1953658034943,0.27,6276,0.07076797211254579,nan,0.06899298916507329,0.07777243586264239,0.4259459459459459,0.3622589531680441,0.5572020395156151,0.0,0.00031867431485022306,0.44247928616953475,0.0,0.0,0.0,0.0,0.20872905773129866,0.1088997972468253,0.14310105645075233,0.19060306505939736,0.7076938460561312,0.0,21.709066091403,1.0,0.0,43.41185730988292,78.91588328961718,0.0,1.8520547945205479,0.26390791476407915,0,nan,0.009596076417582493,9.63630552935116e-05,0.9900579151860396,0.706521701883739,16.912583492290793,0.1445633273821263,0.5912757210959678,0.5025843629315727
always_now,7,cct_region,2011,0.5,pvgis,365,0.2592832308673501,70.275903079136,10.0,186.97731973936163,0.26,1853,0.16136120679415614,nan,0.1548839719373988,0.1348536789106908,0.7021021021021021,0.30851063829787234,0.3264975715056665,0.0,0.0,0.6735024284943335,0.0,0.0,0.0,0.0,0.45064734529041467,0.20602209288514078,0.22146335669319397,0.22177867300851048,0.7264569469278312,0.0,19.639202912676332,1.0,0.0,35.499483177463915,71.48963958459528,0.0,0.6712328767123288,0.2608162100456621,0,nan,0.008546718528774835,7.641309735829177e-06,0.9991067350590713,0.39999007066276804,19.162648628717257,0.13477079785006552,0.5218485290709731,0.44357124971032713
always_now,46,cct_region,2014,0.5,pvgis,365,0.32494362877726723,88.072440650112,10.0,149.1953658034943,0.27,6276,0.07389819656386724,nan,0.07265774378585087,0.0798257934185287,0.44900900900900903,0.38705234159779617,0.5293180369662205,0.0,0.0,0.47068196303377946,0.0,0.0,0.0,0.0,0.20872905773129866,0.1088997972468253,0.14310105645075233,0.19450893389722,0.715944277198921,0.0,22.297233232776282,1.0,0.0,45.60650368130288,79.66582014706287,0.0,1.9643835616438357,0.24101027397260275,0,nan,0.010022401347967214,0.00010141499246886047,0.9899825333591056,0.7211430521808605,16.19193655007865,0.1482457221020722,0.6175913528978981,0.5249526499632133
always_now,7,cct_region,2013,0.5,pvgis,365,0.2592832308673501,70.275903079136,10.0,186.97731973936163,0.26,1853,0.16492457536524532,nan,0.15812196438208312,0.13536359213116742,0.7111111111111111,0.324468085106383,0.3167835941716136,0.0,0.0032379924446842958,0.6799784133837021,0.0,0.0,0.0,0.0,0.45064734529041467,0.20602209288514078,0.22146335669319397,0.22425781488825214,0.7311450378984685,0.0,20.64649507784094,1.0,0.0,35.5822168786866,71.5443662758808,0.0,0.6794520547945205,0.26129185692541856,0,nan,0.00920670906054665,1.2149032354586505e-05,0.998682154315409,0.4110862000405287,17.781398756448624,0.140502173975259,0.5623854533026198,0.47802763530722686
always_now,7,cct_region,2014,0.5,pvgis,365,0.2592832308673501,70.275903079136,10.0,186.97731973936163,0.27,1853,0.16136120679415614,nan,0.1548839719373988,0.13413946057167,0.7201201201201202,0.3404255319148936,0.30706961683756073,0.0,0.0,0.6929303831624393,0.0,0.0,0.0,0.0,0.45064734529041467,0.20602209288514078,0.22146335669319397,0.228540189216058,0.734399077194822,0.0,22.297233232776282,1.0,0.0,36.390932382790126,71.64527392484132,0.0,0.6958904109589041,0.2514269406392694,0,nan,0.01041142838919029,1.1913400200481633e-05,0.9988570459991433,0.4061507468027691,15.726644596441993,0.15079320880091707,0.635863546014285,0.5404840141121422
always_now,7,cct_region,2015,0.5,pvgis,365,0.2592832308673501,70.275903079136,10.0,186.97731973936163,0.27,1853,0.15957952250861152,nan,0.15326497571505668,0.13228683230204258,0.6876876876876877,0.2925531914893617,0.3410685375067458,0.0,0.0,0.6589314624932542,0.0,0.0,0.0,0.0,0.45064734529041467,0.20602209288514078,0.22146335669319397,0.2215077707321637,0.7277511784771272,0.0,21.709066091403,1.0,0.0,34.63975171205602,71.37544014520026,0.0,0.6520547945205479,0.2736491628614916,0,nan,0.009930072502985332,9.296060115147923e-06,0.9990647232712891,0.4010092727571999,16.492415065233878,0.14667316219733817,0.606339336018778,0.5153884356159613
always_now,78,cct_region,2012,0.5,pvgis,365,0.26856215194727723,72.79085383900801,10.0,180.51718460483815,0.27,2359,0.07335643293516915,-0.5772166764533171,0.07164052564646037,0.08448268381732214,0.5963218390804598,0.3532608695652174,0.4116150911403137,0.0,0.0,0.5883849088596863,0.0,0.0,0.0,0.0,0.11817269991793561,0.24591957691255584,0.19581471687790647,0.21771383552356097,0.7212734143788978,0.0,20.729461989872192,1.0,0.0,34.77900081047541,72.39046318847761,0.0,0.8821917808219178,0.28175418569254185,0,nan,0.009094665866639385,1.556483141309522e-05,0.9982914997513265,0.4223575145859929,17.993418307621223,0.13956790193835267,0.5557587685139537,0.47239495323686065
always_now,78,cct_region,2011,0.5,pvgis,365,0.26856215194727723,72.79085383900801,10.0,180.51718460483815,0.27,2359,0.07335643293516915,-0.5772166764533171,0.07164052564646037,0.08455809004593648,0.5935632183908046,0.3532608695652174,0.4141585417549809,0.0,0.0,0.5858414582450191,0.0,0.0,0.0,0.0,0.11817269991793561,0.24591957691255584,0.19581471687790647,0.21889549985372406,0.7210179752902797,0.0,19.639202912676332,1.0,0.0,36.76989662333198,72.35947150019095,0.0,0.8767123287671232,0.2559265601217656,0,nan,0.008517916707855492,1.4238417821220098e-05,0.9983312049990312,0.41868852448579674,19.21251892569042,0.13457860521040077,0.5204939570223814,0.44241986346902423
always_now,78,cct_region,2014,0.5,pvgis,365,0.26856215194727723,72.79085383900801,10.0,180.51718460483815,0.27,2359,0.07381234612929698,-0.5713446858485022,0.07206443408223824,0.08449742265479716,0.6018390804597701,0.3858695652173913,0.403984739296312,0.0,0.001271725307333616,0.5947435353963544,0.0,0.0,0.0,0.0,0.11817269991793561,0.24591957691255584,0.19581471687790647,0.2259352912919085,0.7291644383244343,0.0,22.297233232776282,1.0,0.0,37.69324795667156,72.44662985602388,0.0,0.8904109589041096,0.2446537290715373,0,nan,0.010384181796284937,1.8532972900842996e-05,0.9982184484231231,0.4233426661289587,15.757828169484716,0.15061801987648438,0.6346052192246364,0.5394144363409409
always_now,78,cct_region,2013,0.5,pvgis,365,0.26856215194727723,72.79085383900801,10.0,180.51718460483815,0.28,2359,0.07335643293516915,-0.5772166764533171,0.07164052564646037,0.08448268381732214,0.5963218390804598,0.3532608695652174,0.4116150911403137,0.0,0.0,0.5883849088596863,0.0,0.0,0.0,0.0,0.11817269991793561,0.24591957691255584,0.19581471687790647,0.22148493037498024,0.7258648842887189,0.0,20.64649507784094,1.0,0.0,36.85559110023469,72.39046318847761,0.0,0.8821917808219178,0.2556126331811263,0,nan,0.009177849679798933,2.0006944296829686e-05,0.9978248253789457,0.4349078652890927,17.82199902959519,0.14032162685257077,0.56110428372227,0.4769386411639294
always_now,78,cct_region,2015,0.5,pvgis,365,0.26856215194727723,72.79085383900801,10.0,180.51718460483815,0.28,2359,0.07198869335278563,-0.5948326482677623,0.07036880033912675,0.08393026774799228,0.592183908045977,0.3532608695652174,0.41543026706231456,0.0,0.0,0.5845697329376854,0.0,0.0,0.0,0.0,0.11817269991793561,0.24591957691255584,0.19581471687790647,0.21858706432957092,0.7222972902530183,0.0,21.709066091403,1.0,0.0,35.879398106808,72.3439756560476,0.0,0.873972602739726,0.27038622526636225,0,nan,0.009890581057413458,1.915732507056915e-05,0.9980668182820617,0.42534621676591683,16.541727490882586,0.14642026999623436,0.6045317821558701,0.5138520148324897
always_now,0,cct_region,2012,1.0,pvgis,365,0.6324456329947064,85.70875921763201,10.0,153.30988477659398,0.26,1861,0.788631134969325,1.0,0.8742611499193982,0.5208823463821562,0.9922992299229924,0.18604651162790697,0.0,0.0,0.0,1.0,0.0,0.0,0.0,0.0,0.543424079754601,0.5286618098159508,0.788631134969325,0.5900093268707717,0.7154936406413622,0.0,20.729461989872192,1.0,0.0,81.90218548301715,90.2197465449583,0.0,4.67945205479452,0.0,0,nan,0.01386060410669027,0.00016594980702379928,0.9881688825320419,1.403614119093376,11.686704577431389,0.18084740664326593,0.8556732082807463,0.7273222270386345
always_now,0,cct_region,2014,1.0,pvgis,365,0.6324456329947064,85.70875921763201,10.0,153.30988477659398,0.28,1861,0.788631134969325,1.0,0.8742611499193982,0.5208823463821562,0.9922992299229924,0.18604651162790697,0.0,0.0,0.0,1.0,0.0,0.0,0.0,0.0,0.543424079754601,0.5286618098159508,0.788631134969325,0.6637511503285057,0.7336208059657615,0.0,22.297233232776282,1.0,0.0,88.76503964066944,90.2197465449583,0.0,4.67945205479452,0.0,0,nan,0.016679727199748366,0.00020711027726676867,0.9877354017560322,1.4421220710027929,9.70721676288467,0.20394558453200418,1.0301613989124854,0.8756371890756125
always_now,100,cct_region,2011,1.0,pvgis,365,0.6105281741575894,82.73851465568,10.0,158.8135834282582,0.26,4890,0.4592244716633877,1.0,0.456441717791411,0.3055154085227046,0.9611382459120833,0.6243093922651933,0.0,0.0,0.0,1.0,0.0,0.0,0.0,0.0,0.11224640900340586,0.169427344460663,0.4592244716633877,0.5560919200635008,0.7607105449978505,0.0,19.639202912676332,1.0,0.0,83.58980476821888,87.09317332185395,0.0,2.863013698630137,0.0,0,nan,0.012302762654644132,0.00016853301543953434,0.9864863266898712,1.4675293626534558,13.144118796109872,0.1680078697537456,0.7607965322832898,0.6466770524407963
always_now,0,cct_region,2015,1.0,pvgis,365,0.6324456329947064,85.70875921763201,10.0,153.30988477659398,0.27,1861,0.788631134969325,1.0,0.8742611499193982,0.5208823463821562,0.9922992299229924,0.18604651162790697,0.0,0.0,0.0,1.0,0.0,0.0,0.0,0.0,0.543424079754601,0.5286618098159508,0.788631134969325,0.5968608152656281,0.7186159467690248,0.0,21.709066091403,1.0,0.0,84.49354640107268,90.2197465449583,0.0,4.67945205479452,0.0,0,nan,0.01484315479179675,0.00019211509681755153,0.9872223712483515,1.3978671273700234,10.902643786469346,0.18906879647353247,0.9172087244022806,0.7796274157419385
always_now,0,cct_region,2011,1.0,pvgis,365,0.6324456329947064,85.70875921763201,10.0,153.30988477659398,0.28,1861,0.788631134969325,1.0,0.8742611499193982,0.5208823463821562,0.9922992299229924,0.18604651162790697,0.0,0.0,0.0,1.0,0.0,0.0,0.0,0.0,0.543424079754601,0.5286618098159508,0.788631134969325,0.622085382636109,0.7194587524955874,0.0,19.639202912676332,1.0,0.0,86.59060994439086,90.2197465449583,0.0,4.67945205479452,0.0,0,nan,0.013312402336069926,0.00016884068261257735,0.9874758816840112,1.4244533457857733,12.15942710934161,0.1763682745387788,0.8224071668900743,0.6990460918565632
always_now,100,cct_region,2012,1.0,pvgis,365,0.6105281741575894,82.73851465568,10.0,158.8135834282582,0.27,4890,0.4592244716633877,1.0,0.456441717791411,0.3055154085227046,0.9611382459120833,0.6243093922651933,0.0,0.0,0.0,1.0,0.0,0.0,0.0,0.0,0.11224640900340586,0.169427344460663,0.4592244716633877,0.5251274628217542,0.760832493953692,0.0,20.729461989872192,1.0,0.0,79.06385806743447,87.09317332185395,0.0,2.863013698630137,0.0,0,nan,0.012812659593753455,0.00017478976783597412,0.9865416400888601,1.4498683932272503,12.621738669780578,0.17229117152880757,0.7922838732148971,0.6734412922326625
always_now,0,cct_region,2013,1.0,pvgis,365,0.6324456329947064,85.70875921763201,10.0,153.30988477659398,0.29,1861,0.788631134969325,1.0,0.8742611499193982,0.5208823463821562,0.9922992299229924,0.18604651162790697,0.0,0.0,0.0,1.0,0.0,0.0,0.0,0.0,0.543424079754601,0.5286618098159508,0.788631134969325,0.6301704092602621,0.726579047860747,0.0,20.64649507784094,1.0,0.0,86.79241461900928,90.2197465449583,0.0,4.67945205479452,0.0,0,nan,0.014461669274160429,0.00018161143365033407,0.9875976267016815,1.4150922983176315,11.194499040201613,0.1858837951051916,0.8932958914988571,0.7593015077740286
always_now,100,cct_region,2014,1.0,pvgis,365,0.6105281741575894,82.73851465568,10.0,158.8135834282582,0.27,4890,0.4592244716633877,1.0,0.456441717791411,0.3055154085227046,0.9611382459120833,0.6243093922651933,0.0,0.0,0.0,1.0,0.0,0.0,0.0,0.0,0.11224640900340586,0.169427344460663,0.4592244716633877,0.5963137569250374,0.7771242800701957,0.0,22.297233232776282,1.0,0.0,85.68887941281247,87.09317332185395,0.0,2.863013698630137,0.0,0,nan,0.015401471188410884,0.00021108687098983495,0.9864796742348872,1.49000180965414,10.49950887005909,0.19373672009554288,0.9524255013981164,0.809561676188399
always_now,105,cct_region,2011,1.0,pvgis,365,0.529264676669618,71.725720549728,10.0,183.19788075032216,0.27,2169,0.3789750957854406,1.0,0.3785154449054864,0.24216132546237878,0.9206349206349206,0.6333333333333333,0.0,0.0,0.0,1.0,0.0,0.0,0.0,0.0,0.096360153256705,0.25373563218390804,0.3789750957854406,0.5485778715632159,0.7569552776894671,0.0,19.639202912676332,1.0,0.0,72.46370088419438,75.50075847341449,0.0,1.3068493150684932,0.0,0,nan,0.012112571468956279,0.00014559212496050033,0.9881228436996263,1.2228256800273258,13.372654930983233,0.16623273194214683,0.7477946639325078,0.6356254643426317
always_now,100,cct_region,2015,1.0,pvgis,365,0.6105281741575894,82.73851465568,10.0,158.8135834282582,0.27,4890,0.4592244716633877,1.0,0.456441717791411,0.3055154085227046,0.9611382459120833,0.6243093922651933,0.0,0.0,0.0,1.0,0.0,0.0,0.0,0.0,0.11224640900340586,0.169427344460663,0.4592244716633877,0.5317415122858494,0.7632485803428105,0.0,21.709066091403,1.0,0.0,81.56541514577572,87.09317332185395,0.0,2.863013698630137,0.0,0,nan,0.013771252319686284,0.00019303653818016658,0.9861764147000279,1.4412465955140141,11.738814163576084,0.18033720181040125,0.8518748027401793,0.7240935823291523
always_now,100,cct_region,2013,1.0,pvgis,365,0.6105281741575894,82.73851465568,10.0,158.8135834282582,0.29,4890,0.4592244716633877,1.0,0.456441717791411,0.3055154085227046,0.9611382459120833,0.6243093922651933,0.0,0.0,0.0,1.0,0.0,0.0,0.0,0.0,0.11224640900340586,0.169427344460663,0.4592244716633877,0.563896759381447,0.7714090374198072,0.0,20.64649507784094,1.0,0.0,83.78461588415563,87.09317332185395,0.0,2.863013698630137,0.0,0,nan,0.013340523693528734,0.00018007731997013739,0.9866812636664339,1.4706261053005047,12.12403144396685,0.17669237590490094,0.8248081544671506,0.7010869312970781
always_now,105,cct_region,2012,1.0,pvgis,365,0.529264676669618,71.725720549728,10.0,183.19788075032216,0.28,2169,0.3789750957854406,1.0,0.3785154449054864,0.24216132546237878,0.9206349206349206,0.6333333333333333,0.0,0.0,0.0,1.0,0.0,0.0,0.0,0.0,0.096360153256705,0.25373563218390804,0.3789750957854406,0.5217348950324258,0.756592811113048,0.0,20.729461989872192,1.0,0.0,68.5401739797723,75.50075847341449,0.0,1.3068493150684932,0.0,0,nan,0.01265199279262164,0.00015373367427999433,0.9879949275289189,1.2081751467672563,12.80085063917909,0.17078566547685503,0.7811980845548943,0.66401837187166
always_now,105,cct_region,2013,1.0,pvgis,365,0.529264676669618,71.725720549728,10.0,183.19788075032216,0.27,2169,0.3789750957854406,1.0,0.3785154449054864,0.24216132546237878,0.9206349206349206,0.6333333333333333,0.0,0.0,0.0,1.0,0.0,0.0,0.0,0.0,0.096360153256705,0.25373563218390804,0.3789750957854406,0.5553438586755604,0.7659933508032165,0.0,20.64649507784094,1.0,0.0,72.63258193940429,75.50075847341449,0.0,1.3068493150684932,0.0,0,nan,0.013127260352676171,0.00015845328458849214,0.9880734081047741,1.2265669641084913,12.338380632351187,0.17475625579587506,0.8104791299581112,0.6889072604643945
always_now,105,cct_region,2014,1.0,pvgis,365,0.529264676669618,71.725720549728,10.0,183.19788075032216,0.27,2169,0.3789750957854406,1.0,0.3785154449054864,0.24216132546237878,0.9206349206349206,0.6333333333333333,0.0,0.0,0.0,1.0,0.0,0.0,0.0,0.0,0.096360153256705,0.25373563218390804,0.3789750957854406,0.5834460371658168,0.771606382541131,0.0,22.297233232776282,1.0,0.0,74.28338113827697,75.50075847341449,0.0,1.3068493150684932,0.0,0,nan,0.015083471807543089,0.00019487873674366269,0.9872447790631079,1.2328563085261877,10.729181226326087,0.19103761965902244,0.932037570160815,0.7922319346366928
always_now,105,cct_region,2015,1.0,pvgis,365,0.529264676669618,71.725720549728,10.0,183.19788075032216,0.28,2169,0.3789750957854406,1.0,0.3785154449054864,0.24216132546237878,0.9206349206349206,0.6333333333333333,0.0,0.0,0.0,1.0,0.0,0.0,0.0,0.0,0.096360153256705,0.25373563218390804,0.3789750957854406,0.5274685907065305,0.7591521841590813,0.0,21.709066091403,1.0,0.0,70.70876480699424,75.50075847341449,0.0,1.3068493150684932,0.0,0,nan,0.013640336617375055,0.00017139431061760426,0.9875906711829844,1.2049190784341364,11.868475622904018,0.17908578635886507,0.8425681880073801,0.7161829598062731
always_now,130,cct_region,2011,1.0,pvgis,365,0.5053064365483766,68.47891018896,10.0,191.883894818735,0.27,1455,0.3739873324495508,1.0,0.36013745704467354,0.2493610504295977,0.9992576095025983,0.8333333333333334,0.0,0.0,0.0,1.0,0.0,0.0,0.0,0.0,0.15760789512446605,0.3132272794225954,0.3739873324495508,0.5974178515076998,0.76452451924773,0.0,19.639202912676332,1.0,0.0,69.18348434531293,72.08306335679444,0.0,0.7835616438356164,0.0,0,nan,0.012854679744638125,0.00017483799830897865,0.9865813914407062,1.1523593418049538,12.580986884009791,0.17263930242723402,0.7948502046933871,0.6756226739893791
always_now,130,cct_region,2014,1.0,pvgis,365,0.5053064365483766,68.47891018896,10.0,191.883894818735,0.26,1455,0.3739873324495508,1.0,0.36013745704467354,0.2493610504295977,0.9992576095025983,0.8333333333333334,0.0,0.0,0.0,1.0,0.0,0.0,0.0,0.0,0.15760789512446605,0.3132272794225954,0.3739873324495508,0.630707638803709,0.7785018771239475,0.0,22.297233232776282,1.0,0.0,70.92079307831544,72.08306335679444,0.0,0.7835616438356164,0.0,0,nan,0.015970500132531054,0.00021267729788887753,0.9868581248149018,1.161778882088848,10.129295840312414,0.19832431343362933,0.9872354562103078,0.8391501377787618
always_now,130,cct_region,2012,1.0,pvgis,365,0.5053064365483766,68.47891018896,10.0,191.883894818735,0.27,1455,0.3739873324495508,1.0,0.36013745704467354,0.2493610504295977,0.9992576095025983,0.8333333333333334,0.0,0.0,0.0,1.0,0.0,0.0,0.0,0.0,0.15760789512446605,0.3132272794225954,0.3739873324495508,0.5717899768071213,0.7646927387257842,0.0,20.729461989872192,1.0,0.0,65.43756385190234,72.08306335679444,0.0,0.7835616438356164,0.0,0,nan,0.013446909686376742,0.00017056306135173675,0.9874746904575089,1.1404378669776811,12.037783725789682,0.17748954259670302,0.8307176991871066,0.7061100443090407
always_now,130,cct_region,2013,1.0,pvgis,365,0.5053064365483766,68.47891018896,10.0,191.883894818735,0.27,1455,0.3739873324495508,1.0,0.36013745704467354,0.2493610504295977,0.9992576095025983,0.8333333333333334,0.0,0.0,0.0,1.0,0.0,0.0,0.0,0.0,0.15760789512446605,0.3132272794225954,0.3739873324495508,0.6038775624768508,0.7732031437769448,0.0,20.64649507784094,1.0,0.0,69.34472065669041,72.08306335679444,0.0,0.7835616438356164,0.0,0,nan,0.013937573885482878,0.00017979529171401542,0.9872642494888899,1.155687530226693,11.611525474149193,0.18159098478953273,0.861213285219333,0.732031292436433
always_now,28,cct_region,2013,1.0,pvgis,365,0.515310481749955,69.834654076896,10.0,188.158732561793,0.26,1333,0.28324324324324324,1.0,0.2933233308327082,0.18911709792811218,0.8400673400673401,0.6137931034482759,0.0,0.0,0.0,1.0,0.0,0.0,0.0,0.0,0.1674012474012474,0.18985446985446985,0.28324324324324324,0.5868892537396819,0.7686847487053743,0.0,20.64649507784094,1.0,0.0,70.71760584034051,73.51016218621105,0.0,1.1178082191780823,0.0,0,nan,0.01364073413689525,0.00019450153163458396,0.985941581604063,1.1880211996016607,11.848312219347209,0.17927871752821378,0.8440020666969693,0.7174017566924239
always_now,130,cct_region,2015,1.0,pvgis,365,0.5053064365483766,68.47891018896,10.0,191.883894818735,0.27,1455,0.3739873324495508,1.0,0.36013745704467354,0.2493610504295977,0.9992576095025983,0.8333333333333334,0.0,0.0,0.0,1.0,0.0,0.0,0.0,0.0,0.15760789512446605,0.3132272794225954,0.3739873324495508,0.5772641251057895,0.7669801230070334,0.0,21.709066091403,1.0,0.0,67.50798901257977,72.08306335679444,0.0,0.7835616438356164,0.0,0,nan,0.014448064153212837,0.0001817031288705838,0.9875799029904522,1.1358414313376997,11.204839329860206,0.18577377266380102,0.8924715210641724,0.7586007929045465
always_now,28,cct_region,2012,1.0,pvgis,365,0.515310481749955,69.834654076896,10.0,188.158732561793,0.27,1333,0.28324324324324324,1.0,0.2933233308327082,0.18911709792811218,0.8400673400673401,0.6137931034482759,0.0,0.0,0.0,1.0,0.0,0.0,0.0,0.0,0.1674012474012474,0.18985446985446985,0.28324324324324324,0.5541663987873294,0.7600230175226688,0.0,20.729461989872192,1.0,0.0,66.73309523505122,73.51016218621105,0.0,1.1178082191780823,0.0,0,nan,0.013149714999110836,0.0001839872125025312,0.9862013408142352,1.1750313559590566,12.293974263668192,0.17515218383152986,0.8134066157558613,0.691395623392482
always_now,28,cct_region,2011,1.0,pvgis,365,0.515310481749955,69.834654076896,10.0,188.158732561793,0.28,1333,0.28324324324324324,1.0,0.2933233308327082,0.18911709792811218,0.8400673400673401,0.6137931034482759,0.0,0.0,0.0,1.0,0.0,0.0,0.0,0.0,0.1674012474012474,0.18985446985446985,0.28324324324324324,0.5803016535614198,0.7599409014308344,0.0,19.639202912676332,1.0,0.0,70.55317737618083,73.51016218621105,0.0,1.1178082191780823,0.0,0,nan,0.01257634985049458,0.000180014606325881,0.9858882515519826,1.1808967670691444,12.85038479292937,0.1703762469186465,0.778186813946791,0.6614587918547725
always_now,28,cct_region,2014,1.0,pvgis,365,0.515310481749955,69.834654076896,10.0,188.158732561793,0.28,1333,0.28324324324324324,1.0,0.2933233308327082,0.18911709792811218,0.8400673400673401,0.6137931034482759,0.0,0.0,0.0,1.0,0.0,0.0,0.0,0.0,0.1674012474012474,0.18985446985446985,0.28324324324324324,0.614250511300193,0.7744745140788264,0.0,22.297233232776282,1.0,0.0,72.32488130749718,73.51016218621105,0.0,1.1178082191780823,0.0,0,nan,0.015642569459117,0.00022808083553513945,0.9856287655955727,1.1937122028750546,10.328763395676809,0.19581494009636402,0.9681701106819413,0.82294459407965
always_now,28,cct_region,2015,1.0,pvgis,365,0.515310481749955,69.834654076896,10.0,188.158732561793,0.28,1333,0.28324324324324324,1.0,0.2933233308327082,0.18911709792811218,0.8400673400673401,0.6137931034482759,0.0,0.0,0.0,1.0,0.0,0.0,0.0,0.0,0.1674012474012474,0.18985446985446985,0.28324324324324324,0.5597489241480309,0.7623435852915775,0.0,21.709066091403,1.0,0.0,68.84451062540988,73.51016218621105,0.0,1.1178082191780823,0.0,0,nan,0.01415814787720591,0.00019436060808124283,0.9864580739819466,1.1663759986844733,11.42129210353926,0.18351312588350333,0.8755576785310634,0.744224026751404
always_now,40,cct_region,2011,1.0,pvgis,365,0.4926895242489614,66.769071679648,10.0,196.7977039286174,0.27,1079,0.24823493297861457,1.0,0.2632066728452271,0.2090106918990431,0.9409937888198758,0.5929203539823009,0.0,0.0,0.0,1.0,0.0,0.0,0.0,0.0,0.16351171595211297,0.1324056072853781,0.24823493297861457,0.5946190420436087,0.768187550547726,0.0,19.639202912676332,1.0,0.0,67.45605344117615,70.28323334697701,0.0,0.4712328767123288,0.0,0,nan,0.012795336534902807,0.0001890052592228742,0.98544360105274,1.119021975780367,12.624759454742035,0.17226544948674294,0.7920942997645679,0.6732801547998827
always_now,40,cct_region,2013,1.0,pvgis,365,0.4926895242489614,66.769071679648,10.0,196.7977039286174,0.27,1079,0.24823493297861457,1.0,0.2632066728452271,0.2090106918990431,0.9409937888198758,0.5929203539823009,0.0,0.0,0.0,1.0,0.0,0.0,0.0,0.0,0.16351171595211297,0.1324056072853781,0.24823493297861457,0.6009174615648789,0.7766101382298684,0.0,20.64649507784094,1.0,0.0,67.6132638699357,70.28323334697701,0.0,0.4712328767123288,0.0,0,nan,0.013872703130620008,0.00020029007895570414,0.9857677698004274,1.1235886869849738,11.64813976584961,0.1812277271563777,0.8585061821904233,0.7297302548618597
always_now,40,cct_region,2015,1.0,pvgis,365,0.4926895242489614,66.769071679648,10.0,196.7977039286174,0.26,1079,0.24823493297861457,1.0,0.2632066728452271,0.2090106918990431,0.9409937888198758,0.5929203539823009,0.0,0.0,0.0,1.0,0.0,0.0,0.0,0.0,0.16351171595211297,0.1324056072853781,0.24823493297861457,0.5749685306813976,0.7706642701511023,0.0,21.709066091403,1.0,0.0,65.82239327249897,70.28323334697701,0.0,0.4712328767123288,0.0,0,nan,0.014406019762648409,0.00020091028835788328,0.9862455500467026,1.101930277468133,11.222357556076433,0.18558780467183134,0.8910783629938276,0.7574166085447535
always_now,40,cct_region,2012,1.0,pvgis,365,0.4926895242489614,66.769071679648,10.0,196.7977039286174,0.28,1079,0.24823493297861457,1.0,0.2632066728452271,0.2090106918990431,0.9409937888198758,0.5929203539823009,0.0,0.0,0.0,1.0,0.0,0.0,0.0,0.0,0.16351171595211297,0.1324056072853781,0.24823493297861457,0.5696310654803585,0.7682139901786454,0.0,20.729461989872192,1.0,0.0,63.80366421300925,70.28323334697701,0.0,0.4712328767123288,0.0,0,nan,0.013391090521984615,0.00018792045904283277,0.9861609612581215,1.1085805947225806,12.07188005503676,0.1771731295086435,0.8283713849383131,0.7041156771975662
always_now,40,cct_region,2014,1.0,pvgis,365,0.4926895242489614,66.769071679648,10.0,196.7977039286174,0.28,1079,0.24823493297861457,1.0,0.2632066728452271,0.2090106918990431,0.9409937888198758,0.5929203539823009,0.0,0.0,0.0,1.0,0.0,0.0,0.0,0.0,0.16351171595211297,0.1324056072853781,0.24823493297861457,0.6270776221821592,0.7822363399330847,0.0,22.297233232776282,1.0,0.0,69.14998360162295,70.28323334697701,0.0,0.4712328767123288,0.0,0,nan,0.015883257751239468,0.00023342689110156004,0.9855164448345468,1.1255536023825568,10.171086390704458,0.19779107964195697,0.983179142902491,0.8357022714671173
always_now,46,cct_region,2012,1.0,pvgis,365,0.6498872575545345,88.072440650112,10.0,149.1953658034943,0.28,6276,0.14310105645075233,nan,0.14196940726577437,0.11967480252929669,0.952972972972973,0.8677685950413223,0.0,0.0,0.0,1.0,0.0,0.0,0.0,0.0,0.20872905773129866,0.1088997972468253,0.14310105645075233,0.505359821119631,0.7566262938540762,0.0,20.729461989872192,1.0,0.0,84.16088899095479,92.7078322634352,0.0,3.734246575342466,0.0,0,nan,0.012436406877032192,0.0001848186892550846,0.9853565180113129,1.5493534034060825,12.987977353550392,0.16925434268405537,0.7699428269534518,0.654451402910434
always_now,46,cct_region,2011,1.0,pvgis,365,0.6498872575545345,88.072440650112,10.0,149.1953658034943,0.3,6276,0.14310105645075233,nan,0.14196940726577437,0.11967480252929669,0.952972972972973,0.8677685950413223,0.0,0.0,0.0,1.0,0.0,0.0,0.0,0.0,0.20872905773129866,0.1088997972468253,0.14310105645075233,0.5383204723234248,0.7566261040378123,0.0,19.639202912676332,1.0,0.0,88.97861111044423,92.7078322634352,0.0,3.734246575342466,0.0,0,nan,0.011945369266500333,0.00017394981234902747,0.9856468988713561,1.5728869167698676,13.52585824025963,0.16507428401394664,0.7393246197298641,0.6284259267703844
always_now,46,cct_region,2013,1.0,pvgis,365,0.6498872575545345,88.072440650112,10.0,149.1953658034943,0.29,6276,0.14310105645075233,nan,0.14196940726577437,0.11967480252929669,0.952972972972973,0.8677685950413223,0.0,0.0,0.0,1.0,0.0,0.0,0.0,0.0,0.20872905773129866,0.1088997972468253,0.14310105645075233,0.5466284683090161,0.767202827323327,0.0,20.64649507784094,1.0,0.0,89.18598116679111,92.7078322634352,0.0,3.734246575342466,0.0,0,nan,0.013005920429350571,0.00018624219423612912,0.9858823606447104,1.5750134540569267,12.4258771291907,0.17398386996376447,0.8047721618386309,0.6840563375628362
always_now,7,cct_region,2013,1.0,pvgis,365,0.5185664617347002,70.275903079136,10.0,186.97731973936163,0.28,1853,0.22146335669319397,nan,0.22018348623853212,0.19125236143559352,0.9975975975975976,0.7925531914893617,0.0,0.0,0.0,1.0,0.0,0.0,0.0,0.0,0.45064734529041467,0.20602209288514078,0.22146335669319397,0.587134811389973,0.7751764561463317,0.0,20.64649507784094,1.0,0.0,71.1644337573732,73.97463482015193,0.0,1.0712328767123287,0.0,0,nan,0.013652539130235722,0.0001890423480604468,0.9863424314369807,1.1775231159245017,11.842880243563659,0.17933079731045665,0.844389185260467,0.7177308074713971
always_now,7,cct_region,2011,1.0,pvgis,365,0.5185664617347002,70.275903079136,10.0,186.97731973936163,0.29,1853,0.22146335669319397,nan,0.22018348623853212,0.19125236143559352,0.9975975975975976,0.7925531914893617,0.0,0.0,0.0,1.0,0.0,0.0,0.0,0.0,0.45064734529041467,0.20602209288514078,0.22146335669319397,0.580505587578809,0.766470800733376,0.0,19.639202912676332,1.0,0.0,70.99896635492783,73.97463482015193,0.0,1.0712328767123287,0.0,0,nan,0.012592688230602302,0.00018746692386499732,0.9853314046974251,1.1677009878281122,12.826463360399089,0.17057359704126196,0.7796381371091256,0.6626924165427568
always_now,7,cct_region,2012,1.0,pvgis,365,0.5185664617347002,70.275903079136,10.0,186.97731973936163,0.28,1853,0.22146335669319397,nan,0.22018348623853212,0.19125236143559352,0.9975975975975976,0.7925531914893617,0.0,0.0,0.0,1.0,0.0,0.0,0.0,0.0,0.45064734529041467,0.20602209288514078,0.22146335669319397,0.5542051976688044,0.766402731439361,0.0,20.729461989872192,1.0,0.0,67.1547470936892,73.97463482015193,0.0,1.0712328767123287,0.0,0,nan,0.013163352253563408,0.0001806313276165058,0.9864634629893232,1.1619193271775845,12.284501912920948,0.17523698519383113,0.8140338184555868,0.6919287456872487
always_now,46,cct_region,2015,1.0,pvgis,365,0.6498872575545345,88.072440650112,10.0,149.1953658034943,0.3,6276,0.14310105645075233,nan,0.14196940726577437,0.11967480252929669,0.952972972972973,0.8677685950413223,0.0,0.0,0.0,1.0,0.0,0.0,0.0,0.0,0.20872905773129866,0.1088997972468253,0.14310105645075233,0.5124002602827786,0.7593948913636376,0.0,21.709066091403,1.0,0.0,86.82371461976584,92.7078322634352,0.0,3.734246575342466,0.0,0,nan,0.013413018033133595,0.00018556380618561444,0.9863541795476738,1.5527575003574028,12.054506401176091,0.17733414813021187,0.8295652818289063,0.7051304895545705
always_now,7,cct_region,2014,1.0,pvgis,365,0.5185664617347002,70.275903079136,10.0,186.97731973936163,0.28,1853,0.22146335669319397,nan,0.22018348623853212,0.19125236143559352,0.9975975975975976,0.7925531914893617,0.0,0.0,0.0,1.0,0.0,0.0,0.0,0.0,0.45064734529041467,0.20602209288514078,0.22146335669319397,0.6146689505628982,0.7813609215402552,0.0,22.297233232776282,1.0,0.0,72.78186476558025,73.97463482015193,0.0,1.0712328767123287,0.0,0,nan,0.01565841024225957,0.00022312947217974493,0.9859503879225968,1.1858041114433493,10.321681321613442,0.1959025064189961,0.9688344067608592,0.8235092457467303
always_now,46,cct_region,2014,1.0,pvgis,365,0.6498872575545345,88.072440650112,10.0,149.1953658034943,0.31,6276,0.14310105645075233,nan,0.14196940726577437,0.11967480252929669,0.952972972972973,0.8677685950413223,0.0,0.0,0.0,1.0,0.0,0.0,0.0,0.0,0.20872905773129866,0.1088997972468253,0.14310105645075233,0.5811353011195292,0.7748820402214885,0.0,22.297233232776282,1.0,0.0,91.21300736260577,92.7078322634352,0.0,3.734246575342466,0.0,0,nan,0.015036360725429715,0.0002290069256119633,0.9849982698846866,1.5967511626455597,10.738306182740677,0.19093258611028951,0.9312455642280594,0.7915587295938505
always_now,7,cct_region,2015,1.0,pvgis,365,0.5185664617347002,70.275903079136,10.0,186.97731973936163,0.29,1853,0.22146335669319397,nan,0.22018348623853212,0.19125236143559352,0.9975975975975976,0.7925531914893617,0.0,0.0,0.0,1.0,0.0,0.0,0.0,0.0,0.45064734529041467,0.20602209288514078,0.22146335669319397,0.5598229961153026,0.7691422246107064,0.0,21.709066091403,1.0,0.0,69.27950342411204,73.97463482015193,0.0,1.0712328767123287,0.0,0,nan,0.014165421197088919,0.00020339261894912174,0.9858448566768886,1.1532029095642304,11.408331538545172,0.18364624594770496,0.876552365805038,0.7450695109342823
always_now,78,cct_region,2011,1.0,pvgis,365,0.5371243038945545,72.79085383900801,10.0,180.51718460483815,0.29,2359,0.19581471687790647,1.0,0.18779143704959728,0.12689407689144347,0.991264367816092,0.9184782608695652,0.0,0.0,0.0,1.0,0.0,0.0,0.0,0.0,0.11817269991793561,0.24591957691255584,0.19581471687790647,0.586117917723593,0.7631469437643752,0.0,19.639202912676332,1.0,0.0,73.53979324666396,76.62195140951128,0.0,1.5397260273972602,0.0,0,nan,0.012692157207502929,0.00017585225913938673,0.9863341521782956,1.203144611870356,12.738892697734668,0.17130196501052353,0.7849975847412766,0.6672479470300852
always_now,78,cct_region,2013,1.0,pvgis,365,0.5371243038945545,72.79085383900801,10.0,180.51718460483815,0.29,2359,0.19581471687790647,1.0,0.18779143704959728,0.12689407689144347,0.991264367816092,0.9184782608695652,0.0,0.0,0.0,1.0,0.0,0.0,0.0,0.0,0.11817269991793561,0.24591957691255584,0.19581471687790647,0.5929843803425318,0.7724432889941246,0.0,20.64649507784094,1.0,0.0,73.71118220046938,76.62195140951128,0.0,1.5397260273972602,0.0,0,nan,0.013766895149369091,0.00018593365667539881,0.9866741247054611,1.2114176272424855,11.748455750992727,0.1802432626097772,0.8511756959339115,0.7234993415438248
always_now,78,cct_region,2014,1.0,pvgis,365,0.5371243038945545,72.79085383900801,10.0,180.51718460483815,0.29,2359,0.19581471687790647,1.0,0.18779143704959728,0.12689407689144347,0.991264367816092,0.9184782608695652,0.0,0.0,0.0,1.0,0.0,0.0,0.0,0.0,0.11817269991793561,0.24591957691255584,0.19581471687790647,0.6215038786670479,0.7778694471477576,0.0,22.297233232776282,1.0,0.0,75.38649591334313,76.62195140951128,0.0,1.5397260273972602,0.0,0,nan,0.015806507621770084,0.00021873330052773858,0.9863507012725536,1.222990087330302,10.229124955051574,0.1970571744360471,0.9776007277202706,0.83096061856223
always_now,78,cct_region,2012,1.0,pvgis,365,0.5371243038945545,72.79085383900801,10.0,180.51718460483815,0.3,2359,0.19581471687790647,1.0,0.18779143704959728,0.12689407689144347,0.991264367816092,0.9184782608695652,0.0,0.0,0.0,1.0,0.0,0.0,0.0,0.0,0.11817269991793561,0.24591957691255584,0.19581471687790647,0.5588763206189352,0.7633033092611374,0.0,20.729461989872192,1.0,0.0,69.55800162095082,76.62195140951128,0.0,1.5397260273972602,0.0,0,nan,0.01326280072254703,0.00018805504838226793,0.9860191015661098,1.2030654793375228,12.186896850330669,0.17611795731958269,0.8205534290485661,0.6974704146912812
always_now,78,cct_region,2015,1.0,pvgis,365,0.5371243038945545,72.79085383900801,10.0,180.51718460483815,0.3,2359,0.19581471687790647,1.0,0.18779143704959728,0.12689407689144347,0.991264367816092,0.9184782608695652,0.0,0.0,0.0,1.0,0.0,0.0,0.0,0.0,0.11817269991793561,0.24591957691255584,0.19581471687790647,0.5646951621805508,0.7653965026891939,0.0,21.709066091403,1.0,0.0,71.758796213616,76.62195140951128,0.0,1.5397260273972602,0.0,0,nan,0.014254004504634633,0.0001873965747195347,0.9870236569367606,1.1975560584990008,11.350989486978586,0.18423859991887392,0.8809804653128797,0.7488333955159477
always_now,0,cct_region,2012,2.0,pvgis,365,1.2648912659894127,85.70875921763201,10.0,153.30988477659398,0.27,1861,0.788631134969325,1.0,0.8742611499193982,0.5208823463821562,0.9922992299229924,0.18604651162790697,0.0,0.0,0.0,1.0,0.0,0.0,0.0,0.0,0.543424079754601,0.5286618098159508,0.788631134969325,0.9711773935516267,0.9999976851851852,0.9026445966514459,20.729461989872192,1.0,0.0,163.8043709660343,90.2197465449583,52.55978746385142,4.67945205479452,0.0,0,nan,0.02046827425825504,0.00016648606145070816,0.9919317666466075,1.6088032619514074,7.944080245625451,0.23322890401596796,1.2587989661240744,1.069979121205463
always_now,0,cct_region,2011,2.0,pvgis,365,1.2648912659894127,85.70875921763201,10.0,153.30988477659398,0.28,1861,0.788631134969325,1.0,0.8742611499193982,0.5208823463821562,0.9922992299229924,0.18604651162790697,0.0,0.0,0.0,1.0,0.0,0.0,0.0,0.0,0.543424079754601,0.5286618098159508,0.788631134969325,0.9783794485234046,0.9999976851851852,0.9109398782343988,19.639202912676332,1.0,0.0,173.18121988878173,90.2197465449583,59.781524503278035,4.67945205479452,0.0,0,nan,0.019314177645884275,0.00015178997928767032,0.9922022895439635,1.5780775724178735,8.421065676540824,0.22421436142317852,1.1874981604593975,1.0093734363904878
always_now,0,cct_region,2013,2.0,pvgis,365,1.2648912659894127,85.70875921763201,10.0,153.30988477659398,0.28,1861,0.788631134969325,1.0,0.8742611499193982,0.5208823463821562,0.9922992299229924,0.18604651162790697,0.0,0.0,0.0,1.0,0.0,0.0,0.0,0.0,0.543424079754601,0.5286618098159508,0.788631134969325,0.9767586036161654,0.9999976851851852,0.8855783866057839,20.64649507784094,1.0,0.0,173.58482923801856,90.2197465449583,59.25677944514287,4.67945205479452,0.0,0,nan,0.02084072568260684,0.00016407306258080042,0.9921887819744815,1.5795416709754262,7.804130561667327,0.23606100853777268,1.2813727193543432,1.0891668114511917
always_now,0,cct_region,2014,2.0,pvgis,365,1.2648912659894127,85.70875921763201,10.0,153.30988477659398,0.28,1861,0.788631134969325,1.0,0.8742611499193982,0.5208823463821562,0.9922992299229924,0.18604651162790697,0.0,0.0,0.0,1.0,0.0,0.0,0.0,0.0,0.543424079754601,0.5286618098159508,0.788631134969325,0.9792841240530273,0.9999976851851852,0.9109684170471841,22.297233232776282,1.0,0.0,177.53007928133889,90.2197465449583,64.70423572860028,4.67945205479452,0.0,0,nan,0.02310920758883509,0.00018034260995180662,0.9922565009451664,1.5628663942041183,7.038529745307353,0.25331723416526275,1.420751259404293,1.207638570493649
always_now,0,cct_region,2015,2.0,pvgis,365,1.2648912659894127,85.70875921763201,10.0,153.30988477659398,0.28,1861,0.788631134969325,1.0,0.8742611499193982,0.5208823463821562,0.9922992299229924,0.18604651162790697,0.0,0.0,0.0,1.0,0.0,0.0,0.0,0.0,0.543424079754601,0.5286618098159508,0.788631134969325,0.9772482346316544,0.9999976851851852,0.8944634703196347,21.709066091403,1.0,0.0,168.98709280214536,90.2197465449583,55.609975866963204,4.67945205479452,0.0,0,nan,0.02206132860784634,0.00017968028239269635,0.9919212170958865,1.5808639039659957,7.370357731430617,0.24544676647817543,1.356786246257135,1.1532683093185647
always_now,100,cct_region,2011,2.0,pvgis,365,1.2210563483151788,82.73851465568,10.0,158.8135834282582,0.28,4890,0.4592244716633877,1.0,0.456441717791411,0.3055154085227046,0.9611382459120833,0.6243093922651933,0.0,0.0,0.0,1.0,0.0,0.0,0.0,0.0,0.11224640900340586,0.169427344460663,0.4592244716633877,0.9825841852987728,0.9999976851851852,0.9246099695585996,19.639202912676332,1.0,0.0,167.17960953643777,87.09317332185395,55.848565242649364,2.863013698630137,0.0,0,nan,0.0193714363930582,0.00015577595107719902,0.9920226221576381,1.7154005774798047,8.394654031517288,0.2246893436918993,1.19123432156412,1.0125491733295018
always_now,100,cct_region,2012,2.0,pvgis,365,1.2210563483151788,82.73851465568,10.0,158.8135834282582,0.28,4890,0.4592244716633877,1.0,0.456441717791411,0.3055154085227046,0.9611382459120833,0.6243093922651933,0.0,0.0,0.0,1.0,0.0,0.0,0.0,0.0,0.11224640900340586,0.169427344460663,0.4592244716633877,0.9751306428213811,0.9999976851851852,0.9108066971080669,20.729461989872192,1.0,0.0,158.12771613486893,87.09317332185395,47.403752321374505,2.863013698630137,0.0,0,nan,0.020508221048680275,0.00016537266451539237,0.9920007780548654,1.7608492938081257,7.929158041079227,0.23352660944457437,1.2611679510223148,1.0719927583689675
always_now,105,cct_region,2011,2.0,pvgis,365,1.058529353339236,71.725720549728,10.0,183.19788075032216,0.27,2169,0.3789750957854406,1.0,0.3785154449054864,0.24216132546237878,0.9206349206349206,0.6333333333333333,0.0,0.0,0.0,1.0,0.0,0.0,0.0,0.0,0.096360153256705,0.25373563218390804,0.3789750957854406,0.9797885447601183,0.9999976851851852,0.9109493911719939,19.639202912676332,1.0,0.0,144.92740176838876,75.50075847341449,46.27825668869811,1.3068493150684932,0.0,0,nan,0.019335317754338843,0.0001405447413111596,0.9927836448145723,1.4465834024623234,8.416787285574816,0.22429112060966938,1.1881017852427596,1.0098865174563456
always_now,100,cct_region,2013,2.0,pvgis,365,1.2210563483151788,82.73851465568,10.0,158.8135834282582,0.29,4890,0.4592244716633877,1.0,0.456441717791411,0.3055154085227046,0.9611382459120833,0.6243093922651933,0.0,0.0,0.0,1.0,0.0,0.0,0.0,0.0,0.11224640900340586,0.169427344460663,0.4592244716633877,0.9795765745108173,0.9999976851851852,0.9041095890410958,20.64649507784094,1.0,0.0,167.56923176831125,87.09317332185395,56.21857176482787,2.863013698630137,0.0,0,nan,0.020871000559899572,0.00016226283073893878,0.9922854182099408,1.7175173629142884,7.793569109297123,0.23627843011756222,1.2831091711332585,1.0906427954632698
always_now,100,cct_region,2014,2.0,pvgis,365,1.2210563483151788,82.73851465568,10.0,158.8135834282582,0.28,4890,0.4592244716633877,1.0,0.456441717791411,0.3055154085227046,0.9611382459120833,0.6243093922651933,0.0,0.0,0.0,1.0,0.0,0.0,0.0,0.0,0.11224640900340586,0.169427344460663,0.4592244716633877,0.9836657141396896,0.9999976851851852,0.9361111111111111,22.297233232776282,1.0,0.0,171.37775882562494,87.09317332185395,60.101013676583655,2.863013698630137,0.0,0,nan,0.023168858377536967,0.00018122175123665014,0.9922389237965253,1.7148624638337395,7.020283910160608,0.25376906396072296,1.4244438156591908,1.2107772433103123
always_now,105,cct_region,2012,2.0,pvgis,365,1.058529353339236,71.725720549728,10.0,183.19788075032216,0.28,2169,0.3789750957854406,1.0,0.3785154449054864,0.24216132546237878,0.9206349206349206,0.6333333333333333,0.0,0.0,0.0,1.0,0.0,0.0,0.0,0.0,0.096360153256705,0.25373563218390804,0.3789750957854406,0.9733768173936395,0.9999976851851852,0.8921423135464231,20.729461989872192,1.0,0.0,137.0803479595446,75.50075847341449,38.98734846442294,1.3068493150684932,0.0,0,nan,0.020493581045508507,0.00015280536754627081,0.99259892920295,1.4883362210171467,7.939606890498793,0.2333180443575018,1.2595082020958555,1.070581971781477
always_now,100,cct_region,2015,2.0,pvgis,365,1.2210563483151788,82.73851465568,10.0,158.8135834282582,0.29,4890,0.4592244716633877,1.0,0.456441717791411,0.3055154085227046,0.9611382459120833,0.6243093922651933,0.0,0.0,0.0,1.0,0.0,0.0,0.0,0.0,0.11224640900340586,0.169427344460663,0.4592244716633877,0.9801603520288122,0.9999976851851852,0.9011700913242009,21.709066091403,1.0,0.0,163.13083029155143,87.09317332185395,52.00218050502686,2.863013698630137,0.0,0,nan,0.0221001292160775,0.00018556528172146227,0.9916733453498706,1.718035723170896,7.355579241435814,0.24578386785143613,1.3595122385015586,1.1555854027263248
always_now,105,cct_region,2013,2.0,pvgis,365,1.058529353339236,71.725720549728,10.0,183.19788075032216,0.28,2169,0.3789750957854406,1.0,0.3785154449054864,0.24216132546237878,0.9206349206349206,0.6333333333333333,0.0,0.0,0.0,1.0,0.0,0.0,0.0,0.0,0.096360153256705,0.25373563218390804,0.3789750957854406,0.9771377351737461,0.9999976851851852,0.8807553272450532,20.64649507784094,1.0,0.0,145.26516387880858,75.50075847341449,46.59896267068975,1.3068493150684932,0.0,0,nan,0.020840849596353378,0.00014968228496541714,0.9928690570676472,1.452097071797748,7.809434880250939,0.2359520106267039,1.2805023863235891,1.0884270283750506
always_now,105,cct_region,2014,2.0,pvgis,365,1.058529353339236,71.725720549728,10.0,183.19788075032216,0.28,2169,0.3789750957854406,1.0,0.3785154449054864,0.24216132546237878,0.9206349206349206,0.6333333333333333,0.0,0.0,0.0,1.0,0.0,0.0,0.0,0.0,0.096360153256705,0.25373563218390804,0.3789750957854406,0.9806993561684011,0.9999976851851852,0.9115201674277017,22.297233232776282,1.0,0.0,148.56676227655393,75.50075847341449,49.98230830718211,1.3068493150684932,0.0,0,nan,0.023120295899109303,0.0001649523693000915,0.9929160141477265,1.4370511642881914,7.039830107862018,0.2532851117015974,1.4204888252675432,1.2074155014774117
always_now,105,cct_region,2015,2.0,pvgis,365,1.058529353339236,71.725720549728,10.0,183.19788075032216,0.29,2169,0.3789750957854406,1.0,0.3785154449054864,0.24216132546237878,0.9206349206349206,0.6333333333333333,0.0,0.0,0.0,1.0,0.0,0.0,0.0,0.0,0.096360153256705,0.25373563218390804,0.3789750957854406,0.9773549153575076,0.9999976851851852,0.8911244292237442,21.709066091403,1.0,0.0,141.41752961398848,75.50075847341449,42.94382264755116,1.3068493150684932,0.0,0,nan,0.022052259220313716,0.00016626158500143213,0.992516982275361,1.453083800109912,7.377817509335553,0.2452770628253862,1.3554143874318465,1.1521022293170695
always_now,130,cct_region,2011,2.0,pvgis,365,1.0106128730967532,68.47891018896,10.0,191.883894818735,0.28,1455,0.3739873324495508,1.0,0.36013745704467354,0.2493610504295977,0.9992576095025983,0.8333333333333334,0.0,0.0,0.0,1.0,0.0,0.0,0.0,0.0,0.15760789512446605,0.3132272794225954,0.3739873324495508,0.9792481696322148,0.9999976851851852,0.9096746575342466,19.639202912676332,1.0,0.0,138.36696869062587,72.08306335679444,43.463637817922546,0.7835616438356164,0.0,0,nan,0.019329145639056276,0.0001349117252939901,0.9930686740812278,1.3791252381237726,8.421892145120195,0.2241995417525101,1.1873816272741264,1.0092743831830076
always_now,130,cct_region,2012,2.0,pvgis,365,1.0106128730967532,68.47891018896,10.0,191.883894818735,0.28,1455,0.3739873324495508,1.0,0.36013745704467354,0.2493610504295977,0.9992576095025983,0.8333333333333334,0.0,0.0,0.0,1.0,0.0,0.0,0.0,0.0,0.15760789512446605,0.3132272794225954,0.3739873324495508,0.9724204812430192,0.9999976851851852,0.8749619482496195,20.729461989872192,1.0,0.0,130.87512770380468,72.08306335679444,36.68405356920071,0.7835616438356164,0.0,0,nan,0.02047766397772851,0.00014867574845624367,0.9927919470720488,1.4161379148122204,7.947323374146295,0.23316433462020525,1.258285277849815,1.0695424861723426
always_now,28,cct_region,2011,2.0,pvgis,365,1.03062096349991,69.834654076896,10.0,188.158732561793,0.27,1333,0.28324324324324324,1.0,0.2933233308327082,0.18911709792811218,0.8400673400673401,0.6137931034482759,0.0,0.0,0.0,1.0,0.0,0.0,0.0,0.0,0.1674012474012474,0.18985446985446985,0.28324324324324324,0.9801057567970254,0.9999976851851852,0.9104832572298326,19.639202912676332,1.0,0.0,141.10635475236165,73.51016218621105,44.638915061407225,1.1178082191780823,0.0,0,nan,0.01933898704438201,0.0001365266745949492,0.992989829353671,1.4086720880885983,8.416938017366006,0.22428841511332787,1.1880805085374024,1.0098684322567921
always_now,130,cct_region,2014,2.0,pvgis,365,1.0106128730967532,68.47891018896,10.0,191.883894818735,0.28,1455,0.3739873324495508,1.0,0.36013745704467354,0.2493610504295977,0.9992576095025983,0.8333333333333334,0.0,0.0,0.0,1.0,0.0,0.0,0.0,0.0,0.15760789512446605,0.3132272794225954,0.3739873324495508,0.9797147827833996,0.9999976851851852,0.9054033485540335,22.297233232776282,1.0,0.0,141.84158615663088,72.08306335679444,46.96739459094353,0.7835616438356164,0.0,0,nan,0.023106387946932892,0.00016015107501152494,0.9931166782106924,1.3705030533675338,7.045491023584606,0.2531453939030883,1.4193474899797967,1.206445366482827
always_now,130,cct_region,2015,2.0,pvgis,365,1.0106128730967532,68.47891018896,10.0,191.883894818735,0.29,1455,0.3739873324495508,1.0,0.36013745704467354,0.2493610504295977,0.9992576095025983,0.8333333333333334,0.0,0.0,0.0,1.0,0.0,0.0,0.0,0.0,0.15760789512446605,0.3132272794225954,0.3739873324495508,0.9767547248414705,0.9999976851851852,0.8891076864535769,21.709066091403,1.0,0.0,135.01597802515954,72.08306335679444,40.28014370333317,0.7835616438356164,0.0,0,nan,0.02204440364112662,0.0001604461595459474,0.9927742740443537,1.3805580302924738,7.3823598583416326,0.24517387756453424,1.3545804040831995,1.1513933434707195
always_now,28,cct_region,2013,2.0,pvgis,365,1.03062096349991,69.834654076896,10.0,188.158732561793,0.29,1333,0.28324324324324324,1.0,0.2933233308327082,0.18911709792811218,0.8400673400673401,0.6137931034482759,0.0,0.0,0.0,1.0,0.0,0.0,0.0,0.0,0.1674012474012474,0.18985446985446985,0.28324324324324324,0.9774253586062586,0.9999976851851852,0.8808504566210046,20.64649507784094,1.0,0.0,141.43521168068102,73.51016218621105,44.95116555036933,1.1178082191780823,0.0,0,nan,0.02084601334711375,0.00014684563468218655,0.993004972080767,1.4105400943562136,7.808569188748329,0.23596979058423206,1.2806443483153596,1.0885476960680556
always_now,40,cct_region,2014,2.0,pvgis,365,0.9853790484979228,66.769071679648,10.0,196.7977039286174,0.28,1079,0.24823493297861457,1.0,0.2632066728452271,0.2090106918990431,0.9409937888198758,0.5929203539823009,0.0,0.0,0.0,1.0,0.0,0.0,0.0,0.0,0.16351171595211297,0.1324056072853781,0.24823493297861457,0.9808933364230448,0.9999976851851852,0.9131944444444444,22.297233232776282,1.0,0.0,138.2999672032459,70.28323334697701,45.37248053174878,0.4712328767123288,0.0,0,nan,0.023124089716896026,0.0001583671912690892,0.9931980034627037,1.339549651886907,7.04067412110199,0.2532642679081559,1.4203185416618633,1.207270760412584
always_now,40,cct_region,2011,2.0,pvgis,365,0.9853790484979228,66.769071679648,10.0,196.7977039286174,0.29,1079,0.24823493297861457,1.0,0.2632066728452271,0.2090106918990431,0.9409937888198758,0.5929203539823009,0.0,0.0,0.0,1.0,0.0,0.0,0.0,0.0,0.16351171595211297,0.1324056072853781,0.24823493297861457,0.980179163401041,0.9999976851851852,0.9109779299847793,19.639202912676332,1.0,0.0,134.9121068823523,70.28323334697701,41.981400421972005,0.4712328767123288,0.0,0,nan,0.01933998999052528,0.00013362257842503206,0.9931382747832784,1.3447854252330216,8.417759737623577,0.22427366753213107,1.1879645311453266,1.0097698514735276
always_now,40,cct_region,2013,2.0,pvgis,365,0.9853790484979228,66.769071679648,10.0,196.7977039286174,0.29,1079,0.24823493297861457,1.0,0.2632066728452271,0.2090106918990431,0.9409937888198758,0.5929203539823009,0.0,0.0,0.0,1.0,0.0,0.0,0.0,0.0,0.16351171595211297,0.1324056072853781,0.24823493297861457,0.9775992068673522,0.9999976851851852,0.880802891933029,20.64649507784094,1.0,0.0,135.2265277398714,70.28323334697701,42.27994382502939,0.4712328767123288,0.0,0,nan,0.02084695027987003,0.00014257680596556032,0.9932072406690012,1.3461909859603576,7.8098087278779955,0.23594433346844668,1.280441089972392,1.0883749264765332
always_now,28,cct_region,2012,2.0,pvgis,365,1.03062096349991,69.834654076896,10.0,188.158732561793,0.31,1333,0.28324324324324324,1.0,0.2933233308327082,0.18911709792811218,0.8400673400673401,0.6137931034482759,0.0,0.0,0.0,1.0,0.0,0.0,0.0,0.0,0.1674012474012474,0.18985446985446985,0.28324324324324324,0.973501412890918,0.9999976851851852,0.89191400304414,20.729461989872192,1.0,0.0,133.46619047010245,73.51016218621105,37.50107286464376,1.1178082191780823,0.0,0,nan,0.020492526910184144,0.0001504897649354536,0.9927098947162682,1.4532342736803179,7.940902941117286,0.2332922087495034,1.2593026352483032,1.0704072399610578
always_now,28,cct_region,2015,2.0,pvgis,365,1.03062096349991,69.834654076896,10.0,188.158732561793,0.3,1333,0.28324324324324324,1.0,0.2933233308327082,0.18911709792811218,0.8400673400673401,0.6137931034482759,0.0,0.0,0.0,1.0,0.0,0.0,0.0,0.0,0.1674012474012474,0.18985446985446985,0.28324324324324324,0.9777089830983164,0.9999976851851852,0.8913717656012177,21.709066091403,1.0,0.0,137.68902125081976,73.51016218621105,41.392394203602045,1.1178082191780823,0.0,0,nan,0.022058839857056912,0.0001644254000144448,0.9926012042734303,1.4148447560820778,7.376242416799229,0.24531286944161368,1.3557038170580213,1.152348244499318
always_now,130,cct_region,2013,2.0,pvgis,365,1.0106128730967532,68.47891018896,10.0,191.883894818735,0.33,1455,0.3739873324495508,1.0,0.36013745704467354,0.2493610504295977,0.9992576095025983,0.8333333333333334,0.0,0.0,0.0,1.0,0.0,0.0,0.0,0.0,0.15760789512446605,0.3132272794225954,0.3739873324495508,0.9760443165028255,0.9999976851851852,0.8770262557077626,20.64649507784094,1.0,0.0,138.68944131338083,72.08306335679444,43.76982639253073,0.7835616438356164,0.0,0,nan,0.020827459850405208,0.00014481791226516474,0.993094793331274,1.3811210352260423,7.816232155801761,0.23581252766987593,1.2793888155659874,1.0874804932310893
always_now,40,cct_region,2012,2.0,pvgis,365,0.9853790484979228,66.769071679648,10.0,196.7977039286174,0.35,1079,0.24823493297861457,1.0,0.2632066728452271,0.2090106918990431,0.9409937888198758,0.5929203539823009,0.0,0.0,0.0,1.0,0.0,0.0,0.0,0.0,0.16351171595211297,0.1324056072853781,0.24823493297861457,0.9733377832682031,0.9999976851851852,0.8922754946727549,20.729461989872192,1.0,0.0,127.6073284260185,70.28323334697701,35.14974494243519,0.4712328767123288,0.0,0,nan,0.020484989959099136,0.00014589439502365334,0.9929283499185289,1.3890169195495246,7.945572715899232,0.23319918365621206,1.2585625174620607,1.0697781398427517
always_now,28,cct_region,2014,2.0,pvgis,365,1.03062096349991,69.834654076896,10.0,188.158732561793,0.36,1333,0.28324324324324324,1.0,0.2933233308327082,0.18911709792811218,0.8400673400673401,0.6137931034482759,0.0,0.0,0.0,1.0,0.0,0.0,0.0,0.0,0.1674012474012474,0.18985446985446985,0.28324324324324324,0.9809402752533474,0.9999976851851852,0.9080384322678843,22.297233232776282,1.0,0.0,144.64976261499436,73.51016218621105,48.18480612719397,1.1178082191780823,0.0,0,nan,0.023125664561015415,0.00016095150399298306,0.993088239890946,1.401379027964274,7.039416606147032,0.253295325172594,1.4205722660692786,1.207486426158887
always_now,40,cct_region,2015,2.0,pvgis,365,0.9853790484979228,66.769071679648,10.0,196.7977039286174,0.36,1079,0.24823493297861457,1.0,0.2632066728452271,0.2090106918990431,0.9409937888198758,0.5929203539823009,0.0,0.0,0.0,1.0,0.0,0.0,0.0,0.0,0.16351171595211297,0.1324056072853781,0.24823493297861457,0.977863454632439,0.9999976851851852,0.8916761796042618,21.709066091403,1.0,0.0,131.64478654499794,70.28323334697701,38.87739444199681,0.4712328767123288,0.0,0,nan,0.022061149219075326,0.00015988618167351936,0.9928047375475524,1.3486151031334785,7.376982614566473,0.2452960408152911,1.3555677873300336,1.1522326192305286
always_now,46,cct_region,2012,2.0,pvgis,365,1.299774515109069,88.072440650112,10.0,149.1953658034943,0.29,6276,0.14310105645075233,nan,0.14196940726577437,0.11967480252929669,0.952972972972973,0.8677685950413223,0.0,0.0,0.0,1.0,0.0,0.0,0.0,0.0,0.20872905773129866,0.1088997972468253,0.14310105645075233,0.9782105075448814,0.9999976851851852,0.9153253424657535,20.729461989872192,1.0,0.0,168.32177798190958,92.7078322634352,51.49976881981358,3.734246575342466,0.0,0,nan,0.02055453880235613,0.0001714551627713107,0.9917275300253492,1.8397235560895482,7.9091112399627885,0.2339281382220304,1.264364565954322,1.0747098810611735
always_now,46,cct_region,2013,2.0,pvgis,365,1.299774515109069,88.072440650112,10.0,149.1953658034943,0.28,6276,0.14310105645075233,nan,0.14196940726577437,0.11967480252929669,0.952972972972973,0.8677685950413223,0.0,0.0,0.0,1.0,0.0,0.0,0.0,0.0,0.20872905773129866,0.1088997972468253,0.14310105645075233,0.9812817138996301,0.9999976851851852,0.9124143835616438,20.64649507784094,1.0,0.0,178.37196233358222,92.7078322634352,60.87368678241372,3.734246575342466,0.0,0,nan,0.020890348485687774,0.00017195194826512692,0.9918360319280255,1.7959032243042952,7.782824689213003,0.23650016008715613,1.2848805413618019,1.0921484601575318
always_now,46,cct_region,2014,2.0,pvgis,365,1.299774515109069,88.072440650112,10.0,149.1953658034943,0.28,6276,0.14310105645075233,nan,0.14196940726577437,0.11967480252929669,0.952972972972973,0.8677685950413223,0.0,0.0,0.0,1.0,0.0,0.0,0.0,0.0,0.20872905773129866,0.1088997972468253,0.14310105645075233,0.984953479086415,0.9999976851851852,0.9419520547945206,22.297233232776282,1.0,0.0,182.42601472521153,92.7078322634352,65.03945405007256,3.734246575342466,0.0,0,nan,0.02318943080713392,0.00018492749102778526,0.9920884462936324,1.7874555901438833,7.012992174500993,0.2539502131806547,1.4259248764542571,1.2120361449861186
always_now,46,cct_region,2011,2.0,pvgis,365,1.299774515109069,88.072440650112,10.0,149.1953658034943,0.29,6276,0.14310105645075233,nan,0.14196940726577437,0.11967480252929669,0.952972972972973,0.8677685950413223,0.0,0.0,0.0,1.0,0.0,0.0,0.0,0.0,0.20872905773129866,0.1088997972468253,0.14310105645075233,0.9835066197654303,0.9999976851851852,0.9273592085235921,19.639202912676332,1.0,0.0,177.95722222088847,92.7078322634352,60.480646184907215,3.734246575342466,0.0,0,nan,0.019382744005469316,0.00015890564792997154,0.9918683606170204,1.8010387433790243,8.388452087537841,0.2248012696094206,1.192115052413106,1.01329779455114
always_now,7,cct_region,2012,2.0,pvgis,365,1.0371329234694004,70.275903079136,10.0,186.97731973936163,0.28,1853,0.22146335669319397,nan,0.22018348623853212,0.19125236143559352,0.9975975975975976,0.7925531914893617,0.0,0.0,0.0,1.0,0.0,0.0,0.0,0.0,0.45064734529041467,0.20602209288514078,0.22146335669319397,0.9743128943949179,0.9999976851851852,0.8965658295281583,20.729461989872192,1.0,0.0,134.3094941873784,73.97463482015193,37.93278420198602,1.0712328767123287,0.0,0,nan,0.020504968423518358,0.0001494717190408645,0.9927632161409754,1.4408616087445376,7.936511021241319,0.23337978836199558,1.2599995102679185,1.0709995837277306
always_now,46,cct_region,2015,2.0,pvgis,365,1.299774515109069,88.072440650112,10.0,149.1953658034943,0.3,6276,0.14310105645075233,nan,0.14196940726577437,0.11967480252929669,0.952972972972973,0.8677685950413223,0.0,0.0,0.0,1.0,0.0,0.0,0.0,0.0,0.20872905773129866,0.1088997972468253,0.14310105645075233,0.9816016430279421,0.9999976851851852,0.9058219178082192,21.709066091403,1.0,0.0,173.64742923953168,92.7078322634352,56.38602325412064,3.734246575342466,0.0,0,nan,0.02212018438190262,0.00019194586094838356,0.9913972418205167,1.801795507804915,7.3468642413250995,0.24598322415345286,1.3611249196291633,1.1569561816847889
always_now,7,cct_region,2014,2.0,pvgis,365,1.0371329234694004,70.275903079136,10.0,186.97731973936163,0.28,1853,0.22146335669319397,nan,0.22018348623853212,0.19125236143559352,0.9975975975975976,0.7925531914893617,0.0,0.0,0.0,1.0,0.0,0.0,0.0,0.0,0.45064734529041467,0.20602209288514078,0.22146335669319397,0.9815151470212525,0.9999976851851852,0.9198059360730594,22.297233232776282,1.0,0.0,145.5637295311605,73.97463482015193,48.72159544789373,1.0712328767123287,0.0,0,nan,0.023134659354876665,0.00016147828698771604,0.9930684523988419,1.3908781832996961,7.036539461992619,0.2533664198473745,1.4211531185200208,1.2079801507420178
always_now,7,cct_region,2013,2.0,pvgis,365,1.0371329234694004,70.275903079136,10.0,186.97731973936163,0.28,1853,0.22146335669319397,nan,0.22018348623853212,0.19125236143559352,0.9975975975975976,0.7925531914893617,0.0,0.0,0.0,1.0,0.0,0.0,0.0,0.0,0.45064734529041467,0.20602209288514078,0.22146335669319397,0.9780030077201521,0.9999976851851852,0.8816019786910197,20.64649507784094,1.0,0.0,142.3288675147464,73.97463482015193,45.33565168329002,1.0712328767123287,0.0,0,nan,0.020852813001419116,0.00014701288183385195,0.9929993285348575,1.3977377122119021,7.805978618123561,0.23602301796185754,1.2810693558373913,1.0889089524617825
always_now,7,cct_region,2011,2.0,pvgis,365,1.0371329234694004,70.275903079136,10.0,186.97731973936163,0.3,1853,0.22146335669319397,nan,0.22018348623853212,0.19125236143559352,0.9975975975975976,0.7925531914893617,0.0,0.0,0.0,1.0,0.0,0.0,0.0,0.0,0.45064734529041467,0.20602209288514078,0.22146335669319397,0.980679991104536,0.9999976851851852,0.9125475646879756,19.639202912676332,1.0,0.0,141.99793270985566,73.97463482015193,45.02142824524645,1.0712328767123287,0.0,0,nan,0.01934663962809547,0.00013870198804781744,0.9928817266445611,1.3955283678477253,8.41269273376156,0.2243646475041553,1.188680047693684,1.0103780405396314
always_now,7,cct_region,2015,2.0,pvgis,365,1.0371329234694004,70.275903079136,10.0,186.97731973936163,0.29,1853,0.22146335669319397,nan,0.22018348623853212,0.19125236143559352,0.9975975975975976,0.7925531914893617,0.0,0.0,0.0,1.0,0.0,0.0,0.0,0.0,0.45064734529041467,0.20602209288514078,0.22146335669319397,0.9784868477068396,0.9999976851851852,0.8917237442922374,21.709066091403,1.0,0.0,138.55900684822407,73.97463482015193,41.75439430395543,1.0712328767123287,0.0,0,nan,0.022070676441622413,0.0001626882169174288,0.9926826992038319,1.3996022021109893,7.372891793326794,0.24538908447606522,1.3563199190107473,1.1528719311591353
always_now,78,cct_region,2011,2.0,pvgis,365,1.074248607789109,72.79085383900801,10.0,180.51718460483815,0.31,2359,0.19581471687790647,1.0,0.18779143704959728,0.12689407689144347,0.991264367816092,0.9184782608695652,0.0,0.0,0.0,1.0,0.0,0.0,0.0,0.0,0.11817269991793561,0.24591957691255584,0.19581471687790647,0.9804926506718489,0.9999976851851852,0.9124619482496195,19.639202912676332,1.0,0.0,147.07958649332792,76.62195140951128,47.21962943667913,1.5397260273972602,0.0,0,nan,0.01934429415026386,0.00013917456663378906,0.9928567870200092,1.4273004019593543,8.413501425791909,0.22435012049944425,1.1885657937068412,1.010280924650815
always_now,78,cct_region,2012,2.0,pvgis,365,1.074248607789109,72.79085383900801,10.0,180.51718460483815,0.32,2359,0.19581471687790647,1.0,0.18779143704959728,0.12689407689144347,0.991264367816092,0.9184782608695652,0.0,0.0,0.0,1.0,0.0,0.0,0.0,0.0,0.11817269991793561,0.24591957691255584,0.19581471687790647,0.9731581326658784,0.9999976851851852,0.8985445205479452,20.729461989872192,1.0,0.0,139.11600324190164,76.62195140951128,40.01074544735857,1.5397260273972602,0.0,0,nan,0.02048273466503431,0.00014980936764899096,0.992739171310543,1.4716342356527035,7.944933575293658,0.23321190997935604,1.2586637641750684,1.069864199548808
always_now,78,cct_region,2013,2.0,pvgis,365,1.074248607789109,72.79085383900801,10.0,180.51718460483815,0.31,2359,0.19581471687790647,1.0,0.18779143704959728,0.12689407689144347,0.991264367816092,0.9184782608695652,0.0,0.0,0.0,1.0,0.0,0.0,0.0,0.0,0.11817269991793561,0.24591957691255584,0.19581471687790647,0.9777840970205912,0.9999976851851852,0.882134703196347,20.64649507784094,1.0,0.0,147.42236440093876,76.62195140951128,47.54510259129038,1.5397260273972602,0.0,0,nan,0.02084928795882505,0.00014727900872660654,0.9929855671665653,1.4274360423444143,7.807190198393897,0.23599812019033695,1.2808705495681674,1.0887399671329425
always_now,78,cct_region,2014,2.0,pvgis,365,1.074248607789109,72.79085383900801,10.0,180.51718460483815,0.31,2359,0.19581471687790647,1.0,0.18779143704959728,0.12689407689144347,0.991264367816092,0.9184782608695652,0.0,0.0,0.0,1.0,0.0,0.0,0.0,0.0,0.11817269991793561,0.24591957691255584,0.19581471687790647,0.9813413867289534,0.9999976851851852,0.9170566971080669,22.297233232776282,1.0,0.0,150.77299182668625,76.62195140951128,50.897440422500644,1.5397260273972602,0.0,0,nan,0.02313221915937128,0.00016371583460624112,0.9929723432586602,1.42028553754997,7.036600671806827,0.25336490680866874,1.4211407562271463,1.2079696427930744
always_now,78,cct_region,2015,2.0,pvgis,365,1.074248607789109,72.79085383900801,10.0,180.51718460483815,0.32,2359,0.19581471687790647,1.0,0.18779143704959728,0.12689407689144347,0.991264367816092,0.9184782608695652,0.0,0.0,0.0,1.0,0.0,0.0,0.0,0.0,0.11817269991793561,0.24591957691255584,0.19581471687790647,0.9781051440404073,0.9999976851851852,0.8917713089802131,21.709066091403,1.0,0.0,143.517592427232,76.62195140951128,43.835678755324444,1.5397260273972602,0.0,0,nan,0.022066080323072827,0.00016404954282707326,0.9926203965601335,1.4367855697991967,7.373964651481559,0.24536467398289696,1.3561225843401383,1.1527041966891174
triage_only,0,cct_region,2013,0.5,pvgis,365,0.3162228164973532,85.70875921763201,10.0,153.30988477659398,0.28,1861,0.35803297546012264,-0.7560594214229861,0.4492208490059108,0.2011006666073273,0.643014301430143,0.16279069767441862,0.33369156367544334,0.0,0.6663084363245567,0.0,0.0,0.0,0.0,0.0,0.543424079754601,0.5286618098159508,0.788631134969325,0.3332458854094201,0.7445127825269452,0.0,20.64649507784094,1.0,0.0,43.39620730950464,67.34828504049241,0.0,0.0,0.08877473363774734,0,nan,0.010517181841330847,0.00011556777633844062,0.9891309604294272,0.7375458722561928,15.41691450691028,0.15256969611329452,0.6486382210602342,0.5513424879011991
triage_only,0,cct_region,2011,0.5,pvgis,365,0.3162228164973532,85.70875921763201,10.0,153.30988477659398,0.28,1861,0.35592407975460116,-0.7646598905394834,0.446534121440086,0.20174229960838422,0.636963696369637,0.16279069767441862,0.3401397098334229,0.0,0.6598602901665771,0.0,0.0,0.0,0.0,0.0,0.543424079754601,0.5286618098159508,0.788631134969325,0.3296506964385204,0.7388572879905441,0.0,19.639202912676332,1.0,0.0,43.29530497219543,67.337535253173,0.0,0.0,0.08922184170471842,0,nan,0.009736019665570975,0.00010745926301691069,0.989083202819196,0.7298258504492008,16.653074895392336,0.14585447578499355,0.6004897031218454,0.5104162476535685
triage_only,0,cct_region,2014,0.5,pvgis,365,0.3162228164973532,85.70875921763201,10.0,153.30988477659398,0.28,1861,0.3710697852760736,-0.7028928850664574,0.4648038688876948,0.20224776171788691,0.6694169416941694,0.16279069767441862,0.3068242880171951,0.0,0.6931757119828049,0.0,0.0,0.0,0.0,0.0,0.543424079754601,0.5286618098159508,0.788631134969325,0.34552491421871,0.748136614997196,0.0,22.297233232776282,1.0,0.0,44.38251982033472,67.38886529467406,0.0,0.0,0.07508561643835616,0,nan,0.01194692493642158,0.00013369739360351431,0.9889329051143976,0.7386812952524746,13.569184380640252,0.16475113121628715,0.7369639706766338,0.6264193750751388
triage_only,0,cct_region,2012,0.5,pvgis,365,0.3162228164973532,85.70875921763201,10.0,153.30988477659398,0.31,1861,0.32237346625766866,-0.901485535574667,0.3949489521762493,0.15010004210258113,0.5742574257425742,0.13953488372093023,0.4234282643739925,0.0,0.5765717356260075,0.0,0.0,0.0,0.0,0.0,0.543424079754601,0.5286618098159508,0.788631134969325,0.32248711311929346,0.7391174049253544,0.0,20.729461989872192,1.0,0.0,40.951092741508575,67.20584172836774,0.0,0.0,0.1202720700152207,0,nan,0.01033255089401259,0.00010849217931918582,0.989609066971834,0.7129366565295396,15.699982336791715,0.15094352002753342,0.6369433917492863,0.5414018829868933
triage_only,0,cct_region,2015,0.5,pvgis,365,0.3162228164973532,85.70875921763201,10.0,153.30988477659398,0.28,1861,0.3342599693251533,-0.8530101641907736,0.40838259000537347,0.15200190970759925,0.6006600660066007,0.13953488372093023,0.39763567974207414,0.0,0.6023643202579259,0.0,0.0,0.0,0.0,0.0,0.543424079754601,0.5286618098159508,0.788631134969325,0.32201992325073614,0.7403763835258222,0.0,21.709066091403,1.0,0.0,42.24677320053634,67.24968298290852,0.0,0.0,0.10233066971080669,0,nan,0.01115422928608592,0.0001162479249354394,0.9896856253059311,0.7114309865362348,14.54456530631103,0.1579568762203436,0.6875420330135891,0.5844107280615507
triage_only,100,cct_region,2011,0.5,pvgis,365,0.3052640870787947,82.73851465568,10.0,158.8135834282582,0.3,4890,0.0692813775887965,-0.12382636263870254,0.07893660531697341,0.076566192000012,0.635591420683797,0.4198895027624309,0.2952965235173824,0.0,0.7047034764826176,0.0,0.0,0.0,0.0,0.0,0.11224640900340586,0.169427344460663,0.4592244716633877,0.27437509956652023,0.7332691489047684,0.0,19.639202912676332,1.0,0.0,41.79490238410944,70.00908585497909,0.0,0.0,0.1496099695585997,0,nan,0.009107609996929231,8.807028699410691e-05,0.9904226458212039,0.6720594502606526,17.82621695923644,0.1403029149166447,0.5609715186832516,0.4768257908807638
triage_only,100,cct_region,2012,0.5,pvgis,365,0.3052640870787947,82.73851465568,10.0,158.8135834282582,0.29,4890,0.06926022296968543,-0.12388733081331538,0.0787321063394683,0.07661620822240602,0.635591420683797,0.39226519337016574,0.2965235173824131,0.0,0.7034764826175869,0.0,0.0,0.0,0.0,0.0,0.11224640900340586,0.169427344460663,0.4592244716633877,0.2721225594949784,0.7335742190027216,0.0,20.729461989872192,1.0,0.0,39.53192903371723,70.0062372771089,0.0,0.0,0.17887176560121765,0,nan,0.009713204335570704,9.089008140534674e-05,0.9907293751426987,0.6622352930953024,16.719972784549203,0.14551798978407982,0.5980870979192575,0.5083740332313689
triage_only,100,cct_region,2013,0.5,pvgis,365,0.3052640870787947,82.73851465568,10.0,158.8135834282582,0.3,4890,0.0692813775887965,-0.12382636263870254,0.07893660531697341,0.076566192000012,0.635591420683797,0.4198895027624309,0.2952965235173824,0.0,0.7047034764826176,0.0,0.0,0.0,0.0,0.0,0.11224640900340586,0.169427344460663,0.4592244716633877,0.2772973232137452,0.7387999955773777,0.0,20.64649507784094,1.0,0.0,41.892307942077814,70.00908585497909,0.0,0.0,0.1483162100456621,0,nan,0.009827964695152508,9.295964831518427e-05,0.990629940810264,0.6782490419990552,16.523076495077213,0.14651575050545074,0.6052141683771385,0.5144320431205678
triage_only,100,cct_region,2014,0.5,pvgis,365,0.3052640870787947,82.73851465568,10.0,158.8135834282582,0.31,4890,0.07184108650123754,-0.11644921351054743,0.08159509202453988,0.08211651836147497,0.6432363559142068,0.430939226519337,0.28732106339468305,0.0,0.712678936605317,0.0,0.0,0.0,0.0,0.0,0.11224640900340586,0.169427344460663,0.4592244716633877,0.28640029320709753,0.7423834293244858,0.0,22.297233232776282,1.0,0.0,42.844439706406234,70.03518055850381,0.0,0.0,0.13511225266362253,0,nan,0.011152849946611584,0.0001084362058622723,0.9903708862030426,0.678986081928588,14.556436059746147,0.15787947922494983,0.686981343438429,0.5839341419226646
triage_only,105,cct_region,2011,0.5,pvgis,365,0.264632338334809,71.725720549728,10.0,183.19788075032216,0.29,2169,0.09487547892720308,-0.005253346890357572,0.11249423697556478,0.10908205014290155,0.7609427609427609,0.4,0.06639004149377593,0.0,0.9336099585062241,0.0,0.0,0.0,0.0,0.0,0.096360153256705,0.25373563218390804,0.3789750957854406,0.2572431773965019,0.7298124479500533,0.0,19.639202912676332,1.0,0.0,36.23185044209719,68.26244766271658,0.0,0.0,0.20217846270928463,0,nan,0.008912288138214907,1.1724441037578601e-05,0.9986861917849783,0.4111707261522671,18.368888476255528,0.13796389332696102,0.5443987540632337,0.4627389409537486
triage_only,100,cct_region,2015,0.5,pvgis,365,0.3052640870787947,82.73851465568,10.0,158.8135834282582,0.32,4890,0.06862558439635294,-0.12571637605170094,0.07811860940695296,0.072743564759614,0.631768953068592,0.39226519337016574,0.3002044989775051,0.0,0.6997955010224949,0.0,0.0,0.0,0.0,0.0,0.11224640900340586,0.169427344460663,0.4592244716633877,0.27053028099480575,0.7347286473101101,0.0,21.709066091403,1.0,0.0,40.78270757288786,69.99769154349833,0.0,0.0,0.16470700152207002,0,nan,0.01049590273765418,9.428790188015878e-05,0.9910966756794564,0.6547478429689262,15.478870721839835,0.15220895388579359,0.6460419613099133,0.5491356671134263
triage_only,105,cct_region,2012,0.5,pvgis,365,0.264632338334809,71.725720549728,10.0,183.19788075032216,0.33,2169,0.09487547892720308,-0.005253346890357572,0.11249423697556478,0.10908205014290155,0.7609427609427609,0.4,0.06639004149377593,0.0,0.9336099585062241,0.0,0.0,0.0,0.0,0.0,0.096360153256705,0.25373563218390804,0.3789750957854406,0.25591324337350824,0.7300695816385887,0.0,20.729461989872192,1.0,0.0,34.27008698988615,68.26244766271658,0.0,0.0,0.22683599695585996,0,nan,0.009514263709430013,1.3248373598454123e-05,0.9986094613700828,0.4134443178600099,17.20535123969998,0.14315121225571648,0.5812145221961988,0.494032343866769
triage_only,105,cct_region,2013,0.5,pvgis,365,0.264632338334809,71.725720549728,10.0,183.19788075032216,0.32,2169,0.09487547892720308,-0.005253346890357572,0.11249423697556478,0.10908205014290155,0.7609427609427609,0.4,0.06639004149377593,0.0,0.9336099585062241,0.0,0.0,0.0,0.0,0.0,0.096360153256705,0.25373563218390804,0.3789750957854406,0.2599038825300567,0.7345947458649477,0.0,20.64649507784094,1.0,0.0,36.316290969702145,68.26244766271658,0.0,0.0,0.20072298325722984,0,nan,0.009612704624727266,1.6285070142392495e-05,0.9983087457086937,0.42088881888724844,17.02402817154633,0.1440203457662077,0.5874050429917538,0.49929428654299074
triage_only,105,cct_region,2014,0.5,pvgis,365,0.264632338334809,71.725720549728,10.0,183.19788075032216,0.33,2169,0.09487547892720308,-0.005253346890357572,0.11249423697556478,0.10908205014290155,0.7609427609427609,0.4,0.06639004149377593,0.0,0.9336099585062241,0.0,0.0,0.0,0.0,0.0,0.096360153256705,0.25373563218390804,0.3789750957854406,0.2662837160923857,0.7378978470370735,0.0,22.297233232776282,1.0,0.0,37.14169056913848,68.26244766271658,0.0,0.0,0.18965943683409436,0,nan,0.010882837884107157,1.5739945525010958e-05,0.9985557798667808,0.41369402211311934,15.040879130421633,0.15481945391580332,0.6648547543856019,0.5651265412277616
triage_only,105,cct_region,2015,0.5,pvgis,365,0.264632338334809,71.725720549728,10.0,183.19788075032216,0.36,2169,0.09487547892720308,-0.005253346890357572,0.11249423697556478,0.10908205014290155,0.7609427609427609,0.4,0.06639004149377593,0.0,0.9336099585062241,0.0,0.0,0.0,0.0,0.0,0.096360153256705,0.25373563218390804,0.3789750957854406,0.2551042446949968,0.7311127997480846,0.0,21.709066091403,1.0,0.0,35.35438240349712,68.26244766271658,0.0,0.0,0.21664764079147641,0,nan,0.01030932176677156,1.571090187333301e-05,0.9984783678291843,0.4153184520955658,15.876384810558143,0.1499579265654245,0.6298663152426099,0.5353863679562184
triage_only,130,cct_region,2013,0.5,pvgis,365,0.2526532182741883,68.47891018896,10.0,191.883894818735,0.27,1455,0.12490793931359555,-0.15112321307011556,0.12646048109965635,0.07789428753859763,0.6280623608017817,0.5277777777777778,0.3539518900343643,0.0,0.6460481099656358,0.0,0.0,0.0,0.0,0.0,0.15760789512446605,0.3132272794225954,0.3739873324495508,0.2628070869713549,0.7354134956514461,0.0,20.64649507784094,1.0,0.0,34.672360328345206,67.25217193645567,0.0,0.0,0.20941780821917808,0,nan,0.009648142534009193,8.570922188169352e-06,0.9991124390065993,0.39999007066276804,16.97515335549169,0.1442576390124244,0.5890962980175296,0.5007318533149001
triage_only,130,cct_region,2012,0.5,pvgis,365,0.2526532182741883,68.47891018896,10.0,191.883894818735,0.29,1455,0.12490793931359555,-0.15112321307011556,0.12646048109965635,0.07789428753859763,0.6280623608017817,0.5277777777777778,0.3539518900343643,0.0,0.6460481099656358,0.0,0.0,0.0,0.0,0.0,0.15760789512446605,0.3132272794225954,0.3739873324495508,0.25900068579984176,0.731089108503019,0.0,20.729461989872192,1.0,0.0,32.71878192595117,67.25217193645567,0.0,0.0,0.23386605783866057,0,nan,0.009549578324838048,8.58774571666894e-06,0.9991015278816797,0.39999007066276804,17.150171970121136,0.14341385076677904,0.58308453217973,0.49562185235277045
triage_only,130,cct_region,2011,0.5,pvgis,365,0.2526532182741883,68.47891018896,10.0,191.883894818735,0.3,1455,0.12490793931359555,-0.15112321307011556,0.12646048109965635,0.07789428753859763,0.6280623608017817,0.5277777777777778,0.3539518900343643,0.0,0.6460481099656358,0.0,0.0,0.0,0.0,0.0,0.15760789512446605,0.3132272794225954,0.3739873324495508,0.26026078842617123,0.7309157318516157,0.0,19.639202912676332,1.0,0.0,34.59174217265647,67.25217193645567,0.0,0.0,0.2106164383561644,0,nan,0.008944326689892661,7.953327701657212e-06,0.9991115863572155,0.39999007066276804,18.31088745066316,0.13820757360082292,0.5461231754574426,0.46420469913882617
triage_only,130,cct_region,2014,0.5,pvgis,365,0.2526532182741883,68.47891018896,10.0,191.883894818735,0.29,1455,0.12498158786271912,-0.15078284547311083,0.12714776632302405,0.07890113413610172,0.6302895322939867,0.5370370370370371,0.35051546391752575,0.0,0.6494845360824743,0.0,0.0,0.0,0.0,0.0,0.15760789512446605,0.3132272794225954,0.3739873324495508,0.26881979432812475,0.7386721007700978,0.0,22.297233232776282,1.0,0.0,35.46039653915772,67.25707206713699,0.0,0.0,0.19895357686453577,0,nan,0.010916778640722768,9.696663387212083e-06,0.9991125533973829,0.39999007066276804,15.002476760948747,0.15505520860426492,0.6665566065751137,0.5665731155888467
triage_only,130,cct_region,2015,0.5,pvgis,365,0.2526532182741883,68.47891018896,10.0,191.883894818735,0.28,1455,0.12490793931359555,-0.15112321307011556,0.12646048109965635,0.07813282277497034,0.621380846325167,0.5277777777777778,0.36013745704467354,0.0,0.6398625429553264,0.0,0.0,0.0,0.0,0.0,0.15760789512446605,0.3132272794225954,0.3739873324495508,0.25825695619339606,0.7321941924218869,0.0,21.709066091403,1.0,0.0,33.753994506289885,67.24032012228187,0.0,0.0,0.22429604261796043,0,nan,0.01034530273361615,9.20000981720047e-06,0.9991114967038823,0.39999007066276804,15.83119884080849,0.15020840518477463,0.6316641020402537,0.5369144867342156
triage_only,28,cct_region,2012,0.5,pvgis,365,0.2576552408749775,69.834654076896,10.0,188.158732561793,0.29,1333,0.12972972972972974,-0.3251974156496769,0.14403600900225055,0.08544346521628982,0.6363636363636364,0.45517241379310347,0.1935483870967742,0.0,0.8064516129032258,0.0,0.0,0.0,0.0,0.0,0.1674012474012474,0.18985446985446985,0.28324324324324324,0.26134203104622605,0.731219641972842,0.0,20.729461989872192,1.0,0.0,33.36654761752561,67.46784388590285,0.0,0.0,0.2277872907153729,0,nan,0.009575446582091618,9.700581490851242e-06,0.998987956958271,0.403050471696567,17.10189619746259,0.14364495327447202,0.5847304816107878,0.4970209093691696
triage_only,28,cct_region,2013,0.5,pvgis,365,0.2576552408749775,69.834654076896,10.0,188.158732561793,0.29,1333,0.12972972972972974,-0.3251974156496769,0.14403600900225055,0.08536287205059027,0.6363636363636364,0.46206896551724136,0.19279819954988747,0.0,0.8072018004501126,0.0,0.0,0.0,0.0,0.0,0.1674012474012474,0.18985446985446985,0.28324324324324324,0.26523108718569427,0.7356270916501344,0.0,20.64649507784094,1.0,0.0,35.358802920170255,67.46831864888122,0.0,0.0,0.20271118721461187,0,nan,0.009676089928936439,8.979376896158681e-06,0.9990728639504157,0.4010012984409179,16.92545367024591,0.14450027382661135,0.590826112837347,0.502202195911745
triage_only,28,cct_region,2011,0.5,pvgis,365,0.2576552408749775,69.834654076896,10.0,188.158732561793,0.31,1333,0.12972972972972974,-0.3251974156496769,0.14403600900225055,0.08544346521628982,0.6363636363636364,0.45517241379310347,0.1935483870967742,0.0,0.8064516129032258,0.0,0.0,0.0,0.0,0.0,0.1674012474012474,0.18985446985446985,0.28324324324324324,0.26265181328377174,0.7309658150014258,0.0,19.639202912676332,1.0,0.0,35.27658868809041,67.46784388590285,0.0,0.0,0.2040144596651446,0,nan,0.008969326522172007,7.973129580185738e-06,0.999111856583886,0.39999007066276804,18.25985521124892,0.13842319752567922,0.5476494684273036,0.46550204816320795
triage_only,28,cct_region,2014,0.5,pvgis,365,0.2576552408749775,69.834654076896,10.0,188.158732561793,0.3,1333,0.12972972972972974,-0.3251974156496769,0.14403600900225055,0.08522034939966898,0.6363636363636364,0.4689655172413793,0.19204801200300076,0.0,0.8079519879969993,0.0,0.0,0.0,0.0,0.0,0.1674012474012474,0.18985446985446985,0.28324324324324324,0.27152640768599573,0.7388717004010101,0.0,22.297233232776282,1.0,0.0,36.16244065374859,67.4687934118596,0.0,0.0,0.19189497716894977,0,nan,0.010950905121209428,1.208451707762153e-05,0.998897698759523,0.40508426141621034,14.952508142167986,0.15536368271306766,0.6687841200232302,0.5684665020197456
triage_only,40,cct_region,2011,0.5,pvgis,365,0.2463447621244807,66.769071679648,10.0,196.7977039286174,0.29,1079,0.10150414407039804,-0.7318840579710145,0.1102873030583874,0.07354726939176283,0.6759834368530021,0.45132743362831856,0.3030583873957368,0.0,0.6969416126042632,0.0,0.0,0.0,0.0,0.0,0.16351171595211297,0.1324056072853781,0.24823493297861457,0.2563651964856074,0.7314890688237526,0.0,19.639202912676332,1.0,0.0,33.728026720588076,67.23112702283842,0.0,0.0,0.22275494672754947,0,nan,0.008899424378637255,7.921170650365494e-06,0.9991107147907832,0.39999007066276804,18.403259525740584,0.13782018179064015,0.5433820017596899,0.4618747014957364
triage_only,28,cct_region,2015,0.5,pvgis,365,0.2576552408749775,69.834654076896,10.0,188.158732561793,0.32,1333,0.12972972972972974,-0.3251974156496769,0.14403600900225055,0.08569785490242104,0.6313131313131313,0.45517241379310347,0.1980495123780945,0.0,0.8019504876219055,0.0,0.0,0.0,0.0,0.0,0.1674012474012474,0.18985446985446985,0.28324324324324324,0.26050415512625497,0.7322655425724099,0.0,21.709066091403,1.0,0.0,34.42225531270494,67.46246899224316,0.0,0.0,0.21808409436834095,0,nan,0.010373687461626301,9.669720889372216e-06,0.9990687288591348,0.40099202545307955,15.787205327484932,0.15045357949280602,0.6334243327152004,0.5384106828079203
triage_only,40,cct_region,2012,0.5,pvgis,365,0.2463447621244807,66.769071679648,10.0,196.7977039286174,0.36,1079,0.10150414407039804,-0.7318840579710145,0.1102873030583874,0.07354726939176283,0.6759834368530021,0.45132743362831856,0.3030583873957368,0.0,0.6969416126042632,0.0,0.0,0.0,0.0,0.0,0.16351171595211297,0.1324056072853781,0.24823493297861457,0.2552189050518096,0.7316410880860957,0.0,20.729461989872192,1.0,0.0,31.901832106504624,67.23112702283842,0.0,0.0,0.2453386605783866,0,nan,0.009502201339121987,8.554036000878353e-06,0.999100593416244,0.39999007066276804,17.235664819827488,0.14300760907386245,0.5801922991967357,0.4931634543172253
triage_only,40,cct_region,2013,0.5,pvgis,365,0.2463447621244807,66.769071679648,10.0,196.7977039286174,0.37,1079,0.10150414407039804,-0.7318840579710145,0.1102873030583874,0.07354726939176283,0.6759834368530021,0.45132743362831856,0.3030583873957368,0.0,0.6969416126042632,0.0,0.0,0.0,0.0,0.0,0.16351171595211297,0.1324056072853781,0.24823493297861457,0.25890602553062003,0.7358579710662679,0.0,20.64649507784094,1.0,0.0,33.80663193496785,67.23112702283842,0.0,0.0,0.2213375190258752,0,nan,0.009599508159632723,8.536219510133048e-06,0.9991115549457013,0.39999007066276804,17.061140161346156,0.14384102659794906,0.5861272989630595,0.4982082041186005
triage_only,40,cct_region,2014,0.5,pvgis,365,0.2463447621244807,66.769071679648,10.0,196.7977039286174,0.36,1079,0.10457382584672056,-0.6956521739130435,0.11306765523632993,0.08540497690164425,0.6821946169772257,0.45132743362831856,0.2974976830398517,0.0,0.7025023169601483,0.0,0.0,0.0,0.0,0.0,0.16351171595211297,0.1324056072853781,0.24823493297861457,0.26445286523363376,0.7390517702578601,0.0,22.297233232776282,1.0,0.0,34.574991800811475,67.23902823228761,0.0,0.0,0.21205289193302893,0,nan,0.010858609336353,9.652724811467418e-06,0.9991118428358515,0.39999007066276804,15.082833934851488,0.15456318810239067,0.6630053770527352,0.5635545704948249
triage_only,46,cct_region,2011,0.5,pvgis,365,0.32494362877726723,88.072440650112,10.0,149.1953658034943,0.31,6276,0.1812328815850318,nan,0.18387507966857872,0.08779361849864867,0.6742342342342342,0.6639118457300276,0.165710643722116,0.0,0.834289356277884,0.0,0.0,0.0,0.0,0.0,0.20872905773129866,0.1088997972468253,0.14310105645075233,0.28919881938320185,0.7353340869265994,0.0,19.639202912676332,1.0,0.0,44.48930555522212,71.44333263888836,0.0,0.0,0.13250570776255707,0,nan,0.009265079612600846,0.00010508380177707923,0.9887852754397181,0.7528472290797759,17.49427246673831,0.14180179295954143,0.5716156541526893,0.48587330602978596
triage_only,46,cct_region,2013,0.5,pvgis,365,0.32494362877726723,88.072440650112,10.0,149.1953658034943,0.3,6276,0.1812328815850318,nan,0.18387507966857872,0.08793648549945675,0.6706306306306307,0.6639118457300276,0.16889738687061823,0.0,0.8311026131293817,0.0,0.0,0.0,0.0,0.0,0.20872905773129866,0.1088997972468253,0.14310105645075233,0.2924038355905664,0.7411384748874473,0.0,20.64649507784094,1.0,0.0,44.592990583395554,71.41699527405774,0.0,0.0,0.1315163622526636,0,nan,0.010011672414377415,0.00011280628375248976,0.9888580649813282,0.75801858462366,16.190877250723915,0.14825136396202476,0.6176317592397834,0.5249869953538159
triage_only,46,cct_region,2012,0.5,pvgis,365,0.32494362877726723,88.072440650112,10.0,149.1953658034943,0.32,6276,0.1810550279230249,nan,0.1837157425111536,0.08805297139236183,0.6652252252252252,0.6639118457300276,0.17415551306564692,0.0,0.8258444869343531,0.0,0.0,0.0,0.0,0.0,0.20872905773129866,0.1088997972468253,0.14310105645075233,0.2864161972886142,0.7355954234321201,0.0,20.729461989872192,1.0,0.0,42.080444495477394,71.38111756945571,0.0,0.0,0.1642884322678843,0,nan,0.009876638229767379,0.0001069988284945593,0.9892825802991292,0.7319517975098312,16.4192859648614,0.14705085133594287,0.60903988281834,0.517683900395589
triage_only,46,cct_region,2014,0.5,pvgis,365,0.32494362877726723,88.072440650112,10.0,149.1953658034943,0.31,6276,0.18372283285312843,nan,0.1861057998725303,0.0879097227022192,0.6863063063063063,0.6804407713498623,0.14308476736775017,0.0,0.8569152326322499,0.0,0.0,0.0,0.0,0.0,0.20872905773129866,0.1088997972468253,0.14310105645075233,0.30242278283322355,0.7448122763763143,0.0,22.297233232776282,1.0,0.0,45.60650368130288,71.54948582392171,0.0,0.0,0.11880707762557077,0,nan,0.011365706521469685,0.0001320539095430959,0.9885148146601743,0.7646683751463956,14.257054042180204,0.15986854206011103,0.7014071750317072,0.5961960987769512
triage_only,40,cct_region,2015,0.5,pvgis,365,0.2463447621244807,66.769071679648,10.0,196.7977039286174,0.37,1079,0.10129949861864321,-0.7342995169082125,0.10843373493975904,0.07162092420109828,0.6666666666666666,0.415929203539823,0.3169601482854495,0.0,0.6830398517145505,0.0,0.0,0.0,0.0,0.0,0.16351171595211297,0.1324056072853781,0.24823493297861457,0.2546566733142056,0.7327356077248663,0.0,21.709066091403,1.0,0.0,32.911196636249485,67.21642663079444,0.0,0.0,0.23606354642313546,0,nan,0.01030326615535437,9.165626684306536e-06,0.9991112060784468,0.39999007066276804,15.895784359465988,0.14985080369158088,0.629097613169681,0.5347329711942289
triage_only,46,cct_region,2015,0.5,pvgis,365,0.32494362877726723,88.072440650112,10.0,149.1953658034943,0.32,6276,0.17981005228897662,nan,0.1826003824091778,0.08801653809084412,0.6607207207207207,0.6584022038567493,0.18036966220522627,0.0,0.8196303377947738,0.0,0.0,0.0,0.0,0.0,0.20872905773129866,0.1088997972468253,0.14310105645075233,0.28467360739371594,0.7369011407970887,0.0,21.709066091403,1.0,0.0,43.41185730988292,71.34070707645716,0.0,0.0,0.1475456621004566,0,nan,0.01066964455949821,0.00011543748016715749,0.9892965598460354,0.7356045118946871,15.199160398234346,0.1538596492790788,0.6579310789536558,0.5592414171106075
triage_only,7,cct_region,2012,0.5,pvgis,365,0.2592832308673501,70.275903079136,10.0,186.97731973936163,0.29,1853,0.38929801639149547,nan,0.3561791689152725,0.15166729002300294,0.7783783783783784,0.4946808510638298,0.23961144090663788,0.0,0.7603885590933621,0.0,0.0,0.0,0.0,0.0,0.45064734529041467,0.20602209288514078,0.22146335669319397,0.2566769855328157,0.7324759487117514,0.0,20.729461989872192,1.0,0.0,33.5773735468446,67.89167787857345,0.0,0.0,0.2312785388127854,0,nan,0.009522404498023565,1.0063088031354445e-05,0.9989443354576861,0.40410245558421554,17.196406948059877,0.14319367572826636,0.5815168267536385,0.4942893027405927
triage_only,7,cct_region,2011,0.5,pvgis,365,0.2592832308673501,70.275903079136,10.0,186.97731973936163,0.29,1853,0.38929801639149547,nan,0.3561791689152725,0.15142037644275602,0.7783783783783784,0.5106382978723404,0.23799244468429573,0.0,0.7620075553157043,0.0,0.0,0.0,0.0,0.0,0.45064734529041467,0.20602209288514078,0.22146335669319397,0.2579640375834149,0.7322225468951947,0.0,19.639202912676332,1.0,0.0,35.499483177463915,67.89310216750854,0.0,0.0,0.20717275494672754,0,nan,0.00891999548820775,7.934352887911532e-06,0.9991112886157115,0.39999007066276804,18.360828853564684,0.13799766638841293,0.5446377219543953,0.462942063661236
triage_only,7,cct_region,2013,0.5,pvgis,365,0.2592832308673501,70.275903079136,10.0,186.97731973936163,0.3,1853,0.3964247535336739,nan,0.36265515380464114,0.15247347066957742,0.7855855855855856,0.5106382978723404,0.23151645979492713,0.0,0.7684835402050728,0.0,0.0,0.0,0.0,0.0,0.45064734529041467,0.20602209288514078,0.22146335669319397,0.2605734157570899,0.7369106378658321,0.0,20.64649507784094,1.0,0.0,35.5822168786866,67.89879932324891,0.0,0.0,0.2058314307458143,0,nan,0.009620719752636451,1.2620769719682246e-05,0.9986898864739191,0.4110862000405291,17.01633939427043,0.14405758976189775,0.5876704600383733,0.4995198910326173
triage_only,7,cct_region,2015,0.5,pvgis,365,0.2592832308673501,70.275903079136,10.0,186.97731973936163,0.29,1853,0.3839529635348617,nan,0.3513221802482461,0.15124922557735324,0.7675675675675676,0.4946808510638298,0.24932541824069077,0.0,0.7506745817593092,0.0,0.0,0.0,0.0,0.0,0.45064734529041467,0.20602209288514078,0.22146335669319397,0.25592811206618926,0.7335167784444908,0.0,21.709066091403,1.0,0.0,34.63975171205602,67.8831321449629,0.0,0.0,0.22115677321156774,0,nan,0.0103199479285009,9.628858916499466e-06,0.9990678360677633,0.4010092727571998,15.869400576862809,0.14999655378232735,0.6301435237938193,0.5356219952247464
triage_only,7,cct_region,2014,0.5,pvgis,365,0.2592832308673501,70.275903079136,10.0,186.97731973936163,0.3,1853,0.40182919586649263,nan,0.36805180787911496,0.1540428746739625,0.793993993993994,0.5478723404255319,0.2174851592012952,0.0,0.7825148407987048,0.0,0.0,0.0,0.0,0.0,0.45064734529041467,0.20602209288514078,0.22146335669319397,0.26670944319378553,0.7401646771621856,0.0,22.297233232776282,1.0,0.0,36.390932382790126,67.91535368700222,0.0,0.0,0.19519596651445967,0,nan,0.01088803921559093,1.2377612056396663e-05,0.9988644826842766,0.4061507468027693,15.038341599306593,0.15483499686391888,0.6649669402682735,0.5652218992280325
triage_only,78,cct_region,2011,0.5,pvgis,365,0.26856215194727723,72.79085383900801,10.0,180.51718460483815,0.32,2359,0.08293061001185373,-0.45390487375220173,0.08817295464179738,0.07425492073112773,0.5802298850574713,0.33695652173913043,0.31793132683340397,0.0,0.682068673166596,0.0,0.0,0.0,0.0,0.0,0.11817269991793561,0.24591957691255584,0.19581471687790647,0.26744480411208,0.7318874201796178,0.0,19.639202912676332,1.0,0.0,36.76989662333198,67.79210415845473,0.0,0.0,0.18791856925418568,0,nan,0.009025765442058084,1.5771093270138027e-05,0.9982557065153125,0.42074392902040286,18.13012547021021,0.13897655158483857,0.5515681629689271,0.46883293852358804
triage_only,78,cct_region,2012,0.5,pvgis,365,0.26856215194727723,72.79085383900801,10.0,180.51718460483815,0.31,2359,0.08201878362359806,-0.4656488549618317,0.08732513777024163,0.07404157756289387,0.577471264367816,0.33695652173913043,0.32301822806273844,0.0,0.6769817719372615,0.0,0.0,0.0,0.0,0.0,0.11817269991793561,0.24591957691255584,0.19581471687790647,0.2659706104421282,0.7321428592682359,0.0,20.729461989872192,1.0,0.0,34.77900081047541,67.78640700271436,0.0,0.0,0.21224315068493152,0,nan,0.009633710396800376,1.6977625097506326e-05,0.9982407860394013,0.4244701429013557,16.9857518403909,0.14420607175070632,0.5887287235776468,0.5004194150409998
triage_only,78,cct_region,2013,0.5,pvgis,365,0.26856215194727723,72.79085383900801,10.0,180.51718460483815,0.3,2359,0.08293061001185373,-0.45390487375220173,0.08817295464179738,0.07432729726881719,0.5802298850574713,0.33695652173913043,0.3192030521407376,0.0,0.6807969478592624,0.0,0.0,0.0,0.0,0.0,0.11817269991793561,0.24591957691255584,0.19581471687790647,0.27008010559380197,0.7367343291780569,0.0,20.64649507784094,1.0,0.0,36.85559110023469,67.79067986951964,0.0,0.0,0.18632039573820397,0,nan,0.009737228320195251,2.397170210624474e-05,0.9975441849310048,0.4421488810768683,16.793446651484594,0.14515136486621294,0.5954703764826006,0.5061498200102105
triage_only,78,cct_region,2014,0.5,pvgis,365,0.26856215194727723,72.79085383900801,10.0,180.51718460483815,0.3,2359,0.08671468952311479,-0.405167351732237,0.09283594743535396,0.07678104287521699,0.5986206896551725,0.34782608695652173,0.29673590504451036,0.0,0.7032640949554896,0.0,0.0,0.0,0.0,0.0,0.11817269991793561,0.24591957691255584,0.19581471687790647,0.2770384286480345,0.7400338832137724,0.0,22.297233232776282,1.0,0.0,37.69324795667156,67.83605283368898,0.0,0.0,0.1755802891933029,0,nan,0.011026068352507768,2.0092421324206955e-05,0.9981810493495799,0.4244370787888559,14.839924493704807,0.156065893735842,0.6738578760452633,0.5727791946384738
triage_only,0,cct_region,2011,1.0,pvgis,365,0.6324456329947064,85.70875921763201,10.0,153.30988477659398,0.28,1861,0.543424079754601,0.0,0.7291778613648576,0.2307638707350733,0.9823982398239824,0.20930232558139536,0.0,0.0,1.0,0.0,0.0,0.0,0.0,0.0,0.543424079754601,0.5286618098159508,0.788631134969325,0.8881682626731267,0.9972664667558896,0.4715563165905632,19.639202912676332,1.0,0.0,86.59060994439086,67.75174442900305,0.6068349248689047,0.0,0.0,0,nan,0.017718304860772697,0.0001382255605409145,0.9922591031247634,1.2974000955210538,9.180069585821103,0.21162756209209543,1.089316361549732,0.9259189073172723
triage_only,78,cct_region,2015,0.5,pvgis,365,0.26856215194727723,72.79085383900801,10.0,180.51718460483815,0.31,2359,0.07745965168231968,-0.524368761009982,0.0830860534124629,0.07075938810026454,0.5622988505747126,0.30434782608695654,0.3420941076727427,0.0,0.6579058923272573,0.0,0.0,0.0,0.0,0.0,0.11817269991793561,0.24591957691255584,0.19581471687790647,0.2649286695779803,0.7331667351423564,0.0,21.709066091403,1.0,0.0,35.879398106808,67.76504266868797,0.0,0.0,0.20195015220700152,0,nan,0.010426763907820512,2.1802414608036934e-05,0.9979133582603351,0.4283543233940606,15.688677926761693,0.15100739594349644,0.637402338596169,0.5417919878067436
triage_only,0,cct_region,2012,1.0,pvgis,365,0.6324456329947064,85.70875921763201,10.0,153.30988477659398,0.29,1861,0.543424079754601,0.0,0.7291778613648576,0.2307638707350733,0.9823982398239824,0.20930232558139536,0.0,0.0,1.0,0.0,0.0,0.0,0.0,0.0,0.543424079754601,0.5286618098159508,0.788631134969325,0.8595705851787955,0.9539426466691135,0.3000285388127854,20.729461989872192,1.0,0.0,81.90218548301715,67.75174442900305,0.0,0.0,0.0,0,nan,0.018397204424850353,0.00013989262057388503,0.9924533695739367,1.283951424153324,8.843034668659405,0.21697474557951824,1.1308335175300166,0.9612084899005141
triage_only,0,cct_region,2015,1.0,pvgis,365,0.6324456329947064,85.70875921763201,10.0,153.30988477659398,0.28,1861,0.543424079754601,0.0,0.7291778613648576,0.2307638707350733,0.9823982398239824,0.20930232558139536,0.0,0.0,1.0,0.0,0.0,0.0,0.0,0.0,0.543424079754601,0.5286618098159508,0.788631134969325,0.866422073573648,0.9356179232929343,0.38602549467275493,21.709066091403,1.0,0.0,84.49354640107268,67.75174442900305,0.0,0.0,0.0,0,nan,0.01965074441928937,0.00015938955492969618,0.9919541404850101,1.2841750076399507,8.274764423214984,0.226879765190643,1.2084936184944237,1.02721957572026
triage_only,100,cct_region,2011,1.0,pvgis,365,0.6105281741575894,82.73851465568,10.0,158.8135834282582,0.29,4890,0.11224640900340586,0.0,0.12249488752556237,0.08913631557964102,0.8914843915905712,0.580110497237569,0.0,0.0,1.0,0.0,0.0,0.0,0.0,0.0,0.11224640900340586,0.169427344460663,0.4592244716633877,0.7888293827233949,0.8517372429587846,0.0,19.639202912676332,1.0,0.0,83.58980476821888,71.5460120167942,0.0,0.0,0.0,0,nan,0.015826377340251895,0.00014366847603806737,0.9910038782799534,1.324515361330946,10.264478493967902,0.19661386694659733,0.9742336160455374,0.8280985736387068
triage_only,0,cct_region,2013,1.0,pvgis,365,0.6324456329947064,85.70875921763201,10.0,153.30988477659398,0.32,1861,0.543424079754601,0.0,0.7291778613648576,0.2307638707350733,0.9823982398239824,0.20930232558139536,0.0,0.0,1.0,0.0,0.0,0.0,0.0,0.0,0.543424079754601,0.5286618098159508,0.788631134969325,0.8938582442804788,0.9975929881262964,0.5424181887366819,20.64649507784094,1.0,0.0,86.79241461900928,67.75174442900305,0.9453235020004649,0.0,0.0,0,nan,0.019217628193476794,0.00014852312997397238,0.9923307874913626,1.296591492154473,8.464469222157325,0.22343961429139325,1.1814089859081935,1.0041976380219646
triage_only,100,cct_region,2012,1.0,pvgis,365,0.6105281741575894,82.73851465568,10.0,158.8135834282582,0.3,4890,0.11224640900340586,0.0,0.12249488752556237,0.08913631557964102,0.8914843915905712,0.580110497237569,0.0,0.0,1.0,0.0,0.0,0.0,0.0,0.0,0.11224640900340586,0.169427344460663,0.4592244716633877,0.7578649254816506,0.818441839956475,0.0,20.729461989872192,1.0,0.0,79.06385806743447,71.5460120167942,0.0,0.0,0.0,0,nan,0.0164265132307522,0.00014339009114133896,0.9913463531828892,1.3049718840921887,9.892887643611058,0.20141861385906001,1.010827208419588,0.8592031271566498
triage_only,0,cct_region,2014,1.0,pvgis,365,0.6324456329947064,85.70875921763201,10.0,153.30988477659398,0.34,1861,0.543424079754601,0.0,0.7291778613648576,0.2307638707350733,0.9823982398239824,0.20930232558139536,0.0,0.0,1.0,0.0,0.0,0.0,0.0,0.0,0.543424079754601,0.5286618098159508,0.788631134969325,0.9114530755636747,0.9994471546661788,0.5862918569254185,22.297233232776282,1.0,0.0,88.76503964066944,67.75174442900305,2.862824315581289,0.0,0.0,0,nan,0.021747231713413605,0.0001717437465584896,0.9921646088398555,1.2893493668938982,7.4786429743645995,0.24301293604655316,1.3371409805599952,1.136569833475996
triage_only,100,cct_region,2013,1.0,pvgis,365,0.6105281741575894,82.73851465568,10.0,158.8135834282582,0.32,4890,0.11224640900340586,0.0,0.12249488752556237,0.08913631557964102,0.8914843915905712,0.580110497237569,0.0,0.0,1.0,0.0,0.0,0.0,0.0,0.0,0.11224640900340586,0.169427344460663,0.4592244716633877,0.7966342220413412,0.8607761534435093,0.0,20.64649507784094,1.0,0.0,83.78461588415563,71.5460120167942,0.0,0.0,0.0,0,nan,0.01719094617480846,0.00014971446130103728,0.9913662769577949,1.3284906616821877,9.453168784564134,0.20755007865965824,1.0578463399837708,0.8991693889862051
triage_only,100,cct_region,2015,1.0,pvgis,365,0.6105281741575894,82.73851465568,10.0,158.8135834282582,0.32,4890,0.11224640900340586,0.0,0.12249488752556237,0.08913631557964102,0.8914843915905712,0.580110497237569,0.0,0.0,1.0,0.0,0.0,0.0,0.0,0.0,0.11224640900340586,0.169427344460663,0.4592244716633877,0.7644789749457456,0.7958712888734536,0.0,21.709066091403,1.0,0.0,81.56541514577572,71.5460120167942,0.0,0.0,0.0,0,nan,0.01757889465292894,0.0001612620938144905,0.990909770634124,1.3002438873311986,9.240289934815937,0.21070957006631374,1.0822171241966767,0.9198845555671753
triage_only,100,cct_region,2014,1.0,pvgis,365,0.6105281741575894,82.73851465568,10.0,158.8135834282582,0.34,4890,0.11224640900340586,0.0,0.12249488752556237,0.08913631557964102,0.8914843915905712,0.580110497237569,0.0,0.0,1.0,0.0,0.0,0.0,0.0,0.0,0.11224640900340586,0.169427344460663,0.4592244716633877,0.8290512195849278,0.9103840478530032,0.13818493150684932,22.297233232776282,1.0,0.0,85.68887941281247,71.5460120167942,0.0,0.0,0.0,0,nan,0.019782860612785978,0.00018112219183173748,0.9909275522021667,1.3462313077716574,8.21099644461096,0.22806828713186578,1.2178789830755803,1.0351971356142433
triage_only,105,cct_region,2011,1.0,pvgis,365,0.529264676669618,71.725720549728,10.0,183.19788075032216,0.32,2169,0.096360153256705,0.0,0.11433840479483633,0.10593112076237804,0.8287638287638288,0.4222222222222222,0.0,0.0,1.0,0.0,0.0,0.0,0.0,0.0,0.096360153256705,0.25373563218390804,0.3789750957854406,0.6809531657882577,0.7711440239821181,0.0,19.639202912676332,1.0,0.0,72.46370088419438,68.43439247896946,0.0,0.0,0.0,0,nan,0.014032076900152339,0.00014225758685229619,0.989963720202686,1.1564596161755696,11.564859851394077,0.1820570614018059,0.8646883860676061,0.7349851281574652
triage_only,105,cct_region,2012,1.0,pvgis,365,0.529264676669618,71.725720549728,10.0,183.19788075032216,0.31,2169,0.096360153256705,0.0,0.11433840479483633,0.10593112076237804,0.8287638287638288,0.4222222222222222,0.0,0.0,1.0,0.0,0.0,0.0,0.0,0.0,0.096360153256705,0.25373563218390804,0.3789750957854406,0.6541101892574667,0.7704988391614577,0.0,20.729461989872192,1.0,0.0,68.5401739797723,68.43439247896946,0.0,0.0,0.0,0,nan,0.014641936943639399,0.00014613519169103038,0.9901180363232138,1.1467184378803055,11.084892630281155,0.18706171279719075,0.9021287200096553,0.766809412008207
triage_only,105,cct_region,2013,1.0,pvgis,365,0.529264676669618,71.725720549728,10.0,183.19788075032216,0.29,2169,0.096360153256705,0.0,0.11433840479483633,0.10593112076237804,0.8287638287638288,0.4222222222222222,0.0,0.0,1.0,0.0,0.0,0.0,0.0,0.0,0.096360153256705,0.25373563218390804,0.3789750957854406,0.687719152900602,0.7796737962870044,0.0,20.64649507784094,1.0,0.0,72.63258193940429,68.43439247896946,0.0,0.0,0.0,0,nan,0.015222590476236988,0.0001556942147933201,0.9898757099428566,1.1610859113986651,10.659458783761652,0.19184564555794426,0.9381339337071921,0.7974138436511133
triage_only,105,cct_region,2015,1.0,pvgis,365,0.529264676669618,71.725720549728,10.0,183.19788075032216,0.29,2169,0.096360153256705,0.0,0.11433840479483633,0.10593112076237804,0.8287638287638288,0.4222222222222222,0.0,0.0,1.0,0.0,0.0,0.0,0.0,0.0,0.096360153256705,0.25373563218390804,0.3789750957854406,0.6598438849315718,0.7731941695150383,0.0,21.709066091403,1.0,0.0,70.70876480699424,68.43439247896946,0.0,0.0,0.0,0,nan,0.015711731789377174,0.00016016279185392018,0.9899090312732219,1.1374320380943836,10.327953666151156,0.1958249464012729,0.9682460169020711,0.8230091143667605
triage_only,130,cct_region,2011,1.0,pvgis,365,0.5053064365483766,68.47891018896,10.0,191.883894818735,0.28,1455,0.15760789512446605,0.0,0.15945017182130583,0.09825984332995712,0.9844097995545658,0.8148148148148148,0.0,0.0,1.0,0.0,0.0,0.0,0.0,0.0,0.15760789512446605,0.3132272794225954,0.3739873324495508,0.6574600582494966,0.7698264039682317,0.0,19.639202912676332,1.0,0.0,69.18348434531293,67.77204329136786,0.0,0.0,0.0,0,nan,0.013703929909937726,0.0001699982003719971,0.9877469308605058,1.1154851527263492,11.81526893650099,0.1795962133451593,0.8463624530040896,0.7194080850534762
triage_only,105,cct_region,2014,1.0,pvgis,365,0.529264676669618,71.725720549728,10.0,183.19788075032216,0.32,2169,0.096360153256705,0.0,0.11433840479483633,0.10593112076237804,0.8287638287638288,0.4222222222222222,0.0,0.0,1.0,0.0,0.0,0.0,0.0,0.0,0.096360153256705,0.25373563218390804,0.3789750957854406,0.7158213313908586,0.7857175886954864,0.0,22.297233232776282,1.0,0.0,74.28338113827697,68.43439247896946,0.0,0.0,0.0,0,nan,0.01744962702510885,0.0001848509663901089,0.9895176388845067,1.1708849603601283,9.295664544650155,0.20987501686594545,1.0757703176536426,0.9144047700055962
triage_only,130,cct_region,2012,1.0,pvgis,365,0.5053064365483766,68.47891018896,10.0,191.883894818735,0.28,1455,0.15760789512446605,0.0,0.15945017182130583,0.09825984332995712,0.9844097995545658,0.8148148148148148,0.0,0.0,1.0,0.0,0.0,0.0,0.0,0.0,0.15760789512446605,0.3132272794225954,0.3739873324495508,0.6318321835489191,0.7698411710213174,0.0,20.729461989872192,1.0,0.0,65.43756385190234,67.77204329136786,0.0,0.0,0.0,0,nan,0.014323656205370388,0.00016652666619804455,0.988507621492839,1.1051593502223778,11.312775917454452,0.1846364459881411,0.8839563404213661,0.7513628893581611
triage_only,130,cct_region,2013,1.0,pvgis,365,0.5053064365483766,68.47891018896,10.0,191.883894818735,0.28,1455,0.15760789512446605,0.0,0.15945017182130583,0.09825984332995712,0.9844097995545658,0.8148148148148148,0.0,0.0,1.0,0.0,0.0,0.0,0.0,0.0,0.15760789512446605,0.3132272794225954,0.3739873324495508,0.6639197692186476,0.7783608880359973,0.0,20.64649507784094,1.0,0.0,69.34472065669041,67.77204329136786,0.0,0.0,0.0,0,nan,0.014863157373585779,0.00017093508454297653,0.9886301693953894,1.1197511070476516,10.903497652787049,0.18905924826509246,0.9171368966584676,0.7795663621596975
triage_only,130,cct_region,2014,1.0,pvgis,365,0.5053064365483766,68.47891018896,10.0,191.883894818735,0.29,1455,0.15760789512446605,0.0,0.15945017182130583,0.09825984332995712,0.9844097995545658,0.8148148148148148,0.0,0.0,1.0,0.0,0.0,0.0,0.0,0.0,0.15760789512446605,0.3132272794225954,0.3739873324495508,0.6907498455455058,0.784358099523006,0.0,22.297233232776282,1.0,0.0,70.92079307831544,67.77204329136786,0.0,0.0,0.0,0,nan,0.017015451571037652,0.00020236018240629063,0.9882470440899196,1.1254104350179845,9.5206170317318,0.20657596455691773,1.050352090276338,0.8927992767348872
triage_only,130,cct_region,2015,1.0,pvgis,365,0.5053064365483766,68.47891018896,10.0,191.883894818735,0.29,1455,0.15760789512446605,0.0,0.15945017182130583,0.09825984332995712,0.9844097995545658,0.8148148148148148,0.0,0.0,1.0,0.0,0.0,0.0,0.0,0.0,0.15760789512446605,0.3132272794225954,0.3739873324495508,0.6373063318475869,0.7725641579491247,0.0,21.709066091403,1.0,0.0,67.50798901257977,67.77204329136786,0.0,0.0,0.0,0,nan,0.015371380293953286,0.00017496980230774034,0.9887452809679218,1.0961642201619684,10.544223616089473,0.1932027328191197,0.9483865634963355,0.8061285789718852
triage_only,28,cct_region,2011,1.0,pvgis,365,0.515310481749955,69.834654076896,10.0,188.158732561793,0.29,1333,0.1674012474012474,0.0,0.1800450112528132,0.09375717552898112,0.8114478114478114,0.7034482758620689,0.0,0.0,1.0,0.0,0.0,0.0,0.0,0.0,0.1674012474012474,0.18985446985446985,0.28324324324324324,0.6728984477406863,0.7707277298767635,0.0,19.639202912676332,1.0,0.0,70.55317737618083,67.71664852379557,0.0,0.0,0.0,0,nan,0.013921834684212556,0.00015888914280820474,0.9887158398417488,1.1296433367729404,11.641744688893164,0.18129102088337423,0.8589777792963047,0.7301311124018589
triage_only,28,cct_region,2012,1.0,pvgis,365,0.515310481749955,69.834654076896,10.0,188.158732561793,0.28,1333,0.1674012474012474,0.0,0.1800450112528132,0.09375717552898112,0.8114478114478114,0.7034482758620689,0.0,0.0,1.0,0.0,0.0,0.0,0.0,0.0,0.1674012474012474,0.18985446985446985,0.28324324324324324,0.6467631929665956,0.7705782637761505,0.0,20.729461989872192,1.0,0.0,66.73309523505122,67.71664852379557,0.0,0.0,0.0,0,nan,0.014540795255529598,0.00015331090132524277,0.9895665037608482,1.1199905515032844,11.155778383465625,0.18629746825619864,0.8963964374571437,0.7619369718385721
triage_only,28,cct_region,2013,1.0,pvgis,365,0.515310481749955,69.834654076896,10.0,188.158732561793,0.29,1333,0.1674012474012474,0.0,0.1800450112528132,0.09375717552898112,0.8114478114478114,0.7034482758620689,0.0,0.0,1.0,0.0,0.0,0.0,0.0,0.0,0.1674012474012474,0.18985446985446985,0.28324324324324324,0.6794860479189484,0.779463037783795,0.0,20.64649507784094,1.0,0.0,70.71760584034051,67.71664852379557,0.0,0.0,0.0,0,nan,0.015103073590680784,0.00016840511529782088,0.9889725730860697,1.13403785943822,10.734009128062757,0.1909820271577235,0.9316183618529091,0.7918756075749729
triage_only,28,cct_region,2014,1.0,pvgis,365,0.515310481749955,69.834654076896,10.0,188.158732561793,0.28,1333,0.1674012474012474,0.0,0.1800450112528132,0.09375717552898112,0.8114478114478114,0.7034482758620689,0.0,0.0,1.0,0.0,0.0,0.0,0.0,0.0,0.1674012474012474,0.18985446985446985,0.28324324324324324,0.7068473054794593,0.7855054110808974,0.0,22.297233232776282,1.0,0.0,72.32488130749718,67.71664852379557,0.0,0.0,0.0,0,nan,0.0172969973377529,0.00020445625095173365,0.988317756012924,1.1422190142016557,9.366318688796591,0.20882325842782,1.0676553224653118,0.9075070240955151
triage_only,28,cct_region,2015,1.0,pvgis,365,0.515310481749955,69.834654076896,10.0,188.158732561793,0.28,1333,0.1674012474012474,0.0,0.1800450112528132,0.09375717552898112,0.8114478114478114,0.7034482758620689,0.0,0.0,1.0,0.0,0.0,0.0,0.0,0.0,0.1674012474012474,0.18985446985446985,0.28324324324324324,0.6523457183272968,0.7733947931393996,0.0,21.709066091403,1.0,0.0,68.84451062540988,67.71664852379557,0.0,0.0,0.0,0,nan,0.015604123770212282,0.0001686615101280546,0.9893068023731815,1.1107411758386454,10.39285002080833,0.1950275390073769,0.9621999720941056,0.8178699762799897
triage_only,40,cct_region,2011,1.0,pvgis,365,0.4926895242489614,66.769071679648,10.0,196.7977039286174,0.28,1079,0.16351171595211297,0.0,0.17145505097312327,0.13432327406099143,0.9699792960662525,0.7522123893805309,0.0,0.0,1.0,0.0,0.0,0.0,0.0,0.0,0.16351171595211297,0.1324056072853781,0.24823493297861457,0.6357542610768719,0.7693924312826552,0.0,19.639202912676332,1.0,0.0,67.45605344117615,67.5926903062394,0.0,0.0,0.0,0,nan,0.013383003278861558,0.00018664706970032,0.9862452557799251,1.096302386229192,12.080207493803492,0.1770961040569683,0.827800350708336,0.7036302981020855
triage_only,40,cct_region,2012,1.0,pvgis,365,0.4926895242489614,66.769071679648,10.0,196.7977039286174,0.28,1079,0.16351171595211297,0.0,0.17145505097312327,0.13432327406099143,0.9699792960662525,0.7522123893805309,0.0,0.0,1.0,0.0,0.0,0.0,0.0,0.0,0.16351171595211297,0.1324056072853781,0.24823493297861457,0.6107662845136214,0.7693965822551524,0.0,20.729461989872192,1.0,0.0,63.80366421300925,67.5926903062394,0.0,0.0,0.0,0,nan,0.013999209260861827,0.00018309160440232623,0.9870901339534573,1.0838862944256014,11.558363722947094,0.18212221925432082,0.8651743654810553,0.7353982106588969
triage_only,40,cct_region,2013,1.0,pvgis,365,0.4926895242489614,66.769071679648,10.0,196.7977039286174,0.28,1079,0.16351171595211297,0.0,0.17145505097312327,0.13432327406099143,0.9699792960662525,0.7522123893805309,0.0,0.0,1.0,0.0,0.0,0.0,0.0,0.0,0.16351171595211297,0.1324056072853781,0.24823493297861457,0.6420526805981424,0.7777808669500831,0.0,20.64649507784094,1.0,0.0,67.6132638699357,67.5926903062394,0.0,0.0,0.0,0,nan,0.014511786058587014,0.00019496741478068082,0.9867430010890068,1.0997021449862212,11.146184786862646,0.1864003732997983,0.897167971931204,0.7625927761415233
triage_only,40,cct_region,2015,1.0,pvgis,365,0.4926895242489614,66.769071679648,10.0,196.7977039286174,0.28,1079,0.16351171595211297,0.0,0.17145505097312327,0.13432327406099143,0.9699792960662525,0.7522123893805309,0.0,0.0,1.0,0.0,0.0,0.0,0.0,0.0,0.16351171595211297,0.1324056072853781,0.24823493297861457,0.6161037497146601,0.7720102302276027,0.0,21.709066091403,1.0,0.0,65.82239327249897,67.5926903062394,0.0,0.0,0.0,0,nan,0.015035638349177552,0.00019749651740436235,0.9870350706447413,1.0773675021424944,10.761028065772813,0.19067175909942546,0.9292792416188017,0.7898873553759814
triage_only,40,cct_region,2014,1.0,pvgis,365,0.4926895242489614,66.769071679648,10.0,196.7977039286174,0.28,1079,0.16351171595211297,0.0,0.17145505097312327,0.13432327406099143,0.9699792960662525,0.7522123893805309,0.0,0.0,1.0,0.0,0.0,0.0,0.0,0.0,0.16351171595211297,0.1324056072853781,0.24823493297861457,0.6682128412154226,0.7835823000095852,0.0,22.297233232776282,1.0,0.0,69.14998360162295,67.5926903062394,0.0,0.0,0.0,0,nan,0.01660514304992548,0.00022600895870729463,0.9865719851741953,1.1035667392983306,9.739332859979692,0.2035021744508273,1.026764373265383,0.8727497172755756
triage_only,46,cct_region,2012,1.0,pvgis,365,0.6498872575545345,88.072440650112,10.0,149.1953658034943,0.3,6276,0.20872905773129866,nan,0.21223709369024857,0.09316945455277133,0.8115315315315316,0.7575757575757576,0.0,0.0,1.0,0.0,0.0,0.0,0.0,0.0,0.20872905773129866,0.1088997972468253,0.14310105645075233,0.8154463349594507,0.8793685898111392,0.0,20.729461989872192,1.0,0.0,84.16088899095479,72.47855982059706,0.0,0.0,0.0,0,nan,0.017457000639492275,0.00014706080317784107,0.9916462003011769,1.3678988614416787,9.311725726635897,0.209634651559923,1.0739147923349284,0.9128275734846891
triage_only,46,cct_region,2011,1.0,pvgis,365,0.6498872575545345,88.072440650112,10.0,149.1953658034943,0.31,6276,0.20872905773129866,nan,0.21223709369024857,0.09316945455277133,0.8115315315315316,0.7575757575757576,0.0,0.0,1.0,0.0,0.0,0.0,0.0,0.0,0.20872905773129866,0.1088997972468253,0.14310105645075233,0.848406986163242,0.9412395489309408,0.2733162100456621,19.639202912676332,1.0,0.0,88.97861111044423,72.47855982059706,0.0,0.0,0.0,0,nan,0.01686052330811557,0.0001405976346619199,0.991730096201589,1.3936696975856617,9.641963749374394,0.20485482346335715,1.0371331255677907,0.8815631567326221
triage_only,46,cct_region,2013,1.0,pvgis,365,0.6498872575545345,88.072440650112,10.0,149.1953658034943,0.3,6276,0.20872905773129866,nan,0.21223709369024857,0.09316945455277133,0.8115315315315316,0.7575757575757576,0.0,0.0,1.0,0.0,0.0,0.0,0.0,0.0,0.20872905773129866,0.1088997972468253,0.14310105645075233,0.8567149821488321,0.9558337320662751,0.2623287671232877,20.64649507784094,1.0,0.0,89.18598116679111,72.47855982059706,0.0,0.0,0.0,0,nan,0.018344738442644334,0.00015325462044475327,0.9917150676875018,1.3941989648119264,8.861728473457202,0.2166684916470092,1.1284480256816904,0.9591808218294369
triage_only,7,cct_region,2011,1.0,pvgis,365,0.5185664617347002,70.275903079136,10.0,186.97731973936163,0.29,1853,0.45064734529041467,nan,0.4133837021046951,0.15035678535034727,0.9855855855855856,0.9574468085106383,0.0,0.0,1.0,0.0,0.0,0.0,0.0,0.0,0.45064734529041467,0.20602209288514078,0.22146335669319397,0.6689577230069886,0.7723402697707922,0.0,19.639202912676332,1.0,0.0,70.99896635492783,68.14626211465134,0.0,0.0,0.0,0,nan,0.013860146503894997,0.00015292311471030895,0.9890871080446735,1.1359636667715383,11.697950291444098,0.18073694220274628,0.8548506149247376,0.7266230226860269
triage_only,46,cct_region,2014,1.0,pvgis,365,0.6498872575545345,88.072440650112,10.0,149.1953658034943,0.31,6276,0.20872905773129866,nan,0.21223709369024857,0.09316945455277133,0.8115315315315316,0.7575757575757576,0.0,0.0,1.0,0.0,0.0,0.0,0.0,0.0,0.20872905773129866,0.1088997972468253,0.14310105645075233,0.8879231442270675,0.9972751057537077,0.4659912480974125,22.297233232776282,1.0,0.0,91.21300736260577,72.47855982059706,0.664206478489381,0.0,0.0,0,nan,0.02108896410234364,0.0001793486536476168,0.9915673304363509,1.4089092869621131,7.7074375250012785,0.23807144476048148,1.2974480775954575,1.102830865956139
triage_only,46,cct_region,2015,1.0,pvgis,365,0.6498872575545345,88.072440650112,10.0,149.1953658034943,0.3,6276,0.20872905773129866,nan,0.21223709369024857,0.09316945455277133,0.8115315315315316,0.7575757575757576,0.0,0.0,1.0,0.0,0.0,0.0,0.0,0.0,0.20872905773129866,0.1088997972468253,0.14310105645075233,0.8224867741225994,0.865354756291077,0.0,21.709066091403,1.0,0.0,86.82371461976584,72.47855982059706,0.0,0.0,0.0,0,nan,0.018670537317860343,0.00016639913623004294,0.9911663376560412,1.369297286848566,8.70227450352707,0.21931904754830323,1.1491248633845044,0.9767561338768287
triage_only,7,cct_region,2012,1.0,pvgis,365,0.5185664617347002,70.275903079136,10.0,186.97731973936163,0.29,1853,0.45064734529041467,nan,0.4133837021046951,0.15035678535034727,0.9855855855855856,0.9574468085106383,0.0,0.0,1.0,0.0,0.0,0.0,0.0,0.0,0.45064734529041467,0.20602209288514078,0.22146335669319397,0.642657333096985,0.7719900408539673,0.0,20.729461989872192,1.0,0.0,67.1547470936892,68.14626211465134,0.0,0.0,0.0,0,nan,0.014472811229905933,0.00015307632390417752,0.9895338779721234,1.126506110884203,11.207811575598184,0.18574218228033845,0.8922348428637176,0.75839961643416
triage_only,7,cct_region,2013,1.0,pvgis,365,0.5185664617347002,70.275903079136,10.0,186.97731973936163,0.28,1853,0.45064734529041467,nan,0.4133837021046951,0.15035678535034727,0.9855855855855856,0.9574468085106383,0.0,0.0,1.0,0.0,0.0,0.0,0.0,0.0,0.45064734529041467,0.20602209288514078,0.22146335669319397,0.675586946818153,0.7806996679096098,0.0,20.64649507784094,1.0,0.0,71.1644337573732,68.14626211465134,0.0,0.0,0.0,0,nan,0.015033740402418007,0.0001642937765134486,0.9891898008269251,1.1398135095127637,10.785881246157032,0.1903876294342437,0.9271379659926222,0.7880672710937289
triage_only,7,cct_region,2014,1.0,pvgis,365,0.5185664617347002,70.275903079136,10.0,186.97731973936163,0.29,1853,0.45064734529041467,nan,0.4133837021046951,0.15035678535034727,0.9855855855855856,0.9574468085106383,0.0,0.0,1.0,0.0,0.0,0.0,0.0,0.0,0.45064734529041467,0.20602209288514078,0.22146335669319397,0.7031210859910776,0.7870722750992613,0.0,22.297233232776282,1.0,0.0,72.78186476558025,68.14626211465134,0.0,0.0,0.0,0,nan,0.017222193930416862,0.00019597814803386482,0.9887486386544359,1.1498172464782146,9.411101870545462,0.2081640800360589,1.0625748331656732,0.9031886081908224
triage_only,7,cct_region,2015,1.0,pvgis,365,0.5185664617347002,70.275903079136,10.0,186.97731973936163,0.29,1853,0.45064734529041467,nan,0.4133837021046951,0.15035678535034727,0.9855855855855856,0.9574468085106383,0.0,0.0,1.0,0.0,0.0,0.0,0.0,0.0,0.45064734529041467,0.20602209288514078,0.22146335669319397,0.648275131543482,0.7748779375982087,0.0,21.709066091403,1.0,0.0,69.27950342411204,68.14626211465134,0.0,0.0,0.0,0,nan,0.015533858042613483,0.00016684379293508615,0.9893734818556118,1.1159013224097452,10.440564603159538,0.19444707791808458,0.9578026074350219,0.8141322163197685
triage_only,78,cct_region,2011,1.0,pvgis,365,0.5371243038945545,72.79085383900801,10.0,180.51718460483815,0.29,2359,0.11817269991793561,0.0,0.13353115727002968,0.0959418268846342,0.8285057471264368,0.6630434782608695,0.0,0.0,1.0,0.0,0.0,0.0,0.0,0.0,0.11817269991793561,0.24591957691255584,0.19581471687790647,0.7037685873586429,0.7736453824850394,0.0,19.639202912676332,1.0,0.0,73.53979324666396,68.39070270801838,0.0,0.0,0.0,0,nan,0.01440278465853005,0.00014420883162141854,0.9900866916783148,1.1632107539298648,11.268595943207748,0.18509952760667847,0.8874220045157972,0.7543087038384276
triage_only,78,cct_region,2012,1.0,pvgis,365,0.5371243038945545,72.79085383900801,10.0,180.51718460483815,0.29,2359,0.11817269991793561,0.0,0.13353115727002968,0.0959418268846342,0.8285057471264368,0.6630434782608695,0.0,0.0,1.0,0.0,0.0,0.0,0.0,0.0,0.11817269991793561,0.24591957691255584,0.19581471687790647,0.6765269902539859,0.7732821482308653,0.0,20.729461989872192,1.0,0.0,69.55800162095082,68.39070270801838,0.0,0.0,0.0,0,nan,0.015022331581028489,0.00015076927850651844,0.9900633838855838,1.1531770719652066,10.80360523181904,0.1901857410103034,0.9256169385519343,0.7867743977691442
triage_only,78,cct_region,2013,1.0,pvgis,365,0.5371243038945545,72.79085383900801,10.0,180.51718460483815,0.28,2359,0.11817269991793561,0.0,0.13353115727002968,0.0959418268846342,0.8285057471264368,0.6630434782608695,0.0,0.0,1.0,0.0,0.0,0.0,0.0,0.0,0.11817269991793561,0.24591957691255584,0.19581471687790647,0.7106350499775814,0.7821735983691883,0.0,20.64649507784094,1.0,0.0,73.71118220046938,68.39070270801838,0.0,0.0,0.0,0,nan,0.015629556998141537,0.0001571070297358237,0.9900481172299358,1.168914773868589,10.383713211323167,0.19513925135555077,0.963046628550494,0.8185896342679199
triage_only,78,cct_region,2014,1.0,pvgis,365,0.5371243038945545,72.79085383900801,10.0,180.51718460483815,0.28,2359,0.11817269991793561,0.0,0.13353115727002968,0.0959418268846342,0.8285057471264368,0.6630434782608695,0.0,0.0,1.0,0.0,0.0,0.0,0.0,0.0,0.11817269991793561,0.24591957691255584,0.19581471687790647,0.7391545483020974,0.788730391293028,0.0,22.297233232776282,1.0,0.0,75.38649591334313,68.39070270801838,0.0,0.0,0.0,0,nan,0.01791754929834328,0.00018436204782119024,0.9898153269952759,1.1778312155132822,9.055628916430612,0.21355970615159647,1.1042855324886285,0.9386427026153342
triage_only,78,cct_region,2015,1.0,pvgis,365,0.5371243038945545,72.79085383900801,10.0,180.51718460483815,0.29,2359,0.11817269991793561,0.0,0.13353115727002968,0.0959418268846342,0.8285057471264368,0.6630434782608695,0.0,0.0,1.0,0.0,0.0,0.0,0.0,0.0,0.11817269991793561,0.24591957691255584,0.19581471687790647,0.6823458318156008,0.7761130602907554,0.0,21.709066091403,1.0,0.0,71.758796213616,68.39070270801838,0.0,0.0,0.0,0,nan,0.01610536592776252,0.00015933803713767352,0.9902034468329992,1.1444888647437699,10.078522928099066,0.19897762550790177,0.992208885304002,0.8433775525084017
triage_only,0,cct_region,2011,2.0,pvgis,365,1.2648912659894127,85.70875921763201,10.0,153.30988477659398,0.29,1861,0.543424079754601,0.0,0.7291778613648576,0.2307638707350733,0.9823982398239824,0.20930232558139536,0.0,0.0,1.0,0.0,0.0,0.0,0.0,0.0,0.543424079754601,0.5286618098159508,0.788631134969325,0.9877004607765287,0.9999976851851852,0.9437404870624049,19.639202912676332,1.0,0.0,173.18121988878173,67.75174442900305,80.86804932863795,0.0,0.0,0,nan,0.019438420665830486,0.00012746501777464615,0.9934853438359065,1.2620158969793462,8.378061411569401,0.22498912424278983,1.1935935425575703,1.0145545111739347
triage_only,0,cct_region,2012,2.0,pvgis,365,1.2648912659894127,85.70875921763201,10.0,153.30988477659398,0.28,1861,0.543424079754601,0.0,0.7291778613648576,0.2307638707350733,0.9823982398239824,0.20930232558139536,0.0,0.0,1.0,0.0,0.0,0.0,0.0,0.0,0.543424079754601,0.5286618098159508,0.788631134969325,0.9852394511644996,0.9999976851851852,0.9325532724505328,20.729461989872192,1.0,0.0,163.8043709660343,67.75174442900305,71.95984295500416,0.0,0.0,0,nan,0.020656284549409654,0.00013867126056736932,0.9933314952994111,1.302092413568059,7.882882432014723,0.234456253390933,1.2685715011284495,1.078285775959182
triage_only,0,cct_region,2013,2.0,pvgis,365,1.2648912659894127,85.70875921763201,10.0,153.30988477659398,0.28,1861,0.543424079754601,0.0,0.7291778613648576,0.2307638707350733,0.9823982398239824,0.20930232558139536,0.0,0.0,1.0,0.0,0.0,0.0,0.0,0.0,0.543424079754601,0.5286618098159508,0.788631134969325,0.9872270499542449,0.9999976851851852,0.9519216133942161,20.64649507784094,1.0,0.0,173.58482923801856,67.75174442900305,81.25133878035608,0.0,0.0,0,nan,0.02096686347513494,0.0001364314936132485,0.9935350619978877,1.2586714341642398,7.76770604172217,0.2368130891484258,1.2873813641102863,1.0942741594937433
triage_only,0,cct_region,2015,2.0,pvgis,365,1.2648912659894127,85.70875921763201,10.0,153.30988477659398,0.27,1861,0.543424079754601,0.0,0.7291778613648576,0.2307638707350733,0.9823982398239824,0.20930232558139536,0.0,0.0,1.0,0.0,0.0,0.0,0.0,0.0,0.543424079754601,0.5286618098159508,0.788631134969325,0.9869625652729068,0.9999976851851852,0.9443398021308981,21.709066091403,1.0,0.0,168.98709280214536,67.75174442900305,76.88358254545794,0.0,0.0,0,nan,0.022214323581817727,0.00014980239795926397,0.9933016654397885,1.2616763018477022,7.329783063161988,0.24637517882391613,1.3642968576052386,1.1596523289644527
triage_only,0,cct_region,2014,2.0,pvgis,365,1.2648912659894127,85.70875921763201,10.0,153.30988477659398,0.29,1861,0.543424079754601,0.0,0.7291778613648576,0.2307638707350733,0.9823982398239824,0.20930232558139536,0.0,0.0,1.0,0.0,0.0,0.0,0.0,0.0,0.543424079754601,0.5286618098159508,0.788631134969325,0.9895635944912184,0.9999976851851852,0.957572298325723,22.297233232776282,1.0,0.0,177.53007928133889,67.75174442900305,85.12144018224483,0.0,0.0,0,nan,0.023259288804581182,0.0001490037637831928,0.9936345735876283,1.253530566731271,7.002825658908978,0.25420333678090945,1.4279949961738694,1.2137957467477891
triage_only,100,cct_region,2011,2.0,pvgis,365,1.2210563483151788,82.73851465568,10.0,158.8135834282582,0.28,4890,0.11224640900340586,0.0,0.12249488752556237,0.08913631557964102,0.8914843915905712,0.580110497237569,0.0,0.0,1.0,0.0,0.0,0.0,0.0,0.0,0.11224640900340586,0.169427344460663,0.4592244716633877,0.9863708941084541,0.9999976851851852,0.9383561643835616,19.639202912676332,1.0,0.0,167.17960953643777,71.5460120167942,71.38021501614486,0.0,0.0,0,nan,0.019421124537943913,0.00013325608651295538,0.993185358868064,1.3685956688430547,8.382990746532196,0.2248999536536206,1.1928916901329893,1.013957936613041
triage_only,100,cct_region,2012,2.0,pvgis,365,1.2210563483151788,82.73851465568,10.0,158.8135834282582,0.29,4890,0.11224640900340586,0.0,0.12249488752556237,0.08913631557964102,0.8914843915905712,0.580110497237569,0.0,0.0,1.0,0.0,0.0,0.0,0.0,0.0,0.11224640900340586,0.169427344460663,0.4592244716633877,0.9829689166878778,0.9999976851851852,0.9246955859969559,20.729461989872192,1.0,0.0,158.12771613486893,71.5460120167942,62.79723828791182,0.0,0.0,0,nan,0.02062490719642141,0.00014427384836630347,0.9930534647439788,1.409777087111456,7.892665169391896,0.234258910856607,1.266999142289786,1.0769492709463182
triage_only,100,cct_region,2013,2.0,pvgis,365,1.2210563483151788,82.73851465568,10.0,158.8135834282582,0.29,4890,0.11224640900340586,0.0,0.12249488752556237,0.08913631557964102,0.8914843915905712,0.580110497237569,0.0,0.0,1.0,0.0,0.0,0.0,0.0,0.0,0.11224640900340586,0.169427344460663,0.4592244716633877,0.9852101048028088,0.9999976851851852,0.9453576864535769,20.64649507784094,1.0,0.0,167.56923176831125,71.5460120167942,71.75022153832393,0.0,0.0,0,nan,0.020942514892462294,0.00014180089151541344,0.9932745794092511,1.3681466206844783,7.774698193126042,0.2366682287482338,1.2862235615578552,1.0932900273241768
triage_only,100,cct_region,2014,2.0,pvgis,365,1.2210563483151788,82.73851465568,10.0,158.8135834282582,0.3,4890,0.11224640900340586,0.0,0.12249488752556237,0.08913631557964102,0.8914843915905712,0.580110497237569,0.0,0.0,1.0,0.0,0.0,0.0,0.0,0.0,0.11224640900340586,0.169427344460663,0.4592244716633877,0.9879130771790033,0.9999976851851852,0.9546993911719939,22.297233232776282,1.0,0.0,171.37775882562494,71.5460120167942,75.52408272979797,0.0,0.0,0,nan,0.0232358374914211,0.00015776372830462624,0.9932561161993477,1.3630497505228116,7.007223483435624,0.25409376114410764,1.427098767955525,1.213033952762196
triage_only,100,cct_region,2015,2.0,pvgis,365,1.2210563483151788,82.73851465568,10.0,158.8135834282582,0.29,4890,0.11224640900340586,0.0,0.12249488752556237,0.08913631557964102,0.8914843915905712,0.580110497237569,0.0,0.0,1.0,0.0,0.0,0.0,0.0,0.0,0.11224640900340586,0.169427344460663,0.4592244716633877,0.9852493247761132,0.9999976851851852,0.9376522070015221,21.709066091403,1.0,0.0,163.13083029155143,71.5460120167942,67.53383027852227,0.0,0.0,0,nan,0.02218586122516433,0.00015701114596371307,0.9929726517094282,1.3707141395105586,7.336755503326281,0.24621498933131847,1.3630003065341727,1.158550260554047
triage_only,105,cct_region,2011,2.0,pvgis,365,1.058529353339236,71.725720549728,10.0,183.19788075032216,0.29,2169,0.096360153256705,0.0,0.11433840479483633,0.10593112076237804,0.8287638287638288,0.4222222222222222,0.0,0.0,1.0,0.0,0.0,0.0,0.0,0.0,0.096360153256705,0.25373563218390804,0.3789750957854406,0.9831424225596418,0.9999976851851852,0.9236872146118722,19.639202912676332,1.0,0.0,144.92740176838876,68.43439247896946,53.34462268308919,0.0,0.0,0,nan,0.019376797982960315,0.00013071166857028498,0.9932994179726048,1.2991194615235107,8.403132678503047,0.22453657156686246,1.190032382278346,1.0115275249365943
triage_only,105,cct_region,2012,2.0,pvgis,365,1.058529353339236,71.725720549728,10.0,183.19788075032216,0.28,2169,0.096360153256705,0.0,0.11433840479483633,0.10593112076237804,0.8287638287638288,0.4222222222222222,0.0,0.0,1.0,0.0,0.0,0.0,0.0,0.0,0.096360153256705,0.25373563218390804,0.3789750957854406,0.977622446457496,0.9999976851851852,0.9104261796042618,20.729461989872192,1.0,0.0,137.0803479595446,68.43439247896946,45.98074253633714,0.0,0.0,0,nan,0.02055292647373601,0.00014286183382932225,0.9930970576377078,1.341843044652635,7.920654646871701,0.23369670622773653,1.2625219058060493,1.0731436199351418
triage_only,105,cct_region,2013,2.0,pvgis,365,1.058529353339236,71.725720549728,10.0,183.19788075032216,0.28,2169,0.096360153256705,0.0,0.11433840479483633,0.10593112076237804,0.8287638287638288,0.4222222222222222,0.0,0.0,1.0,0.0,0.0,0.0,0.0,0.0,0.096360153256705,0.25373563218390804,0.3789750957854406,0.9806438002305129,0.9999976851851852,0.904119101978691,20.64649507784094,1.0,0.0,145.26516387880858,68.43439247896946,53.665328665080835,0.0,0.0,0,nan,0.020887319245506852,0.00013942672235466895,0.9933690775278411,1.3012774944469538,7.795984793821233,0.23622865353195233,1.2827115835225302,1.090304845994151
triage_only,105,cct_region,2014,2.0,pvgis,365,1.058529353339236,71.725720549728,10.0,183.19788075032216,0.29,2169,0.096360153256705,0.0,0.11433840479483633,0.10593112076237804,0.8287638287638288,0.4222222222222222,0.0,0.0,1.0,0.0,0.0,0.0,0.0,0.0,0.096360153256705,0.25373563218390804,0.3789750957854406,0.9840000703182087,0.9999976851851852,0.9293759512937595,22.297233232776282,1.0,0.0,148.56676227655393,68.43439247896946,56.9963798021238,0.0,0.0,0,nan,0.023173955231064403,0.0001547408215289848,0.9933669322460146,1.2929955666179516,7.026719001329154,0.2536094723058867,1.4231393055718364,1.209668409736061
triage_only,105,cct_region,2015,2.0,pvgis,365,1.058529353339236,71.725720549728,10.0,183.19788075032216,0.29,2169,0.096360153256705,0.0,0.11433840479483633,0.10593112076237804,0.8287638287638288,0.4222222222222222,0.0,0.0,1.0,0.0,0.0,0.0,0.0,0.0,0.096360153256705,0.25373563218390804,0.3789750957854406,0.9813199296173863,0.9999976851851852,0.9013888888888889,21.709066091403,1.0,0.0,141.41752961398848,68.43439247896946,50.010188641942264,0.0,0.0,0,nan,0.022117108347199432,0.00015517312634064662,0.9930329038574249,1.3036555100028462,7.36000898802108,0.24568269787383956,1.3586939929388249,1.1548898939980012
triage_only,130,cct_region,2011,2.0,pvgis,365,1.0106128730967532,68.47891018896,10.0,191.883894818735,0.28,1455,0.15760789512446605,0.0,0.15945017182130583,0.09825984332995712,0.9844097995545658,0.8148148148148148,0.0,0.0,1.0,0.0,0.0,0.0,0.0,0.0,0.15760789512446605,0.3132272794225954,0.3739873324495508,0.9815301468310774,0.9999976851851852,0.9143740487062405,19.639202912676332,1.0,0.0,138.36696869062587,67.77204329136786,47.77465788331653,0.0,0.0,0,nan,0.0193570347214822,0.00013037540397777139,0.993309762398471,1.2898639654217305,8.411799760647835,0.22438069142775785,1.188806234639833,1.010485299443858
triage_only,130,cct_region,2012,2.0,pvgis,365,1.0106128730967532,68.47891018896,10.0,191.883894818735,0.28,1455,0.15760789512446605,0.0,0.15945017182130583,0.09825984332995712,0.9844097995545658,0.8148148148148148,0.0,0.0,1.0,0.0,0.0,0.0,0.0,0.0,0.15760789512446605,0.3132272794225954,0.3739873324495508,0.9754101660587844,0.9999976851851852,0.9052035768645358,20.729461989872192,1.0,0.0,130.87512770380468,67.77204329136786,40.745118319197914,0.0,0.0,0,nan,0.020520586895142467,0.00014278099300582938,0.9930901393335922,1.3323376583227635,7.93308199884545,0.233448227209065,1.260544136749798,1.0714625162373284
triage_only,130,cct_region,2013,2.0,pvgis,365,1.0106128730967532,68.47891018896,10.0,191.883894818735,0.28,1455,0.15760789512446605,0.0,0.15945017182130583,0.09825984332995712,0.9844097995545658,0.8148148148148148,0.0,0.0,1.0,0.0,0.0,0.0,0.0,0.0,0.15760789512446605,0.3132272794225954,0.3739873324495508,0.9789314740109607,0.9999976851851852,0.8897831050228311,20.64649507784094,1.0,0.0,138.68944131338083,67.77204329136786,48.08084645792469,0.0,0.0,0,nan,0.020865072140570335,0.00013969513154669577,0.9933493606600377,1.2918807425272076,7.804142255200944,0.23606076810267673,1.2813707993771721,1.0891651794705963
triage_only,130,cct_region,2014,2.0,pvgis,365,1.0106128730967532,68.47891018896,10.0,191.883894818735,0.28,1455,0.15760789512446605,0.0,0.15945017182130583,0.09825984332995712,0.9844097995545658,0.8148148148148148,0.0,0.0,1.0,0.0,0.0,0.0,0.0,0.0,0.15760789512446605,0.3132272794225954,0.3739873324495508,0.9823581761292162,0.9999976851851852,0.9230783866057839,22.297233232776282,1.0,0.0,141.84158615663088,67.77204329136786,51.24883156966061,0.0,0.0,0,nan,0.023147445317168367,0.00015457049651668557,0.9933666469994451,1.2833308437383484,7.034764422944012,0.25341030696219424,1.4215117093878535,1.2082849529796753
triage_only,130,cct_region,2015,2.0,pvgis,365,1.0106128730967532,68.47891018896,10.0,191.883894818735,0.28,1455,0.15760789512446605,0.0,0.15945017182130583,0.09825984332995712,0.9844097995545658,0.8148148148148148,0.0,0.0,1.0,0.0,0.0,0.0,0.0,0.0,0.15760789512446605,0.3132272794225954,0.3739873324495508,0.9794001682525393,0.9999976851851852,0.8955479452054794,21.709066091403,1.0,0.0,135.01597802515954,67.77204329136786,44.591163768726986,0.0,0.0,0,nan,0.02208662977045794,0.0001556557885813353,0.9930018078327352,1.2942597434050542,7.36993468561829,0.24545639956239773,1.3568641279160896,1.1533345087286762
triage_only,28,cct_region,2011,2.0,pvgis,365,1.03062096349991,69.834654076896,10.0,188.158732561793,0.27,1333,0.1674012474012474,0.0,0.1800450112528132,0.09375717552898112,0.8114478114478114,0.7034482758620689,0.0,0.0,1.0,0.0,0.0,0.0,0.0,0.0,0.1674012474012474,0.18985446985446985,0.28324324324324324,0.9824580752027146,0.9999976851851852,0.9196632420091324,19.639202912676332,1.0,0.0,141.10635475236165,67.71664852379557,50.432428723776944,0.0,0.0,0,nan,0.01936807559932462,0.00012995041180084873,0.993335201639043,1.2860130918582644,8.407219876281637,0.22446302591645229,1.1894538440955849,1.0110357674812471
triage_only,28,cct_region,2012,2.0,pvgis,365,1.03062096349991,69.834654076896,10.0,188.158732561793,0.28,1333,0.1674012474012474,0.0,0.1800450112528132,0.09375717552898112,0.8114478114478114,0.7034482758620689,0.0,0.0,1.0,0.0,0.0,0.0,0.0,0.0,0.1674012474012474,0.18985446985446985,0.28324324324324324,0.976652418791831,0.9999976851851852,0.9080669710806697,20.729461989872192,1.0,0.0,133.46619047010245,67.71664852379557,43.252371861389314,0.0,0.0,0,nan,0.020538254042957966,0.00014180225596948948,0.9931430430401273,1.329163504287823,7.926680153065739,0.23357614184400244,1.2615621933644414,1.0723278643597751
triage_only,28,cct_region,2013,2.0,pvgis,365,1.03062096349991,69.834654076896,10.0,188.158732561793,0.28,1333,0.1674012474012474,0.0,0.1800450112528132,0.09375717552898112,0.8114478114478114,0.7034482758620689,0.0,0.0,1.0,0.0,0.0,0.0,0.0,0.0,0.1674012474012474,0.18985446985446985,0.28324324324324324,0.979911356922368,0.9999976851851852,0.9002187975646879,20.64649507784094,1.0,0.0,141.43521168068102,67.71664852379557,50.74467921273909,0.0,0.0,0,nan,0.020878085779363908,0.00013901993632810326,0.9933853910139346,1.287926128677475,7.799560702908754,0.23615502049900028,1.2821234914256925,1.0898049677118387
triage_only,28,cct_region,2014,2.0,pvgis,365,1.03062096349991,69.834654076896,10.0,188.158732561793,0.29,1333,0.1674012474012474,0.0,0.1800450112528132,0.09375717552898112,0.8114478114478114,0.7034482758620689,0.0,0.0,1.0,0.0,0.0,0.0,0.0,0.0,0.1674012474012474,0.18985446985446985,0.28324324324324324,0.983305361285741,0.9999976851851852,0.9259798325722983,22.297233232776282,1.0,0.0,144.64976261499436,67.71664852379557,53.96424823435579,0.0,0.0,0,nan,0.023162643697190073,0.00015363319736578417,0.993410903547742,1.279665705664066,7.030461705799403,0.25351677113044113,1.422381689633703,1.2090244361886475
triage_only,28,cct_region,2015,2.0,pvgis,365,1.03062096349991,69.834654076896,10.0,188.158732561793,0.27,1333,0.1674012474012474,0.0,0.1800450112528132,0.09375717552898112,0.8114478114478114,0.7034482758620689,0.0,0.0,1.0,0.0,0.0,0.0,0.0,0.0,0.1674012474012474,0.18985446985446985,0.28324324324324324,0.9804910783899411,0.9999976851851852,0.8987823439878234,21.709066091403,1.0,0.0,137.68902125081976,67.71664852379557,47.18590786597178,0.0,0.0,0,nan,0.02210376353233413,0.00015519009273725089,0.9930279699867629,1.2902289589034983,7.364415892594084,0.24558215690701213,1.3578809434236803,1.1541988019101281
triage_only,40,cct_region,2011,2.0,pvgis,365,0.9853790484979228,66.769071679648,10.0,196.7977039286174,0.28,1079,0.16351171595211297,0.0,0.17145505097312327,0.13432327406099143,0.9699792960662525,0.7522123893805309,0.0,0.0,1.0,0.0,0.0,0.0,0.0,0.0,0.16351171595211297,0.1324056072853781,0.24823493297861457,0.9807153953263303,0.9999976851851852,0.9120624048706241,19.639202912676332,1.0,0.0,134.9121068823523,67.5926903062394,44.67194346268986,0.0,0.0,0,nan,0.01934699281174543,0.00013050059635311945,0.9932999286089422,1.2896491927892306,8.416082521215605,0.22430377163919046,1.1882012771133827,1.0099710855463753
triage_only,40,cct_region,2013,2.0,pvgis,365,0.9853790484979228,66.769071679648,10.0,196.7977039286174,0.27,1079,0.16351171595211297,0.0,0.17145505097312327,0.13432327406099143,0.9699792960662525,0.7522123893805309,0.0,0.0,1.0,0.0,0.0,0.0,0.0,0.0,0.16351171595211297,0.1324056072853781,0.24823493297861457,0.9781835692430879,0.9999976851851852,0.8826198630136987,20.64649507784094,1.0,0.0,135.2265277398714,67.5926903062394,44.97048686574724,0.0,0.0,0,nan,0.020855053860034636,0.00013941280453034753,0.9933595453145923,1.2908779850303873,7.807971235852634,0.23598207366752333,1.280742423087064,1.0886310596240045
triage_only,40,cct_region,2012,2.0,pvgis,365,0.9853790484979228,66.769071679648,10.0,196.7977039286174,0.28,1079,0.16351171595211297,0.0,0.17145505097312327,0.13432327406099143,0.9699792960662525,0.7522123893805309,0.0,0.0,1.0,0.0,0.0,0.0,0.0,0.0,0.16351171595211297,0.1324056072853781,0.24823493297861457,0.9743416533323203,0.9999976851851852,0.9005707762557078,20.729461989872192,1.0,0.0,127.6073284260185,67.5926903062394,37.82525644377119,0.0,0.0,0,nan,0.02050317779336769,0.00014276075158816667,0.993085286421961,1.3324921717344378,7.939779122758252,0.23331461062591263,1.2594808804361342,1.070558748370714
triage_only,40,cct_region,2014,2.0,pvgis,365,0.9853790484979228,66.769071679648,10.0,196.7977039286174,0.29,1079,0.16351171595211297,0.0,0.17145505097312327,0.13432327406099143,0.9699792960662525,0.7522123893805309,0.0,0.0,1.0,0.0,0.0,0.0,0.0,0.0,0.16351171595211297,0.1324056072853781,0.24823493297861457,0.9814792309031876,0.9999976851851852,0.9171898782343988,22.297233232776282,1.0,0.0,138.2999672032459,67.5926903062394,48.063023572466655,0.0,0.0,0,nan,0.023133493077013498,0.00015488531140658805,0.9933492444676353,1.2829467003359865,7.038883905738153,0.2533084844079403,1.4206797745091266,1.2075778083327575
triage_only,40,cct_region,2015,2.0,pvgis,365,0.9853790484979228,66.769071679648,10.0,196.7977039286174,0.28,1079,0.16351171595211297,0.0,0.17145505097312327,0.13432327406099143,0.9699792960662525,0.7522123893805309,0.0,0.0,1.0,0.0,0.0,0.0,0.0,0.0,0.16351171595211297,0.1324056072853781,0.24823493297861457,0.9785348333138769,0.9999976851851852,0.8927321156773211,21.709066091403,1.0,0.0,131.64478654499794,67.5926903062394,41.567937482714676,0.0,0.0,0,nan,0.02207235264126365,0.00015583360576900155,0.9929893692612998,1.2930941607480968,7.374609426393186,0.24535000660578277,1.356004016187045,1.1526034137589884
triage_only,46,cct_region,2012,2.0,pvgis,365,1.299774515109069,88.072440650112,10.0,149.1953658034943,0.29,6276,0.20872905773129866,nan,0.21223709369024857,0.09316945455277133,0.8115315315315316,0.7575757575757576,0.0,0.0,1.0,0.0,0.0,0.0,0.0,0.0,0.20872905773129866,0.1088997972468253,0.14310105645075233,0.984954525648268,0.9999976851851852,0.931906392694064,20.729461989872192,1.0,0.0,168.32177798190958,72.47855982059706,71.52847977673594,0.0,0.0,0,nan,0.02065101978434469,0.0001458634874762076,0.9929862813783329,1.4214050967977667,7.882151843930496,0.23447100881234584,1.2686890836415838,1.0783857210953463
triage_only,46,cct_region,2011,2.0,pvgis,365,1.299774515109069,88.072440650112,10.0,149.1953658034943,0.29,6276,0.20872905773129866,nan,0.21223709369024857,0.09316945455277133,0.8115315315315316,0.7575757575757576,0.0,0.0,1.0,0.0,0.0,0.0,0.0,0.0,0.20872905773129866,0.1088997972468253,0.14310105645075233,0.9875476854523515,0.9999976851851852,0.9437690258751903,19.639202912676332,1.0,0.0,177.95722222088847,72.47855982059706,80.6823374976686,0.0,0.0,0,nan,0.019436643585308458,0.00013475922628911158,0.9931144830247296,1.3811429933423105,8.375699657658297,0.22503188140528585,1.19393010837686,1.014840592120331
triage_only,46,cct_region,2013,2.0,pvgis,365,1.299774515109069,88.072440650112,10.0,149.1953658034943,0.29,6276,0.20872905773129866,nan,0.21223709369024857,0.09316945455277133,0.8115315315315316,0.7575757575757576,0.0,0.0,1.0,0.0,0.0,0.0,0.0,0.0,0.20872905773129866,0.1088997972468253,0.14310105645075233,0.9870491143919976,0.9999976851851852,0.9520167427701675,20.64649507784094,1.0,0.0,178.37196233358222,72.47855982059706,81.07619732945756,0.0,0.0,0,nan,0.020964276054124188,0.00014352316362386476,0.9932004676497403,1.3770194075827515,7.76604847042311,0.23684746421305236,1.287656140453522,1.0945077193854937
triage_only,7,cct_region,2011,2.0,pvgis,365,1.0371329234694004,70.275903079136,10.0,186.97731973936163,0.27,1853,0.45064734529041467,nan,0.4133837021046951,0.15035678535034727,0.9855855855855856,0.9574468085106383,0.0,0.0,1.0,0.0,0.0,0.0,0.0,0.0,0.45064734529041467,0.20602209288514078,0.22146335669319397,0.982648293735729,0.9999976851851852,0.9214897260273973,19.639202912676332,1.0,0.0,141.99793270985566,68.14626211465134,50.84980095070215,0.0,0.0,0,nan,0.019370525018287718,0.0001305790602042328,0.9933040170608468,1.2925887269750336,8.405892875049302,0.22448689709959113,1.1896416179276312,1.0111953752384866
triage_only,7,cct_region,2012,2.0,pvgis,365,1.0371329234694004,70.275903079136,10.0,186.97731973936163,0.27,1853,0.45064734529041467,nan,0.4133837021046951,0.15035678535034727,0.9855855855855856,0.9574468085106383,0.0,0.0,1.0,0.0,0.0,0.0,0.0,0.0,0.45064734529041467,0.20602209288514078,0.22146335669319397,0.9768989749820531,0.9999976851851852,0.9082001522070016,20.729461989872192,1.0,0.0,134.3094941873784,68.14626211465134,43.634184703169794,0.0,0.0,0,nan,0.020542057088819107,0.000142608387217,0.9931055985709696,1.3361761050698029,7.92491384590687,0.23361146686292955,1.2618433707219276,1.0725668651136384
triage_only,46,cct_region,2015,2.0,pvgis,365,1.299774515109069,88.072440650112,10.0,149.1953658034943,0.3,6276,0.20872905773129866,nan,0.21223709369024857,0.09316945455277133,0.8115315315315316,0.7575757575757576,0.0,0.0,1.0,0.0,0.0,0.0,0.0,0.0,0.20872905773129866,0.1088997972468253,0.14310105645075233,0.9867914526085516,0.9999976851851852,0.9447393455098935,21.709066091403,1.0,0.0,173.64742923953168,72.47855982059706,76.58798684451068,0.0,0.0,0,nan,0.02221153879675416,0.000158340610759232,0.9929217047676149,1.3809116853891072,7.327897877443766,0.24641853683610881,1.364647838608848,1.159950662817521
triage_only,46,cct_region,2014,2.0,pvgis,365,1.299774515109069,88.072440650112,10.0,149.1953658034943,0.31,6276,0.20872905773129866,nan,0.21223709369024857,0.09316945455277133,0.8115315315315316,0.7575757575757576,0.0,0.0,1.0,0.0,0.0,0.0,0.0,0.0,0.20872905773129866,0.1088997972468253,0.14310105645075233,0.9894708489421162,0.9999976851851852,0.958095509893455,22.297233232776282,1.0,0.0,182.42601472521153,72.47855982059706,85.07859639374112,0.0,0.0,0,nan,0.02325805439671577,0.00015670008920205082,0.9933076347524252,1.3740259096329024,7.000893044920808,0.25425152798934836,1.4283891977545726,1.2141308180913868
triage_only,7,cct_region,2013,2.0,pvgis,365,1.0371329234694004,70.275903079136,10.0,186.97731973936163,0.28,1853,0.45064734529041467,nan,0.4133837021046951,0.15035678535034727,0.9855855855855856,0.9574468085106383,0.0,0.0,1.0,0.0,0.0,0.0,0.0,0.0,0.45064734529041467,0.20602209288514078,0.22146335669319397,0.9800912738544093,0.9999976851851852,0.9012461948249619,20.64649507784094,1.0,0.0,142.3288675147464,68.14626211465134,51.16402438874562,0.0,0.0,0,nan,0.02088029634480678,0.0001394169620400709,0.9933673233309677,1.2943926323363444,7.798593131886083,0.23617493819343693,1.2822825644170397,1.0899401797544839
triage_only,7,cct_region,2014,2.0,pvgis,365,1.0371329234694004,70.275903079136,10.0,186.97731973936163,0.27,1853,0.45064734529041467,nan,0.4133837021046951,0.15035678535034727,0.9855855855855856,0.9574468085106383,0.0,0.0,1.0,0.0,0.0,0.0,0.0,0.0,0.45064734529041467,0.20602209288514078,0.22146335669319397,0.9834857555585859,0.9999976851851852,0.927654109589041,22.297233232776282,1.0,0.0,145.5637295311605,68.14626211465134,54.42299594907749,0.0,0.0,0,nan,0.023165530564612295,0.00015354431447334112,0.9934155057492846,1.2870932262550845,7.029618142184979,0.25353765732350475,1.4225523773460267,1.2091695207441227
triage_only,7,cct_region,2015,2.0,pvgis,365,1.0371329234694004,70.275903079136,10.0,186.97731973936163,0.27,1853,0.45064734529041467,nan,0.4133837021046951,0.15035678535034727,0.9855855855855856,0.9574468085106383,0.0,0.0,1.0,0.0,0.0,0.0,0.0,0.0,0.45064734529041467,0.20602209288514078,0.22146335669319397,0.9806995386728327,0.9999976851851852,0.8994292237442922,21.709066091403,1.0,0.0,138.55900684822407,68.14626211465134,47.582767009411086,0.0,0.0,0,nan,0.022106775848849236,0.00015562914043763741,0.9930093293823138,1.2966358110414855,7.363274179401285,0.24560819416516155,1.3580914897852019,1.1543777663174217
triage_only,78,cct_region,2011,2.0,pvgis,365,1.074248607789109,72.79085383900801,10.0,180.51718460483815,0.28,2359,0.11817269991793561,0.0,0.13353115727002968,0.0959418268846342,0.8285057471264368,0.6630434782608695,0.0,0.0,1.0,0.0,0.0,0.0,0.0,0.0,0.11817269991793561,0.24591957691255584,0.19581471687790647,0.9836895828760148,0.9999976851851852,0.9254756468797565,19.639202912676332,1.0,0.0,147.07958649332792,68.39070270801838,55.43680658290022,0.0,0.0,0,nan,0.019383899511888222,0.00012961811914507138,0.9933575216116375,1.2912195387524412,8.400545454105814,0.22458315985119537,1.190398891909149,1.0118390581227767
triage_only,78,cct_region,2013,2.0,pvgis,365,1.074248607789109,72.79085383900801,10.0,180.51718460483815,0.28,2359,0.11817269991793561,0.0,0.13353115727002968,0.0959418268846342,0.8285057471264368,0.6630434782608695,0.0,0.0,1.0,0.0,0.0,0.0,0.0,0.0,0.11817269991793561,0.24591957691255584,0.19581471687790647,0.981273353951845,0.9999976851851852,0.9054889649923896,20.64649507784094,1.0,0.0,147.42236440093876,68.39070270801838,55.76227973751145,0.0,0.0,0,nan,0.020894831625132,0.00013873331497155902,0.993404193945885,1.2923549506862677,7.793457376140979,0.2362807331123986,1.2831275667990651,1.0906584317792054
triage_only,78,cct_region,2012,2.0,pvgis,365,1.074248607789109,72.79085383900801,10.0,180.51718460483815,0.28,2359,0.11817269991793561,0.0,0.13353115727002968,0.0959418268846342,0.8285057471264368,0.6630434782608695,0.0,0.0,1.0,0.0,0.0,0.0,0.0,0.0,0.11817269991793561,0.24591957691255584,0.19581471687790647,0.9782653303240356,0.9999976851851852,0.911624809741248,20.729461989872192,1.0,0.0,139.11600324190164,68.39070270801838,47.918257389218105,0.0,0.0,0,nan,0.020560328018620226,0.00014181290831618854,0.993149843351145,1.3340745266519658,7.918224129935364,0.23374538501301834,1.2629094397813705,1.073473023814165
triage_only,78,cct_region,2015,2.0,pvgis,365,1.074248607789109,72.79085383900801,10.0,180.51718460483815,0.29,2359,0.11817269991793561,0.0,0.13353115727002968,0.0959418268846342,0.8285057471264368,0.6630434782608695,0.0,0.0,1.0,0.0,0.0,0.0,0.0,0.0,0.11817269991793561,0.24591957691255584,0.19581471687790647,0.9819267902456933,0.9999976851851852,0.9027492389649924,21.709066091403,1.0,0.0,143.517592427232,68.39070270801838,52.0528559015454,0.0,0.0,0,nan,0.022127018756718266,0.0001537328409647178,0.993100195014036,1.2951286808969815,7.3572110487528235,0.24574658677998928,1.3592107027696556,1.1553290973542074
triage_only,78,cct_region,2014,2.0,pvgis,365,1.074248607789109,72.79085383900801,10.0,180.51718460483815,0.3,2359,0.11817269991793561,0.0,0.13353115727002968,0.0959418268846342,0.8285057471264368,0.6630434782608695,0.0,0.0,1.0,0.0,0.0,0.0,0.0,0.0,0.11817269991793561,0.24591957691255584,0.19581471687790647,0.9845708874369503,0.9999976851851852,0.9358732876712329,22.297233232776282,1.0,0.0,150.77299182668625,68.39070270801838,59.1005460135134,0.0,0.0,0,nan,0.023183260553776282,0.00015431476861200996,0.9933877120274799,1.2850527854219709,7.024045538772572,0.2536757433923268,1.4236809748456536,1.2101288286188054
ee_now,0,cct_region,2012,0.5,pvgis,365,0.3162228164973532,85.70875921763201,10.0,153.30988477659398,0.27,1861,0.2337039877300613,-1.2630961688819384,0.32079527135948416,0.11062352707150173,0.4647964796479648,0.09302325581395349,0.5244492208490059,0.0,0.20687802256851157,0.2686727565824825,0.0,0.0,0.0,0.0,0.543424079754601,0.5286618098159508,0.788631134969325,0.21899974454731555,0.6677425036250384,0.0,20.729461989872192,1.0,0.0,40.951092741508575,73.01530874742792,0.0,1.2547945205479452,0.2029109589041096,0,nan,0.009140841205988508,8.471946424542719e-05,0.9908168763640813,0.6721828611348806,17.76848017030424,0.14055978714045414,0.5627943360464001,0.47837518563944004
ee_now,0,cct_region,2011,0.5,pvgis,365,0.3162228164973532,85.70875921763201,10.0,153.30988477659398,0.28,1861,0.23274539877300607,-1.267005473025801,0.3202579258463192,0.11030310502210772,0.4647964796479648,0.09302325581395349,0.5244492208490059,0.0,0.2031166039763568,0.2724341751746373,0.0,0.0,0.0,0.0,0.543424079754601,0.5286618098159508,0.788631134969325,0.219493846870275,0.6676685351816178,0.0,19.639202912676332,1.0,0.0,43.29530497219543,73.1064971776432,0.0,1.273972602739726,0.17443873668188736,0,nan,0.008545738492510153,8.70378143365503e-05,0.9899177493725259,0.7028636697634931,18.988583278705043,0.13544917903415576,0.5266322322853128,0.4476373974425158
ee_now,0,cct_region,2013,0.5,pvgis,365,0.3162228164973532,85.70875921763201,10.0,153.30988477659398,0.28,1861,0.23274539877300607,-1.267005473025801,0.3202579258463192,0.11030310502210772,0.4647964796479648,0.09302325581395349,0.5244492208490059,0.0,0.199892530897367,0.27565824825362706,0.0,0.0,0.0,0.0,0.543424079754601,0.5286618098159508,0.788631134969325,0.221778702407187,0.6730697007733084,0.0,20.64649507784094,1.0,0.0,43.39620730950464,73.18465868925632,0.0,1.2904109589041095,0.17434360730593607,0,nan,0.009205888320301125,9.013906598543875e-05,0.9903034853233746,0.6924448537601848,17.63378968426989,0.1411652592194228,0.5670930740951525,0.48202911298087964
ee_now,0,cct_region,2014,0.5,pvgis,365,0.3162228164973532,85.70875921763201,10.0,153.30988477659398,0.29,1861,0.23571702453987728,-1.254886630179827,0.3245566899516389,0.11097738416082953,0.4730473047304731,0.09302325581395349,0.5163890381515315,0.0,0.2079527135948415,0.27565824825362706,0.0,0.0,0.0,0.0,0.543424079754601,0.5286618098159508,0.788631134969325,0.22931378551097664,0.677376469408417,0.0,22.297233232776282,1.0,0.0,44.38251982033472,73.19851697603715,0.0,1.2904109589041095,0.16044520547945204,0,nan,0.010436138666431215,0.00010520106459919285,0.9900201428581688,0.6999268127373275,15.550603245093107,0.15179468962809317,0.6430618698445306,0.546602589367851
ee_now,0,cct_region,2015,0.5,pvgis,365,0.3162228164973532,85.70875921763201,10.0,153.30988477659398,0.28,1861,0.22737730061349692,-1.2888975762314299,0.31273508866200966,0.10756243218655744,0.45654565456545654,0.09302325581395349,0.5325094035464804,0.0,0.19129500268672756,0.27619559376679204,0.0,0.0,0.0,0.0,0.543424079754601,0.5286618098159508,0.788631134969325,0.21624131216285256,0.669268666797096,0.0,21.709066091403,1.0,0.0,42.24677320053634,73.17540626844607,0.0,1.2904109589041095,0.1922564687975647,0,nan,0.009854289044890321,8.558726548465915e-05,0.9913895039724665,0.6617077993046967,16.491572602155085,0.14667749513963702,0.6063703105362566,0.5154147639558181
ee_now,100,cct_region,2012,0.5,pvgis,365,0.3052640870787947,82.73851465568,10.0,158.8135834282582,0.29,4890,0.07520467093989971,-0.10675527374710396,0.08282208588957055,0.08070313207189606,0.5580802718199193,0.2430939226519337,0.38548057259713703,0.0,0.2936605316973415,0.32085889570552145,0.0,0.0,0.0,0.0,0.11224640900340586,0.169427344460663,0.4592244716633877,0.19909797942674634,0.7136709806172229,0.0,20.729461989872192,1.0,0.0,39.53192903371723,74.74252961563305,0.0,0.9616438356164384,0.24869672754946728,0,nan,0.008924137874480577,7.941387072654513e-05,0.9911797174077641,0.6496684764878502,18.206614063861238,0.138649383948511,0.5492509461080547,0.4668633041918465
ee_now,100,cct_region,2011,0.5,pvgis,365,0.3052640870787947,82.73851465568,10.0,158.8135834282582,0.31,4890,0.07689704046878636,-0.10187781977807576,0.08445807770961145,0.08178404975478461,0.5568061159481843,0.2430939226519337,0.38793456032719836,0.0,0.281799591002045,0.33026584867075665,0.0,0.0,0.0,0.0,0.11224640900340586,0.169427344460663,0.4592244716633877,0.1994688149715229,0.7135995755566938,0.0,19.639202912676332,1.0,0.0,41.79490238410944,74.82070229453743,0.0,0.9780821917808219,0.22139459665144598,0,nan,0.008348887299024495,7.656183467682794e-05,0.9909130263014009,0.658250833271016,19.45584018462622,0.13365439764108955,0.5139844851265732,0.4368868123575873
ee_now,100,cct_region,2013,0.5,pvgis,365,0.3052640870787947,82.73851465568,10.0,158.8135834282582,0.3,4890,0.07753167904211884,-0.1000487745396902,0.0850715746421268,0.08175642887700695,0.558504990443831,0.2430939226519337,0.3848670756646217,0.0,0.28077709611451945,0.3343558282208589,0.0,0.0,0.0,0.0,0.11224640900340586,0.169427344460663,0.4592244716633877,0.20165725677458682,0.7188135632814598,0.0,20.64649507784094,1.0,0.0,41.892307942077814,74.92162526915033,0.0,0.9945205479452055,0.2221746575342466,0,nan,0.008975944458337368,8.128449409031329e-05,0.9910254566250613,0.6657689027337197,18.0987134906259,0.13911167538970148,0.5525254601759085,0.46964664114952226
ee_now,100,cct_region,2014,0.5,pvgis,365,0.3052640870787947,82.73851465568,10.0,158.8135834282582,0.3,4890,0.07759514289945209,-0.09986587001585166,0.08568507157464213,0.08104360142367624,0.5623274580590358,0.27624309392265195,0.37443762781186096,0.0,0.29141104294478526,0.3341513292433538,0.0,0.0,0.0,0.0,0.11224640900340586,0.169427344460663,0.4592244716633877,0.20700042880949385,0.7229710804720868,0.0,22.297233232776282,1.0,0.0,42.844439706406234,74.95554810455019,0.0,0.9945205479452055,0.20853310502283104,0,nan,0.010171335829532622,9.323019542981141e-05,0.9909172784116655,0.6631779858026604,15.969909631867784,0.1494437629808517,0.6261776196932953,0.532250976739301
ee_now,100,cct_region,2015,0.5,pvgis,365,0.3052640870787947,82.73851465568,10.0,158.8135834282582,0.3,4890,0.07746821518478558,-0.1002316790635288,0.08445807770961145,0.08178019725414233,0.5510724145253769,0.2430939226519337,0.3965235173824131,0.0,0.26932515337423313,0.3341513292433538,0.0,0.0,0.0,0.0,0.11224640900340586,0.169427344460663,0.4592244716633877,0.19824612489110874,0.7151442544708025,0.0,21.709066091403,1.0,0.0,40.78270757288786,74.8638526502548,0.0,0.9945205479452055,0.238308599695586,0,nan,0.009663707963837706,8.197644723895372e-05,0.9915884360932331,0.6417996832686413,16.82018264850429,0.1450187115637478,0.594523865107329,0.5053452853412297
ee_now,105,cct_region,2011,0.5,pvgis,365,0.264632338334809,71.725720549728,10.0,183.19788075032216,0.28,2169,0.19712643678160918,0.35654973733265544,0.21300138312586445,0.1554003538473203,0.7349687349687349,0.32222222222222224,0.06731212540341171,0.0,0.4891655140617796,0.44352236053480865,0.0,0.0,0.0,0.0,0.096360153256705,0.25373563218390804,0.3789750957854406,0.2177580789939429,0.71638280237132,0.0,19.639202912676332,1.0,0.0,36.23185044209719,71.29444646358628,0.0,0.5753424657534246,0.24749809741248097,0,nan,0.008511664855683701,1.1206605598692312e-05,0.99868511385516,0.4111707261522673,19.233446447440087,0.13449823750796808,0.5199276181378802,0.4419384754171982
ee_now,105,cct_region,2013,0.5,pvgis,365,0.264632338334809,71.725720549728,10.0,183.19788075032216,0.28,2169,0.19760536398467432,0.35824436536180304,0.21346242508068233,0.15574155193095718,0.7349687349687349,0.32222222222222224,0.06731212540341171,0.0,0.47717842323651455,0.45550945136007376,0.0,0.0,0.0,0.0,0.096360153256705,0.25373563218390804,0.3789750957854406,0.21975071623978173,0.7209027895629291,0.0,20.64649507784094,1.0,0.0,36.316290969702145,71.36788318934677,0.0,0.589041095890411,0.248087899543379,0,nan,0.00916122925925391,1.5278662892965866e-05,0.9983350242791059,0.4198762014451556,17.863461048550995,0.14013805518670863,0.5598019315977492,0.47583164185808674
ee_now,105,cct_region,2012,0.5,pvgis,365,0.264632338334809,71.725720549728,10.0,183.19788075032216,0.29,2169,0.1961685823754789,0.3531604812743602,0.21207929921622867,0.15497738196995586,0.7349687349687349,0.32222222222222224,0.06731212540341171,0.0,0.4919317657906869,0.4407561088059013,0.0,0.0,0.0,0.0,0.096360153256705,0.25373563218390804,0.3789750957854406,0.21693629122965102,0.7164447031612855,0.0,20.729461989872192,1.0,0.0,34.27008698988615,71.26681126776298,0.0,0.5698630136986301,0.27229832572298324,0,nan,0.009091376031917241,1.2447377644523639e-05,0.9986327307676629,0.4124240414078002,18.006082110162687,0.13951276256383482,0.5553678995141297,0.47206271458701027
ee_now,105,cct_region,2014,0.5,pvgis,365,0.264632338334809,71.725720549728,10.0,183.19788075032216,0.28,2169,0.1990421455938697,0.3633282494492458,0.21484555094513602,0.15574324944823703,0.7349687349687349,0.34444444444444444,0.06639004149377593,0.0,0.47579529737206083,0.4578146611341632,0.0,0.0,0.0,0.0,0.096360153256705,0.25373563218390804,0.3789750957854406,0.2241903741534823,0.7245069262511078,0.0,22.297233232776282,1.0,0.0,37.14169056913848,71.40870415041957,0.0,0.5972602739726027,0.2370433789954338,0,nan,0.010361776772594438,1.4719471373840259e-05,0.9985814603477164,0.4126807104731094,15.7976438264773,0.15039528897338805,0.6330057893342117,0.53805492093408
ee_now,130,cct_region,2011,0.5,pvgis,365,0.2526532182741883,68.47891018896,10.0,191.883894818735,0.26,1455,0.16998085137722788,0.05718175629680058,0.16357388316151203,0.0726592063959718,0.6043058648849294,0.6018518518518519,0.37869415807560136,0.0,0.3037800687285223,0.31752577319587627,0.0,0.0,0.0,0.0,0.15760789512446605,0.3132272794225954,0.3739873324495508,0.2398360576110951,0.725574630690446,0.0,19.639202912676332,1.0,0.0,34.59174217265647,68.65056949499731,0.0,0.273972602739726,0.23142123287671232,0,nan,0.00873153752613944,7.786167016750137e-06,0.9991090652675049,0.39999007066276804,18.75707979066621,0.13637004521035034,0.5331320286314579,0.4531622243367392
ee_now,105,cct_region,2015,0.5,pvgis,365,0.264632338334809,71.725720549728,10.0,183.19788075032216,0.28,2169,0.2019157088122605,0.3734960176241314,0.21761180267404334,0.157071918779309,0.7349687349687349,0.32222222222222224,0.06869525126786538,0.0,0.4661134163208852,0.46519133241124944,0.0,0.0,0.0,0.0,0.096360153256705,0.25373563218390804,0.3789750957854406,0.21528842440534562,0.717721878962119,0.0,21.709066091403,1.0,0.0,35.35438240349712,71.51370840158312,0.0,0.6191780821917808,0.26548706240487063,0,nan,0.009857468241786299,1.4469342326653783e-05,0.9985342956027254,0.41430229680911745,16.605067691351277,0.14609753249909652,0.6022257894924743,0.5118919210686033
ee_now,130,cct_region,2012,0.5,pvgis,365,0.2526532182741883,68.47891018896,10.0,191.883894818735,0.27,1455,0.17219030785093534,0.06739278420694349,0.16563573883161511,0.07293779931271599,0.6095025983667409,0.6018518518518519,0.3738831615120275,0.0,0.30859106529209623,0.31752577319587627,0.0,0.0,0.0,0.0,0.15760789512446605,0.3132272794225954,0.3739873324495508,0.23875707834395588,0.7256337294154764,0.0,20.729461989872192,1.0,0.0,32.71878192595117,68.65978757268803,0.0,0.273972602739726,0.25506088280060885,0,nan,0.009324366650756994,8.40883483060634e-06,0.9990989995587494,0.39999007066276804,17.564356078439353,0.14148083899178954,0.5693348481061158,0.4839346208901984
ee_now,130,cct_region,2013,0.5,pvgis,365,0.2526532182741883,68.47891018896,10.0,191.883894818735,0.28,1455,0.16939166298423922,0.05445881552076245,0.16426116838487972,0.07331760969718593,0.6043058648849294,0.5833333333333334,0.37869415807560136,0.0,0.29690721649484536,0.3243986254295533,0.0,0.0,0.0,0.0,0.15760789512446605,0.3132272794225954,0.3739873324495508,0.24196412220283706,0.7298900114851898,0.0,20.64649507784094,1.0,0.0,34.672360328345206,68.70504920733448,0.0,0.28493150684931506,0.23178272450532725,0,nan,0.009407701675073878,8.387132197046303e-06,0.9991092764343332,0.39999007066276804,17.40894708877546,0.14219587008035217,0.5744172780241011,0.48825468632048596
ee_now,130,cct_region,2014,0.5,pvgis,365,0.2526532182741883,68.47891018896,10.0,191.883894818735,0.28,1455,0.17970245986154074,0.10211027910142957,0.17388316151202748,0.07459437307922157,0.6198960653303638,0.5833333333333334,0.3642611683848797,0.0,0.3099656357388316,0.32577319587628867,0.0,0.0,0.0,0.0,0.15760789512446605,0.3132272794225954,0.3739873324495508,0.24706832754259553,0.7333309996089281,0.0,22.297233232776282,1.0,0.0,35.46039653915772,68.74612569866356,0.0,0.2876712328767123,0.22135654490106546,0,nan,0.010641637516169025,9.47977251980314e-06,0.9991099738869771,0.39999007066276804,15.390328299461412,0.15272533826979773,0.6497587189449332,0.5522949111031933
ee_now,130,cct_region,2015,0.5,pvgis,365,0.2526532182741883,68.47891018896,10.0,191.883894818735,0.29,1455,0.16644572101929592,0.0408441116405718,0.16151202749140894,0.07228739930113423,0.6020786933927246,0.5833333333333334,0.38075601374570445,0.0,0.2941580756013746,0.325085910652921,0.0,0.0,0.0,0.0,0.15760789512446605,0.3132272794225954,0.3739873324495508,0.23798513392620757,0.7268530912607172,0.0,21.709066091403,1.0,0.0,33.753994506289885,68.70149394226462,0.0,0.28493150684931506,0.24620433789954338,0,nan,0.010106392802687004,9.008079131900298e-06,0.9991094688942985,0.39999007066276804,16.205407353021712,0.14817403726377254,0.6170779778723284,0.5245162811914792
ee_now,28,cct_region,2012,0.5,pvgis,365,0.2576552408749775,69.834654076896,10.0,188.158732561793,0.26,1333,0.14827442827442827,-0.16511127063890885,0.16279069767441862,0.08044053689282461,0.6018518518518519,0.41379310344827586,0.218304576144036,0.0,0.45461365341335336,0.32708177044261066,0.0,0.0,0.0,0.0,0.1674012474012474,0.18985446985446985,0.28324324324324324,0.23597788338639356,0.7203847681183378,0.0,20.729461989872192,1.0,0.0,33.36654761752561,69.41317637604365,0.0,0.3917808219178082,0.25697298325722984,0,nan,0.009289549375965784,9.446896161249047e-06,0.9989840950695329,0.40305047169656716,17.628159753148786,0.14119075932851377,0.5672741874382988,0.48218305932255395
ee_now,28,cct_region,2011,0.5,pvgis,365,0.2576552408749775,69.834654076896,10.0,188.158732561793,0.28,1333,0.14827442827442827,-0.16511127063890885,0.16279069767441862,0.08031675540540295,0.5976430976430976,0.4,0.2220555138784696,0.0,0.44711177794448614,0.33083270817704424,0.0,0.0,0.0,0.0,0.1674012474012474,0.18985446985446985,0.28324324324324324,0.23679171926077958,0.7201309411469218,0.0,19.639202912676332,1.0,0.0,35.27658868809041,69.43804241732042,0.0,0.3972602739726027,0.23340943683409437,0,nan,0.008696747644013153,7.76155412497016e-06,0.9991083294935652,0.39999007066276804,18.83210047776771,0.13606926174216438,0.531008211845807,0.451356980068936
ee_now,28,cct_region,2013,0.5,pvgis,365,0.2576552408749775,69.834654076896,10.0,188.158732561793,0.27,1333,0.14943866943866943,-0.15506101938262748,0.16654163540885222,0.08229132051072402,0.6026936026936027,0.3724137931034483,0.2220555138784696,0.0,0.4223555888972243,0.3555888972243061,0.0,0.0,0.0,0.0,0.1674012474012474,0.18985446985446985,0.28324324324324324,0.23809846503458243,0.7247922177956304,0.0,20.64649507784094,1.0,0.0,35.358802920170255,69.59003599434874,0.0,0.4273972602739726,0.23481735159817352,0,nan,0.009361346327859342,8.730226593860331e-06,0.9990682865243282,0.401001298440918,17.494434637365277,0.1418010474575,0.5716103553664788,0.4858688020615069
ee_now,28,cct_region,2015,0.5,pvgis,365,0.2576552408749775,69.834654076896,10.0,188.158732561793,0.28,1333,0.1511018711018711,-0.14070351758793975,0.16804201050262565,0.08297701730126347,0.5968013468013468,0.3724137931034483,0.2288072018004501,0.0,0.4051012753188297,0.36609152288072017,0.0,0.0,0.0,0.0,0.1674012474012474,0.18985446985446985,0.28324324324324324,0.23402683267192573,0.721430668717906,0.0,21.709066091403,1.0,0.0,34.42225531270494,69.61403472481521,0.0,0.4328767123287671,0.25020928462709285,0,nan,0.010066267973087432,9.409329595654903e-06,0.9990661342842779,0.40099202545307955,16.269297527555636,0.14783558070834746,0.614654688259453,0.5224564850205351
ee_now,28,cct_region,2014,0.5,pvgis,365,0.2576552408749775,69.834654076896,10.0,188.158732561793,0.28,1333,0.15442827442827442,-0.11198851399856431,0.17104276069017255,0.08343107072361229,0.6153198653198653,0.4068965517241379,0.2115528882220555,0.0,0.4156039009752438,0.37284321080270066,0.0,0.0,0.0,0.0,0.1674012474012474,0.18985446985446985,0.28324324324324324,0.24249653482480274,0.728036826546506,0.0,22.297233232776282,1.0,0.0,36.16244065374859,69.68661759336857,0.0,0.4438356164383562,0.225,0,nan,0.010581197975782853,1.1737699512003209e-05,0.9988919313897677,0.4050842614162104,15.474859552984826,0.15223222624848365,0.6462094189456586,0.5492780061038098
ee_now,40,cct_region,2011,0.5,pvgis,365,0.2463447621244807,66.769071679648,10.0,196.7977039286174,0.27,1079,0.11122480302875268,-0.6171497584541065,0.13160333642261354,0.0801701036771813,0.6438923395445134,0.26548672566371684,0.31974050046339203,0.0,0.3873957367933272,0.2928637627432808,0.0,0.0,0.0,0.0,0.16351171595211297,0.1324056072853781,0.24823493297861457,0.2458951020737847,0.7301948407891328,0.0,19.639202912676332,1.0,0.0,33.728026720588076,68.15845598855186,0.0,0.1780821917808219,0.23640601217656013,0,nan,0.008787653564675802,7.835385728870925e-06,0.9991091585956106,0.39999007066276804,18.637302912130696,0.1368550647316642,0.5365583232266496,0.45607457474265223
ee_now,40,cct_region,2012,0.5,pvgis,365,0.2463447621244807,66.769071679648,10.0,196.7977039286174,0.27,1079,0.11521538933797196,-0.570048309178744,0.13438368860055608,0.08116808877682195,0.6469979296066253,0.2743362831858407,0.3169601482854495,0.0,0.3985171455050973,0.2845227062094532,0.0,0.0,0.0,0.0,0.16351171595211297,0.1324056072853781,0.24823493297861457,0.24488615774681868,0.7303468600514759,0.0,20.729461989872192,1.0,0.0,31.901832106504624,68.15884853638381,0.0,0.1780821917808219,0.25943683409436835,0,nan,0.009383669903474048,8.46260597672338e-06,0.9990989686348434,0.39999007066276804,17.45335169239177,0.14199032844933335,0.572955852620513,0.48701247472743603
ee_now,40,cct_region,2013,0.5,pvgis,365,0.2463447621244807,66.769071679648,10.0,196.7977039286174,0.27,1079,0.11020157576997851,-0.6292270531400967,0.13067655236329936,0.07963227607222002,0.6428571428571429,0.26548672566371684,0.31974050046339203,0.0,0.3818350324374421,0.29842446709916587,0.0,0.0,0.0,0.0,0.16351171595211297,0.1324056072853781,0.24823493297861457,0.24810886304205404,0.7345637430316481,0.0,20.64649507784094,1.0,0.0,33.80663193496785,68.1987227633226,0.0,0.1863013698630137,0.23644406392694065,0,nan,0.009472079154057124,8.440902046871086e-06,0.9991096583313025,0.39999007066276804,17.29063288289216,0.14274843415800353,0.578347829586636,0.4915956551486406
ee_now,40,cct_region,2015,0.5,pvgis,365,0.2463447621244807,66.769071679648,10.0,196.7977039286174,0.28,1079,0.11122480302875268,-0.6171497584541065,0.13160333642261354,0.0799687302404211,0.639751552795031,0.26548672566371684,0.32252085264133457,0.0,0.37256719184430026,0.3049119555143652,0.0,0.0,0.0,0.0,0.16351171595211297,0.1324056072853781,0.24823493297861457,0.24422240497023567,0.7314413796902465,0.0,21.709066091403,1.0,0.0,32.911196636249485,68.19753953618121,0.0,0.1863013698630137,0.2508466514459665,0,nan,0.010183653671234083,9.06670232807204e-06,0.9991104727692138,0.39999007066276804,16.082477083760327,0.14883243482584962,0.6217947613367186,0.5285255471362108
ee_now,46,cct_region,2011,0.5,pvgis,365,0.32494362877726723,88.072440650112,10.0,149.1953658034943,0.29,6276,0.13780101732294667,nan,0.14467813894200127,0.08181908672787332,0.5781981981981982,0.512396694214876,0.288559592096877,0.0,0.4735500318674315,0.23789037603569152,0.0,0.0,0.0,0.0,0.20872905773129866,0.1088997972468253,0.14310105645075233,0.2132099042690508,0.7069082998801286,0.0,19.639202912676332,1.0,0.0,44.48930555522212,75.71553248713163,0.0,0.9671232876712329,0.19684170471841705,0,nan,0.008473391930992082,9.167233816331633e-05,0.9892969468433007,0.7364693647221257,19.138699568118355,0.1348634342112247,0.5225015401076784,0.4441263090915266
ee_now,40,cct_region,2014,0.5,pvgis,365,0.2463447621244807,66.769071679648,10.0,196.7977039286174,0.29,1079,0.10917834851120434,-0.641304347826087,0.12974976830398516,0.07917507407981261,0.6459627329192547,0.26548672566371684,0.3169601482854495,0.0,0.3707136237256719,0.3123262279888786,0.0,0.0,0.0,0.0,0.16351171595211297,0.1324056072853781,0.24823493297861457,0.25284398134624253,0.7377575422232402,0.0,22.297233232776282,1.0,0.0,34.574991800811475,68.24649819971064,0.0,0.19452054794520549,0.2269786910197869,0,nan,0.010709175592829854,9.536885838374655e-06,0.9991102582649405,0.39999007066276804,15.293272597359335,0.15329787298629238,0.6538822829671318,0.555799940522062
ee_now,46,cct_region,2012,0.5,pvgis,365,0.32494362877726723,88.072440650112,10.0,149.1953658034943,0.29,6276,0.14242521253512608,nan,0.14882090503505419,0.08336066712701137,0.5866666666666667,0.5165289256198347,0.2789993626513703,0.0,0.4847036328871893,0.23629700446144042,0.0,0.0,0.0,0.0,0.20872905773129866,0.1088997972468253,0.14310105645075233,0.2120761199158836,0.7072006367915344,0.0,20.729461989872192,1.0,0.0,42.080444495477394,75.75522276402316,0.0,0.9616438356164384,0.22798706240487063,0,nan,0.009049870706983319,9.31300028122261e-05,0.9898140658884069,0.7137534861934092,17.928926949919926,0.13984985560746033,0.5577578640335005,0.4740941844284754
ee_now,46,cct_region,2013,0.5,pvgis,365,0.32494362877726723,88.072440650112,10.0,149.1953658034943,0.31,6276,0.13927720271760394,nan,0.1464308476736775,0.08258882898495767,0.5789189189189189,0.5082644628099173,0.28664754620777566,0.0,0.4682919056724028,0.24506054811982153,0.0,0.0,0.0,0.0,0.20872905773129866,0.1088997972468253,0.14310105645075233,0.21440527918835264,0.7127538755053066,0.0,20.64649507784094,1.0,0.0,44.592990583395554,75.95123045365251,0.0,1.010958904109589,0.19962899543378995,0,nan,0.009112292338183982,9.913991677850591e-05,0.9892372962168727,0.7413255880068896,17.795733311796248,0.14043833932623573,0.5619324489073628,0.47764258157125833
ee_now,7,cct_region,2011,0.5,pvgis,365,0.2592832308673501,70.275903079136,10.0,186.97731973936163,0.27,1853,0.24646632616700326,nan,0.22881813275769022,0.13603269722664957,0.7291291291291291,0.42021276595744683,0.2898003237992445,0.0,0.2638963842417701,0.44630329195898544,0.0,0.0,0.0,0.0,0.45064734529041467,0.20602209288514078,0.22146335669319397,0.23019064825214974,0.7266074401405745,0.0,19.639202912676332,1.0,0.0,35.499483177463915,70.00099713185817,0.0,0.3972602739726027,0.23859398782343988,0,nan,0.008632919176998892,7.708452654631906e-06,0.9991078827852532,0.39999007066276804,18.97132926622409,0.13551707072081987,0.5271111928779635,0.44804451394626893
ee_now,7,cct_region,2013,0.5,pvgis,365,0.2592832308673501,70.275903079136,10.0,186.97731973936163,0.26,1853,0.24349685235776225,nan,0.22611980572045332,0.1352769872144436,0.7291291291291291,0.42021276595744683,0.2898003237992445,0.0,0.25634106853750677,0.45385860766324876,0.0,0.0,0.0,0.0,0.45064734529041467,0.20602209288514078,0.22146335669319397,0.23234387157416989,0.7312955311112119,0.0,20.64649507784094,1.0,0.0,35.5822168786866,70.05705820281426,0.0,0.40821917808219177,0.23916476407914763,0,nan,0.009297505557212933,1.2222945214155788e-05,0.9986870782310172,0.41108620004052887,17.607838057388523,0.14128293332067943,0.5679288943598526,0.48273956020587466
ee_now,46,cct_region,2014,0.5,pvgis,365,0.32494362877726723,88.072440650112,10.0,149.1953658034943,0.31,6276,0.14808095898694554,nan,0.15503505417463354,0.08516502453264509,0.6005405405405405,0.5330578512396694,0.25971956660293183,0.0,0.4947418738049713,0.2455385595920969,0.0,0.0,0.0,0.0,0.20872905773129866,0.1088997972468253,0.14310105645075233,0.22009660850777663,0.7167037976319848,0.0,22.297233232776282,1.0,0.0,45.60650368130288,76.13538825806663,0.0,1.0136986301369864,0.1872716894977169,0,nan,0.010319416247744798,0.00011426382915963528,0.9890485592506747,0.7486584124939157,15.711061736677767,0.15088100006377003,0.6364942209255542,0.5410200877867211
ee_now,7,cct_region,2012,0.5,pvgis,365,0.2592832308673501,70.275903079136,10.0,186.97731973936163,0.28,1853,0.25359306330918163,nan,0.23529411764705882,0.13757327885279497,0.7363363363363363,0.42021276595744683,0.28332433890987585,0.0,0.27145169994603346,0.4452239611440907,0.0,0.0,0.0,0.0,0.45064734529041467,0.20602209288514078,0.22146335669319397,0.22916089499521664,0.7268608419571312,0.0,20.729461989872192,1.0,0.0,33.5773735468446,70.00590360828905,0.0,0.3972602739726027,0.2633181126331811,0,nan,0.009217932629400098,9.768296844577477e-06,0.9989414159688689,0.4041024555842156,17.764358981636537,0.1405781832573344,0.5629248998141306,0.478486164842011
ee_now,46,cct_region,2015,0.5,pvgis,365,0.32494362877726723,88.072440650112,10.0,149.1953658034943,0.3,6276,0.12707644150393055,nan,0.13463989802421925,0.08012170075183414,0.5409009009009009,0.3512396694214876,0.34448693435309113,0.0,0.40519439133205865,0.2503186743148502,0.0,0.0,0.0,0.0,0.20872905773129866,0.1088997972468253,0.14310105645075233,0.20979419949029746,0.7084604208585423,0.0,21.709066091403,1.0,0.0,43.41185730988292,75.6984640169006,0.0,1.0328767123287672,0.2140886605783866,0,nan,0.00978798071014579,0.00010045857382957493,0.9898408059204679,0.7167715494975762,16.5773573686837,0.1462384366131222,0.6032324560301154,0.5127475876255981
ee_now,78,cct_region,2011,0.5,pvgis,365,0.26856215194727723,72.79085383900801,10.0,180.51718460483815,0.27,2359,0.07627427737758731,-0.539635936582501,0.07969478592623994,0.07322928733121135,0.5540229885057472,0.32065217391304346,0.3662568885120814,0.0,0.3086053412462908,0.3251377702416278,0.0,0.0,0.0,0.0,0.11817269991793561,0.24591957691255584,0.19581471687790647,0.23228860896338063,0.7213260160851143,0.0,19.639202912676332,1.0,0.0,36.76989662333198,70.16331195728186,0.0,0.46301369863013697,0.22300228310502282,0,nan,0.008657748808107891,1.4836826914615624e-05,0.9982892268189661,0.41969328087297914,18.901420951903344,0.1357933603642587,0.5290607529161989,0.4497016399787691
ee_now,7,cct_region,2015,0.5,pvgis,365,0.2592832308673501,70.275903079136,10.0,186.97731973936163,0.28,1853,0.23043116759710183,nan,0.2142471667566109,0.13284228886480637,0.7147147147147147,0.39361702127659576,0.30545062061521855,0.0,0.2363734484619536,0.4581759309228278,0.0,0.0,0.0,0.0,0.45064734529041467,0.20602209288514078,0.22146335669319397,0.2286674443887674,0.7279016716898706,0.0,21.709066091403,1.0,0.0,34.63975171205602,70.04224226736378,0.0,0.40821917808219177,0.25348173515981737,0,nan,0.010005545948168451,9.362521789162324e-06,0.9990651415519924,0.4010092727571999,16.368016973966828,0.14731755088042564,0.6109475580276403,0.5193054243234942
ee_now,7,cct_region,2014,0.5,pvgis,365,0.2592832308673501,70.275903079136,10.0,186.97731973936163,0.29,1853,0.2571564318802709,nan,0.23853211009174313,0.13777588283028405,0.7507507507507507,0.42021276595744683,0.2703723691311387,0.0,0.27145169994603346,0.4581759309228278,0.0,0.0,0.0,0.0,0.45064734529041467,0.20602209288514078,0.22146335669319397,0.2373773485654757,0.7345495704075654,0.0,22.297233232776282,1.0,0.0,36.390932382790126,70.07731238727331,0.0,0.40821917808219177,0.22756849315068492,0,nan,0.010519729741988068,1.2001553138747587e-05,0.9988604387253688,0.4061507468027694,15.56479055868435,0.15171318452317328,0.6424757186610851,0.5461043608619224
ee_now,78,cct_region,2012,0.5,pvgis,365,0.26856215194727723,72.79085383900801,10.0,180.51718460483815,0.28,2359,0.07673019057171515,-0.5337639459776858,0.08011869436201781,0.07340131609700293,0.5544827586206896,0.32065217391304346,0.3649851632047478,0.0,0.3098770665536244,0.3251377702416278,0.0,0.0,0.0,0.0,0.11817269991793561,0.24591957691255584,0.19581471687790647,0.23116805604821197,0.7215814551737324,0.0,20.729461989872192,1.0,0.0,34.77900081047541,70.16473624621698,0.0,0.46301369863013697,0.24800228310502284,0,nan,0.009245140390541312,1.5693883549613458e-05,0.9983053488395187,0.4223575145859929,17.700801782794212,0.1408629230214562,0.564946160219722,0.48020423618676367
ee_now,78,cct_region,2013,0.5,pvgis,365,0.26856215194727723,72.79085383900801,10.0,180.51718460483815,0.28,2359,0.07581836418345947,-0.545507927187316,0.07927087749046206,0.07263273019328807,0.5544827586206896,0.32065217391304346,0.3662568885120814,0.0,0.3039423484527342,0.3298007630351844,0.0,0.0,0.0,0.0,0.11817269991793561,0.24591957691255584,0.19581471687790647,0.23433786617866095,0.7261729250835535,0.0,20.64649507784094,1.0,0.0,36.85559110023469,70.2434501671687,0.0,0.4794520547945205,0.2234113394216134,0,nan,0.009323418122789069,2.064705338431099e-05,0.9977903564460403,0.43592023550721987,17.543134464321156,0.14157776732050165,0.570023562228163,0.4845200278939385
ee_now,0,cct_region,2011,1.0,pvgis,365,0.6324456329947064,85.70875921763201,10.0,153.30988477659398,0.26,1861,0.5295245398773004,-0.05668491008600478,0.7211176786673831,0.24686539511879269,0.9801980198019802,0.18604651162790697,0.0,0.0,0.05910800644814616,0.9408919935518538,0.0,0.0,0.0,0.0,0.543424079754601,0.5286618098159508,0.788631134969325,0.6243643541659281,0.7200410944124754,0.0,19.639202912676332,1.0,0.0,86.59060994439086,88.86938568524077,0.0,4.4301369863013695,0.0,0,nan,0.013341699141995815,0.00016722634542021462,0.9876210476121146,1.4150196608102428,12.134510030549112,0.1765962447330024,0.8240959029103443,0.7004815174737927
ee_now,78,cct_region,2015,0.5,pvgis,365,0.26856215194727723,72.79085383900801,10.0,180.51718460483815,0.27,2359,0.07622868605817451,-0.5402231356429826,0.07927087749046206,0.07268844273612317,0.5411494252873563,0.31521739130434784,0.3899957609156422,0.0,0.27596439169139464,0.3340398473929631,0.0,0.0,0.0,0.0,0.11817269991793561,0.24591957691255584,0.19581471687790647,0.23011818543403573,0.7226053310478529,0.0,21.709066091403,1.0,0.0,35.879398106808,70.22334315271715,0.0,0.4821917808219178,0.23861301369863014,0,nan,0.0100162171992523,1.927901234892086e-05,0.9980789178788555,0.4253462167659172,16.33443811572476,0.14749308853043575,0.6122034886754536,0.5203729653741356
ee_now,78,cct_region,2014,0.5,pvgis,365,0.26856215194727723,72.79085383900801,10.0,180.51718460483815,0.29,2359,0.07900975654235434,-0.5044039929536107,0.08223823654090716,0.07384204956823373,0.5641379310344827,0.32065217391304346,0.3573548113607461,0.0,0.3086053412462908,0.3340398473929631,0.0,0.0,0.0,0.0,0.11817269991793561,0.24591957691255584,0.19581471687790647,0.23970173912151796,0.7294724791192689,0.0,22.297233232776282,1.0,0.0,37.69324795667156,70.27253148099874,0.0,0.4821917808219178,0.21172945205479451,0,nan,0.010552352655807468,1.868324554450182e-05,0.9982326003128877,0.42334266612895843,15.506918466526585,0.15204654253667327,0.6448734493307692,0.5481424319311539
ee_now,0,cct_region,2012,1.0,pvgis,365,0.6324456329947064,85.70875921763201,10.0,153.30988477659398,0.29,1861,0.5343174846625766,-0.03713838936669254,0.7259537882858678,0.249818040351072,0.9818481848184818,0.20930232558139536,0.0,0.0,0.2031166039763568,0.7968833960236432,0.0,0.0,0.0,0.0,0.543424079754601,0.5286618098159508,0.788631134969325,0.5954644634578106,0.7159969968297887,0.0,20.729461989872192,1.0,0.0,81.90218548301715,85.79515196791888,0.0,3.786301369863014,0.0,0,nan,0.013903708690667326,0.00016653361383283494,0.9881641260876103,1.3718071631445905,11.650417120148784,0.18120520319091038,0.8583383665041079,0.7295876115284916
ee_now,0,cct_region,2014,1.0,pvgis,365,0.6324456329947064,85.70875921763201,10.0,153.30988477659398,0.28,1861,0.5305789877300612,-0.05238467552775603,0.7205803331542182,0.24707786151079106,0.9807480748074807,0.18604651162790697,0.0,0.0,0.0,1.0,0.0,0.0,0.0,0.0,0.543424079754601,0.5286618098159508,0.788631134969325,0.6656022902131867,0.734110135957842,0.0,22.297233232776282,1.0,0.0,88.76503964066944,90.06262345703009,0.0,4.67945205479452,0.0,0,nan,0.016711657742263124,0.0002068329394238921,0.9877747404709231,1.440652504286719,9.68905530127613,0.2041975213931475,1.032092364947377,0.8772785102052705
ee_now,0,cct_region,2013,1.0,pvgis,365,0.6324456329947064,85.70875921763201,10.0,153.30988477659398,0.29,1861,0.52760736196319,-0.0645035183737294,0.7200429876410532,0.24568399814696562,0.9801980198019802,0.18604651162790697,0.0,0.0,0.052659860290166574,0.9473401397098334,0.0,0.0,0.0,0.0,0.543424079754601,0.5286618098159508,0.788631134969325,0.6323891647339746,0.7270895066229884,0.0,20.64649507784094,1.0,0.0,86.79241461900928,89.00030718779232,0.0,4.457534246575342,0.0,0,nan,0.014492868314172926,0.00018074895168470023,0.9876820453736882,1.4067163836628658,11.171355287452329,0.18613073252369172,0.8951465370752288,0.7608745565139445
ee_now,0,cct_region,2015,1.0,pvgis,365,0.6324456329947064,85.70875921763201,10.0,153.30988477659398,0.29,1861,0.5322085889570551,-0.04573885848318958,0.723267060720043,0.24797791824678442,0.9812981298129813,0.20930232558139536,0.0,0.0,0.12735088662009672,0.8726491133799033,0.0,0.0,0.0,0.0,0.543424079754601,0.5286618098159508,0.788631134969325,0.6002476812993303,0.719105747052395,0.0,21.709066091403,1.0,0.0,84.49354640107268,87.49313848517352,0.0,4.142465753424657,0.0,0,nan,0.01487886116993006,0.0001923169412159035,0.9872394221740586,1.375684923521154,10.876667412467206,0.18935993521062755,0.9193992627316764,0.7814893733219248
ee_now,100,cct_region,2012,1.0,pvgis,365,0.6105281741575894,82.73851465568,10.0,158.8135834282582,0.31,4890,0.16456178206511393,0.15077429581758334,0.1736196319018405,0.11485453999877974,0.9050753875557443,0.56353591160221,0.0,0.0,0.09366053169734151,0.9063394683026584,0.0,0.0,0.0,0.0,0.11224640900340586,0.169427344460663,0.4592244716633877,0.5331091440224587,0.7612418525241059,0.0,20.729461989872192,1.0,0.0,79.06385806743447,85.24247106200391,0.0,2.589041095890411,0.0,0,nan,0.012903257997019876,0.0001730808500374004,0.9867638142402259,1.430066787537145,12.53593943582153,0.17302659161396727,0.7977064703603253,0.6780504998062764
ee_now,100,cct_region,2011,1.0,pvgis,365,0.6105281741575894,82.73851465568,10.0,158.8135834282582,0.32,4890,0.16985043684288464,0.16601633947079633,0.17873210633946832,0.1320277771148341,0.9110214482905076,0.56353591160221,0.0,0.0,0.00020449897750511248,0.9997955010224949,0.0,0.0,0.0,0.0,0.11224640900340586,0.169427344460663,0.4592244716633877,0.5622689093119837,0.7613553025328262,0.0,19.639202912676332,1.0,0.0,83.58980476821888,86.67924267722907,0.0,2.863013698630137,0.0,0,nan,0.01238339869103968,0.0001674698223311521,0.9866567144614142,1.4631851645249243,13.060784730105075,0.16866964767805737,0.7656507787736541,0.650803161957606
ee_now,100,cct_region,2013,1.0,pvgis,365,0.6105281741575894,82.73851465568,10.0,158.8135834282582,0.31,4890,0.169427344460663,0.1647969759785393,0.17832310838445808,0.13180278724316813,0.9110214482905076,0.56353591160221,0.0,0.0,0.0,1.0,0.0,0.0,0.0,0.0,0.11224640900340586,0.169427344460663,0.4592244716633877,0.5700852319358414,0.772045624863544,0.0,20.64649507784094,1.0,0.0,83.78461588415563,86.67922292854695,0.0,2.863013698630137,0.0,0,nan,0.01342874227979606,0.00017870178154548748,0.9868673513747394,1.4661940864047305,12.046655572496192,0.17740705141749036,0.830105911123671,0.7055900244551203
ee_now,105,cct_region,2011,1.0,pvgis,365,0.529264676669618,71.725720549728,10.0,183.19788075032216,0.28,2169,0.25373563218390804,0.5568547703779021,0.2766251728907331,0.17130681073413379,0.8124098124098124,0.13333333333333333,0.0,0.0,0.0,1.0,0.0,0.0,0.0,0.0,0.096360153256705,0.25373563218390804,0.3789750957854406,0.5520318327509912,0.7573479372208004,0.0,19.639202912676332,1.0,0.0,72.46370088419438,75.31714734803936,0.0,1.3068493150684932,0.0,0,nan,0.012158542271848644,0.00014558713771221912,0.9881676197586892,1.2207975488399634,13.322697313441282,0.16661589291514578,0.7505987537456841,0.6380089406838315
ee_now,100,cct_region,2015,1.0,pvgis,365,0.6105281741575894,82.73851465568,10.0,158.8135834282582,0.32,4890,0.16944849907977405,0.16485794415315208,0.1785276073619632,0.12091882677616643,0.9048630282437885,0.5580110497237569,0.0,0.0,0.05296523517382413,0.9470347648261759,0.0,0.0,0.0,0.0,0.11224640900340586,0.169427344460663,0.4592244716633877,0.5382639539452168,0.7636716806040864,0.0,21.709066091403,1.0,0.0,81.56541514577572,85.90302646154915,0.0,2.7150684931506848,0.0,0,nan,0.013858319652005067,0.00019324610143166732,0.9862473616945924,1.4296835292020316,11.665902199468253,0.18105226622872317,0.8571990257603749,0.7286191718963186
ee_now,100,cct_region,2014,1.0,pvgis,365,0.6105281741575894,82.73851465568,10.0,158.8135834282582,0.32,4890,0.1709081677984388,0.1690647482014389,0.17975460122699385,0.13279478388717456,0.9108090889785517,0.56353591160221,0.0,0.0,0.0,1.0,0.0,0.0,0.0,0.0,0.11224640900340586,0.169427344460663,0.4592244716633877,0.6022731817362378,0.7775306996280256,0.0,22.297233232776282,1.0,0.0,85.68887941281247,86.68752469528391,0.0,2.863013698630137,0.0,0,nan,0.015498180620630127,0.00021128923315387005,0.9865501996489731,1.4858094368895738,10.434737349809762,0.19451770585218742,0.9583374899400139,0.8145868664490117
ee_now,105,cct_region,2013,1.0,pvgis,365,0.529264676669618,71.725720549728,10.0,183.19788075032216,0.29,2169,0.25373563218390804,0.5568547703779021,0.2766251728907331,0.17130681073413379,0.8124098124098124,0.13333333333333333,0.0,0.0,0.0,1.0,0.0,0.0,0.0,0.0,0.096360153256705,0.25373563218390804,0.3789750957854406,0.5587978198633358,0.7663857070899018,0.0,20.64649507784094,1.0,0.0,72.63258193940429,75.31714734803936,0.0,1.3068493150684932,0.0,0,nan,0.01317744455801239,0.00015888982377503788,0.988085944816139,1.2245205284842413,12.29154782237997,0.1751738949618411,0.813567188160989,0.6915321099368407
ee_now,105,cct_region,2012,1.0,pvgis,365,0.529264676669618,71.725720549728,10.0,183.19788075032216,0.29,2169,0.24659961685823753,0.5316048127436027,0.2701705855232826,0.17229820685338804,0.8326118326118326,0.12222222222222222,0.0,0.0,0.06639004149377593,0.9336099585062241,0.0,0.0,0.0,0.0,0.096360153256705,0.25373563218390804,0.3789750957854406,0.5257968416877677,0.7569808014271523,0.0,20.729461989872192,1.0,0.0,68.5401739797723,74.8181131745994,0.0,1.210958904109589,0.0,0,nan,0.012702610760886272,0.00015407828716494385,0.9880157102198642,1.2005754854637898,12.750109395687499,0.17120814747791957,0.7843069960938786,0.6666609466797968
ee_now,105,cct_region,2015,1.0,pvgis,365,0.529264676669618,71.725720549728,10.0,183.19788075032216,0.25,2169,0.2461206896551724,0.5299101847144552,0.2697095435684647,0.1720070605434304,0.8143338143338144,0.12222222222222222,0.0,0.0,0.027201475334255418,0.9727985246657446,0.0,0.0,0.0,0.0,0.096360153256705,0.25373563218390804,0.3789750957854406,0.5309753263810658,0.7595446422404389,0.0,21.709066091403,1.0,0.0,70.70876480699424,75.19276967683093,0.0,1.284931506849315,0.0,0,nan,0.013690326216672596,0.0001718706684964139,0.9876014840995155,1.201897929455285,11.825267898508267,0.17949996424265213,0.8456468035926256,0.7187997830537317
ee_now,105,cct_region,2014,1.0,pvgis,365,0.529264676669618,71.725720549728,10.0,183.19788075032216,0.28,2169,0.25373563218390804,0.5568547703779021,0.2766251728907331,0.17130681073413379,0.8124098124098124,0.13333333333333333,0.0,0.0,0.0,1.0,0.0,0.0,0.0,0.0,0.096360153256705,0.25373563218390804,0.3789750957854406,0.5868999983535921,0.7719943728552353,0.0,22.297233232776282,1.0,0.0,74.28338113827697,75.31714734803936,0.0,1.3068493150684932,0.0,0,nan,0.015140144609822341,0.00019481095299048737,0.9872962818710148,1.230884612293604,10.68957723141406,0.19149540342310234,0.9354906918687523,0.7951670880884394
ee_now,130,cct_region,2011,1.0,pvgis,365,0.5053064365483766,68.47891018896,10.0,191.883894818735,0.28,1455,0.3132272794225954,0.7191967324710686,0.30034364261168384,0.09481379045459254,0.9799554565701559,0.8796296296296297,0.0,0.0,0.0,1.0,0.0,0.0,0.0,0.0,0.15760789512446605,0.3132272794225954,0.3739873324495508,0.599113678703765,0.764690034063436,0.0,19.639202912676332,1.0,0.0,69.18348434531293,71.95989406798844,0.0,0.7835616438356164,0.0,0,nan,0.012877892540042112,0.0001751572656033629,0.9865811233227957,1.1510225388136288,12.558305857232904,0.17283397478692641,0.7962857501388646,0.6768428876180349
ee_now,130,cct_region,2012,1.0,pvgis,365,0.5053064365483766,68.47891018896,10.0,191.883894818735,0.28,1455,0.27640300486080427,0.5490129339686862,0.26597938144329897,0.09271582414742104,0.9799554565701559,0.8796296296296297,0.0,0.0,0.11134020618556702,0.8886597938144329,0.0,0.0,0.0,0.0,0.15760789512446605,0.3132272794225954,0.3739873324495508,0.5738240052803538,0.7648516919126785,0.0,20.729461989872192,1.0,0.0,65.43756385190234,71.56742799128946,0.0,0.7123287671232876,0.0,0,nan,0.0134724924076616,0.00017080745109428633,0.9874804883816529,1.1360037239209746,12.014995897329664,0.17770194597826428,0.8322932513212512,0.7074492636230636
ee_now,130,cct_region,2013,1.0,pvgis,365,0.5053064365483766,68.47891018896,10.0,191.883894818735,0.27,1455,0.3132272794225954,0.7191967324710686,0.30034364261168384,0.09481379045459254,0.9799554565701559,0.8796296296296297,0.0,0.0,0.0,1.0,0.0,0.0,0.0,0.0,0.15760789512446605,0.3132272794225954,0.3739873324495508,0.6055733896729159,0.7733617165024669,0.0,20.64649507784094,1.0,0.0,69.34472065669041,71.95989406798844,0.0,0.7835616438356164,0.0,0,nan,0.013962855300518133,0.0001799502788247148,0.9872761965216044,1.1543224669508683,11.590641680630894,0.18179913219003252,0.8627650026237104,0.7333502522301537
ee_now,130,cct_region,2014,1.0,pvgis,365,0.5053064365483766,68.47891018896,10.0,191.883894818735,0.29,1455,0.3132272794225954,0.7191967324710686,0.30034364261168384,0.09481379045459254,0.9799554565701559,0.8796296296296297,0.0,0.0,0.0,1.0,0.0,0.0,0.0,0.0,0.15760789512446605,0.3132272794225954,0.3739873324495508,0.6324034659997742,0.7786717154727261,0.0,22.297233232776282,1.0,0.0,70.92079307831544,71.95989406798844,0.0,0.7835616438356164,0.0,0,nan,0.015999024608216825,0.00021306602499559162,0.9868575848842654,1.1604467820104194,10.111230904000251,0.1985560700510195,0.9889992716953734,0.8406493809410674
ee_now,130,cct_region,2015,1.0,pvgis,365,0.5053064365483766,68.47891018896,10.0,191.883894818735,0.29,1455,0.3095448519664163,0.7021783526208305,0.29690721649484536,0.09604314561124867,0.9799554565701559,0.8796296296296297,0.0,0.0,0.048109965635738834,0.9518900343642611,0.0,0.0,0.0,0.0,0.15760789512446605,0.3132272794225954,0.3739873324495508,0.5790084701966988,0.7671513694658849,0.0,21.709066091403,1.0,0.0,67.50798901257977,71.80590450268318,0.0,0.7561643835616438,0.0,0,nan,0.014473519991462024,0.0001819795448329222,0.9875828494018752,1.1327638398676474,11.185165775006535,0.18598326450770009,0.8940412865712898,0.7599350935855964
ee_now,28,cct_region,2013,1.0,pvgis,365,0.515310481749955,69.834654076896,10.0,188.158732561793,0.28,1333,0.18985446985446985,0.1938262742282843,0.20705176294073518,0.10677017317232278,0.8072390572390572,0.6344827586206897,0.0,0.0,0.0,1.0,0.0,0.0,0.0,0.0,0.1674012474012474,0.18985446985446985,0.28324324324324324,0.5886915055908589,0.7688920253464954,0.0,20.64649507784094,1.0,0.0,70.71760584034051,73.39732049412993,0.0,1.1178082191780823,0.0,0,nan,0.013667495470394204,0.0001940266521042781,0.9860025002745293,1.186881918952068,11.825843538706824,0.17949442779360125,0.8456056404999179,0.7187647944249302
ee_now,28,cct_region,2011,1.0,pvgis,365,0.515310481749955,69.834654076896,10.0,188.158732561793,0.29,1333,0.18985446985446985,0.1938262742282843,0.20705176294073518,0.10677017317232278,0.8072390572390572,0.6344827586206897,0.0,0.0,0.0,1.0,0.0,0.0,0.0,0.0,0.1674012474012474,0.18985446985446985,0.28324324324324324,0.5821039054125969,0.7601473411233066,0.0,19.639202912676332,1.0,0.0,70.55317737618083,73.39732049412993,0.0,1.1178082191780823,0.0,0,nan,0.012600978848343304,0.00017966023520947773,0.9859427815749308,1.17978335244049,12.825977696212549,0.17057761087357715,0.7796676586263637,0.6627175098324091
ee_now,28,cct_region,2012,1.0,pvgis,365,0.515310481749955,69.834654076896,10.0,188.158732561793,0.29,1333,0.1901039501039501,0.19597989949748737,0.20930232558139536,0.10561897916578769,0.8013468013468014,0.6137931034482759,0.0,0.0,0.056264066016504126,0.9437359339834959,0.0,0.0,0.0,0.0,0.1674012474012474,0.18985446985446985,0.28324324324324324,0.5563201597273962,0.7602323681482384,0.0,20.729461989872192,1.0,0.0,66.73309523505122,73.07714370423524,0.0,1.0547945205479452,0.0,0,nan,0.013176933514035302,0.0001841810361126432,0.9862151442964312,1.169502598000546,12.268751324130761,0.17537826310221716,0.8150788728052158,0.6928170418844334
ee_now,28,cct_region,2014,1.0,pvgis,365,0.515310481749955,69.834654076896,10.0,188.158732561793,0.27,1333,0.18985446985446985,0.1938262742282843,0.20705176294073518,0.10677017317232278,0.8072390572390572,0.6344827586206897,0.0,0.0,0.0,1.0,0.0,0.0,0.0,0.0,0.1674012474012474,0.18985446985446985,0.28324324324324324,0.61605276315137,0.7746908480721445,0.0,22.297233232776282,1.0,0.0,72.32488130749718,73.39732049412993,0.0,1.1178082191780823,0.0,0,nan,0.01567285317551699,0.0002285410999231271,0.9856276062360071,1.1926105455286469,10.308793618316422,0.19606214060461402,0.9700456105971736,0.8245387690075977
ee_now,40,cct_region,2011,1.0,pvgis,365,0.4926895242489614,66.769071679648,10.0,196.7977039286174,0.28,1079,0.1324056072853781,-0.36714975845410625,0.17330861909175163,0.10823666366214318,0.9296066252587992,0.4336283185840708,0.0,0.0,0.0,1.0,0.0,0.0,0.0,0.0,0.16351171595211297,0.1324056072853781,0.24823493297861457,0.5959509917782475,0.7682345919680269,0.0,19.639202912676332,1.0,0.0,67.45605344117615,70.19189337266677,0.0,0.4712328767123288,0.0,0,nan,0.012813670628483681,0.00018888888869896128,0.9854729456574032,1.1170275175912228,12.607071062614063,0.17241623032675213,0.793205650252479,0.6742248027146072
ee_now,28,cct_region,2015,1.0,pvgis,365,0.515310481749955,69.834654076896,10.0,188.158732561793,0.29,1333,0.1901039501039501,0.19597989949748737,0.20930232558139536,0.10758858278743068,0.8063973063973064,0.6137931034482759,0.0,0.0,0.02250562640660165,0.9774943735933983,0.0,0.0,0.0,0.0,0.1674012474012474,0.18985446985446985,0.28324324324324324,0.5616211107283111,0.7625599192848956,0.0,21.709066091403,1.0,0.0,68.84451062540988,73.25914451501416,0.0,1.0904109589041096,0.0,0,nan,0.014184985218110418,0.0001939392521280398,0.9865122560084758,1.1632707611470905,11.400309680204606,0.1837287804998755,0.8771691542172674,0.7455937810846773
ee_now,40,cct_region,2012,1.0,pvgis,365,0.4926895242489614,66.769071679648,10.0,196.7977039286174,0.27,1079,0.131893993655991,-0.3731884057971015,0.1686746987951807,0.10489006908274262,0.9296066252587992,0.4778761061946903,0.0,0.0,0.014828544949026877,0.9851714550509731,0.0,0.0,0.0,0.0,0.16351171595211297,0.1324056072853781,0.24823493297861457,0.5710153819638614,0.7682630960008913,0.0,20.729461989872192,1.0,0.0,63.80366421300925,70.14767320134874,0.0,0.46301369863013697,0.0,0,nan,0.013410348935498405,0.00018759067224300606,0.9862044782037266,1.1059677973238171,12.055075736302511,0.17732886469019815,0.8295261032567485,0.7050971877682362
ee_now,40,cct_region,2013,1.0,pvgis,365,0.4926895242489614,66.769071679648,10.0,196.7977039286174,0.28,1079,0.1324056072853781,-0.36714975845410625,0.17330861909175163,0.10823666366214318,0.9296066252587992,0.4336283185840708,0.0,0.0,0.0,1.0,0.0,0.0,0.0,0.0,0.16351171595211297,0.1324056072853781,0.24823493297861457,0.6022494112995177,0.7766591282048628,0.0,20.64649507784094,1.0,0.0,67.6132638699357,70.19189337266677,0.0,0.4712328767123288,0.0,0,nan,0.013892647861130392,0.00019998156495068645,0.9858094924017101,1.1215982564843496,11.631909622601558,0.1813884873223185,0.8597040661809604,0.7307484562538162
ee_now,40,cct_region,2014,1.0,pvgis,365,0.4926895242489614,66.769071679648,10.0,196.7977039286174,0.27,1079,0.1324056072853781,-0.36714975845410625,0.17330861909175163,0.10823666366214318,0.9296066252587992,0.4336283185840708,0.0,0.0,0.0,1.0,0.0,0.0,0.0,0.0,0.16351171595211297,0.1324056072853781,0.24823493297861457,0.628409571916798,0.7822880719749653,0.0,22.297233232776282,1.0,0.0,69.14998360162295,70.19189337266677,0.0,0.4712328767123288,0.0,0,nan,0.015905787902457787,0.00023304938958794392,0.9855597162688537,1.1235409278461237,10.157125253984862,0.1979687704967602,0.9845305389019183,0.8368509580666306
ee_now,40,cct_region,2015,1.0,pvgis,365,0.4926895242489614,66.769071679648,10.0,196.7977039286174,0.28,1079,0.131893993655991,-0.3731884057971015,0.1686746987951807,0.10543827157803681,0.9296066252587992,0.4778761061946903,0.0,0.0,0.004633920296570899,0.995366079703429,0.0,0.0,0.0,0.0,0.16351171595211297,0.1324056072853781,0.24823493297861457,0.5763033987362572,0.7707160021929829,0.0,21.709066091403,1.0,0.0,65.82239327249897,70.17728509544573,0.0,0.4684931506849315,0.0,0,nan,0.014425689074235647,0.0002002052095576825,0.9863115919154751,1.0997604693230079,11.207806418417205,0.18574223707976079,0.8922352534183247,0.758399965405576
ee_now,46,cct_region,2011,1.0,pvgis,365,0.6498872575545345,88.072440650112,10.0,149.1953658034943,0.33,6276,0.1092555045708391,nan,0.1269917144678139,0.0694977079197902,0.8726126126126126,0.7203856749311295,0.0,0.0,0.013065646908859146,0.9869343530911409,0.0,0.0,0.0,0.0,0.20872905773129866,0.1088997972468253,0.14310105645075233,0.5464146359961467,0.7574667878085487,0.0,19.639202912676332,1.0,0.0,88.97861111044423,91.99255680008517,0.0,3.7013698630136984,0.0,0,nan,0.012047997842294482,0.00017358502106358648,0.9857968462019745,1.5659561330765914,13.412680964628313,0.16592767705855194,0.7455631000522435,0.6337286350444069
ee_now,46,cct_region,2012,1.0,pvgis,365,0.6498872575545345,88.072440650112,10.0,149.1953658034943,0.31,6276,0.115000177853662,nan,0.1297004461440408,0.0727410666940469,0.8807207207207207,0.743801652892562,0.0,0.0,0.11105799872530274,0.8889420012746972,0.0,0.0,0.0,0.0,0.20872905773129866,0.1088997972468253,0.14310105645075233,0.5181424776462187,0.7573956625250434,0.0,20.729461989872192,1.0,0.0,84.16088899095479,89.89258080715885,0.0,3.2986301369863016,0.0,0,nan,0.012570644001606396,0.00018066053924054566,0.9858319955686239,1.5173893568272834,12.855484025487993,0.1703342675224655,0.7778781398019279,0.6611964188316386
ee_now,46,cct_region,2013,1.0,pvgis,365,0.6498872575545345,88.072440650112,10.0,149.1953658034943,0.33,6276,0.10801052893679079,nan,0.1258763543658381,0.06881573671511075,0.8717117117117117,0.7203856749311295,0.0,0.0,0.0074888463989802425,0.9925111536010197,0.0,0.0,0.0,0.0,0.20872905773129866,0.1088997972468253,0.14310105645075233,0.554682364849278,0.7680057487352528,0.0,20.64649507784094,1.0,0.0,89.18598116679111,92.05692000379038,0.0,3.712328767123288,0.0,0,nan,0.013117066020290854,0.00018621032738598493,0.9860026716337059,1.5693236370307921,12.32209175731485,0.17490117836342156,0.8115505221801023,0.6898179438530869
ee_now,46,cct_region,2014,1.0,pvgis,365,0.6498872575545345,88.072440650112,10.0,149.1953658034943,0.33,6276,0.1088997972468253,nan,0.12667304015296368,0.06912448456300245,0.872072072072072,0.7203856749311295,0.0,0.0,0.0,1.0,0.0,0.0,0.0,0.0,0.20872905773129866,0.1088997972468253,0.14310105645075233,0.5891374041181705,0.7756482623054325,0.0,22.297233232776282,1.0,0.0,91.21300736260577,92.17655359914195,0.0,3.734246575342466,0.0,0,nan,0.01516305200950378,0.0002291076198239285,0.9851153038078299,1.5912315123650889,10.649850039019519,0.19195776870515657,0.938980357785456,0.7981333041176376
ee_now,7,cct_region,2011,1.0,pvgis,365,0.5185664617347002,70.275903079136,10.0,186.97731973936163,0.3,1853,0.20602209288514078,nan,0.20615218564490015,0.14169172433381483,0.9795795795795795,0.7925531914893617,0.0,0.0,0.0,1.0,0.0,0.0,0.0,0.0,0.45064734529041467,0.20602209288514078,0.22146335669319397,0.5829767374337144,0.7666184322368588,0.0,19.639202912676332,1.0,0.0,70.99896635492783,73.81777386334281,0.0,1.0712328767123287,0.0,0,nan,0.012626231147932218,0.00018519419244527157,0.9855446066674878,1.1663571304674385,12.795156469620448,0.17083292007919726,0.7815457375408429,0.6643138769097164
ee_now,7,cct_region,2012,1.0,pvgis,365,0.5185664617347002,70.275903079136,10.0,186.97731973936163,0.29,1853,0.22069129350279135,nan,0.2180248246087426,0.1409721077375948,0.9795795795795795,0.8085106382978723,0.0,0.0,0.07393416082029142,0.9260658391797085,0.0,0.0,0.0,0.0,0.45064734529041467,0.20602209288514078,0.22146335669319397,0.5570627825981538,0.7665496492306263,0.0,20.729461989872192,1.0,0.0,67.1547470936892,73.40992812011751,0.0,0.9945205479452055,0.0,0,nan,0.013199924012431374,0.00018117189464375916,0.9864606086151758,1.156747236880619,12.250430978700104,0.17554301738387046,0.8162978116759368,0.6938531399245462
ee_now,7,cct_region,2013,1.0,pvgis,365,0.5185664617347002,70.275903079136,10.0,186.97731973936163,0.3,1853,0.20602209288514078,nan,0.20615218564490015,0.14169172433381483,0.9795795795795795,0.7925531914893617,0.0,0.0,0.0,1.0,0.0,0.0,0.0,0.0,0.45064734529041467,0.20602209288514078,0.22146335669319397,0.5896059612448785,0.7753232684105047,0.0,20.64649507784094,1.0,0.0,71.1644337573732,73.81777386334281,0.0,1.0712328767123287,0.0,0,nan,0.013689134053313103,0.0001896022177856182,0.9863386540329001,1.176066388654273,11.811175645029618,0.17963565874697218,0.8466557691238977,0.7196574037553131
ee_now,7,cct_region,2014,1.0,pvgis,365,0.5185664617347002,70.275903079136,10.0,186.97731973936163,0.3,1853,0.20602209288514078,nan,0.20615218564490015,0.14169172433381483,0.9795795795795795,0.7925531914893617,0.0,0.0,0.0,1.0,0.0,0.0,0.0,0.0,0.45064734529041467,0.20602209288514078,0.22146335669319397,0.6171401004178033,0.7815114147529985,0.0,22.297233232776282,1.0,0.0,72.78186476558025,73.81777386334281,0.0,1.0712328767123287,0.0,0,nan,0.015699835565460167,0.00022280251743754577,0.9860071857265377,1.1844673084520263,10.295039739995039,0.19623290948236827,0.9713415637582394,0.8256403291945036
ee_now,46,cct_region,2015,1.0,pvgis,365,0.6498872575545345,88.072440650112,10.0,149.1953658034943,0.34,6276,0.11226123145875573,nan,0.12954110898661567,0.07172053635350766,0.8727927927927928,0.721763085399449,0.0,0.0,0.0691523263224984,0.9308476736775015,0.0,0.0,0.0,0.0,0.20872905773129866,0.1088997972468253,0.14310105645075233,0.5218818740116524,0.7601681678169288,0.0,21.709066091403,1.0,0.0,86.82371461976584,90.84287092582828,0.0,3.4821917808219176,0.0,0,nan,0.013530713372936796,0.00018324899888656502,0.9866377787893696,1.532981196135238,11.953087472792562,0.17828279751812315,0.8366039337335939,0.7111133436735548
ee_now,7,cct_region,2015,1.0,pvgis,365,0.5185664617347002,70.275903079136,10.0,186.97731973936163,0.29,1853,0.20958546145622997,nan,0.20939017808958446,0.14068439787691475,0.9795795795795795,0.7925531914893617,0.0,0.0,0.032379924446842956,0.967620075553157,0.0,0.0,0.0,0.0,0.45064734529041467,0.20602209288514078,0.22146335669319397,0.5623157850267654,0.7692927178234498,0.0,21.709066091403,1.0,0.0,69.27950342411204,73.68036927353226,0.0,1.0465753424657533,0.0,0,nan,0.014201761015789632,0.00020421539476885462,0.9858242587000781,1.1522572652192915,11.378901863871329,0.18394956788907868,0.878819425602973,0.746996511762527
ee_now,78,cct_region,2011,1.0,pvgis,365,0.5371243038945545,72.79085383900801,10.0,180.51718460483815,0.3,2359,0.24591957691255584,1.6453317674691712,0.23781263247138618,0.1190720059316221,0.9282758620689655,0.8695652173913043,0.0,0.0,0.0,1.0,0.0,0.0,0.0,0.0,0.11817269991793561,0.24591957691255584,0.19581471687790647,0.5890137721762303,0.7634355847274418,0.0,19.639202912676332,1.0,0.0,73.53979324666396,76.42225632202504,0.0,1.5397260273972602,0.0,0,nan,0.012731187953835958,0.00017644450005441416,0.9863302196832205,1.2014934314399806,12.69978769651002,0.17163025534541165,0.7874147378658984,0.6693025271860137
ee_now,78,cct_region,2012,1.0,pvgis,365,0.5371243038945545,72.79085383900801,10.0,180.51718460483815,0.3,2359,0.22736390991155284,1.4063417498531996,0.22170411191182704,0.11424049339214125,0.9287356321839081,0.8532608695652174,0.0,0.0,0.0877490462060195,0.9122509537939805,0.0,0.0,0.0,0.0,0.11817269991793561,0.24591957691255584,0.19581471687790647,0.562468801355423,0.7636030873419766,0.0,20.729461989872192,1.0,0.0,69.55800162095082,75.73410522402085,0.0,1.4082191780821918,0.0,0,nan,0.013306248995224366,0.0001867769165316087,0.9861575218373458,1.194326924526958,12.148808792116029,0.1764653165334955,0.8231259682422116,0.69965707300588
ee_now,78,cct_region,2013,1.0,pvgis,365,0.5371243038945545,72.79085383900801,10.0,180.51718460483815,0.29,2359,0.24591957691255584,1.6453317674691712,0.23781263247138618,0.1190720059316221,0.9282758620689655,0.8695652173913043,0.0,0.0,0.0,1.0,0.0,0.0,0.0,0.0,0.11817269991793561,0.24591957691255584,0.19581471687790647,0.5958802347951694,0.7727458596642636,0.0,20.64649507784094,1.0,0.0,73.71118220046938,76.42225632202504,0.0,1.5397260273972602,0.0,0,nan,0.013809422971972355,0.00018601641574946345,0.9867087834403645,1.209949269168908,11.71268634643946,0.18059249144778455,0.8537751036968475,0.7257088381423203
ee_now,78,cct_region,2014,1.0,pvgis,365,0.5371243038945545,72.79085383900801,10.0,180.51718460483815,0.29,2359,0.24591957691255584,1.6453317674691712,0.23781263247138618,0.1190720059316221,0.9282758620689655,0.8695652173913043,0.0,0.0,0.0,1.0,0.0,0.0,0.0,0.0,0.11817269991793561,0.24591957691255584,0.19581471687790647,0.6243997331196852,0.7781774879425922,0.0,22.297233232776282,1.0,0.0,75.38649591334313,76.42225632202504,0.0,1.5397260273972602,0.0,0,nan,0.015854679392548296,0.0002197274392174716,0.9863306035788983,1.2225278659579666,10.197837689727265,0.1974518515599809,0.980600035444126,0.8335100301275071
ee_now,78,cct_region,2015,1.0,pvgis,365,0.5371243038945545,72.79085383900801,10.0,180.51718460483815,0.3,2359,0.23502325157290052,1.5049911920140921,0.22806273844849512,0.1116945567193092,0.9273563218390805,0.8641304347826086,0.0,0.0,0.0423908435777872,0.9576091564222128,0.0,0.0,0.0,0.0,0.11817269991793561,0.24591957691255584,0.19581471687790647,0.5677557048103333,0.765699665477278,0.0,21.709066091403,1.0,0.0,71.758796213616,76.15535393549872,0.0,1.4904109589041097,0.0,0,nan,0.0142971636126668,0.00018588953461905704,0.987165031245232,1.192943694333849,11.318344976156492,0.1845783107304202,0.8835214000868722,0.7509931900738414
ee_now,0,cct_region,2011,2.0,pvgis,365,1.2648912659894127,85.70875921763201,10.0,153.30988477659398,0.28,1861,0.7721434049079753,0.9327599687255667,0.8635142396560989,0.5055372406301836,0.9873487348734874,0.18604651162790697,0.0,0.0,0.0,1.0,0.0,0.0,0.0,0.0,0.543424079754601,0.5286618098159508,0.788631134969325,0.9783971503471922,0.9999976851851852,0.910958904109589,19.639202912676332,1.0,0.0,173.18121988878173,90.29562637677805,59.72455071352459,4.67945205479452,0.0,0,nan,0.019314388030576984,0.0001518390712733345,0.9921998715786634,1.5790764677539668,8.420953427251906,0.22421637440337416,1.1875139895249842,1.0093868910962365
ee_now,0,cct_region,2012,2.0,pvgis,365,1.2648912659894127,85.70875921763201,10.0,153.30988477659398,0.29,1861,0.788631134969325,1.0,0.8742611499193982,0.5200644460498631,0.9917491749174917,0.18604651162790697,0.0,0.0,0.0,1.0,0.0,0.0,0.0,0.0,0.543424079754601,0.5286618098159508,0.788631134969325,0.9710945969454495,0.9999976851851852,0.9023116438356165,20.729461989872192,1.0,0.0,163.8043709660343,90.31928641197823,52.478938797510864,4.67945205479452,0.0,0,nan,0.020467145442055527,0.00016670698840299362,0.991920704630178,1.6103173682891057,7.944429785056269,0.23322194255203466,1.2587435814223351,1.0699320442089848
ee_now,0,cct_region,2013,2.0,pvgis,365,1.2648912659894127,85.70875921763201,10.0,153.30988477659398,0.28,1861,0.7824961656441717,0.9749804534792809,0.8715744223535733,0.5145554975875627,0.9900990099009901,0.18604651162790697,0.0,0.0,0.0,1.0,0.0,0.0,0.0,0.0,0.543424079754601,0.5286618098159508,0.788631134969325,0.9767264008911979,0.9999976851851852,0.885226407914764,20.64649507784094,1.0,0.0,173.58482923801856,90.31084628246232,59.1838338048503,4.67945205479452,0.0,0,nan,0.02084028198560208,0.00016414265148366364,0.9921853297902837,1.580835259659342,7.804269560403155,0.23605815057476598,1.2813498973353528,1.0891474127350498
ee_now,0,cct_region,2014,2.0,pvgis,365,1.2648912659894127,85.70875921763201,10.0,153.30988477659398,0.28,1861,0.788631134969325,1.0,0.8742611499193982,0.5208823463821562,0.9922992299229924,0.18604651162790697,0.0,0.0,0.0,1.0,0.0,0.0,0.0,0.0,0.543424079754601,0.5286618098159508,0.788631134969325,0.9792240014516955,0.9999976851851852,0.9109493911719939,22.297233232776282,1.0,0.0,177.53007928133889,90.31845623530454,64.62770841147407,4.67945205479452,0.0,0,nan,0.023108356791528784,0.00018041945942666465,0.9922529437578643,1.564319903085787,7.038763654327488,0.2533114552078257,1.4207040456390265,1.2075984387931726
ee_now,0,cct_region,2015,2.0,pvgis,365,1.2648912659894127,85.70875921763201,10.0,153.30988477659398,0.3,1861,0.7800038343558281,0.9648162627052385,0.8694250403009135,0.5137205282584087,0.9900990099009901,0.18604651162790697,0.0,0.0,0.0,1.0,0.0,0.0,0.0,0.0,0.543424079754601,0.5286618098159508,0.788631134969325,0.9772161480381735,0.9999976851851852,0.8944539573820396,21.709066091403,1.0,0.0,168.98709280214536,90.31209154747287,55.53062876836931,4.67945205479452,0.0,0,nan,0.02206084652305915,0.00018060861241314164,0.9918796404590859,1.582270160373985,7.370209854999645,0.24545013362849954,1.35681346891587,1.1532914485784895
ee_now,100,cct_region,2011,2.0,pvgis,365,1.2210563483151788,82.73851465568,10.0,158.8135834282582,0.31,4890,0.45668591737005776,0.9926838190464577,0.4539877300613497,0.3031673970939882,0.9611382459120833,0.6243093922651933,0.0,0.0,0.0,1.0,0.0,0.0,0.0,0.0,0.11224640900340586,0.169427344460663,0.4592244716633877,0.9824548165192061,0.9999976851851852,0.9245719178082191,19.639202912676332,1.0,0.0,167.17960953643777,87.35374147591902,55.58831935066483,2.863013698630137,0.0,0,nan,0.019369853492514008,0.00015604674931874897,0.99200821742475,1.7214629219465638,8.395218135847854,0.22467917075618082,1.191154278326572,1.012481136577586
ee_now,100,cct_region,2013,2.0,pvgis,365,1.2210563483151788,82.73851465568,10.0,158.8135834282582,0.3,4890,0.45795519451672273,0.9963419095232289,0.45521472392638035,0.3046971387013567,0.961350605224039,0.6243093922651933,0.0,0.0,0.0,1.0,0.0,0.0,0.0,0.0,0.11224640900340586,0.169427344460663,0.4592244716633877,0.9794433948007032,0.9999976851851852,0.9037956621004566,20.64649507784094,1.0,0.0,167.56923176831125,87.35415656425587,55.957910784506474,2.863013698630137,0.0,0,nan,0.020869182234507136,0.00016335664407382013,0.9922331466963231,1.7246369786513083,7.793837575925127,0.23627289684265718,1.2830649731384738,1.0906052271677027
ee_now,100,cct_region,2014,2.0,pvgis,365,1.2210563483151788,82.73851465568,10.0,158.8135834282582,0.29,4890,0.4592244716633877,1.0,0.456441717791411,0.3055154085227046,0.9611382459120833,0.6243093922651933,0.0,0.0,0.0,1.0,0.0,0.0,0.0,0.0,0.11224640900340586,0.169427344460663,0.4592244716633877,0.9835196264593329,0.9999976851851852,0.9356925418569254,22.297233232776282,1.0,0.0,171.37775882562494,87.35581691760325,59.84094817747967,2.863013698630137,0.0,0,nan,0.02316654915289673,0.00018156521907536813,0.9922235596338639,1.721046613483712,7.0208749716324315,0.25375439473116235,1.4243238970077954,1.210675312456626
ee_now,100,cct_region,2012,2.0,pvgis,365,1.2210563483151788,82.73851465568,10.0,158.8135834282582,0.31,4890,0.4592244716633877,1.0,0.456441717791411,0.3055154085227046,0.9611382459120833,0.6243093922651933,0.0,0.0,0.0,1.0,0.0,0.0,0.0,0.0,0.11224640900340586,0.169427344460663,0.4592244716633877,0.9749285205091605,0.9999976851851852,0.9103310502283105,20.729461989872192,1.0,0.0,158.12771613486893,87.35581691760325,47.14604272192498,2.863013698630137,0.0,0,nan,0.0205051392245365,0.00016658600721855638,0.9919413592551698,1.7680046822416373,7.929874743941389,0.2335122878977256,1.261053966538404,1.0718958715576434
ee_now,105,cct_region,2011,2.0,pvgis,365,1.058529353339236,71.725720549728,10.0,183.19788075032216,0.29,2169,0.3780172413793103,0.9966107439417048,0.3775933609958506,0.24200021981735206,0.9206349206349206,0.6333333333333333,0.0,0.0,0.0,1.0,0.0,0.0,0.0,0.0,0.096360153256705,0.25373563218390804,0.3789750957854406,0.9797221564932086,0.9999976851851852,0.9109303652968036,19.639202912676332,1.0,0.0,144.92740176838876,75.61684112724261,46.16217403487103,1.3068493150684932,0.0,0,nan,0.019334450758656092,0.0001411022049196317,0.9927549063596023,1.4493290033654072,8.416921056648334,0.2242887195381673,1.1880829026073885,1.0098704672162802
ee_now,100,cct_region,2015,2.0,pvgis,365,1.2210563483151788,82.73851465568,10.0,158.8135834282582,0.31,4890,0.4592244716633877,1.0,0.456441717791411,0.3055154085227046,0.9611382459120833,0.6243093922651933,0.0,0.0,0.0,1.0,0.0,0.0,0.0,0.0,0.11224640900340586,0.169427344460663,0.4592244716633877,0.9800085906767639,0.9999976851851852,0.9007705479452055,21.709066091403,1.0,0.0,163.13083029155143,87.35581691760325,51.7398591713581,2.863013698630137,0.0,0,nan,0.022097662269376563,0.000186428189784621,0.9916340229310109,1.725166240961833,7.3561087058682135,0.2457717698362356,1.3594143860357402,1.155502228130379
ee_now,105,cct_region,2012,2.0,pvgis,365,1.058529353339236,71.725720549728,10.0,183.19788075032216,0.29,2169,0.3780172413793103,0.9966107439417048,0.3775933609958506,0.24200021981735206,0.9206349206349206,0.6333333333333333,0.0,0.0,0.0,1.0,0.0,0.0,0.0,0.0,0.096360153256705,0.25373563218390804,0.3789750957854406,0.9732925220535334,0.9999976851851852,0.8904775494672755,20.729461989872192,1.0,0.0,137.0803479595446,75.61684112724261,38.87652942458018,1.3068493150684932,0.0,0,nan,0.02049231297552883,0.00015288634226579651,0.9925945814369532,1.4909012954768879,7.940063416471833,0.23330894305832428,1.2594357847639837,1.0705204170493863
ee_now,105,cct_region,2014,2.0,pvgis,365,1.058529353339236,71.725720549728,10.0,183.19788075032216,0.28,2169,0.3780172413793103,0.9966107439417048,0.3775933609958506,0.24200021981735206,0.9206349206349206,0.6333333333333333,0.0,0.0,0.0,1.0,0.0,0.0,0.0,0.0,0.096360153256705,0.25373563218390804,0.3789750957854406,0.9806304019224795,0.9999976851851852,0.9113108828006088,22.297233232776282,1.0,0.0,148.56676227655393,75.61684112724261,49.867836963758364,1.3068493150684932,0.0,0,nan,0.023119120863853954,0.00016505959472897395,0.9929110842005981,1.439595351390855,7.040152953657652,0.2532771381640735,1.4204236848014196,1.2073601320812068
ee_now,105,cct_region,2013,2.0,pvgis,365,1.058529353339236,71.725720549728,10.0,183.19788075032216,0.3,2169,0.37667624521072796,0.9918657854600915,0.3771323190410327,0.2428059864539567,0.9191919191919192,0.6111111111111112,0.0,0.0,0.0,1.0,0.0,0.0,0.0,0.0,0.096360153256705,0.25373563218390804,0.3789750957854406,0.9770690940293087,0.9999976851851852,0.8807267884322679,20.64649507784094,1.0,0.0,145.26516387880858,75.6160109505689,46.48371019353632,1.3068493150684932,0.0,0,nan,0.020839867920416158,0.00014979169315798265,0.9928635482463417,1.4547778375235114,7.809759417107441,0.23594534605347173,1.28044917466917,1.0883817984687945
ee_now,105,cct_region,2015,2.0,pvgis,365,1.058529353339236,71.725720549728,10.0,183.19788075032216,0.29,2169,0.3780172413793103,0.9966107439417048,0.3775933609958506,0.24200021981735206,0.9206349206349206,0.6333333333333333,0.0,0.0,0.0,1.0,0.0,0.0,0.0,0.0,0.096360153256705,0.25373563218390804,0.3789750957854406,0.9772764735672614,0.9999976851851852,0.8908770928462709,21.709066091403,1.0,0.0,141.41752961398848,75.61684112724261,42.82773999372405,1.3068493150684932,0.0,0,nan,0.02205088421904411,0.0001667780304682755,0.9924934482937359,1.4557667389417517,7.378102609899385,0.24527058307999816,1.355362012258104,1.1520577104193885
ee_now,130,cct_region,2011,2.0,pvgis,365,1.0106128730967532,68.47891018896,10.0,191.883894818735,0.29,1455,0.373250846958315,0.9965963240299526,0.35945017182130584,0.24853012374506803,0.9992576095025983,0.8333333333333334,0.0,0.0,0.0,1.0,0.0,0.0,0.0,0.0,0.15760789512446605,0.3132272794225954,0.3739873324495508,0.9792113335952851,0.9999976851851852,0.909560502283105,19.639202912676332,1.0,0.0,138.36696869062587,72.15996664634797,43.38673452836953,0.7835616438356164,0.0,0,nan,0.0193286781657243,0.00013497922079488544,0.9930650638718921,1.3808824842757488,8.422065214861759,0.22419643871645634,1.1873572271031319,1.009253643037662
ee_now,130,cct_region,2012,2.0,pvgis,365,1.0106128730967532,68.47891018896,10.0,191.883894818735,0.29,1455,0.373250846958315,0.9965963240299526,0.35945017182130584,0.24853012374506803,0.9992576095025983,0.8333333333333334,0.0,0.0,0.0,1.0,0.0,0.0,0.0,0.0,0.15760789512446605,0.3132272794225954,0.3739873324495508,0.972372966374587,0.9999976851851852,0.8742484779299847,20.729461989872192,1.0,0.0,130.87512770380468,72.15996664634797,36.61321954883372,0.7835616438356164,0.0,0,nan,0.020476984759887476,0.00014875016321067076,0.9927881278526425,1.4177840103854455,7.947556411452595,0.23315969676040627,1.2582483825581647,1.06951112517444
ee_now,130,cct_region,2013,2.0,pvgis,365,1.0106128730967532,68.47891018896,10.0,191.883894818735,0.28,1455,0.373250846958315,0.9965963240299526,0.35945017182130584,0.24890100104649415,0.9992576095025983,0.8333333333333334,0.0,0.0,0.0,1.0,0.0,0.0,0.0,0.0,0.15760789512446605,0.3132272794225954,0.3739873324495508,0.9760075252514329,0.9999976851851852,0.876912100456621,20.64649507784094,1.0,0.0,138.68944131338083,72.1574761163269,43.69541363299874,0.7835616438356164,0.0,0,nan,0.02082696099981944,0.00014489155190995813,0.993091141969811,1.3828492530985517,7.81639063237991,0.23580927825422537,1.27936287607919,1.0874584446673115
ee_now,130,cct_region,2014,2.0,pvgis,365,1.0106128730967532,68.47891018896,10.0,191.883894818735,0.27,1455,0.373250846958315,0.9965963240299526,0.35945017182130584,0.24853012374506803,0.9992576095025983,0.8333333333333334,0.0,0.0,0.0,1.0,0.0,0.0,0.0,0.0,0.15760789512446605,0.3132272794225954,0.3739873324495508,0.9796687415762774,0.9999976851851852,0.9051560121765602,22.297233232776282,1.0,0.0,141.84158615663088,72.15996664634797,46.89097469451152,0.7835616438356164,0.0,0,nan,0.023105669133524215,0.00016023321359820715,0.99311295941986,1.3722595535424702,7.045683824477363,0.2531406388527171,1.4193086503909056,1.2064123528322699
ee_now,28,cct_region,2014,2.0,pvgis,365,1.03062096349991,69.834654076896,10.0,188.158732561793,0.26,1333,0.2849064449064449,1.0143575017946878,0.2948237059264816,0.1937191959480037,0.8392255892255892,0.6137931034482759,0.0,0.0,0.0,1.0,0.0,0.0,0.0,0.0,0.1674012474012474,0.18985446985446985,0.28324324324324324,0.9809179514028836,0.9999976851851852,0.907791095890411,22.297233232776282,1.0,0.0,144.64976261499436,73.57968263678393,48.115446807661705,1.1178082191780823,0.0,0,nan,0.023125315971442836,0.0001610330233245208,0.9930846598854673,1.4028797228400172,7.039497340945356,0.2532933309439561,1.4205559737674491,1.2074725777023319
ee_now,28,cct_region,2013,2.0,pvgis,365,1.03062096349991,69.834654076896,10.0,188.158732561793,0.27,1333,0.2849064449064449,1.0143575017946878,0.2948237059264816,0.1937191959480037,0.8392255892255892,0.6137931034482759,0.0,0.0,0.0,1.0,0.0,0.0,0.0,0.0,0.1674012474012474,0.18985446985446985,0.28324324324324324,0.9774018465328714,0.9999976851851852,0.8808409436834095,20.64649507784094,1.0,0.0,141.43521168068102,73.57968263678393,44.88164509979673,1.1178082191780823,0.0,0,nan,0.02084568982967207,0.00014691797820427696,0.993001442243438,1.412060930612001,7.808662617299344,0.23596787153719812,1.2806290257496793,1.0885346718872275
ee_now,130,cct_region,2015,2.0,pvgis,365,1.0106128730967532,68.47891018896,10.0,191.883894818735,0.29,1455,0.373250846958315,0.9965963240299526,0.35945017182130584,0.24853012374506803,0.9992576095025983,0.8333333333333334,0.0,0.0,0.0,1.0,0.0,0.0,0.0,0.0,0.15760789512446605,0.3132272794225954,0.3739873324495508,0.9767099194324679,0.9999976851851852,0.8890030441400304,21.709066091403,1.0,0.0,135.01597802515954,72.15996664634797,40.20324041378016,0.7835616438356164,0.0,0,nan,0.022043665738718146,0.00016093864776473626,0.9927520146288799,1.3823122925362952,7.3824414511424346,0.2451720251118492,1.354565432882979,1.1513806179505324
ee_now,28,cct_region,2011,2.0,pvgis,365,1.03062096349991,69.834654076896,10.0,188.158732561793,0.29,1333,0.2849064449064449,1.0143575017946878,0.2948237059264816,0.1937191959480037,0.8392255892255892,0.6137931034482759,0.0,0.0,0.0,1.0,0.0,0.0,0.0,0.0,0.1674012474012474,0.18985446985446985,0.28324324324324324,0.9800847630265616,0.9999976851851852,0.9103786149162861,19.639202912676332,1.0,0.0,141.10635475236165,73.57968263678393,44.56939461083463,1.1178082191780823,0.0,0,nan,0.019338717237510204,0.00013659165735803309,0.9929864189525627,1.4101765128495358,8.41702653929071,0.22428682626735985,1.1880680134867063,1.0098578114637005
ee_now,28,cct_region,2012,2.0,pvgis,365,1.03062096349991,69.834654076896,10.0,188.158732561793,0.29,1333,0.2849064449064449,1.0143575017946878,0.2948237059264816,0.1937191959480037,0.8392255892255892,0.6137931034482759,0.0,0.0,0.0,1.0,0.0,0.0,0.0,0.0,0.1674012474012474,0.18985446985446985,0.28324324324324324,0.9734715375142655,0.9999976851851852,0.8915810502283105,20.729461989872192,1.0,0.0,133.46619047010245,73.57968263678393,37.43203580719218,1.1178082191780823,0.0,0,nan,0.0204920634449493,0.00015055796714404427,0.9927064511750509,1.4547782352243026,7.941054992800306,0.23328917823109552,1.2592785226983594,1.0703867442936055
ee_now,40,cct_region,2011,2.0,pvgis,365,0.9853790484979228,66.769071679648,10.0,196.7977039286174,0.27,1079,0.24823493297861457,1.0,0.2632066728452271,0.2090106918990431,0.9409937888198758,0.5929203539823009,0.0,0.0,0.0,1.0,0.0,0.0,0.0,0.0,0.16351171595211297,0.1324056072853781,0.24823493297861457,0.9801643392547044,0.9999976851851852,0.9109684170471841,19.639202912676332,1.0,0.0,134.9121068823523,70.34118681115211,41.923446957797374,0.4712328767123288,0.0,0,nan,0.019339792204444744,0.00013433676759441927,0.9931017829969545,1.3471386833399301,8.417536520598777,0.22427767339653193,1.187996033700446,1.009796628645379
ee_now,28,cct_region,2015,2.0,pvgis,365,1.03062096349991,69.834654076896,10.0,188.158732561793,0.28,1333,0.2849064449064449,1.0143575017946878,0.2948237059264816,0.1937191959480037,0.8392255892255892,0.6137931034482759,0.0,0.0,0.0,1.0,0.0,0.0,0.0,0.0,0.1674012474012474,0.18985446985446985,0.28324324324324324,0.9776830153945684,0.9999976851851852,0.8913337138508372,21.709066091403,1.0,0.0,137.68902125081976,73.57968263678393,41.32287375302945,1.1178082191780823,0.0,0,nan,0.02205838327377886,0.00016450020328229607,0.9925977111182671,1.4164103509601813,7.376369137614196,0.2453099881915095,1.355680527023406,1.152328447969895
ee_now,40,cct_region,2012,2.0,pvgis,365,0.9853790484979228,66.769071679648,10.0,196.7977039286174,0.29,1079,0.24823493297861457,1.0,0.2632066728452271,0.2090106918990431,0.9409937888198758,0.5929203539823009,0.0,0.0,0.0,1.0,0.0,0.0,0.0,0.0,0.16351171595211297,0.1324056072853781,0.24823493297861457,0.973311190102423,0.9999976851851852,0.8921137747336377,20.729461989872192,1.0,0.0,127.6073284260185,70.34118681115211,35.09206002999446,0.4712328767123288,0.0,0,nan,0.020484501419169788,0.00014685482784998594,0.9928819595720374,1.3913916431803164,7.94539097993955,0.2332028021262611,1.2585913047259611,1.069802609017067
ee_now,40,cct_region,2013,2.0,pvgis,365,0.9853790484979228,66.769071679648,10.0,196.7977039286174,0.28,1079,0.24823493297861457,1.0,0.2632066728452271,0.2090106918990431,0.9409937888198758,0.5929203539823009,0.0,0.0,0.0,1.0,0.0,0.0,0.0,0.0,0.16351171595211297,0.1324056072853781,0.24823493297861457,0.9775858453332605,0.9999976851851852,0.880802891933029,20.64649507784094,1.0,0.0,135.2265277398714,70.34118681115211,42.22199036085475,0.4712328767123288,0.0,0,nan,0.02084676090193001,0.00014264347762470394,0.9932040245142139,1.3475725354358408,7.809854384846913,0.23594339592357916,1.2804336044219367,1.0883685637586462
ee_now,40,cct_region,2014,2.0,pvgis,365,0.9853790484979228,66.769071679648,10.0,196.7977039286174,0.29,1079,0.24823493297861457,1.0,0.2632066728452271,0.2090106918990431,0.9409937888198758,0.5929203539823009,0.0,0.0,0.0,1.0,0.0,0.0,0.0,0.0,0.16351171595211297,0.1324056072853781,0.24823493297861457,0.9808776567002989,0.9999976851851852,0.9130993150684932,22.297233232776282,1.0,0.0,138.2999672032459,70.34118681115211,45.31452706757413,0.4712328767123288,0.0,0,nan,0.023123833957080998,0.0001595001907418301,0.9931495983466465,1.3419145527063194,7.040408851595619,0.2532708185414039,1.4203720566219145,1.2073162481286275
ee_now,40,cct_region,2015,2.0,pvgis,365,0.9853790484979228,66.769071679648,10.0,196.7977039286174,0.29,1079,0.24823493297861457,1.0,0.2632066728452271,0.2090106918990431,0.9409937888198758,0.5929203539823009,0.0,0.0,0.0,1.0,0.0,0.0,0.0,0.0,0.16351171595211297,0.1324056072853781,0.24823493297861457,0.9778463349046187,0.9999976851851852,0.8916666666666667,21.709066091403,1.0,0.0,131.64478654499794,70.34118681115211,38.819440977822154,0.4712328767123288,0.0,0,nan,0.022060858634196722,0.00016148630734320172,0.9927331562997505,1.350994347033344,7.37654789628295,0.24530592390677686,1.3556476743056207,1.1523005231597776
ee_now,46,cct_region,2011,2.0,pvgis,365,1.299774515109069,88.072440650112,10.0,149.1953658034943,0.32,6276,0.1436879735353751,nan,0.14292543021032506,0.11841430660112068,0.9542342342342343,0.8636363636363636,0.0,0.0,0.0,1.0,0.0,0.0,0.0,0.0,0.20872905773129866,0.1088997972468253,0.14310105645075233,0.9834478812234476,0.9999976851851852,0.9273306697108067,19.639202912676332,1.0,0.0,177.95722222088847,93.03786189809637,60.15109994336877,3.734246575342466,0.0,0,nan,0.01938191124737497,0.00016051236475916414,0.9917864657964173,1.8103897141513314,8.388119871028064,0.22480726930449224,1.192162266843521,1.0133379268169929
ee_now,46,cct_region,2012,2.0,pvgis,365,1.299774515109069,88.072440650112,10.0,149.1953658034943,0.32,6276,0.1436879735353751,nan,0.14292543021032506,0.11868070262200826,0.9547747747747748,0.8636363636363636,0.0,0.0,0.0,1.0,0.0,0.0,0.0,0.0,0.20872905773129866,0.1088997972468253,0.14310105645075233,0.9780726674187721,0.9999976851851852,0.9150494672754946,20.729461989872192,1.0,0.0,168.32177798190958,93.03993733978061,51.17088636427664,3.734246575342466,0.0,0,nan,0.020552517698894344,0.00017218597920183926,0.9916917519364187,1.8480833476037535,7.909603648627357,0.23391825363237695,1.264285853531411,1.0746429755016993
ee_now,46,cct_region,2013,2.0,pvgis,365,1.299774515109069,88.072440650112,10.0,149.1953658034943,0.31,6276,0.1436879735353751,nan,0.14292543021032506,0.11861284906048845,0.9545945945945946,0.8636363636363636,0.0,0.0,0.0,1.0,0.0,0.0,0.0,0.0,0.20872905773129866,0.1088997972468253,0.14310105645075233,0.9811833200544924,0.9999976851851852,0.9114726027397261,20.64649507784094,1.0,0.0,178.37196233358222,93.0391071631069,60.542895275864744,3.734246575342466,0.0,0,nan,0.02088898438803112,0.0001723286540988368,0.9918177630352809,1.8032831586963485,7.783189561879875,0.23649262131494964,1.284820306700162,1.0920972606951378
ee_now,46,cct_region,2014,2.0,pvgis,365,1.299774515109069,88.072440650112,10.0,149.1953658034943,0.33,6276,0.1436879735353751,nan,0.14292543021032506,0.11868070262200826,0.9547747747747748,0.8636363636363636,0.0,0.0,0.0,1.0,0.0,0.0,0.0,0.0,0.20872905773129866,0.1088997972468253,0.14310105645075233,0.9848780144020887,0.9999976851851852,0.9416095890410959,22.297233232776282,1.0,0.0,182.42601472521153,93.03993733978061,64.71024933245498,3.734246575342466,0.0,0,nan,0.023188170327479076,0.00018674199339036447,0.9920110077493793,1.7967705452793687,7.012825955399911,0.25395434645443504,1.4259586739494012,1.2120648728569912
ee_now,7,cct_region,2012,2.0,pvgis,365,1.0371329234694004,70.275903079136,10.0,186.97731973936163,0.28,1853,0.22146335669319397,nan,0.22018348623853212,0.19125236143559352,0.9975975975975976,0.7925531914893617,0.0,0.0,0.0,1.0,0.0,0.0,0.0,0.0,0.45064734529041467,0.20602209288514078,0.22146335669319397,0.9742655144576312,0.9999976851851852,0.8954718417047184,20.729461989872192,1.0,0.0,134.3094941873784,74.074160092734,37.836159288130496,1.0712328767123287,0.0,0,nan,0.020504283276307374,0.00014954583987750473,0.9927594133254295,1.4428063659070969,7.936745816325899,0.2333751040959997,1.2599622353320152,1.070967900032213
ee_now,7,cct_region,2011,2.0,pvgis,365,1.0371329234694004,70.275903079136,10.0,186.97731973936163,0.3,1853,0.22146335669319397,nan,0.22018348623853212,0.19125236143559352,0.9975975975975976,0.7925531914893617,0.0,0.0,0.0,1.0,0.0,0.0,0.0,0.0,0.45064734529041467,0.20602209288514078,0.22146335669319397,0.9806420831895921,0.9999976851851852,0.9124238964992389,19.639202912676332,1.0,0.0,141.99793270985566,74.074160092734,44.921902972664874,1.0712328767123287,0.0,0,nan,0.019346171043742987,0.00013879702520902507,0.9928767127193712,1.3974679081480772,8.412854013868904,0.22436175013466853,1.1886572598923775,1.0103586709085208
ee_now,7,cct_region,2013,2.0,pvgis,365,1.0371329234694004,70.275903079136,10.0,186.97731973936163,0.29,1853,0.22146335669319397,nan,0.22018348623853212,0.19125236143559352,0.9975975975975976,0.7925531914893617,0.0,0.0,0.0,1.0,0.0,0.0,0.0,0.0,0.45064734529041467,0.20602209288514078,0.22146335669319397,0.9779630158390489,0.9999976851851852,0.8814117199391172,20.64649507784094,1.0,0.0,142.3288675147464,74.074160092734,45.236126410708444,1.0712328767123287,0.0,0,nan,0.02085227449987202,0.00014710445496359808,0.9929948187858326,1.3997205191804953,7.806144752259107,0.23601960352399232,1.2810420915018248,1.088885777776551
ee_now,7,cct_region,2014,2.0,pvgis,365,1.0371329234694004,70.275903079136,10.0,186.97731973936163,0.3,1853,0.22146335669319397,nan,0.22018348623853212,0.19125236143559352,0.9975975975975976,0.7925531914893617,0.0,0.0,0.0,1.0,0.0,0.0,0.0,0.0,0.45064734529041467,0.20602209288514078,0.22146335669319397,0.9814728534135576,0.9999976851851852,0.9195871385083714,22.297233232776282,1.0,0.0,145.5637295311605,74.074160092734,48.62497053403824,1.0712328767123287,0.0,0,nan,0.023134012224395293,0.0001615763548019935,0.9930640793104374,1.3928281672785912,7.036705308891527,0.2533623203498715,1.421119623606246,1.2079516800653092
ee_now,46,cct_region,2015,2.0,pvgis,365,1.299774515109069,88.072440650112,10.0,149.1953658034943,0.32,6276,0.1436879735353751,nan,0.14292543021032506,0.11868070262200826,0.9547747747747748,0.8636363636363636,0.0,0.0,0.0,1.0,0.0,0.0,0.0,0.0,0.20872905773129866,0.1088997972468253,0.14310105645075233,0.9815066497169191,0.9999976851851852,0.9055079908675799,21.709066091403,1.0,0.0,173.64742923953168,93.03993733978061,56.054401570897966,3.734246575342466,0.0,0,nan,0.02211830720161144,0.00019341966291136834,0.9913310312516007,1.8101698891817821,7.346997066804416,0.24598018260705368,1.3611003120148937,1.1569352652126597
ee_now,78,cct_region,2011,2.0,pvgis,365,1.074248607789109,72.79085383900801,10.0,180.51718460483815,0.29,2359,0.19581471687790647,1.0,0.18779143704959728,0.1268327098031811,0.991264367816092,0.9184782608695652,0.0,0.0,0.0,1.0,0.0,0.0,0.0,0.0,0.11817269991793561,0.24591957691255584,0.19581471687790647,0.9804315372134349,0.9999976851851852,0.9122526636225267,19.639202912676332,1.0,0.0,147.07958649332792,76.7474088525535,47.09433312467799,1.5397260273972602,0.0,0,nan,0.01934352967820174,0.0001391713784769712,0.9928566692024839,1.4295615817721223,8.413832935798027,0.2243441661210236,1.1885189635098845,1.0102411189834017
ee_now,7,cct_region,2015,2.0,pvgis,365,1.0371329234694004,70.275903079136,10.0,186.97731973936163,0.3,1853,0.22146335669319397,nan,0.22018348623853212,0.19125236143559352,0.9975975975975976,0.7925531914893617,0.0,0.0,0.0,1.0,0.0,0.0,0.0,0.0,0.45064734529041467,0.20602209288514078,0.22146335669319397,0.9784455344841725,0.9999976851851852,0.8917047184170472,21.709066091403,1.0,0.0,138.55900684822407,74.074160092734,41.65486903137385,1.0712328767123287,0.0,0,nan,0.022069985992680514,0.00016279377663245274,0.9926777587723352,1.4015894849418136,7.373085755801372,0.24538467082520798,1.356284238540382,1.1528416027593247
ee_now,78,cct_region,2013,2.0,pvgis,365,1.074248607789109,72.79085383900801,10.0,180.51718460483815,0.28,2359,0.19581471687790647,1.0,0.18779143704959728,0.1268327098031811,0.991264367816092,0.9184782608695652,0.0,0.0,0.0,1.0,0.0,0.0,0.0,0.0,0.11817269991793561,0.24591957691255584,0.19581471687790647,0.9777146830484086,0.9999976851851852,0.8818873668188737,20.64649507784094,1.0,0.0,147.42236440093876,76.7474088525535,47.41980627928924,1.5397260273972602,0.0,0,nan,0.020848373284095605,0.00014741099970121994,0.992979019135047,1.4296706990658299,7.807481235911553,0.23599214044833527,1.280822802878304,1.0886993824465585
ee_now,78,cct_region,2012,2.0,pvgis,365,1.074248607789109,72.79085383900801,10.0,180.51718460483815,0.3,2359,0.19581471687790647,1.0,0.18779143704959728,0.1268327098031811,0.991264367816092,0.9184782608695652,0.0,0.0,0.0,1.0,0.0,0.0,0.0,0.0,0.11817269991793561,0.24591957691255584,0.19581471687790647,0.973068536413891,0.9999976851851852,0.8978405631659057,20.729461989872192,1.0,0.0,139.11600324190164,76.7474088525535,39.8942576322292,1.5397260273972602,0.0,0,nan,0.020481364970156183,0.00014989768341575437,0.9927344396737733,1.4738681611323483,7.945427024099749,0.23320208445398982,1.2585855951691964,1.0697977558938172
ee_now,78,cct_region,2014,2.0,pvgis,365,1.074248607789109,72.79085383900801,10.0,180.51718460483815,0.29,2359,0.19581471687790647,1.0,0.18779143704959728,0.1268327098031811,0.991264367816092,0.9184782608695652,0.0,0.0,0.0,1.0,0.0,0.0,0.0,0.0,0.11817269991793561,0.24591957691255584,0.19581471687790647,0.9812744975882648,0.9999976851851852,0.916324200913242,22.297233232776282,1.0,0.0,150.77299182668625,76.7474088525535,50.772305241539826,1.5397260273972602,0.0,0,nan,0.023131168332113917,0.00016381956909259878,0.9929676044569178,1.4225008136036497,7.0368867553908565,0.25335783544818913,1.421082979961152,1.207920532966979
ee_now,78,cct_region,2015,2.0,pvgis,365,1.074248607789109,72.79085383900801,10.0,180.51718460483815,0.31,2359,0.19581471687790647,1.0,0.18779143704959728,0.1268327098031811,0.991264367816092,0.9184782608695652,0.0,0.0,0.0,1.0,0.0,0.0,0.0,0.0,0.11817269991793561,0.24591957691255584,0.19581471687790647,0.9780375776738359,0.9999976851851852,0.8917427701674278,21.709066091403,1.0,0.0,143.517592427232,76.7474088525535,43.71038244332328,1.5397260273972602,0.0,0,nan,0.022064973206018603,0.00016415261330327368,0.9926154265067595,1.439137359650939,7.374297719188989,0.24535709705469144,1.3560613336750094,1.1526521336237578
lazy_defer,0,cct_region,2011,0.5,pvgis,365,0.3162228164973532,85.70875921763201,10.0,153.30988477659398,0.29,1861,0.3394363496932515,-0.8318999218139165,0.40677055346587854,0.16317365289050978,0.5786578657865786,0.13953488372093023,0.41805480924234284,0.0,0.4384739387426115,0.0,0.14347125201504568,21.39360558839334,48.0,13.124999999999995,0.543424079754601,0.5286618098159508,0.788631134969325,0.2920580473241505,0.7063892752106364,0.0,19.639202912676332,1.0,0.0,43.29530497219543,68.94641422374937,0.0,0.33972602739726027,0.11275684931506849,1083,nan,0.009320858900107929,0.0001001293008996576,0.9893716774967463,0.7209811500423908,17.39989354953852,0.14223790005081116,0.5747161597011736,0.48850873574599757
lazy_defer,0,cct_region,2012,0.5,pvgis,365,0.3162228164973532,85.70875921763201,10.0,153.30988477659398,0.3,1861,0.32371549079754597,-0.8960125097732596,0.3911875335840946,0.1623178265366738,0.5489548954895489,0.13953488372093023,0.44760881246641593,0.0,0.4126813541106932,0.0,0.13970983342289092,20.15605409278166,48.0,13.258333333333331,0.543424079754601,0.5286618098159508,0.788631134969325,0.2888935045773478,0.706463243654057,0.0,20.729461989872192,1.0,0.0,40.951092741508575,68.80004002711284,0.0,0.32054794520547947,0.14389269406392693,1028,nan,0.009936254727376762,9.837468272571474e-05,0.9901964807363315,0.6957810603650887,16.335849101109588,0.147485698637024,0.612150610482853,0.520328018910425
lazy_defer,0,cct_region,2013,0.5,pvgis,365,0.3162228164973532,85.70875921763201,10.0,153.30988477659398,0.29,1861,0.34164110429447847,-0.822908522283033,0.40838259000537347,0.16350738367472772,0.5825082508250825,0.13953488372093023,0.41429339065018805,0.0,0.44331004836109617,0.0,0.14239656098871575,21.625380619738493,48.0,13.166666666666659,0.543424079754601,0.5286618098159508,0.788631134969325,0.29591588105686156,0.711790440802327,0.0,20.64649507784094,1.0,0.0,43.39620730950464,68.92860700183563,0.0,0.33424657534246577,0.11173896499238965,1090,nan,0.010072768156586186,0.00010560099834683003,0.9896249588967159,0.7178991816742382,16.105152931061003,0.14871026874350035,0.620919282344325,0.5277813899926763
lazy_defer,0,cct_region,2014,0.5,pvgis,365,0.3162228164973532,85.70875921763201,10.0,153.30988477659398,0.29,1861,0.3550613496932515,-0.7681782642689595,0.4234282643739925,0.1646395879611589,0.6133113311331133,0.13953488372093023,0.3825900053734551,0.0,0.4739387426114992,0.0,0.14347125201504568,23.095916174099948,48.0,13.124999999999995,0.543424079754601,0.5286618098159508,0.788631134969325,0.30652214448766796,0.7160972094374355,0.0,22.297233232776282,1.0,0.0,44.38251982033472,69.00945384347978,0.0,0.33972602739726027,0.09839231354642314,1149,nan,0.011429957775811577,0.00012318938460120942,0.989337157841863,0.7253521154942086,14.18870456274301,0.16033373791250116,0.7047859764631511,0.5990680799936785
lazy_defer,0,cct_region,2015,0.5,pvgis,365,0.3162228164973532,85.70875921763201,10.0,153.30988477659398,0.3,1861,0.31988113496932513,-0.9116497263487091,0.38903815153143473,0.1597684057192074,0.5462046204620462,0.11627906976744186,0.4508328855454057,0.0,0.40569586243954864,0.0,0.14347125201504568,19.82025792584632,48.0,13.124999999999995,0.543424079754601,0.5286618098159508,0.788631134969325,0.28616146181534496,0.7079894068261146,0.0,21.709066091403,1.0,0.0,42.24677320053634,68.88416947154234,0.0,0.33972602739726027,0.12715943683409436,1022,nan,0.010694025716077828,0.00010566197778549335,0.9902162006179556,0.6955549880807562,15.178604833372782,0.1539832267357818,0.6588220794847544,0.5599987675620411
lazy_defer,100,cct_region,2011,0.5,pvgis,365,0.3052640870787947,82.73851465568,10.0,158.8135834282582,0.3,4890,0.12400837722916797,0.033898305084745776,0.1312883435582822,0.11426933079556117,0.6145678488001699,0.3370165745856354,0.3259713701431493,0.0,0.5239263803680981,0.0,0.15010224948875256,25.871642808452627,48.0,13.5,0.11224640900340586,0.169427344460663,0.4592244716633877,0.25077884219643,0.7208476498621949,0.0,19.639202912676332,1.0,0.0,41.79490238410944,71.23520899456024,0.0,0.1863013698630137,0.16775114155251142,3296,nan,0.008857963337575738,8.278949760330329e-05,0.9907402095629405,0.663239052026757,18.33449541116945,0.13810821166880294,0.5454199734293184,0.46360697741492063
lazy_defer,100,cct_region,2012,0.5,pvgis,365,0.3052640870787947,82.73851465568,10.0,158.8135834282582,0.3,4890,0.12104673055361635,0.025362760638946467,0.12842535787321063,0.11174034791167803,0.6141431301762582,0.3370165745856354,0.3259713701431493,0.0,0.5361963190184049,0.0,0.1378323108384458,26.38595773687798,48.0,13.5,0.11224640900340586,0.169427344460663,0.4592244716633877,0.2501885336290118,0.7209190549227238,0.0,20.729461989872192,1.0,0.0,39.53192903371723,71.1652921116963,0.0,0.1780821917808219,0.1951103500761035,3296,nan,0.009466069949067613,8.66224064846284e-05,0.9909321473715961,0.656723545592188,17.159999058664745,0.14336695880311778,0.5827506147181643,0.4953380225104396
lazy_defer,100,cct_region,2013,0.5,pvgis,365,0.3052640870787947,82.73851465568,10.0,158.8135834282582,0.31,4890,0.12104673055361635,0.025362760638946467,0.12842535787321063,0.11172392761387179,0.6147802081121257,0.3370165745856354,0.325357873210634,0.0,0.5368098159509203,0.0,0.1378323108384458,26.415405589638716,48.0,13.5,0.11224640900340586,0.169427344460663,0.4592244716633877,0.25488324386072475,0.7260616375869609,0.0,20.64649507784094,1.0,0.0,41.892307942077814,71.16677955852612,0.0,0.1780821917808219,0.16548706240487063,3299,nan,0.009567070467401429,8.778901685280991e-05,0.9909072714112533,0.669335940082244,16.97841300500835,0.14424177256343806,0.5889831986682246,0.5006357188679909
lazy_defer,100,cct_region,2014,0.5,pvgis,365,0.3052640870787947,82.73851465568,10.0,158.8135834282582,0.31,4890,0.12686425080916416,0.04212900865748083,0.13496932515337423,0.11906805044359164,0.6385644510511785,0.3756906077348066,0.29897750511247445,0.0,0.554601226993865,0.0,0.14642126789366053,27.320722563053852,48.0,13.5,0.11224640900340586,0.169427344460663,0.4592244716633877,0.26207497535402036,0.7302191547775877,0.0,22.297233232776282,1.0,0.0,42.844439706406234,71.30115527442432,0.0,0.18356164383561643,0.1538907914764079,3428,nan,0.01083991349452459,0.0001026679965470895,0.9906175707596183,0.6726743545276177,14.980394887873592,0.1551912880275097,0.6675391453195171,0.5674082735215895
lazy_defer,100,cct_region,2015,0.5,pvgis,365,0.3052640870787947,82.73851465568,10.0,158.8135834282582,0.3,4890,0.12396606799094578,0.03377636873552003,0.130879345603272,0.11238011777860345,0.6103206625610533,0.3370165745856354,0.33312883435582824,0.0,0.5204498977505112,0.0,0.14642126789366053,25.681458759372873,48.0,13.5,0.11224640900340586,0.169427344460663,0.4592244716633877,0.24828740049485928,0.7223923287763035,0.0,21.709066091403,1.0,0.0,40.78270757288786,71.1829856465108,0.0,0.18356164383561643,0.18313356164383562,3261,nan,0.010224139918411871,8.986600921198703e-05,0.9912869926735935,0.6503437797522852,15.89335831095021,0.14986418658565526,0.6291936420454447,0.534814595738628
lazy_defer,105,cct_region,2011,0.5,pvgis,365,0.264632338334809,71.725720549728,10.0,183.19788075032216,0.3,2169,0.17260536398467433,0.2697847822402982,0.18856615952051636,0.15710333746485183,0.7609427609427609,0.36666666666666664,0.06639004149377593,0.0,0.7754725680036884,0.0,0.15813739050253572,38.02389734132473,48.0,11.416666666666666,0.096360153256705,0.25373563218390804,0.3789750957854406,0.24532656953057413,0.7216170606871121,0.0,19.639202912676332,1.0,0.0,36.23185044209719,68.99340233431818,0.0,0.1095890410958904,0.21315639269406392,2025,nan,0.008788640874358895,1.1556351293251125e-05,0.9986868076934043,0.411170726152267,18.62733159561008,0.1368957107494334,0.5368455459480148,0.4563187140558126
lazy_defer,105,cct_region,2012,0.5,pvgis,365,0.264632338334809,71.725720549728,10.0,183.19788075032216,0.29,2169,0.17155172413793102,0.2660566005761735,0.18672199170124482,0.15545899753844442,0.7609427609427609,0.3888888888888889,0.06639004149377593,0.0,0.792992162286768,0.0,0.14061779621945597,38.74673428615337,48.0,11.416666666666666,0.096360153256705,0.25373563218390804,0.3789750957854406,0.2451375155895009,0.7216789614770776,0.0,20.729461989872192,1.0,0.0,34.27008698988615,68.92259532604808,0.0,0.09863013698630137,0.23653919330289194,2025,nan,0.009395650431939991,1.306818947568042e-05,0.9986110553411668,0.41344080908807995,17.422584139765224,0.1421326402353269,0.5739676686178858,0.48787251832520295
lazy_defer,105,cct_region,2013,0.5,pvgis,365,0.264632338334809,71.725720549728,10.0,183.19788075032216,0.29,2169,0.17155172413793102,0.2660566005761735,0.18672199170124482,0.15493541433769586,0.7609427609427609,0.3888888888888889,0.06639004149377593,0.0,0.7888427846934071,0.0,0.14476717381281698,38.58168126632857,48.0,11.416666666666666,0.096360153256705,0.25373563218390804,0.3789750957854406,0.24883999339668963,0.7261370478787211,0.0,20.64649507784094,1.0,0.0,36.316290969702145,68.94003022689876,0.0,0.10136986301369863,0.21062595129375952,2025,nan,0.009486938089772032,1.6051604403078532e-05,0.9983108890023402,0.42088706450128305,17.249749510879532,0.14294104978459965,0.5797185630836513,0.4927607786211036
lazy_defer,105,cct_region,2014,0.5,pvgis,365,0.264632338334809,71.725720549728,10.0,183.19788075032216,0.28,2169,0.17260536398467433,0.2697847822402982,0.18856615952051636,0.15710333746485183,0.7609427609427609,0.36666666666666664,0.06639004149377593,0.0,0.7754725680036884,0.0,0.15813739050253572,38.02389734132473,48.0,11.416666666666666,0.096360153256705,0.25373563218390804,0.3789750957854406,0.2539888074356523,0.7297411845668998,0.0,22.297233232776282,1.0,0.0,37.14169056913848,68.99340233431818,0.0,0.1095890410958904,0.20068493150684932,2025,nan,0.010728058879575545,1.550393302964087e-05,0.9985569095373603,0.41369226772715506,15.257898584318948,0.15350825908611843,0.6553982479787442,0.5570885107819327
lazy_defer,105,cct_region,2015,0.5,pvgis,365,0.264632338334809,71.725720549728,10.0,183.19788075032216,0.29,2169,0.17203065134099615,0.2677512286053211,0.1871830336560627,0.15507279496229653,0.7609427609427609,0.3888888888888889,0.06639004149377593,0.0,0.7833102812355924,0.0,0.15029967727063162,38.35669279237744,48.0,11.416666666666666,0.096360153256705,0.25373563218390804,0.3789750957854406,0.2440395312646878,0.7229561372779111,0.0,21.709066091403,1.0,0.0,35.35438240349712,68.9590662350505,0.0,0.10410958904109589,0.22729261796042619,2025,nan,0.010176787680954886,1.5480544572406914e-05,0.9984811482361077,0.41531669770960034,16.08319053244989,0.14882858614232164,0.6217671785846051,0.5285021017969143
lazy_defer,130,cct_region,2011,0.5,pvgis,365,0.2526532182741883,68.47891018896,10.0,191.883894818735,0.25,1455,0.1607747827367801,0.014635806671204909,0.15807560137457044,0.12305951147474369,0.6191536748329621,0.5555555555555556,0.3621993127147766,0.0,0.49896907216494846,0.0,0.13883161512027492,24.599770904925542,48.0,13.0,0.15760789512446605,0.3132272794225954,0.3739873324495508,0.2495635380982046,0.7267526872527865,0.0,19.639202912676332,1.0,0.0,34.59174217265647,67.89424056706179,0.0,0.11506849315068493,0.22023401826484018,928,nan,0.008833082175908634,7.865336181351856e-06,0.9991103514447297,0.39999007066276804,18.54147325327113,0.13724742169262305,0.5393314686164854,0.45843174832401257
lazy_defer,130,cct_region,2013,0.5,pvgis,365,0.2526532182741883,68.47891018896,10.0,191.883894818735,0.28,1455,0.16291059066136399,0.024506466984343157,0.15945017182130583,0.12221216234844068,0.621380846325167,0.5648148148148148,0.36013745704467354,0.0,0.5065292096219931,0.0,0.13333333333333333,24.93487972508591,48.0,13.0,0.15760789512446605,0.3132272794225954,0.3739873324495508,0.25278473145090086,0.7310680680475303,0.0,20.64649507784094,1.0,0.0,34.672360328345206,67.85608997336921,0.0,0.10684931506849316,0.21825532724505328,931,nan,0.009533537078374163,8.482049302455567e-06,0.9991110844372704,0.39999007066276804,17.179193379892563,0.14327551644650183,0.5820995071692091,0.49478458109382767
lazy_defer,130,cct_region,2012,0.5,pvgis,365,0.2526532182741883,68.47891018896,10.0,191.883894818735,0.29,1455,0.16291059066136399,0.024506466984343157,0.15945017182130583,0.12225073967691111,0.621380846325167,0.5648148148148148,0.36013745704467354,0.0,0.5106529209621993,0.0,0.12920962199312716,25.12783505154639,48.0,13.0,0.15760789512446605,0.3132272794225954,0.3739873324495508,0.24942213197381066,0.7268117859778169,0.0,20.729461989872192,1.0,0.0,32.71878192595117,67.82762460087211,0.0,0.10136986301369863,0.24250380517503806,931,nan,0.00944351669657281,8.502621897437874e-06,0.9991004438722608,0.39999007066276804,17.342769444902117,0.14250405545888956,0.5766091760471097,0.49011779964004326
lazy_defer,130,cct_region,2014,0.5,pvgis,365,0.2526532182741883,68.47891018896,10.0,191.883894818735,0.28,1455,0.16298423921048757,0.024846834581347958,0.16013745704467353,0.12327129286490415,0.6280623608017817,0.5555555555555556,0.3539518900343643,0.0,0.5072164948453608,0.0,0.13883161512027492,24.995647193585338,48.0,13.0,0.15760789512446605,0.3132272794225954,0.3739873324495508,0.25780584335557954,0.7345090561712686,0.0,22.297233232776282,1.0,0.0,35.46039653915772,67.91029561753913,0.0,0.11506849315068493,0.20892313546423136,940,nan,0.010777595329358012,9.586226576278302e-06,0.9991113316739344,0.39999007066276804,15.196202175610154,0.15387741425800716,0.65805915744198,0.559350283825683
lazy_defer,28,cct_region,2013,0.5,pvgis,365,0.2576552408749775,69.834654076896,10.0,188.158732561793,0.25,1333,0.16041580041580042,-0.0603015075376884,0.17104276069017255,0.11275858275552827,0.622895622895623,0.46206896551724136,0.19579894973743436,0.0,0.6976744186046512,0.0,0.10652663165791448,34.02269317329333,48.0,12.0,0.1674012474012474,0.18985446985446985,0.28324324324324324,0.25714728927137714,0.728024443206689,0.0,20.64649507784094,1.0,0.0,35.358802920170255,67.94119481623898,0.0,0.0821917808219178,0.20959855403348554,1072,nan,0.009583338857930482,8.902345574008939e-06,0.9990719222562131,0.4010012984409179,17.089248315513714,0.14370570576474595,0.5851632450633856,0.49738875830387774
lazy_defer,130,cct_region,2015,0.5,pvgis,365,0.2526532182741883,68.47891018896,10.0,191.883894818735,0.29,1455,0.15259979378406247,-0.023144996596323967,0.14982817869415807,0.12021299847130763,0.6080178173719376,0.5648148148148148,0.3725085910652921,0.0,0.49003436426116836,0.0,0.13745704467353953,24.170274914089347,48.0,13.0,0.15760789512446605,0.3132272794225954,0.3739873324495508,0.24806513309035796,0.7280311478230577,0.0,21.709066091403,1.0,0.0,33.753994506289885,67.86047277015028,0.0,0.11232876712328767,0.23346651445966515,913,nan,0.010222489633271348,9.103009335960806e-06,0.999110303776359,0.39999007066276804,16.021375904506076,0.14916325020651644,0.6241661177918846,0.5305412001231018
lazy_defer,28,cct_region,2011,0.5,pvgis,365,0.2576552408749775,69.834654076896,10.0,188.158732561793,0.28,1333,0.16124740124740125,-0.053122756640344534,0.17179294823705926,0.11306488566497931,0.6220538720538721,0.46206896551724136,0.19579894973743436,0.0,0.695423855963991,0.0,0.10877719429857464,33.93304576144036,48.0,12.0,0.1674012474012474,0.18985446985446985,0.28324324324324324,0.25431408319537335,0.7236236266022887,0.0,19.639202912676332,1.0,0.0,35.27658868809041,67.95542750248751,0.0,0.08493150684931507,0.21134893455098935,1072,nan,0.0088815791116659,7.90429155252479e-06,0.9991108266707981,0.39999007066276804,18.4402382448503,0.1376661382307428,0.5422923428222324,0.46094849139889754
lazy_defer,40,cct_region,2011,0.5,pvgis,365,0.2463447621244807,66.769071679648,10.0,196.7977039286174,0.26,1079,0.09280671237081757,-0.8345410628019322,0.10658016682113068,0.08031515968283552,0.6687370600414079,0.40707964601769914,0.3113994439295644,0.0,0.6265060240963856,0.0,0.06209453197405004,30.42029657089898,48.0,13.416666666666666,0.16351171595211297,0.1324056072853781,0.24823493297861457,0.2538544350414753,0.730097420260478,0.0,19.639202912676332,1.0,0.0,33.728026720588076,67.38435958751225,0.0,0.024657534246575342,0.22494292237442923,743,nan,0.008873228827238153,7.90051393477095e-06,0.9991104156204387,0.39999007066276804,18.457584112533713,0.13759408296840903,0.541782713221361,0.4605153062381568
lazy_defer,28,cct_region,2012,0.5,pvgis,365,0.2576552408749775,69.834654076896,10.0,188.158732561793,0.29,1333,0.16024948024948024,-0.06173725771715727,0.1695423855963991,0.11178016399421012,0.622895622895623,0.47586206896551725,0.19579894973743436,0.0,0.6991747936984246,0.0,0.10502625656414104,34.094023505876464,48.0,12.0,0.1674012474012474,0.18985446985446985,0.28324324324324324,0.2536601488818589,0.7236838953625188,0.0,20.729461989872192,1.0,0.0,33.36654761752561,67.91486425347662,0.0,0.07671232876712329,0.23441780821917807,1072,nan,0.009489762280260593,9.618510027424213e-06,0.9989874592628966,0.403050471696567,17.256302852558903,0.1429101162611015,0.5794984062021791,0.4925736452718522
lazy_defer,28,cct_region,2014,0.5,pvgis,365,0.2576552408749775,69.834654076896,10.0,188.158732561793,0.29,1333,0.16124740124740125,-0.053122756640344534,0.17179294823705926,0.11283914011937385,0.6245791245791246,0.4689655172413793,0.19279819954988747,0.0,0.6984246061515379,0.0,0.10877719429857464,34.07708177044261,48.0,12.0,0.1674012474012474,0.18985446985446985,0.28324324324324324,0.2629297886689605,0.7315335559341114,0.0,22.297233232776282,1.0,0.0,36.16244065374859,67.95993708071678,0.0,0.08493150684931507,0.19922945205479453,1076,nan,0.010841456191397087,1.1965934779122111e-05,0.9988974966015316,0.4050842614162104,15.103456764446593,0.15443771451038768,0.6621000845011795,0.5627850718260026
lazy_defer,40,cct_region,2012,0.5,pvgis,365,0.2463447621244807,66.769071679648,10.0,196.7977039286174,0.27,1079,0.09280671237081757,-0.8345410628019322,0.10658016682113068,0.08016050306884877,0.6687370600414079,0.40707964601769914,0.3113994439295644,0.0,0.6357738646895273,0.0,0.05282669138090825,30.794099474822367,48.0,13.416666666666666,0.16351171595211297,0.1324056072853781,0.24823493297861457,0.25298255414334003,0.7302494395228211,0.0,20.729461989872192,1.0,0.0,31.901832106504624,67.36639098422789,0.0,0.021917808219178082,0.24733637747336376,743,nan,0.00947744854509563,8.534164099690323e-06,0.9991003394839191,0.39999007066276804,17.280675798627488,0.1427952654740111,0.5786810722294927,0.49187891139506884
lazy_defer,28,cct_region,2015,0.5,pvgis,365,0.2576552408749775,69.834654076896,10.0,188.158732561793,0.29,1333,0.15792099792099792,-0.08183776022971999,0.16879219804951237,0.10838527058826619,0.6077441077441077,0.46206896551724136,0.20930232558139536,0.0,0.6841710427606902,0.0,0.10652663165791448,33.3745311327832,48.0,12.0,0.1674012474012474,0.18985446985446985,0.28324324324324324,0.2526011361152965,0.7249273981055112,0.0,21.709066091403,1.0,0.0,34.42225531270494,67.92469118789148,0.0,0.0821917808219178,0.22495243531202436,1054,nan,0.010277628335791714,9.588342970725142e-06,0.9990679361317898,0.40099202545307966,15.93474668103429,0.149636403934436,0.6275593958391638,0.5334254864632892
lazy_defer,40,cct_region,2013,0.5,pvgis,365,0.2463447621244807,66.769071679648,10.0,196.7977039286174,0.28,1079,0.09280671237081757,-0.8345410628019322,0.10658016682113068,0.0801096732724221,0.6780538302277432,0.40707964601769914,0.3030583873957368,0.0,0.644114921223355,0.0,0.05282669138090825,31.194470188446093,48.0,13.416666666666666,0.16351171595211297,0.1324056072853781,0.24823493297861457,0.2566450628368414,0.7344663225029933,0.0,20.64649507784094,1.0,0.0,33.80663193496785,67.37843227208589,0.0,0.021917808219178082,0.22376331811263317,752,nan,0.009573545006503651,8.516171013587329e-06,0.999111238087942,0.39999007066276804,17.10740401173936,0.14361852390998886,0.5845422247079597,0.4968608910017657
lazy_defer,40,cct_region,2014,0.5,pvgis,365,0.2463447621244807,66.769071679648,10.0,196.7977039286174,0.28,1079,0.09587639414714008,-0.7983091787439613,0.10936051899907322,0.09238554200762099,0.6842650103519669,0.40707964601769914,0.2974976830398517,0.0,0.6404077849860983,0.0,0.06209453197405004,31.08758109360519,48.0,13.416666666666666,0.16351171595211297,0.1324056072853781,0.24823493297861457,0.26185070147513445,0.7376601216945854,0.0,22.297233232776282,1.0,0.0,34.574991800811475,67.40442840060894,0.0,0.024657534246575342,0.214412100456621,758,nan,0.010825689061470826,9.626637437368876e-06,0.9991115498888197,0.39999007066276804,15.128695497585545,0.15428459702809694,0.6609955234802594,0.5618461949582205
lazy_defer,40,cct_region,2015,0.5,pvgis,365,0.2463447621244807,66.769071679648,10.0,196.7977039286174,0.27,1079,0.09260206691906273,-0.8369565217391304,0.10472659870250231,0.07828538330755014,0.6687370600414079,0.37168141592920356,0.3169601482854495,0.0,0.6302131603336423,0.0,0.05282669138090825,30.527185665739886,48.0,13.416666666666666,0.16351171595211297,0.1324056072853781,0.24823493297861457,0.2524498418950909,0.7313439591615917,0.0,21.709066091403,1.0,0.0,32.911196636249485,67.36341609056822,0.0,0.021917808219178082,0.23836567732115677,737,nan,0.010276803575776587,9.144614733183043e-06,0.9991109604516946,0.39999007066276804,15.936711792913114,0.14962561675968533,0.6274820132247666,0.5333597112410516
lazy_defer,46,cct_region,2011,0.5,pvgis,365,0.32494362877726723,88.072440650112,10.0,149.1953658034943,0.3,6276,0.16693344715967698,nan,0.16905672402804334,0.0983983118374956,0.6753153153153153,0.6666666666666666,0.18849585723390694,0.0,0.6864244741873805,0.0,0.12507966857871256,33.508405035054174,48.0,11.0,0.20872905773129866,0.1088997972468253,0.14310105645075233,0.26289432951081665,0.7196887162509471,0.0,19.639202912676332,1.0,0.0,44.48930555522212,72.76393478554193,0.0,0.20273972602739726,0.1524923896499239,5093,nan,0.008981063150426355,9.78994875424941e-05,0.9892168861745204,0.7413349130173723,18.055387863746468,0.1392987835655617,0.5538512977657526,0.4707736031008897
lazy_defer,46,cct_region,2012,0.5,pvgis,365,0.32494362877726723,88.072440650112,10.0,149.1953658034943,0.28,6276,0.1680005691317184,nan,0.170012746972594,0.09795044580921503,0.6731531531531532,0.6666666666666666,0.18849585723390694,0.0,0.6959847036328872,0.0,0.11551943913320586,33.92606755895475,48.0,11.0,0.20872905773129866,0.1088997972468253,0.14310105645075233,0.26285609037439084,0.7197647246006484,0.0,20.729461989872192,1.0,0.0,42.080444495477394,72.64349158688822,0.0,0.18356164383561643,0.18142123287671233,5093,nan,0.009605071172621943,0.00010195257761773411,0.9894970301669226,0.7255469711238701,16.887173251733614,0.144688085587114,0.5921654175587625,0.5033406049249481
lazy_defer,46,cct_region,2013,0.5,pvgis,365,0.32494362877726723,88.072440650112,10.0,149.1953658034943,0.32,6276,0.1690676911037598,nan,0.1709687699171447,0.09886177328511817,0.6742342342342342,0.6707988980716253,0.1880178457616316,0.0,0.6945506692160612,0.0,0.1174314850223072,33.8559592096877,48.0,11.0,0.20872905773129866,0.1088997972468253,0.14310105645075233,0.2672696117959111,0.7252388355194801,0.0,20.64649507784094,1.0,0.0,44.592990583395554,72.68927819976476,0.0,0.1917808219178082,0.15031392694063928,5096,nan,0.009713877281775632,0.0001084641789284046,0.9889574009046281,0.751438875991474,16.688911954934294,0.14567390203987307,0.5992002370797678,0.5093202015178026
lazy_defer,7,cct_region,2012,0.5,pvgis,365,0.2592832308673501,70.275903079136,10.0,186.97731973936163,0.28,1853,0.3675614681078514,nan,0.3383702104695089,0.16058201926733454,0.7717717717717718,0.4734042553191489,0.24446842957366433,0.0,0.6481381543443065,0.0,0.10739341608202914,31.956242129879474,48.0,13.916666666666666,0.45064734529041467,0.20602209288514078,0.22146335669319397,0.24973154902177105,0.7288675222766399,0.0,20.729461989872192,1.0,0.0,33.5773735468446,68.31361179607467,0.0,0.06301369863013699,0.23754756468797564,1400,nan,0.009445589281900878,9.983966095573909e-06,0.9989441183697997,0.40410245558421554,17.336251069042735,0.14253453235899782,0.5768259792832001,0.4903020823907201
lazy_defer,7,cct_region,2011,0.5,pvgis,365,0.2592832308673501,70.275903079136,10.0,186.97731973936163,0.29,1853,0.3675614681078514,nan,0.3383702104695089,0.16058201926733454,0.7717717717717718,0.4734042553191489,0.24446842957366433,0.0,0.6481381543443065,0.0,0.10739341608202914,31.956242129879474,48.0,13.916666666666666,0.45064734529041467,0.20602209288514078,0.22146335669319397,0.2509506661422887,0.7288068727093402,0.0,19.639202912676332,1.0,0.0,35.499483177463915,68.31361179607467,0.0,0.06301369863013699,0.21350837138508372,1400,nan,0.008847033069437859,7.876691007222358e-06,0.999110471905382,0.39999007066276804,18.512237421237245,0.13736789452988762,0.5401832189407855,0.45915573609966764
lazy_defer,46,cct_region,2014,0.5,pvgis,365,0.32494362877726723,88.072440650112,10.0,149.1953658034943,0.31,6276,0.16965460818838257,nan,0.17192479286169535,0.0988753707771639,0.6845045045045045,0.6790633608815427,0.17654557042702357,0.0,0.6983747609942639,0.0,0.12507966857871256,34.08201880178458,48.0,11.0,0.20872905773129866,0.1088997972468253,0.14310105645075233,0.2749553495008752,0.7296643764848558,0.0,22.297233232776282,1.0,0.0,45.60650368130288,72.83143674576172,0.0,0.20273972602739726,0.13788051750380517,5168,nan,0.011005224929960962,0.00012521007067115843,0.9887506579334907,0.7568155023695036,14.727563821151714,0.15677682173899077,0.6789989248349417,0.5771490861097005
lazy_defer,7,cct_region,2013,0.5,pvgis,365,0.2592832308673501,70.275903079136,10.0,186.97731973936163,0.28,1853,0.3711248366789406,nan,0.3416082029141932,0.16116641271563467,0.7753753753753754,0.4734042553191489,0.24123043712898004,0.0,0.6513761467889908,0.0,0.10739341608202914,32.111665767224316,48.0,13.916666666666666,0.45064734529041467,0.20602209288514078,0.22146335669319397,0.2536143323674654,0.7332354957940828,0.0,20.64649507784094,1.0,0.0,35.5822168786866,68.31658668973432,0.0,0.06301369863013699,0.21200532724505328,1406,nan,0.009541456763857778,1.2511600366553861e-05,0.998690428951659,0.41108620004052904,17.157707203932016,0.14337789028562287,0.5828284561067874,0.4954041876907692
lazy_defer,7,cct_region,2014,0.5,pvgis,365,0.2592832308673501,70.275903079136,10.0,186.97731973936163,0.29,1853,0.3800332581066636,nan,0.34970318402590395,0.1623469033031407,0.7843843843843844,0.5053191489361702,0.229897463572585,0.0,0.6627091203453859,0.0,0.10739341608202914,32.65564849793128,48.0,13.916666666666666,0.45064734529041467,0.20602209288514078,0.22146335669319397,0.2595056403727739,0.7367667807869818,0.0,22.297233232776282,1.0,0.0,36.390932382790126,68.32952513333262,0.0,0.06301369863013699,0.20137937595129377,1427,nan,0.010797155144548555,1.2274017937175679e-05,0.9988645082221573,0.4061507468027695,15.164925859164839,0.15406563859179,0.6594163461706972,0.5605038942450926
lazy_defer,46,cct_region,2015,0.5,pvgis,365,0.32494362877726723,88.072440650112,10.0,149.1953658034943,0.32,6276,0.16631095934265283,nan,0.16634799235181644,0.09716984542723828,0.66990990990991,0.6639118457300276,0.19646271510516253,0.0,0.6784576163161249,0.0,0.12507966857871256,33.127429891650735,48.0,11.0,0.20872905773129866,0.1088997972468253,0.14310105645075233,0.25966903670100555,0.7213329763945237,0.0,21.709066091403,1.0,0.0,43.41185730988292,72.72145979451821,0.0,0.20273972602739726,0.16890220700152206,5043,nan,0.010359008481674639,0.00010882898053366123,0.9896034896485006,0.7257538961300937,15.659795293994645,0.15117099497712505,0.638577951516064,0.5427912587886544
lazy_defer,78,cct_region,2012,0.5,pvgis,365,0.26856215194727723,72.79085383900801,10.0,180.51718460483815,0.27,2359,0.0796480350141333,-0.4961832061068699,0.08435777871979652,0.072119050916457,0.5622988505747126,0.31521739130434784,0.34463755828740994,0.0,0.5260703688003391,0.0,0.12929207291225095,25.71750035325703,48.0,11.166666666666666,0.11817269991793561,0.24591957691255584,0.19581471687790647,0.25289525642413585,0.7233444775000466,0.0,20.729461989872192,1.0,0.0,34.77900081047541,68.52594175415058,0.0,0.1232876712328767,0.2235064687975647,1546,nan,0.009487129417557286,1.6683360539528116e-05,0.9982445613219593,0.4244666341294252,17.248255585040788,0.14294810464580998,0.5797687743375559,0.4928034581869225
lazy_defer,7,cct_region,2015,0.5,pvgis,365,0.2592832308673501,70.275903079136,10.0,186.97731973936163,0.29,1853,0.3586530466801284,nan,0.3302752293577982,0.16007232277271333,0.7537537537537538,0.44148936170212766,0.2638963842417701,0.0,0.6287101996762008,0.0,0.10739341608202914,31.023700305810397,48.0,13.916666666666666,0.45064734529041467,0.20602209288514078,0.22146335669319397,0.24913671049520503,0.730118882069287,0.0,21.709066091403,1.0,0.0,34.63975171205602,68.2932361183272,0.0,0.06301369863013699,0.22721651445966515,1364,nan,0.010237962458051903,9.559053106328298e-06,0.999067183894572,0.4010092727571999,15.996472088445781,0.1492987726529843,0.6251378394379208,0.5313671635222327
lazy_defer,78,cct_region,2011,0.5,pvgis,365,0.26856215194727723,72.79085383900801,10.0,180.51718460483815,0.3,2359,0.07919212182000546,-0.502055196711685,0.08393387028401865,0.07175412658265788,0.5622988505747126,0.31521739130434784,0.34463755828740994,0.0,0.5120813904196694,0.0,0.14328105129292074,25.138123498657624,48.0,11.166666666666666,0.11817269991793561,0.24591957691255584,0.19581471687790647,0.25360458862412344,0.7232816574778834,0.0,19.639202912676332,1.0,0.0,36.76989662333198,68.56881709235725,0.0,0.12876712328767123,0.19934360730593606,1546,nan,0.008879374118362182,1.5076105361189834e-05,0.9983049986247629,0.41970224816760865,18.429940885134197,0.13770897502368062,0.5425953377889625,0.46120603712061814
lazy_defer,78,cct_region,2013,0.5,pvgis,365,0.26856215194727723,72.79085383900801,10.0,180.51718460483815,0.28,2359,0.07919212182000546,-0.502055196711685,0.08393387028401865,0.07169379680501081,0.5622988505747126,0.31521739130434784,0.34463755828740994,0.0,0.5222551928783383,0.0,0.1331072488342518,25.550374452451607,48.0,11.166666666666666,0.11817269991793561,0.24591957691255584,0.19581471687790647,0.2566843522839036,0.7278687668787659,0.0,20.64649507784094,1.0,0.0,36.85559110023469,68.54337665500125,0.0,0.12602739726027398,0.1973744292237443,1546,nan,0.009582007419713658,2.357415758531548e-05,0.9975457855002733,0.44213601557979176,17.065514514643766,0.14381993931898185,0.5859770586711047,0.498080499870439
lazy_defer,78,cct_region,2014,0.5,pvgis,365,0.26856215194727723,72.79085383900801,10.0,180.51718460483815,0.28,2359,0.08375125376128384,-0.44333529066353466,0.08817295464179738,0.07514942066766869,0.5802298850574713,0.34782608695652173,0.32301822806273844,0.0,0.5337007206443408,0.0,0.14328105129292074,26.175851349441857,48.0,11.166666666666666,0.11817269991793561,0.24591957691255584,0.19581471687790647,0.2627788992913491,0.7315264253152951,0.0,22.297233232776282,1.0,0.0,37.69324795667156,68.59410368846436,0.0,0.12876712328767123,0.1865962709284627,1597,nan,0.010843059504561678,1.9736565462196437e-05,0.9981831044847964,0.4244318156309622,15.09042338384155,0.15451697460241354,0.6626719307761604,0.5632711411597363
lazy_defer,78,cct_region,2015,0.5,pvgis,365,0.26856215194727723,72.79085383900801,10.0,180.51718460483815,0.28,2359,0.07691255584936628,-0.53141514973576,0.08181432810512929,0.07055126132429226,0.5549425287356322,0.29891304347826086,0.3535396354387452,0.0,0.5031793132683341,0.0,0.14328105129292074,24.71082379539353,48.0,11.166666666666666,0.11817269991793561,0.24591957691255584,0.19581471687790647,0.2514350846786524,0.7246406194744018,0.0,21.709066091403,1.0,0.0,35.879398106808,68.55082601717992,0.0,0.12876712328767123,0.21351788432267885,1525,nan,0.010262464065406582,2.078782076446259e-05,0.997978477917825,0.4273502269431726,15.9408904540631,0.1496026870361774,0.6273175283913419,0.5332198991326407
lazy_defer,0,cct_region,2011,1.0,pvgis,365,0.6324456329947064,85.70875921763201,10.0,153.30988477659398,0.29,1861,0.788631134969325,1.0,0.8742611499193982,0.5208823463821562,0.9922992299229924,0.18604651162790697,0.0,0.0,0.0,0.0,1.0,2.470759448325273,11.416666666666666,11.416666666666666,0.543424079754601,0.5286618098159508,0.788631134969325,0.7317447996206246,0.7769142916512453,0.0,19.639202912676332,1.0,0.0,86.59060994439086,80.56940676343527,0.0,2.5561643835616437,0.0,1861,nan,0.014922204853974734,0.00015772540378160776,0.9895407073450833,1.321688318112905,10.870354771347579,0.189430880520141,0.9199331770070939,0.7819432004560298
lazy_defer,0,cct_region,2012,1.0,pvgis,365,0.6324456329947064,85.70875921763201,10.0,153.30988477659398,0.26,1861,0.7687883435582822,0.919077404222049,0.8635142396560989,0.5103594709376857,0.9933993399339934,0.18604651162790697,0.0,0.0,0.2229983879634605,0.0,0.7770016120365395,12.463550062690308,48.0,10.979166666666666,0.543424079754601,0.5286618098159508,0.788631134969325,0.7019687849311897,0.7620447236123337,0.0,20.729461989872192,1.0,0.0,81.90218548301715,78.30160446398324,0.0,2.1123287671232878,0.0,1861,nan,0.01551436912439838,0.00016480989131343815,0.9894886147324241,1.2981026209998356,10.45489637338313,0.1942736815463022,0.9564896334562205,0.8130161884377873
lazy_defer,0,cct_region,2013,1.0,pvgis,365,0.6324456329947064,85.70875921763201,10.0,153.30988477659398,0.3,1861,0.788631134969325,1.0,0.8742611499193982,0.5208823463821562,0.9922992299229924,0.18604651162790697,0.0,0.0,0.0,0.0,1.0,2.470759448325273,11.416666666666666,11.416666666666666,0.543424079754601,0.5286618098159508,0.788631134969325,0.7398298262447777,0.7780993007251681,0.0,20.64649507784094,1.0,0.0,86.79241461900928,80.56940676343527,0.0,2.5561643835616437,0.0,1861,nan,0.016214645421668176,0.00017730143940382167,0.989183625294389,1.3141257450697603,10.00028814260505,0.19999622141638085,0.9999711865697326,0.8499755085842728
lazy_defer,0,cct_region,2014,1.0,pvgis,365,0.6324456329947064,85.70875921763201,10.0,153.30988477659398,0.28,1861,0.788631134969325,1.0,0.8742611499193982,0.5208823463821562,0.9922992299229924,0.18604651162790697,0.0,0.0,0.0,0.0,1.0,2.470759448325273,11.416666666666666,11.416666666666666,0.543424079754601,0.5286618098159508,0.788631134969325,0.7734105673130212,0.8267281793181086,0.0,22.297233232776282,1.0,0.0,88.76503964066944,80.56940676343527,0.0,2.5561643835616437,0.0,1861,nan,0.018686211280404506,0.0002015060800132914,0.9893313693672916,1.3391777053690008,8.678877849608204,0.21971538377183264,1.1522226920674354,0.97938928825732
lazy_defer,0,cct_region,2015,1.0,pvgis,365,0.6324456329947064,85.70875921763201,10.0,153.30988477659398,0.28,1861,0.7745398773006135,0.9425332290852233,0.8667383127350886,0.5141778117601163,0.9933993399339934,0.18604651162790697,0.0,0.0,0.13003761418592155,0.0,0.8699623858140785,8.256895934085618,48.0,11.333333333333334,0.543424079754601,0.5286618098159508,0.788631134969325,0.7071851893118916,0.7578220482716437,0.0,21.709066091403,1.0,0.0,84.49354640107268,79.32867182711564,0.0,2.315068493150685,0.0,1861,nan,0.016589815785313107,0.00017990247121872838,0.9892721828437006,1.293521637647531,9.775011680064546,0.20301270561075524,1.0230166804193495,0.869564178356447
lazy_defer,100,cct_region,2011,1.0,pvgis,365,0.6105281741575894,82.73851465568,10.0,158.8135834282582,0.3,4890,0.4285925831905396,0.91171808316059,0.42719836400817995,0.2797905028928196,0.9573157782968783,0.6132596685082873,0.0,0.0,0.0967280163599182,0.0,0.9032719836400818,7.665303340149967,48.0,10.666666666666666,0.11224640900340586,0.169427344460663,0.4592244716633877,0.658943025347561,0.7677162703861655,0.0,19.639202912676332,1.0,0.0,83.58980476821888,79.64000724539001,0.0,1.2219178082191782,0.0,4890,nan,0.013716722604153412,0.00016693137515238362,0.9879764091354335,1.3751618703518096,11.806992026258122,0.1796760008967696,0.8469557680534154,0.7199124028454031
lazy_defer,100,cct_region,2013,1.0,pvgis,365,0.6105281741575894,82.73851465568,10.0,158.8135834282582,0.3,4890,0.426900213661653,0.9068406291915619,0.4255623721881391,0.2803169832196061,0.9573157782968783,0.6132596685082873,0.0,0.0,0.09243353783231084,0.0,0.9075664621676892,7.486673483299251,48.0,10.666666666666666,0.11224640900340586,0.169427344460663,0.4592244716633877,0.6666335492300831,0.7781406923281758,0.0,20.64649507784094,1.0,0.0,83.78461588415563,79.6764781543921,0.0,1.2273972602739727,0.0,4890,nan,0.014891518500874253,0.0001816273864193193,0.9879502668004807,1.3800588614166867,10.875247480167754,0.18937588663715177,0.9195193045708737,0.7815914088852426
lazy_defer,100,cct_region,2012,1.0,pvgis,365,0.6105281741575894,82.73851465568,10.0,158.8135834282582,0.32,4890,0.3594592879355207,0.7124740885257894,0.36073619631901843,0.2349657062483732,0.9267360373752389,0.6022099447513812,0.0,0.0,0.281799591002045,0.0,0.718200408997955,15.75550443081118,48.0,10.166666666666666,0.11224640900340586,0.169427344460663,0.4592244716633877,0.6361107277618292,0.7676540246792039,0.0,20.729461989872192,1.0,0.0,79.06385806743447,78.1591118060552,0.0,1.0054794520547945,0.0,4890,nan,0.014345270420526454,0.0001592336160352305,0.9890217813974302,1.3446397623896251,11.301606136672072,0.18475320721082034,0.8848299860275125,0.7521054881233856
lazy_defer,105,cct_region,2011,1.0,pvgis,365,0.529264676669618,71.725720549728,10.0,183.19788075032216,0.3,2169,0.29113984674329507,0.68920521945433,0.30059935454126324,0.20407667087613016,0.8508898508898509,0.45555555555555555,0.0,0.0,0.38589211618257263,0.0,0.6141078838174274,21.325687720915937,48.0,10.0,0.096360153256705,0.25373563218390804,0.3789750957854406,0.6215910821339975,0.7628931324266252,0.0,19.639202912676332,1.0,0.0,72.46370088419438,71.16147359433843,0.0,0.4273972602739726,0.0,2169,nan,0.013139580952998046,0.0001480546659306563,0.9888577117723075,1.175937095276897,12.336595955075305,0.1747721166907199,0.8105963781594043,0.6890069214354936
lazy_defer,100,cct_region,2014,1.0,pvgis,365,0.6105281741575894,82.73851465568,10.0,158.8135834282582,0.31,4890,0.45188381883184187,0.9788440434093402,0.4498977505112474,0.2959083447052023,0.9573157782968783,0.6077348066298343,0.0,0.0,0.027607361963190184,0.0,0.9723926380368099,4.722034764826176,11.583333333333334,10.833333333333334,0.11224640900340586,0.169427344460663,0.4592244716633877,0.6977541782360589,0.784997841791162,0.0,22.297233232776282,1.0,0.0,85.68887941281247,80.40145129955393,0.0,1.347945205479452,0.0,4890,nan,0.01714754714584156,0.00021682536334090296,0.9875132047975679,1.4009167703957068,9.44026003486769,0.2077379611043143,1.0592928545468987,0.9003989263648638
lazy_defer,100,cct_region,2015,1.0,pvgis,365,0.6105281741575894,82.73851465568,10.0,158.8135834282582,0.31,4890,0.3651287258572909,0.7288135593220337,0.36584867075664623,0.2411095847445804,0.9301337863665322,0.6132596685082873,0.0,0.0,0.22719836400817997,0.0,0.7728016359918201,13.528050443081119,48.0,10.916666666666666,0.11224640900340586,0.169427344460663,0.4592244716633877,0.6395479305358669,0.7703905422555525,0.0,21.709066091403,1.0,0.0,81.56541514577572,78.630031408485,0.0,1.0767123287671232,0.0,4890,nan,0.01535196215876242,0.00018869054099743387,0.9878582615130219,1.3367318597198448,10.54808925956652,0.19315676506770796,0.9480390006114677,0.8058331505197475
lazy_defer,105,cct_region,2012,1.0,pvgis,365,0.529264676669618,71.725720549728,10.0,183.19788075032216,0.29,2169,0.2988505747126437,0.7164887307236063,0.30428769017980634,0.20159270347533206,0.8561808561808562,0.5555555555555556,0.0,0.0,0.3651452282157676,0.0,0.6348547717842323,20.644882434301522,48.0,10.833333333333334,0.096360153256705,0.25373563218390804,0.3789750957854406,0.5954377587805554,0.7625053897949133,0.0,20.729461989872192,1.0,0.0,68.5401739797723,71.16022704596003,0.0,0.42191780821917807,0.0,2169,nan,0.013724807474809872,0.00015188526850626875,0.9890546493090419,1.1594850185367551,11.812914997915929,0.17961889419525978,0.8465311061464703,0.7195514402244998
lazy_defer,105,cct_region,2013,1.0,pvgis,365,0.529264676669618,71.725720549728,10.0,183.19788075032216,0.29,2169,0.31623563218390804,0.7780037281816642,0.318118948824343,0.21138263579795033,0.8874458874458875,0.6333333333333333,0.0,0.0,0.2789303826648225,0.0,0.7210696173351775,16.43453204241586,48.0,10.5,0.096360153256705,0.25373563218390804,0.3789750957854406,0.6184717347801735,0.7717437696536164,0.0,20.64649507784094,1.0,0.0,72.63258193940429,71.75266098000994,0.0,0.5287671232876713,0.0,2169,nan,0.014082552711282937,0.0001586170512233123,0.9888620770717225,1.180318477350271,11.510584773770859,0.18260355333093448,0.8687655924125571,0.7384507535506736
lazy_defer,105,cct_region,2014,1.0,pvgis,365,0.529264676669618,71.725720549728,10.0,183.19788075032216,0.29,2169,0.341044061302682,0.86578546009151,0.34117104656523745,0.22620879617874648,0.9211159211159211,0.6555555555555556,0.0,0.0,0.06639004149377593,0.0,0.9336099585062241,6.743238051329338,48.0,10.5,0.096360153256705,0.25373563218390804,0.3789750957854406,0.6353589125785902,0.7773590304911846,0.0,22.297233232776282,1.0,0.0,74.28338113827697,72.4534346440494,0.0,0.6273972602739726,0.0,2169,nan,0.015959014286046482,0.00019930545997244584,0.9876654588406972,1.1879218015196522,10.14487857683209,0.19812501064608712,0.9857190427923948,0.8378611863735355
lazy_defer,105,cct_region,2015,1.0,pvgis,365,0.529264676669618,71.725720549728,10.0,183.19788075032216,0.27,2169,0.294683908045977,0.701745466870022,0.301521438450899,0.20219365394903369,0.8566618566618567,0.5222222222222223,0.0,0.0,0.359612724757953,0.0,0.640387275242047,19.990394959274628,48.0,9.833333333333334,0.096360153256705,0.25373563218390804,0.3789750957854406,0.597281615460719,0.764944612101532,0.0,21.709066091403,1.0,0.0,70.70876480699424,71.34347358042793,0.0,0.4602739726027397,0.0,2169,nan,0.014691999817930903,0.00017516535870688762,0.98821797184428,1.1588508867054512,11.025921208340394,0.18770443629236988,0.9069536967519457,0.7709106422391538
lazy_defer,130,cct_region,2011,1.0,pvgis,365,0.5053064365483766,68.47891018896,10.0,191.883894818735,0.29,1455,0.21984091913389306,0.2876106194690265,0.21443298969072164,0.1666622163527113,0.9985152190051967,0.8611111111111112,0.0,0.0,0.44329896907216493,0.0,0.5567010309278351,23.207731958762885,48.0,12.583333333333334,0.15760789512446605,0.3132272794225954,0.3739873324495508,0.6160612815181712,0.7652443593744237,0.0,19.639202912676332,1.0,0.0,69.18348434531293,69.72550015740269,0.0,0.3232876712328767,0.0,1455,nan,0.01309226530365168,0.00017574792058429447,0.9867540137612114,1.1288197790415133,12.354840853607136,0.17461017118745492,0.8093993373520781,0.6879894367492665
lazy_defer,130,cct_region,2012,1.0,pvgis,365,0.5053064365483766,68.47891018896,10.0,191.883894818735,0.3,1455,0.22205037560760055,0.2978216473791695,0.21649484536082475,0.16839082564177213,0.9985152190051967,0.8611111111111112,0.0,0.0,0.4247422680412371,0.0,0.5752577319587628,22.188659793814434,48.0,10.749999999999943,0.15760789512446605,0.3132272794225954,0.3739873324495508,0.589030840626111,0.765463277071908,0.0,20.729461989872192,1.0,0.0,65.43756385190234,69.82833117574484,0.0,0.3424657534246575,0.0,1455,nan,0.01366682242907655,0.00017094927682791806,0.9876461846270397,1.1176957597611061,11.846140788624602,0.17929953107213314,0.8441567746352144,0.7175332584399323
lazy_defer,130,cct_region,2014,1.0,pvgis,365,0.5053064365483766,68.47891018896,10.0,191.883894818735,0.28,1455,0.2464280453675063,0.4104833219877468,0.23986254295532647,0.18171984599348495,0.9992576095025983,0.8518518518518519,0.0,0.0,0.2872852233676976,0.0,0.7127147766323024,16.067926689576176,48.0,10.083333333333334,0.15760789512446605,0.3132272794225954,0.3739873324495508,0.642298544644899,0.7798468870941756,0.0,22.297233232776282,1.0,0.0,70.92079307831544,70.40244008354085,0.0,0.4438356164383562,0.0,1455,nan,0.016146261247981627,0.0002138366965178648,0.9869293755304344,1.1435566370703594,10.019756139913827,0.19974138829627264,0.9980282813635425,0.8483240391590111
lazy_defer,130,cct_region,2013,1.0,pvgis,365,0.5053064365483766,68.47891018896,10.0,191.883894818735,0.29,1455,0.22205037560760055,0.2978216473791695,0.21649484536082475,0.16848034580822568,1.0,0.8611111111111112,0.0,0.0,0.4144329896907217,0.0,0.5855670103092784,21.66202749140894,48.0,10.25,0.15760789512446605,0.3132272794225954,0.3739873324495508,0.620215057357009,0.7738675153328765,0.0,20.64649507784094,1.0,0.0,69.34472065669041,69.89949460698777,0.0,0.3561643835616438,0.0,1455,nan,0.014159091601366284,0.00017561526988234895,0.9877489458654656,1.1330255699194143,11.435475681597364,0.18336776506796704,0.8744717122780109,0.7433009554363094
lazy_defer,130,cct_region,2015,1.0,pvgis,365,0.5053064365483766,68.47891018896,10.0,191.883894818735,0.3,1455,0.22646928855501547,0.3182437031994554,0.22061855670103092,0.1687337359812258,0.9985152190051967,0.8611111111111112,0.0,0.0,0.4756013745704467,0.0,0.5243986254295533,24.406357388316145,48.0,10.533333333333323,0.15760789512446605,0.3132272794225954,0.3739873324495508,0.597804745882011,0.7678794417985846,0.0,21.709066091403,1.0,0.0,67.50798901257977,69.59936351143962,0.0,0.3013698630136986,0.0,1455,nan,0.014733707967275784,0.00017752773096727854,0.9880943649097979,1.1096608066397111,10.993333828684968,0.18806234035897063,0.9096421664106064,0.7731958414490154
lazy_defer,28,cct_region,2011,1.0,pvgis,365,0.515310481749955,69.834654076896,10.0,188.158732561793,0.3,1333,0.25571725571725573,0.7623833452979183,0.2678169542385596,0.1756805433709267,0.82996632996633,0.6206896551724138,0.0,0.0,0.43210802700675166,0.0,0.5678919729932483,23.18867216804201,48.0,11.333333333333334,0.1674012474012474,0.18985446985446985,0.28324324324324324,0.6237352095463826,0.7631783844344827,0.0,19.639202912676332,1.0,0.0,70.55317737618083,70.13188231874176,0.0,0.4301369863013699,0.0,1333,nan,0.0131790893554971,0.0001653224618335134,0.9876111091221865,1.144184523151251,12.284107690389115,0.17524051712252786,0.814059942491699,0.6919509511179442
lazy_defer,28,cct_region,2012,1.0,pvgis,365,0.515310481749955,69.834654076896,10.0,188.158732561793,0.29,1333,0.2686070686070686,0.8736539842067482,0.2760690172543136,0.18329344032928505,0.8409090909090909,0.6551724137931034,0.0,0.0,0.30007501875468867,0.0,0.6999249812453113,18.280070017504375,48.0,16.583333333333332,0.1674012474012474,0.18985446985446985,0.28324324324324324,0.5923966977877887,0.7632917171213938,0.0,20.729461989872192,1.0,0.0,66.73309523505122,70.45318236812531,0.0,0.4794520547945205,0.0,1333,nan,0.013685441964946988,0.0001735860539663072,0.9874748753138087,1.1374934450867373,11.827971745585943,0.17947396327054743,0.8454534906825323,0.7186354670801525
lazy_defer,28,cct_region,2013,1.0,pvgis,365,0.515310481749955,69.834654076896,10.0,188.158732561793,0.29,1333,0.2686902286902287,0.8743718592964824,0.2768192048012003,0.18580274095756008,0.8417508417508418,0.6482758620689655,0.0,0.0,0.2670667666916729,0.0,0.732933233308327,15.613653413353338,48.0,9.916666666666666,0.1674012474012474,0.18985446985446985,0.28324324324324324,0.6207333626303637,0.7720906926727634,0.0,20.64649507784094,1.0,0.0,70.71760584034051,70.74192843310524,0.0,0.536986301369863,0.0,1333,nan,0.014134899448755818,0.00018134614214123745,0.9873328421903753,1.1574162614703658,11.450222112229,0.18321699034682237,0.8733455038675502,0.7423436782874177
lazy_defer,28,cct_region,2014,1.0,pvgis,365,0.515310481749955,69.834654076896,10.0,188.158732561793,0.29,1333,0.27484407484407486,0.9274946159368271,0.28507126781695424,0.18818396666367512,0.835016835016835,0.6206896551724138,0.0,0.0,0.13353338334583645,0.0,0.8664666166541636,9.526006501625407,48.0,9.916666666666666,0.1674012474012474,0.18985446985446985,0.28324324324324324,0.6404692016035605,0.7778511603337731,0.0,22.297233232776282,1.0,0.0,72.32488130749718,71.48113799262529,0.0,0.6767123287671233,0.0,1333,nan,0.01607934192576204,0.00023255209718026196,0.9857434031355782,1.1635329963098526,10.049365916578099,0.19935553926446192,0.9950876585659338,0.8458245097810437
lazy_defer,40,cct_region,2012,1.0,pvgis,365,0.4926895242489614,66.769071679648,10.0,196.7977039286174,0.28,1079,0.24854190115624683,1.0036231884057971,0.25764596848934196,0.19584743901176915,0.953416149068323,0.6548672566371682,0.0,0.0,0.34661723818350326,0.0,0.6533827618164968,18.86600247142416,48.0,9.599999999999966,0.16351171595211297,0.1324056072853781,0.24823493297861457,0.5842784172112727,0.7681710042367484,0.0,20.729461989872192,1.0,0.0,63.80366421300925,68.98956104831102,0.0,0.21643835616438356,0.0,1079,nan,0.013590005401964757,0.00018780697582731093,0.9863688827603698,1.0942301550413043,11.897693721915791,0.17880729680017615,0.8404990272677636,0.7144241731775991
lazy_defer,40,cct_region,2011,1.0,pvgis,365,0.4926895242489614,66.769071679648,10.0,196.7977039286174,0.29,1079,0.24751867389747265,0.9915458937198067,0.2567191844300278,0.2009807043111892,0.953416149068323,0.6548672566371682,0.0,0.0,0.43002780352177944,0.0,0.5699721964782206,22.645350633302442,48.0,11.099999999999985,0.16351171595211297,0.1324056072853781,0.24823493297861457,0.6120579087809677,0.7681432987449627,0.0,19.639202912676332,1.0,0.0,67.45605344117615,68.81521203980479,0.0,0.18904109589041096,0.0,1079,nan,0.013031803237538999,0.00019023085545637357,0.9856125877366212,1.1049746182011422,12.397804352647402,0.17423057650659846,0.8065944352368023,0.685605269951282
lazy_defer,28,cct_region,2015,1.0,pvgis,365,0.515310481749955,69.834654076896,10.0,188.158732561793,0.3,1333,0.2566320166320166,0.7702799712849964,0.2693173293323331,0.1748092690857291,0.8282828282828283,0.6137931034482759,0.0,0.0,0.45386346586646664,0.0,0.5461365341335334,23.926606651662915,48.0,10.416666666666666,0.1674012474012474,0.18985446985446985,0.28324324324324324,0.6045221366236757,0.7658200746177487,0.0,21.709066091403,1.0,0.0,68.84451062540988,70.02798389553242,0.0,0.410958904109589,0.0,1333,nan,0.014824002188456073,0.00017812073956315205,0.9881269644024527,1.1294793183623482,10.926733010754884,0.1887999528434493,0.9151866335671672,0.7779086385320921
lazy_defer,40,cct_region,2013,1.0,pvgis,365,0.4926895242489614,66.769071679648,10.0,196.7977039286174,0.29,1079,0.249565128415021,1.0157004830917873,0.25857275254865614,0.19544083889790656,0.953416149068323,0.6548672566371682,0.0,0.0,0.3262279888785913,0.0,0.6737720111214087,17.72343219029966,48.0,9.0,0.16351171595211297,0.1324056072853781,0.24823493297861457,0.6142186048269777,0.7765681229307907,0.0,20.64649507784094,1.0,0.0,67.6132638699357,69.07709197553677,0.0,0.2328767123287671,0.0,1079,nan,0.014062187980250324,0.0001980857626221273,0.9861092594578603,1.1113679548208055,11.495164453692393,0.1827596937154149,0.869931007971606,0.7394413567758652
lazy_defer,40,cct_region,2014,1.0,pvgis,365,0.4926895242489614,66.769071679648,10.0,196.7977039286174,0.29,1079,0.2479279648009823,0.9963768115942028,0.26042632066728455,0.20723453568051645,0.9554865424430642,0.6194690265486725,0.0,0.0,0.2567191844300278,0.0,0.7432808155699722,14.556765523632993,48.0,8.63749999999996,0.16351171595211297,0.1324056072853781,0.24823493297861457,0.6377686258262749,0.7821906514463105,0.0,22.297233232776282,1.0,0.0,69.14998360162295,69.33185650017137,0.0,0.27945205479452057,0.0,1079,nan,0.016056532522040416,0.00023496672051152222,0.9855773420841583,1.1138600400223881,10.06194638003819,0.19919223292875055,0.993843499289453,0.8447669743960351
lazy_defer,40,cct_region,2015,1.0,pvgis,365,0.4926895242489614,66.769071679648,10.0,196.7977039286174,0.26,1079,0.24649544663869843,0.979468599033816,0.2557924003707136,0.20066119054140466,0.953416149068323,0.6548672566371682,0.0,0.0,0.432808155699722,0.0,0.567191844300278,22.96045721346926,48.0,13.083333333333334,0.16351171595211297,0.1324056072853781,0.24823493297861457,0.5928467480053737,0.7706185816643281,0.0,21.709066091403,1.0,0.0,65.82239327249897,68.78834777460885,0.0,0.18356164383561643,0.0,1079,nan,0.014666004387239313,0.00020067667645203789,0.9865015819205171,1.0874081762852044,11.02628025224404,0.18770050385434955,0.906924164018489,0.7708855394157156
lazy_defer,46,cct_region,2011,1.0,pvgis,365,0.6498872575545345,88.072440650112,10.0,149.1953658034943,0.31,6276,0.14450610038060682,nan,0.14308476736775017,0.12081614201137726,0.9448648648648649,0.8691460055096418,0.0,0.0,0.06580624601657106,0.0,0.934193753983429,6.528083173996176,48.0,10.75,0.20872905773129866,0.1088997972468253,0.14310105645075233,0.6627900942244859,0.7705389789714477,0.0,19.639202912676332,1.0,0.0,88.97861111044423,83.96294139991389,0.0,1.7835616438356163,0.0,6276,nan,0.013667499827129745,0.00017619268803092177,0.9872727100924866,1.451798971449495,11.841074312324677,0.17934812176474368,0.844517966548997,0.7178402715666475
lazy_defer,46,cct_region,2012,1.0,pvgis,365,0.6498872575545345,88.072440650112,10.0,149.1953658034943,0.32,6276,0.14370575890157578,nan,0.14451880178457616,0.12255098608964529,0.9248648648648649,0.8484848484848485,0.0,0.0,0.17845761631612492,0.0,0.8215423836838751,11.188004567665178,48.0,9.916666666666666,0.20872905773129866,0.1088997972468253,0.14310105645075233,0.6359721898331862,0.7696835303072435,0.0,20.729461989872192,1.0,0.0,84.16088899095479,82.688771674032,0.0,1.5890410958904109,0.0,6276,nan,0.014255331161616727,0.00017324128196608539,0.9879931793222457,1.415086296483857,11.361081802787536,0.18413394212416612,0.8801978696735039,0.7481681892224783
lazy_defer,46,cct_region,2014,1.0,pvgis,365,0.6498872575545345,88.072440650112,10.0,149.1953658034943,0.32,6276,0.1423896418027247,nan,0.14133205863607393,0.11907780993456435,0.9524324324324325,0.8677685950413223,0.0,0.0,0.0014340344168260039,0.0,0.998565965583174,3.4486137667304013,10.25,10.25,0.20872905773129866,0.1088997972468253,0.14310105645075233,0.7029885995060436,0.7875198991199404,0.0,22.297233232776282,1.0,0.0,91.21300736260577,84.94908349891287,0.0,1.9506849315068493,0.0,6276,nan,0.01713403756140593,0.00023079162198361657,0.9867092489337943,1.4852616601325646,9.440011767336777,0.20774157915246083,1.0593207134127554,0.9004226064008422
lazy_defer,46,cct_region,2013,1.0,pvgis,365,0.6498872575545345,88.072440650112,10.0,149.1953658034943,0.33,6276,0.14450610038060682,nan,0.14308476736775017,0.12101573884299838,0.9434234234234234,0.8691460055096418,0.0,0.0,0.06676226896112174,0.0,0.9332377310388783,6.2114005736137665,48.0,9.916666666666666,0.20872905773129866,0.1088997972468253,0.14310105645075233,0.6699488062145437,0.7798933515970704,0.0,20.64649507784094,1.0,0.0,89.18598116679111,84.07342339583897,0.0,1.8082191780821917,0.0,6276,nan,0.014858757918862795,0.0001884668772501903,0.9874749743023128,1.4518871943597662,10.893981717567975,0.1891657367644023,0.9179380192894658,0.780247316396046
lazy_defer,7,cct_region,2012,1.0,pvgis,365,0.5185664617347002,70.275903079136,10.0,186.97731973936163,0.29,1853,0.2880389594963773,nan,0.27145169994603346,0.15265279549560382,0.9921921921921922,0.8936170212765957,0.0,0.0,0.3378305450620615,0.0,0.6621694549379384,19.46766504767044,48.0,10.833333333333334,0.45064734529041467,0.20602209288514078,0.22146335669319397,0.5919152547217219,0.7684886903957305,0.0,20.729461989872192,1.0,0.0,67.1547470936892,70.69696763237981,0.0,0.40273972602739727,0.0,1853,nan,0.013680036144682233,0.00017098345514617047,0.9876555329437056,1.144610085074501,11.83481047352075,0.1794082494465924,0.8449649466186245,0.7182202046258308
lazy_defer,7,cct_region,2011,1.0,pvgis,365,0.5185664617347002,70.275903079136,10.0,186.97731973936163,0.3,1853,0.30935978144672766,nan,0.29033998920669185,0.17266964680744615,0.993993993993994,0.898936170212766,0.0,0.0,0.3729087965461414,0.0,0.6270912034538586,21.944414463032917,48.0,26.75,0.45064734529041467,0.20602209288514078,0.22146335669319397,0.6221812105274633,0.7684810669825497,0.0,19.639202912676332,1.0,0.0,70.99896635492783,70.44754013208231,0.0,0.3561643835616438,0.0,1853,nan,0.013158451041115495,0.00016368717357358086,0.9877131455224585,1.1541024358383516,12.304645784882078,0.1750567928609379,0.8127011679024806,0.6907959927171085
lazy_defer,7,cct_region,2013,1.0,pvgis,365,0.5185664617347002,70.275903079136,10.0,186.97731973936163,0.3,1853,0.2779427485449579,nan,0.26227738801942796,0.15291108948249169,0.9921921921921922,0.8936170212765957,0.0,0.0,0.32164058283864005,0.0,0.67835941716136,18.82843137254902,48.0,11.166666666666666,0.45064734529041467,0.20602209288514078,0.22146335669319397,0.6234837830757957,0.7771997470991392,0.0,20.64649507784094,1.0,0.0,71.1644337573732,70.80139975802314,0.0,0.42191780821917807,0.0,1853,nan,0.014179514114243147,0.0001676645783666406,0.9883137596625179,1.1618358768142623,11.42553496691496,0.18346960765558273,0.8752325408794515,0.7439476597475336
lazy_defer,7,cct_region,2014,1.0,pvgis,365,0.5185664617347002,70.275903079136,10.0,186.97731973936163,0.28,1853,0.22217603040741185,nan,0.2169454937938478,0.17089406259328083,0.996996996996997,0.8351063829787234,0.0,0.0,0.1705342687533729,0.0,0.829465731246627,11.723646339269651,48.0,10.833333333333334,0.45064734529041467,0.20602209288514078,0.22146335669319397,0.6405129326698404,0.7833927335654344,0.0,22.297233232776282,1.0,0.0,72.78186476558025,71.8097838078874,0.0,0.6082191780821918,0.0,1853,nan,0.016083260005881377,0.00022885790210785243,0.9859700681788375,1.162854638628929,10.049227988273968,0.19935733178572335,0.9951013164064534,0.8458361189454854
lazy_defer,46,cct_region,2015,1.0,pvgis,365,0.6498872575545345,88.072440650112,10.0,149.1953658034943,0.32,6276,0.14824102728275174,nan,0.1478648820905035,0.11773712554782295,0.9261261261261261,0.8553719008264463,0.0,0.0,0.20905035054174634,0.0,0.7909496494582536,13.499455598045465,48.0,13.333333333333334,0.20872905773129866,0.1088997972468253,0.14310105645075233,0.656108053735437,0.7727807430237227,0.0,21.709066091403,1.0,0.0,86.82371461976584,82.21998501727958,0.0,1.5095890410958903,0.0,6276,nan,0.015568625978596998,0.00017821284669445567,0.9886826271182618,1.4164376283280218,10.409974576338902,0.1948186500818072,0.9606171395201345,0.8165245685921143
lazy_defer,78,cct_region,2013,1.0,pvgis,365,0.5371243038945545,72.79085383900801,10.0,180.51718460483815,0.28,2359,0.1348591228230145,0.21491485613623015,0.13988978380669775,0.11783522488276123,0.9356321839080459,0.7934782608695652,0.0,0.0,0.3391267486222976,0.0,0.6608732513777024,18.785678960011307,48.0,11.508333333333326,0.11817269991793561,0.24591957691255584,0.19581471687790647,0.631329376872555,0.7739069674613499,0.0,20.64649507784094,1.0,0.0,73.71118220046938,72.60714480216551,0.0,0.7232876712328767,0.0,2359,nan,0.014302651528308006,0.00017197748118388717,0.9881186950580142,1.1856615519693556,11.324932177639601,0.18450961557595247,0.8830074955984637,0.7505563712586941
lazy_defer,7,cct_region,2015,1.0,pvgis,365,0.5185664617347002,70.275903079136,10.0,186.97731973936163,0.3,1853,0.3443995723957715,nan,0.32218024824608743,0.16941025191106518,0.9903903903903903,0.898936170212766,0.0,0.0,0.4355099838100378,0.0,0.5644900161899622,23.857753193020326,48.0,11.541666666666666,0.45064734529041467,0.20602209288514078,0.22146335669319397,0.60491217441371,0.7712733541481139,0.0,21.709066091403,1.0,0.0,69.27950342411204,70.18352538661411,0.0,0.31232876712328766,0.0,1853,nan,0.014827726374234958,0.0001744250544398702,0.9883733306339998,1.1360173414273294,10.926712252461922,0.1888001840407738,0.9151883722157027,0.7779101163833473
lazy_defer,78,cct_region,2011,1.0,pvgis,365,0.5371243038945545,72.79085383900801,10.0,180.51718460483815,0.29,2359,0.13262514817178808,0.18614210217263652,0.13819415006358626,0.11193726871880262,0.9319540229885057,0.7880434782608695,0.0,0.0,0.32047477744807124,0.0,0.6795252225519288,18.442737035467005,48.0,14.75,0.11817269991793561,0.24591957691255584,0.19581471687790647,0.6260217603798572,0.764759286879331,0.0,19.639202912676332,1.0,0.0,73.53979324666396,72.52957507766773,0.0,0.7013698630136986,0.0,2359,nan,0.013208796406397508,0.00016228521723808524,0.9878629701167018,1.174289837258285,12.259605949845323,0.17546044972596064,0.815686902247145,0.6933338669100731
lazy_defer,78,cct_region,2012,1.0,pvgis,365,0.5371243038945545,72.79085383900801,10.0,180.51718460483815,0.3,2359,0.1264247287316495,0.10628302994715239,0.13395506570580754,0.11564428809275579,0.9204597701149425,0.7663043478260869,0.0,0.0,0.3798219584569733,0.0,0.6201780415430267,20.129044792991383,48.0,10.916666666666666,0.11817269991793561,0.24591957691255584,0.19581471687790647,0.5997847650469191,0.7648569623314037,0.0,20.729461989872192,1.0,0.0,69.55800162095082,72.30327778958089,0.0,0.6684931506849315,0.0,2359,nan,0.01379287217557378,0.0001701333553627077,0.987815420184017,1.170224039821942,11.739893067133671,0.18032668278541286,0.8517965149099547,0.7240270376734615
lazy_defer,78,cct_region,2014,1.0,pvgis,365,0.5371243038945545,72.79085383900801,10.0,180.51718460483815,0.3,2359,0.17584571897510715,0.7428068115091015,0.17380245866892752,0.12410263788720317,0.9797701149425287,0.8532608695652174,0.0,0.0,0.18228062738448494,0.0,0.8177193726155151,10.992546276670904,48.0,10.916666666666666,0.11817269991793561,0.24591957691255584,0.19581471687790647,0.648890184047696,0.7797876014232996,0.0,22.297233232776282,1.0,0.0,75.38649591334313,73.89093049211748,0.0,0.958904109589041,0.0,2359,nan,0.01624837055006771,0.00021940600894772852,0.9866766464700656,1.1926004824862102,9.954239495631759,0.2006026319286912,1.0045970869385172,0.8539075238977397
lazy_defer,78,cct_region,2015,1.0,pvgis,365,0.5371243038945545,72.79085383900801,10.0,180.51718460483815,0.28,2359,0.13143977386705571,0.1708749266001176,0.13861805849936415,0.12243614786968116,0.9085057471264368,0.7663043478260869,0.0,0.0,0.49512505298855447,0.0,0.5048749470114455,25.248869577504593,48.0,11.0,0.11817269991793561,0.24591957691255584,0.19581471687790647,0.6159470983856408,0.7672893449313082,0.0,21.709066091403,1.0,0.0,71.758796213616,71.57705809603159,0.0,0.5424657534246575,0.0,2359,nan,0.014988713092185094,0.00016852671483543093,0.9888814377168215,1.1633277622563918,10.814910492678491,0.19005728574675862,0.9246493539423954,0.7859519508510362
lazy_defer,0,cct_region,2012,2.0,pvgis,365,1.2648912659894127,85.70875921763201,10.0,153.30988477659398,0.27,1861,0.788631134969325,1.0,0.8742611499193982,0.5208823463821562,0.9922992299229924,0.18604651162790697,0.0,0.0,0.0,0.0,1.0,2.36687264911338,11.333333333333334,11.333333333333334,0.543424079754601,0.5286618098159508,0.788631134969325,0.9794940803219612,0.9999976851851852,0.9178367579908676,20.729461989872192,1.0,0.0,163.8043709660343,81.55466992133465,59.002460551275554,2.76986301369863,0.0,1861,nan,0.020577960837570537,0.00014972324924244332,0.99277665326163,1.4433471573879524,7.908466336250246,0.2339410856592805,1.2644676698138975,1.074797519341813
lazy_defer,0,cct_region,2011,2.0,pvgis,365,1.2648912659894127,85.70875921763201,10.0,153.30988477659398,0.3,1861,0.788631134969325,1.0,0.8742611499193982,0.5208823463821562,0.9922992299229924,0.18604651162790697,0.0,0.0,0.0,0.0,1.0,2.355409278165861,11.333333333333334,11.333333333333334,0.543424079754601,0.5286618098159508,0.788631134969325,0.9841759495289262,0.9999976851851852,0.9294044901065449,19.639202912676332,1.0,0.0,173.18121988878173,81.65572255291328,66.96407120481341,2.791780821917808,0.0,1861,nan,0.01939209433919693,0.0001374050473438735,0.9929642309500997,1.4018551143188653,8.393670958199904,0.22470707517262734,1.191373839860955,1.0126677638818116
lazy_defer,0,cct_region,2015,2.0,pvgis,365,1.2648912659894127,85.70875921763201,10.0,153.30988477659398,0.26,1861,0.788631134969325,1.0,0.8742611499193982,0.5208823463821562,0.9922992299229924,0.18604651162790697,0.0,0.0,0.0,0.0,1.0,2.3475729894322046,11.333333333333334,11.333333333333334,0.543424079754601,0.5286618098159508,0.788631134969325,0.9830696314243752,0.9999976851851852,0.9086853120243531,21.709066091403,1.0,0.0,168.98709280214536,81.66835413186067,62.96697284268545,2.7945205479452055,0.0,1861,nan,0.022151615195922982,0.0001634563916190047,0.992675067566879,1.4051830217442702,7.345895852761039,0.2460054020596928,1.3613043528573012,1.1571086999287061
lazy_defer,0,cct_region,2014,2.0,pvgis,365,1.2648912659894127,85.70875921763201,10.0,153.30988477659398,0.29,1861,0.788631134969325,1.0,0.8742611499193982,0.5208823463821562,0.9922992299229924,0.18604651162790697,0.0,0.0,0.0,0.0,1.0,2.364544151889665,11.333333333333334,11.333333333333334,0.543424079754601,0.5286618098159508,0.788631134969325,0.9858061092360001,0.9999976851851852,0.9396404109589042,22.297233232776282,1.0,0.0,177.53007928133889,81.50414360554477,71.53569351642447,2.758904109589041,0.0,1861,nan,0.023203250690673142,0.00016336292366488862,0.9930087035134331,1.3941277879670506,7.015316576656386,0.25389243174603227,1.4254524212457085,1.2116345580588523
lazy_defer,0,cct_region,2013,2.0,pvgis,365,1.2648912659894127,85.70875921763201,10.0,153.30988477659398,0.29,1861,0.788631134969325,1.0,0.8742611499193982,0.5208823463821562,0.9922992299229924,0.18604651162790697,0.0,0.0,0.0,0.0,1.0,2.3723356618305567,11.333333333333334,11.333333333333334,0.543424079754601,0.5286618098159508,0.788631134969325,0.982953838927645,0.9999976851851852,0.9144596651445966,20.64649507784094,1.0,0.0,173.58482923801856,81.64309097396601,67.35999223547866,2.789041095890411,0.0,1861,nan,0.020915397529212787,0.00014710801975891143,0.9930156448188524,1.4021101874165793,7.782748896984547,0.23650172613839027,1.2848930541591204,1.0921590960352523
lazy_defer,100,cct_region,2011,2.0,pvgis,365,1.2210563483151788,82.73851465568,10.0,158.8135834282582,0.3,4890,0.4581667407078336,0.9969515912693575,0.4554192229038855,0.30497477096458686,0.9611382459120833,0.6243093922651933,0.0,0.0,0.001226993865030675,0.0,0.9987730061349693,3.634935241990457,10.666666666666666,10.666666666666666,0.11224640900340586,0.169427344460663,0.4592244716633877,0.9844607892689416,0.9999976851851852,0.9297469558599696,19.639202912676332,1.0,0.0,167.17960953643777,80.89977259771149,62.026580751083635,1.441095890410959,0.0,4890,nan,0.019395216371465854,0.00014292569733915093,0.9926847856446214,1.5399556125849392,8.389958024244029,0.2247740783812905,1.1919010763943652,1.0131159149352105
lazy_defer,100,cct_region,2013,2.0,pvgis,365,1.2210563483151788,82.73851465568,10.0,158.8135834282582,0.3,4890,0.4581667407078336,0.9969515912693575,0.4554192229038855,0.30497477096458686,0.9611382459120833,0.6243093922651933,0.0,0.0,0.001226993865030675,0.0,0.9987730061349693,3.6463019768234486,10.75,10.75,0.11224640900340586,0.169427344460663,0.4592244716633877,0.9822315282369006,0.9999976851851852,0.9155631659056317,20.64649507784094,1.0,0.0,167.56923176831125,80.89977259771166,62.3965872732623,1.441095890410959,0.0,4890,nan,0.020905809498908256,0.00015210607885992033,0.9927767742111899,1.542768394797255,7.7844452943886235,0.2364666809832029,1.2846130484349922,1.0919210911697432
lazy_defer,100,cct_region,2012,2.0,pvgis,365,1.2210563483151788,82.73851465568,10.0,158.8135834282582,0.3,4890,0.4581667407078336,0.9969515912693575,0.4554192229038855,0.30497477096458686,0.9611382459120833,0.6243093922651933,0.0,0.0,0.001226993865030675,0.0,0.9987730061349693,3.650085207907294,10.75,10.75,0.11224640900340586,0.169427344460663,0.4592244716633877,0.979011222443204,0.9999976851851852,0.9164098173515982,20.729461989872192,1.0,0.0,158.12771613486893,80.87450943981676,53.54768600486296,1.4356164383561645,0.0,4890,nan,0.020566324650390724,0.00015382731550890266,0.9925759562110323,1.5852086478001337,7.911341195700208,0.23388338300248857,1.2640081817524154,1.0744069544895531
lazy_defer,105,cct_region,2012,2.0,pvgis,365,1.058529353339236,71.725720549728,10.0,183.19788075032216,0.29,2169,0.3789750957854406,1.0,0.3785154449054864,0.24216132546237878,0.9206349206349206,0.6333333333333333,0.0,0.0,0.0,0.0,1.0,3.789726448440141,10.583333333333334,10.583333333333334,0.096360153256705,0.25373563218390804,0.3789750957854406,0.9751728142290488,0.9999976851851852,0.905146499238965,20.729461989872192,1.0,0.0,137.0803479595446,72.93449832081684,41.50991092542347,0.7150684931506849,0.0,2169,nan,0.020519269243660043,0.00014722081075917842,0.9928763515056734,1.4185477282567096,7.931883517585398,0.23347215985635694,1.2607346007829643,1.0716244106655197
lazy_defer,105,cct_region,2011,2.0,pvgis,365,1.058529353339236,71.725720549728,10.0,183.19788075032216,0.3,2169,0.3789750957854406,1.0,0.3785154449054864,0.24216132546237878,0.9206349206349206,0.6333333333333333,0.0,0.0,0.0,0.0,1.0,3.798908867373597,10.583333333333334,10.583333333333334,0.096360153256705,0.25373563218390804,0.3789750957854406,0.9812700350556671,0.9999976851851852,0.9139269406392694,19.639202912676332,1.0,0.0,144.92740176838876,72.93449832081686,48.84451684127006,0.7150684931506849,0.0,2169,nan,0.01935384318906649,0.0001361067456029972,0.9930165677151954,1.3745337998122205,8.41070358715471,0.22440039042823823,1.1889611726743705,1.010616996773215
lazy_defer,105,cct_region,2014,2.0,pvgis,365,1.058529353339236,71.725720549728,10.0,183.19788075032216,0.27,2169,0.3789750957854406,1.0,0.3785154449054864,0.24216132546237878,0.9206349206349206,0.6333333333333333,0.0,0.0,0.0,0.0,1.0,3.794528968802827,10.583333333333334,10.583333333333334,0.096360153256705,0.25373563218390804,0.3789750957854406,0.9822327136717964,0.9999976851851852,0.9220509893455099,22.297233232776282,1.0,0.0,148.56676227655393,72.97239305765933,52.48765345436796,0.7232876712328767,0.0,2169,nan,0.023145037933419817,0.00016063243615018307,0.9931075813910112,1.3676092904429842,7.033661303432176,0.25343759100119956,1.4217346512150588,1.2084744535328
lazy_defer,100,cct_region,2014,2.0,pvgis,365,1.2210563483151788,82.73851465568,10.0,158.8135834282582,0.31,4890,0.4581667407078336,0.9969515912693575,0.4554192229038855,0.30497477096458686,0.9611382459120833,0.6243093922651933,0.0,0.0,0.001226993865030675,0.0,0.9987730061349693,3.6330606680299926,10.666666666666666,10.666666666666666,0.11224640900340586,0.169427344460663,0.4592244716633877,0.9856531619038486,0.9999976851851852,0.9457857686453577,22.297233232776282,1.0,0.0,171.37775882562494,80.93766733455394,66.19374817747726,1.4493150684931506,0.0,4890,nan,0.023200703740661712,0.00016884380728244536,0.9927750502256815,1.5386074983319178,7.014435837608287,0.2539143217255949,1.4256314023694456,1.2117866920140288
lazy_defer,105,cct_region,2013,2.0,pvgis,365,1.058529353339236,71.725720549728,10.0,183.19788075032216,0.29,2169,0.3789750957854406,1.0,0.3785154449054864,0.24216132546237878,0.9206349206349206,0.6333333333333333,0.0,0.0,0.0,0.0,1.0,3.783156600583986,10.583333333333334,10.583333333333334,0.096360153256705,0.25373563218390804,0.3789750957854406,0.9786704583870787,0.9999976851851852,0.8861967275494673,20.64649507784094,1.0,0.0,145.26516387880858,72.9976562155541,49.10206492852491,0.7287671232876712,0.0,2169,nan,0.020861593610849726,0.00014509695834624077,0.9930928216480225,1.3802832930221758,7.803427735988429,0.23607546078231745,1.2814881278237837,1.0892649086502162
lazy_defer,100,cct_region,2015,2.0,pvgis,365,1.2210563483151788,82.73851465568,10.0,158.8135834282582,0.31,4890,0.4581667407078336,0.9969515912693575,0.4554192229038855,0.30497477096458686,0.9611382459120833,0.6243093922651933,0.0,0.0,0.001226993865030675,0.0,0.9987730061349693,3.6390252215405594,10.666666666666666,10.666666666666666,0.11224640900340586,0.169427344460663,0.4592244716633877,0.9828893871196325,0.9999976851851852,0.9064022070015221,21.709066091403,1.0,0.0,163.13083029155143,80.8745094398165,58.205459171356,1.4356164383561645,0.0,4890,nan,0.022143688285964566,0.00017087000715106573,0.9923426668407871,1.5435375751788996,7.346064827981086,0.2460015318375136,1.361273039942433,1.1570820839510683
lazy_defer,105,cct_region,2015,2.0,pvgis,365,1.058529353339236,71.725720549728,10.0,183.19788075032216,0.29,2169,0.3789750957854406,1.0,0.3785154449054864,0.24216132546237878,0.9206349206349206,0.6333333333333333,0.0,0.0,0.0,0.0,1.0,3.812740126018134,10.583333333333334,10.583333333333334,0.096360153256705,0.25373563218390804,0.3789750957854406,0.9790048341164607,0.9999976851851852,0.8952435312024353,21.709066091403,1.0,0.0,141.41752961398848,72.93449832081677,45.51008280012306,0.7150684931506849,0.0,2169,nan,0.02207995627730408,0.00016067128432950705,0.9927757755987663,1.383835148378103,7.370484100537227,0.2454438891453664,1.3567629837599284,1.153248536195939
lazy_defer,130,cct_region,2011,2.0,pvgis,365,1.0106128730967532,68.47891018896,10.0,191.883894818735,0.28,1455,0.3739873324495508,1.0,0.36013745704467354,0.2493610504295977,0.9992576095025983,0.8333333333333334,0.0,0.0,0.0,0.0,1.0,3.3647766323024055,10.083333333333334,10.083333333333334,0.15760789512446605,0.3132272794225954,0.3739873324495508,0.9795658212630447,0.9999976851851852,0.9104166666666667,19.639202912676332,1.0,0.0,138.36696869062587,71.43394875345848,44.112752421252885,0.6191780821917808,0.0,1455,nan,0.01933293875695621,0.00013412909533275195,0.9931099487426412,1.3595932558508348,8.420589740211748,0.22422289678019425,1.1875652785037045,1.0094304867281487
lazy_defer,130,cct_region,2012,2.0,pvgis,365,1.0106128730967532,68.47891018896,10.0,191.883894818735,0.28,1455,0.3739873324495508,1.0,0.36013745704467354,0.2493610504295977,0.9992576095025983,0.8333333333333334,0.0,0.0,0.0,0.0,1.0,3.3646048109965636,10.083333333333334,10.083333333333334,0.15760789512446605,0.3132272794225954,0.3739873324495508,0.9728220984029577,0.9999976851851852,0.8782534246575342,20.729461989872192,1.0,0.0,130.87512770380468,71.42131717451103,37.29109007329631,0.6164383561643836,0.0,1455,nan,0.020483318515620814,0.00014794367253316977,0.9928291506751286,1.3988466007664009,7.945427203339602,0.23320208088517458,1.2585855667769288,1.0697977317603895
lazy_defer,130,cct_region,2013,2.0,pvgis,365,1.0106128730967532,68.47891018896,10.0,191.883894818735,0.29,1455,0.3739873324495508,1.0,0.36013745704467354,0.2493610504295977,0.9992576095025983,0.8333333333333334,0.0,0.0,0.0,0.0,1.0,3.361340206185567,10.083333333333334,10.083333333333334,0.15760789512446605,0.3132272794225954,0.3739873324495508,0.9765620095972973,0.9999976851851852,0.8781963470319635,20.64649507784094,1.0,0.0,138.68944131338083,71.43394875345845,44.41894099586113,0.6191780821917808,0.0,1455,nan,0.020833906556887587,0.00014398756264078858,0.9931362241691004,1.3626183536280418,7.8141395363604635,0.2358554459601564,1.279731434723986,1.0877717195153882
lazy_defer,130,cct_region,2014,2.0,pvgis,365,1.0106128730967532,68.47891018896,10.0,191.883894818735,0.29,1455,0.3739873324495508,1.0,0.36013745704467354,0.2493610504295977,0.9992576095025983,0.8333333333333334,0.0,0.0,0.0,0.0,1.0,3.3599656357388317,10.083333333333334,10.083333333333334,0.15760789512446605,0.3132272794225954,0.3739873324495508,0.9800497936545851,0.9999976851851852,0.9071917808219178,22.297233232776282,1.0,0.0,141.84158615663088,71.43394875345845,47.617182061079134,0.6191780821917808,0.0,1455,nan,0.023111610805290235,0.00015931756856556073,0.9931537940383783,1.3520074517442349,7.0441621062765325,0.2531781752605665,1.419615257163054,1.206672968588596
lazy_defer,130,cct_region,2015,2.0,pvgis,365,1.0106128730967532,68.47891018896,10.0,191.883894818735,0.29,1455,0.3739873324495508,1.0,0.36013745704467354,0.2493610504295977,0.9992576095025983,0.8333333333333334,0.0,0.0,0.0,0.0,1.0,3.363745704467354,10.083333333333334,10.083333333333334,0.15760789512446605,0.3132272794225954,0.3739873324495508,0.9771310071919875,0.9999976851851852,0.8896499238964992,21.709066091403,1.0,0.0,135.01597802515954,71.42131717451102,40.94188988561089,0.6164383561643836,0.0,1455,nan,0.022050131336876805,0.0001599185926040436,0.9927997193562463,1.3618218908334647,7.380631396573453,0.2452131284746224,1.354897631744978,1.151662986983231
lazy_defer,28,cct_region,2012,2.0,pvgis,365,1.03062096349991,69.834654076896,10.0,188.158732561793,0.28,1333,0.28324324324324324,1.0,0.2933233308327082,0.18911709792811218,0.8400673400673401,0.6137931034482759,0.0,0.0,0.0,0.0,1.0,3.591397849462366,10.333333333333334,10.333333333333334,0.1674012474012474,0.18985446985446985,0.28324324324324324,0.9744660204073371,0.9999976851851852,0.9017028158295282,20.729461989872192,1.0,0.0,133.46619047010245,72.14455807845718,38.854718260243644,0.8,0.0,1333,nan,0.020505812076070433,0.00014880791849134934,0.9927954172707835,1.4155788523097523,7.936441913341929,0.23338116714255852,1.2600104819250337,1.0710089096362785
lazy_defer,40,cct_region,2011,2.0,pvgis,365,0.9853790484979228,66.769071679648,10.0,196.7977039286174,0.27,1079,0.24823493297861457,1.0,0.2632066728452271,0.2090106918990431,0.9409937888198758,0.5929203539823009,0.0,0.0,0.0,0.0,1.0,3.4625424776027187,10.25,10.25,0.16351171595211297,0.1324056072853781,0.24823493297861457,0.9802588078546204,0.9999976851851852,0.9109684170471841,19.639202912676332,1.0,0.0,134.9121068823523,69.79548154799045,42.469152220954726,0.34794520547945207,0.0,1079,nan,0.019341046604628476,0.00013371352420672532,0.9931340091830584,1.3324289830974507,8.417263716962392,0.22428256940526636,1.1880345366687386,1.0098293561684277
lazy_defer,28,cct_region,2013,2.0,pvgis,365,1.03062096349991,69.834654076896,10.0,188.158732561793,0.28,1333,0.28324324324324324,1.0,0.2933233308327082,0.18911709792811218,0.8400673400673401,0.6137931034482759,0.0,0.0,0.0,0.0,1.0,3.5810827706926736,10.333333333333334,10.333333333333334,0.1674012474012474,0.18985446985446985,0.28324324324324324,0.9782603310501823,0.9999976851851852,0.8834855403348554,20.64649507784094,1.0,0.0,141.43521168068102,72.14455807845715,46.31676965811141,0.8,0.0,1333,nan,0.02085665978116859,0.000143993672596797,0.993143371804415,1.372917491284546,7.805671008756111,0.23602934038392176,1.2811198407904167,1.0889518646718543
lazy_defer,28,cct_region,2014,2.0,pvgis,365,1.03062096349991,69.834654076896,10.0,188.158732561793,0.28,1333,0.28324324324324324,1.0,0.2933233308327082,0.18911709792811218,0.8400673400673401,0.6137931034482759,0.0,0.0,0.0,0.0,1.0,3.5760190047511884,10.333333333333334,10.333333333333334,0.1674012474012474,0.18985446985446985,0.28324324324324324,0.9817774760846987,0.9999976851851852,0.9153729071537291,22.297233232776282,1.0,0.0,144.64976261499436,72.14455807845705,49.55063452387114,0.8,0.0,1333,nan,0.023138391857516614,0.00015907429637548615,0.9931720344468057,1.3617533635966104,7.036138211176455,0.25337633889840183,1.4212341628132943,1.2080490383913003
lazy_defer,28,cct_region,2011,2.0,pvgis,365,1.03062096349991,69.834654076896,10.0,188.158732561793,0.3,1333,0.28324324324324324,1.0,0.2933233308327082,0.18911709792811218,0.8400673400673401,0.6137931034482759,0.0,0.0,0.0,0.0,1.0,3.585396349087272,10.333333333333334,10.333333333333334,0.1674012474012474,0.18985446985446985,0.28324324324324324,0.980893705214781,0.9999976851851852,0.9118911719939117,19.639202912676332,1.0,0.0,141.10635475236165,72.13192649950967,46.017150748096604,0.7972602739726027,0.0,1333,nan,0.019348579399104934,0.00013470102543095157,0.9930863272254031,1.370889558155697,8.413582736434655,0.22434866000859155,1.1885543071556703,1.0102711610823198
lazy_defer,40,cct_region,2012,2.0,pvgis,365,0.9853790484979228,66.769071679648,10.0,196.7977039286174,0.29,1079,0.24823493297861457,1.0,0.2632066728452271,0.2090106918990431,0.9409937888198758,0.5929203539823009,0.0,0.0,0.0,0.0,1.0,3.468798270003089,10.25,10.25,0.16351171595211297,0.1324056072853781,0.24823493297861457,0.9735024585060751,0.9999976851851852,0.8931221461187214,20.729461989872192,1.0,0.0,127.6073284260185,69.79548154799046,35.63787055630969,0.34794520547945207,0.0,1079,nan,0.020488068443047354,0.00014616972165978757,0.9929161561239611,1.376768086170956,7.944281272732751,0.23322490027190912,1.2587671126805537,1.0699520457784706
lazy_defer,40,cct_region,2013,2.0,pvgis,365,0.9853790484979228,66.769071679648,10.0,196.7977039286174,0.28,1079,0.24823493297861457,1.0,0.2632066728452271,0.2090106918990431,0.9409937888198758,0.5929203539823009,0.0,0.0,0.0,0.0,1.0,3.4627741736175475,10.25,10.25,0.16351171595211297,0.1324056072853781,0.24823493297861457,0.9776787077620521,0.9999976851851852,0.8810312024353121,20.64649507784094,1.0,0.0,135.2265277398714,69.79548154799045,42.76769562401213,0.34794520547945207,0.0,1079,nan,0.02084808325709124,0.00014288256026559305,0.9931931402533442,1.3340022778968377,7.809273439597815,0.23595532609908432,1.2805288580745366,1.088449529363356
lazy_defer,40,cct_region,2014,2.0,pvgis,365,0.9853790484979228,66.769071679648,10.0,196.7977039286174,0.29,1079,0.24823493297861457,1.0,0.2632066728452271,0.2090106918990431,0.9409937888198758,0.5929203539823009,0.0,0.0,0.0,0.0,1.0,3.466017917825147,10.25,10.25,0.16351171595211297,0.1324056072853781,0.24823493297861457,0.9809631872845422,0.9999976851851852,0.9130707762557078,22.297233232776282,1.0,0.0,138.2999672032459,69.79548154799045,45.860232330731506,0.34794520547945207,0.0,1079,nan,0.02312520615792372,0.0001586925874291347,0.9931844495131724,1.327005394984801,7.040238132873146,0.25327503454401656,1.4204064992214922,1.2073455243382685
lazy_defer,28,cct_region,2015,2.0,pvgis,365,1.03062096349991,69.834654076896,10.0,188.158732561793,0.3,1333,0.28324324324324324,1.0,0.2933233308327082,0.18911709792811218,0.8400673400673401,0.6137931034482759,0.0,0.0,0.0,0.0,1.0,3.5872718179544885,10.333333333333334,10.333333333333334,0.1674012474012474,0.18985446985446985,0.28324324324324324,0.9786396967667521,0.9999976851851852,0.8939212328767123,21.709066091403,1.0,0.0,137.68902125081976,72.1319264995097,42.77062989029131,0.7972602739726027,0.0,1333,nan,0.022074202188267403,0.00016219552965395548,0.9927058540816063,1.3758214487428866,7.371886126001252,0.24541197192613617,1.3565049471842996,1.1530292051066546
lazy_defer,40,cct_region,2015,2.0,pvgis,365,0.9853790484979228,66.769071679648,10.0,196.7977039286174,0.29,1079,0.24823493297861457,1.0,0.2632066728452271,0.2090106918990431,0.9409937888198758,0.5929203539823009,0.0,0.0,0.0,0.0,1.0,3.467330861909175,10.25,10.25,0.16351171595211297,0.1324056072853781,0.24823493297861457,0.9779771642364179,0.9999976851851852,0.891695205479452,21.709066091403,1.0,0.0,131.64478654499794,69.79548154799046,39.365146240979506,0.34794520547945207,0.0,1079,nan,0.022063104936829676,0.00016040913311174155,0.9927820086145286,1.3362368956422028,7.376159832918021,0.24531474719798718,1.3557189955906885,1.1523611462520853
lazy_defer,46,cct_region,2011,2.0,pvgis,365,1.299774515109069,88.072440650112,10.0,149.1953658034943,0.35,6276,0.1429232027887454,nan,0.14181007010834926,0.11962327920219275,0.9531531531531532,0.8677685950413223,0.0,0.0,0.0004780114722753346,0.0,0.9995219885277247,3.391199277671553,10.25,10.25,0.20872905773129866,0.1088997972468253,0.14310105645075233,0.9856897965282712,0.9999976851851852,0.9380422374429224,19.639202912676332,1.0,0.0,177.95722222088847,85.44491729246563,67.73000133637633,2.0575342465753423,0.0,6276,nan,0.019411633248448856,0.00014579615064749403,0.9925452293513466,1.5903587511508872,8.381683936262323,0.22492358434705018,1.1930776769971283,1.0141160254475592
lazy_defer,46,cct_region,2012,2.0,pvgis,365,1.299774515109069,88.072440650112,10.0,149.1953658034943,0.35,6276,0.1423896418027247,nan,0.14133205863607393,0.11907780993456435,0.9524324324324325,0.8677685950413223,0.0,0.0,0.0014340344168260039,0.0,0.998565965583174,3.39479764181007,10.25,10.25,0.20872905773129866,0.1088997972468253,0.14310105645075233,0.981775270754553,0.9999976851851852,0.9232020547945206,20.729461989872192,1.0,0.0,168.32177798190958,85.42908349891637,58.6518842516002,2.0547945205479454,0.0,6276,nan,0.020603191410551946,0.0001577065573306043,0.9924036735995437,1.6319467677241997,7.895814144580055,0.2341954813063688,1.266493843052819,1.0765197665948962
lazy_defer,7,cct_region,2012,2.0,pvgis,365,1.0371329234694004,70.275903079136,10.0,186.97731973936163,0.29,1853,0.22146335669319397,nan,0.22018348623853212,0.19125236143559352,0.9975975975975976,0.7925531914893617,0.0,0.0,0.0,0.0,1.0,3.921838460154704,10.833333333333334,10.833333333333334,0.45064734529041467,0.20602209288514078,0.22146335669319397,0.9751441436178433,0.9999976851851852,0.904632800608828,20.729461989872192,1.0,0.0,134.3094941873784,72.82474956641047,39.04881191970862,0.7917808219178082,0.0,1853,nan,0.020515993561689757,0.00014695161127050243,0.9928881575186675,1.4077910547263446,7.933244291017296,0.2334449868714482,1.2605183495134347,1.0714405970864196
lazy_defer,46,cct_region,2013,2.0,pvgis,365,1.299774515109069,88.072440650112,10.0,149.1953658034943,0.33,6276,0.1429232027887454,nan,0.14181007010834926,0.11962327920219275,0.9531531531531532,0.8677685950413223,0.0,0.0,0.0004780114722753346,0.0,0.9995219885277247,3.3913851710218825,10.25,10.25,0.20872905773129866,0.1088997972468253,0.14310105645075233,0.9844215886566676,0.9999976851851852,0.9350837138508371,20.64649507784094,1.0,0.0,178.37196233358222,85.3943909766753,68.17356824967247,2.0465753424657533,0.0,6276,nan,0.020930808861717432,0.00015751377005752374,0.9925307587138207,1.5854100910742366,7.773220975953612,0.23669881367774825,1.2864679945333997,1.0934977953533895
lazy_defer,46,cct_region,2015,2.0,pvgis,365,1.299774515109069,88.072440650112,10.0,149.1953658034943,0.32,6276,0.1429232027887454,nan,0.14181007010834926,0.11962327920219275,0.9531531531531532,0.8677685950413223,0.0,0.0,0.0004780114722753346,0.0,0.9995219885277247,3.388291374548545,10.25,10.25,0.20872905773129866,0.1088997972468253,0.14310105645075233,0.9844119848298676,0.9999976851851852,0.926617199391172,21.709066091403,1.0,0.0,173.64742923953168,85.44491729246546,63.63537840558984,2.0575342465753423,0.0,6276,nan,0.022171390132427037,0.00017524883546518998,0.9921577094561295,1.5922161185404364,7.335518869952549,0.24624338083843944,1.3632300832817144,1.1587455707894572
lazy_defer,46,cct_region,2014,2.0,pvgis,365,1.299774515109069,88.072440650112,10.0,149.1953658034943,0.33,6276,0.1423896418027247,nan,0.14133205863607393,0.11907780993456435,0.9524324324324325,0.8677685950413223,0.0,0.0,0.0014340344168260039,0.0,0.998565965583174,3.3923943063522417,10.25,10.25,0.20872905773129866,0.1088997972468253,0.14310105645075233,0.9873662879310636,0.9999976851851852,0.9541476407914764,22.297233232776282,1.0,0.0,182.42601472521153,85.45434665681107,72.16585774609457,2.0602739726027397,0.0,6276,nan,0.023226517753192337,0.00016976543535436153,0.9927439143223626,1.580983505095352,7.006420229570354,0.25411376584860634,1.4272623782677702,1.2131730215276049
lazy_defer,78,cct_region,2011,2.0,pvgis,365,1.074248607789109,72.79085383900801,10.0,180.51718460483815,0.29,2359,0.19581471687790647,1.0,0.18779143704959728,0.1268631632207313,0.991264367816092,0.9184782608695652,0.0,0.0,0.001271725307333616,0.0,0.9987282746926663,3.02324431256182,11.916666666666666,11.916666666666666,0.11817269991793561,0.24591957691255584,0.19581471687790647,0.9814714201581015,0.9999976851851852,0.9139459665144597,19.639202912676332,1.0,0.0,147.07958649332792,75.16724248393716,48.6603299649292,1.1863013698630136,0.0,2359,nan,0.019355883244649427,0.00013657162290364218,0.9929936160513585,1.386845342690929,8.40962274597115,0.22441981843458292,1.1891139831202013,1.010746885652171
lazy_defer,7,cct_region,2014,2.0,pvgis,365,1.0371329234694004,70.275903079136,10.0,186.97731973936163,0.31,1853,0.22146335669319397,nan,0.22018348623853212,0.19125236143559352,0.9975975975975976,0.7925531914893617,0.0,0.0,0.0,0.0,1.0,3.9042993344126637,10.833333333333334,10.833333333333334,0.45064734529041467,0.20602209288514078,0.22146335669319397,0.9822591321728618,0.9999976851851852,0.9233162100456621,22.297233232776282,1.0,0.0,145.5637295311605,72.81211798746301,49.85025474456368,0.7890410958904109,0.0,1853,nan,0.02314593161680852,0.00015838333054842623,0.9932036907797459,1.3571358456798632,7.034070394228936,0.2534274718598952,1.4216519652979935,1.2084041705032946
lazy_defer,7,cct_region,2015,2.0,pvgis,365,1.0371329234694004,70.275903079136,10.0,186.97731973936163,0.31,1853,0.22146335669319397,nan,0.22018348623853212,0.19125236143559352,0.9975975975975976,0.7925531914893617,0.0,0.0,0.0,0.0,1.0,3.915272531030761,10.833333333333334,10.833333333333334,0.45064734529041467,0.20602209288514078,0.22146335669319397,0.9792624273702079,0.9999976851851852,0.894406392694064,21.709066091403,1.0,0.0,138.55900684822407,72.81211798746301,42.9169111366362,0.7890410958904109,0.0,1853,nan,0.022083243523792095,0.00015994822614413045,0.9928091153489881,1.3653612581592676,7.369634433397373,0.2454632371368377,1.3569194090119934,1.1533814976601944
lazy_defer,7,cct_region,2013,2.0,pvgis,365,1.0371329234694004,70.275903079136,10.0,186.97731973936163,0.32,1853,0.22146335669319397,nan,0.22018348623853212,0.19125236143559352,0.9975975975975976,0.7925531914893617,0.0,0.0,0.0,0.0,1.0,3.955027882712718,10.833333333333334,10.833333333333334,0.45064734529041467,0.20602209288514078,0.22146335669319397,0.9787123922706116,0.9999976851851852,0.884484398782344,20.64649507784094,1.0,0.0,142.3288675147464,72.79948640851568,46.510800094918054,0.7863013698630137,0.0,1853,nan,0.020861999875006986,0.0001431344884989227,0.9931857380190054,1.363964087278748,7.804005867907729,0.23606357245266618,1.2813931933499458,1.089184214347454
lazy_defer,7,cct_region,2011,2.0,pvgis,365,1.0371329234694004,70.275903079136,10.0,186.97731973936163,0.34,1853,0.22146335669319397,nan,0.22018348623853212,0.19125236143559352,0.9975975975975976,0.7925531914893617,0.0,0.0,0.0,0.0,1.0,3.938298255081849,10.833333333333334,10.833333333333334,0.45064734529041467,0.20602209288514078,0.22146335669319397,0.9813892327626852,0.9999976851851852,0.9136986301369863,19.639202912676332,1.0,0.0,141.99793270985566,72.79948640851559,46.19657665687458,0.7863013698630137,0.0,1853,nan,0.019355090220058407,0.0001347239738835219,0.9930874675077509,1.3624915194109157,8.410762165190029,0.22439933762297015,1.1889528919730266,1.0106099581770724
lazy_defer,78,cct_region,2013,2.0,pvgis,365,1.074248607789109,72.79085383900801,10.0,180.51718460483815,0.32,2359,0.19581471687790647,1.0,0.18779143704959728,0.1268631632207313,0.991264367816092,0.9184782608695652,0.0,0.0,0.001271725307333616,0.0,0.9987282746926663,3.00996184824078,11.75,11.75,0.11817269991793561,0.24591957691255584,0.19581471687790647,0.978797760157991,0.9999976851851852,0.8866152968036529,20.64649507784094,1.0,0.0,147.42236440093876,75.16724248393692,48.98580311954052,1.1863013698630136,0.0,2359,nan,0.02086307300458122,0.0001445524955471768,0.9931190464364337,1.3865972959389312,7.803080449429589,0.23608260291574845,1.2815451621713072,1.089313387845611
lazy_defer,78,cct_region,2015,2.0,pvgis,365,1.074248607789109,72.79085383900801,10.0,180.51718460483815,0.31,2359,0.19581471687790647,1.0,0.18779143704959728,0.1268631632207313,0.991264367816092,0.9184782608695652,0.0,0.0,0.001271725307333616,0.0,0.9987282746926663,2.9643210399886954,11.666666666666666,11.666666666666666,0.11817269991793561,0.24591957691255584,0.19581471687790647,0.979229112832626,0.9999976851851852,0.8950913242009132,21.709066091403,1.0,0.0,143.517592427232,75.11671616814694,45.32690559936396,1.1753424657534246,0.0,2359,nan,0.022083996968554422,0.0001617446369268267,0.9927291865654426,1.3938852036523286,7.368789709784286,0.2454824764890362,1.357074959911258,1.1535137159245692
lazy_defer,78,cct_region,2014,2.0,pvgis,365,1.074248607789109,72.79085383900801,10.0,180.51718460483815,0.34,2359,0.19581471687790647,1.0,0.18779143704959728,0.1268631632207313,0.991264367816092,0.9184782608695652,0.0,0.0,0.001271725307333616,0.0,0.9987282746926663,2.9728345344072347,11.75,11.75,0.11817269991793561,0.24591957691255584,0.19581471687790647,0.9824064636657324,0.9999976851851852,0.9232210806697108,22.297233232776282,1.0,0.0,150.77299182668625,75.15461090498964,52.350996818633156,1.1835616438356165,0.0,2359,nan,0.023148367771909706,0.00016170976125794875,0.9930626673794691,1.3801138802550212,7.032331471044849,0.2534704925029061,1.422003504979014,1.2087029792321622
lazy_defer,78,cct_region,2012,2.0,pvgis,365,1.074248607789109,72.79085383900801,10.0,180.51718460483815,0.36,2359,0.19581471687790647,1.0,0.18779143704959728,0.1268631632207313,0.991264367816092,0.9184782608695652,0.0,0.0,0.001271725307333616,0.0,0.9987282746926663,2.9837501766285146,11.666666666666666,11.666666666666666,0.11817269991793561,0.24591957691255584,0.19581471687790647,0.9746317038959721,0.9999976851851852,0.9049942922374429,20.729461989872192,1.0,0.0,139.11600324190164,75.12934774709476,41.29949657774371,1.178082191780822,0.0,2359,nan,0.020504806174124625,0.00014789083256806906,0.9928391515877978,1.4330064271725473,7.937180881309073,0.23336642501365445,1.2598931723414004,1.0709091964901902
ceiling_now,0,cct_region,2011,0.5,pvgis,365,0.3162228164973532,85.70875921763201,10.0,153.30988477659398,0.31,1861,0.2520130368098159,-1.1884284597341666,0.29661472326706073,0.20536362904439123,0.38228822882288227,0.046511627906976744,0.6217087587318646,0.0,0.05373455131649651,0.3245566899516389,0.0,0.0,0.0,0.0,0.543424079754601,0.5286618098159508,0.788631134969325,0.16750463475330007,0.656468377967113,0.0,19.639202912676332,0.31588850837138505,0.9773021308980213,43.29530497219543,74.22648118356044,3.159849295309952,1.5287671232876712,0.2386986301369863,0,nan,0.008063418786212122,7.08455880074589e-05,0.9912904738832937,0.6625773210091959,20.152306869755215,0.1311271537015497,0.49622110583320367,0.4217879399582231
ceiling_now,0,cct_region,2012,0.5,pvgis,365,0.3162228164973532,85.70875921763201,10.0,153.30988477659398,0.31,1861,0.25220475460122693,-1.1876465989053941,0.2982267598065556,0.20515748989359403,0.38778877887788776,0.06976744186046512,0.615260612573885,0.0,0.05588393336915637,0.32885545405695865,0.0,0.0,0.0,0.0,0.543424079754601,0.5286618098159508,0.788631134969325,0.16840647664582944,0.659844406622307,0.0,20.729461989872192,0.31588850837138505,0.9773021308980213,40.951092741508575,74.3406042144347,3.001708276390762,1.5506849315068494,0.26791286149162863,0,nan,0.008634302005623623,6.851927365975597e-05,0.9921267745871258,0.6330770406700837,18.8357529780835,0.13605467606141886,0.5309052423672993,0.45126945601220436
ceiling_now,0,cct_region,2013,0.5,pvgis,365,0.3162228164973532,85.70875921763201,10.0,153.30988477659398,0.29,1861,0.25373849693251527,-1.1813917122752144,0.2998387963460505,0.20625263543404024,0.3888888888888889,0.06976744186046512,0.614185921547555,0.0,0.054809242342826435,0.3310048361096185,0.0,0.0,0.0,0.0,0.543424079754601,0.5286618098159508,0.788631134969325,0.16904268811229303,0.6606235146609186,0.0,20.64649507784094,0.31588850837138505,0.9773021308980213,43.39620730950464,74.39366141480045,3.355737253371479,1.5616438356164384,0.24444444444444444,0,nan,0.008654800762555736,7.319431362725774e-05,0.9916138456783745,0.6534041654097364,18.78142579116568,0.13627218222239235,0.5324409398515288,0.45257479887379953
ceiling_now,0,cct_region,2014,0.5,pvgis,365,0.3162228164973532,85.70875921763201,10.0,153.30988477659398,0.29,1861,0.25977760736196315,-1.1567630961688813,0.30736163353036,0.20926212189563972,0.3987898789878988,0.06976744186046512,0.6045137023105857,0.0,0.05373455131649651,0.3417517463729178,0.0,0.0,0.0,0.0,0.543424079754601,0.5286618098159508,0.788631134969325,0.17373661266278767,0.6636040868342065,0.0,22.297233232776282,0.31588850837138505,0.9773021308980213,44.38251982033472,74.66695604677193,3.185901847384497,1.6164383561643836,0.23062214611872145,0,nan,0.009796957706357159,8.449783195377173e-05,0.9914488476291605,0.66270115620798,16.589073461237316,0.14617880691560436,0.6028064209472817,0.5123854578051894
ceiling_now,0,cct_region,2015,0.5,pvgis,365,0.3162228164973532,85.70875921763201,10.0,153.30988477659398,0.29,1861,0.2471242331288343,-1.2083659108678648,0.29124126813541107,0.2038090176114792,0.37403740374037403,0.046511627906976744,0.629768941429339,0.0,0.045137023105857065,0.32509403546480387,0.0,0.0,0.0,0.0,0.543424079754601,0.5286618098159508,0.788631134969325,0.1680387783216181,0.6600995289748097,0.0,21.709066091403,0.31588850837138505,0.9773021308980213,42.24677320053634,74.22564981538186,3.2968931068447693,1.5315068493150685,0.2583618721461187,0,nan,0.00934705830428657,6.99259268579528e-05,0.9925744882712355,0.6314584463907612,17.407291740687914,0.1422035517247895,0.574471902290575,0.4883011169469887
ceiling_now,100,cct_region,2012,0.5,pvgis,365,0.3052640870787947,82.73851465568,10.0,158.8135834282582,0.31,4890,0.16250978401133884,0.14486038288013653,0.16298568507157465,0.10892036450080483,0.42832873221490764,0.15469613259668508,0.5269938650306748,0.0,0.06196319018404908,0.4110429447852761,0.0,0.0,0.0,0.0,0.11224640900340586,0.169427344460663,0.4592244716633877,0.15790766644103882,0.7060357171186723,0.0,20.729461989872192,0.31588850837138505,0.9773021308980213,39.53192903371723,75.80464119590908,2.6930298464746136,1.2575342465753425,0.3056411719939117,0,nan,0.008545350429962302,6.38586737266383e-05,0.992582515657649,0.6079009144225417,19.04056340770616,0.13524535660992965,0.5251945431379813,0.4464153616672842
ceiling_now,100,cct_region,2013,0.5,pvgis,365,0.3052640870787947,82.73851465568,10.0,158.8135834282582,0.32,4890,0.1650483383046688,0.15217656383367884,0.165439672801636,0.10863610690506113,0.4372478233170525,0.15469613259668508,0.5177914110429448,0.0,0.06912065439672802,0.4130879345603272,0.0,0.0,0.0,0.0,0.11224640900340586,0.169427344460663,0.4592244716633877,0.15932661038526125,0.7066593404674806,0.0,20.64649507784094,0.31588850837138505,0.9773021308980213,41.892307942077814,75.92128559747317,2.908898523863094,1.2684931506849315,0.2826674277016743,0,nan,0.00855768248916163,6.678193316236789e-05,0.9922566863410663,0.6220127840767875,19.00688365119586,0.13537729882224914,0.5261251756739631,0.44720639932286865
ceiling_now,100,cct_region,2014,0.5,pvgis,365,0.3052640870787947,82.73851465568,10.0,158.8135834282582,0.31,4890,0.1649214105900023,0.15181075478600167,0.16605316973415132,0.1104381750189838,0.4559354427691654,0.16022099447513813,0.496319018404908,0.0,0.08650306748466258,0.4171779141104294,0.0,0.0,0.0,0.0,0.11224640900340586,0.169427344460663,0.4592244716633877,0.1621434958538468,0.7095456674768204,0.0,22.297233232776282,0.31588850837138505,0.9773021308980213,42.844439706406234,76.07800776460259,2.908534647655548,1.2794520547945205,0.26971080669710806,0,nan,0.009682887651119899,7.55361450796147e-05,0.9922593907933132,0.6250590294655466,16.79822430881018,0.14512763058165457,0.5953010161172387,0.506005863699653
ceiling_now,100,cct_region,2011,0.5,pvgis,365,0.3052640870787947,82.73851465568,10.0,158.8135834282582,0.32,4890,0.1629328763935605,0.14607974637239357,0.16339468302658486,0.11233291621036655,0.40794223826714804,0.15469613259668508,0.5486707566462168,0.0,0.040286298568507156,0.4110429447852761,0.0,0.0,0.0,0.0,0.11224640900340586,0.169427344460663,0.4592244716633877,0.15704636452301898,0.702711364074368,0.0,19.639202912676332,0.31588850837138505,0.9773021308980213,41.79490238410944,75.70167877695981,2.913385116036712,1.2575342465753425,0.27837709284627093,0,nan,0.007988740645233987,6.22981680778089e-05,0.992262095672076,0.6172869947278297,20.36062620365882,0.13040340718174226,0.49114402965675935,0.41747242520824546
ceiling_now,105,cct_region,2011,0.5,pvgis,365,0.264632338334809,71.725720549728,10.0,183.19788075032216,0.31,2169,0.28295019157088125,0.6602270801559059,0.2923005993545413,0.21727843688936316,0.7739297739297739,0.18888888888888888,0.08898109727985247,0.0,0.2664822498847395,0.6445366528354081,0.0,0.0,0.0,0.0,0.096360153256705,0.25373563218390804,0.3789750957854406,0.17948724283115589,0.708660038710198,0.0,19.639202912676332,0.31588850837138505,0.9773021308980213,36.23185044209719,73.05832968979708,2.4135432118336575,0.8931506849315068,0.30999809741248097,0,nan,0.008166516488478541,8.338597567568132e-06,0.9989799699835901,0.40302330025322547,20.052244364404356,0.1314799090307467,0.49869729384265093,0.42389269976625327
ceiling_now,100,cct_region,2015,0.5,pvgis,365,0.3052640870787947,82.73851465568,10.0,158.8135834282582,0.33,4890,0.16695225402466626,0.15766369954883552,0.167280163599182,0.12577903339206686,0.40539392652367806,0.15469613259668508,0.5513292433537832,0.0,0.033946830265848674,0.4147239263803681,0.0,0.0,0.0,0.0,0.11224640900340586,0.169427344460663,0.4592244716633877,0.15944271244965613,0.7062868065956741,0.0,21.709066091403,0.31588850837138505,0.9773021308980213,40.78270757288786,75.77076192680595,2.8272807961963227,1.2712328767123289,0.29626141552511415,0,nan,0.009277268075350656,6.528904166414836e-05,0.9930116518586497,0.6025684177659956,17.545966246269895,0.14156482042724305,0.5699315648761096,0.4844418301446932
ceiling_now,105,cct_region,2015,0.5,pvgis,365,0.264632338334809,71.725720549728,10.0,183.19788075032216,0.32,2169,0.2813697318007663,0.6546348076597188,0.28953434762563396,0.21006108029343137,0.7623857623857624,0.18888888888888888,0.10142923005993545,0.0,0.25541724296911017,0.6431535269709544,0.0,0.0,0.0,0.0,0.096360153256705,0.25373563218390804,0.3789750957854406,0.17899989166673183,0.7114902079495296,0.0,21.709066091403,0.31588850837138505,0.9773021308980213,35.35438240349712,73.03473747260641,2.7542207229896576,0.8904109589041096,0.3317256468797565,0,nan,0.009485189969631304,8.884735691351806e-06,0.9990641809794933,0.40099650103326123,17.26594712142824,0.14286463339475863,0.5791747148112891,0.49229850758959576
ceiling_now,105,cct_region,2013,0.5,pvgis,365,0.264632338334809,71.725720549728,10.0,183.19788075032216,0.34,2169,0.28405172413793106,0.6641247246229454,0.2946058091286307,0.21936505565593478,0.7748917748917749,0.18888888888888888,0.0875979714153988,0.0,0.2623328722913785,0.6500691562932227,0.0,0.0,0.0,0.0,0.096360153256705,0.25373563218390804,0.3789750957854406,0.18005262268793323,0.7120979602750456,0.0,20.64649507784094,0.31588850837138505,0.9773021308980213,36.316290969702145,73.1036380564419,2.6714940449087354,0.9013698630136986,0.315734398782344,0,nan,0.008748996369247516,9.635217870571089e-06,0.9988999174386165,0.40522226550646717,18.71573089911497,0.1365368115203066,0.5343098836964406,0.4541634011419745
ceiling_now,105,cct_region,2012,0.5,pvgis,365,0.264632338334809,71.725720549728,10.0,183.19788075032216,0.37,2169,0.2819923371647509,0.6568378240976105,0.2913785154449055,0.21760887569025872,0.7744107744107744,0.18888888888888888,0.08898109727985247,0.0,0.26187183033656064,0.6491470723835869,0.0,0.0,0.0,0.0,0.096360153256705,0.25373563218390804,0.3789750957854406,0.17880447224455046,0.7109425549739445,0.0,20.729461989872192,0.31588850837138505,0.9773021308980213,34.27008698988615,73.0993476465131,2.4362079020742167,0.9013698630136986,0.33668188736681887,0,nan,0.00872175701994468,8.162190645193853e-06,0.9990650325108058,0.4010161564459469,18.777286235380195,0.13628880478256788,0.532558319378334,0.45267457147158385
ceiling_now,105,cct_region,2014,0.5,pvgis,365,0.264632338334809,71.725720549728,10.0,183.19788075032216,0.37,2169,0.2879789272030651,0.6780206744619556,0.30336560627017056,0.22269849532809755,0.7936507936507936,0.05555555555555555,0.08621484555094514,0.0,0.23052097740894423,0.6832641770401107,0.0,0.0,0.0,0.0,0.096360153256705,0.25373563218390804,0.3789750957854406,0.18326289212096028,0.7148190564687742,0.0,22.297233232776282,0.31588850837138505,0.9773021308980213,37.14169056913848,73.32732551664641,2.560787552903892,0.9424657534246575,0.305146499238965,0,nan,0.009897339542833112,1.0210373084351965e-05,0.9989694351104961,0.40309400983132276,16.545381372808414,0.1464015885471731,0.6043982773606263,0.5137385357565324
ceiling_now,130,cct_region,2011,0.5,pvgis,365,0.2526532182741883,68.47891018896,10.0,191.883894818735,0.29,1455,0.1657092355280601,0.03744043567052421,0.16082474226804125,0.12446765658414644,0.5367483296213809,0.5740740740740741,0.43711340206185567,0.0,0.01443298969072165,0.5484536082474227,0.0,0.0,0.0,0.0,0.15760789512446605,0.3132272794225954,0.3739873324495508,0.2044980610521199,0.7191275597451369,0.0,19.639202912676332,0.31588850837138505,0.9773021308980213,34.59174217265647,69.38792242427473,2.4931164340352896,0.410958904109589,0.2796613394216134,0,nan,0.008386469935484078,7.5052080291518535e-06,0.999105881551847,0.39999007066276804,19.52879166620706,0.13338159847385334,0.5120644518577236,0.43525478407906515
ceiling_now,130,cct_region,2014,0.5,pvgis,365,0.2526532182741883,68.47891018896,10.0,191.883894818735,0.3,1455,0.1657092355280601,0.03744043567052421,0.16082474226804125,0.12429257881368962,0.5434298440979956,0.5740740740740741,0.4309278350515464,0.0,0.016494845360824743,0.5525773195876289,0.0,0.0,0.0,0.0,0.15760789512446605,0.3132272794225954,0.3739873324495508,0.20923023487209674,0.725091341053698,0.0,22.297233232776282,0.31588850837138505,0.9773021308980213,35.46039653915772,69.42865469928252,2.7568173453576654,0.41643835616438357,0.273382800608828,0,nan,0.010187812964591564,9.113972757917949e-06,0.9991062039755787,0.39999007066276804,16.075842539242483,0.14886824025409962,0.6220513777482679,0.5287436710860277
ceiling_now,130,cct_region,2012,0.5,pvgis,365,0.2526532182741883,68.47891018896,10.0,191.883894818735,0.33,1455,0.1657092355280601,0.03744043567052421,0.16082474226804125,0.12446765658414644,0.5367483296213809,0.5740740740740741,0.43711340206185567,0.0,0.01443298969072165,0.5484536082474227,0.0,0.0,0.0,0.0,0.15760789512446605,0.3132272794225954,0.3739873324495508,0.2039186162411819,0.7211411820912552,0.0,20.729461989872192,0.31588850837138505,0.9773021308980213,32.71878192595117,69.3866771592642,2.542460069174778,0.410958904109589,0.30480403348554036,0,nan,0.008959868311918197,8.1096192441591e-06,0.9990957137376555,0.39999007066276804,18.278835328015116,0.13834286760412995,0.5470808079699404,0.4650186867744493
ceiling_now,130,cct_region,2013,0.5,pvgis,365,0.2526532182741883,68.47891018896,10.0,191.883894818735,0.31,1455,0.1657092355280601,0.03744043567052421,0.16082474226804125,0.12446765658414644,0.5367483296213809,0.5740740740740741,0.43711340206185567,0.0,0.01443298969072165,0.5484536082474227,0.0,0.0,0.0,0.0,0.15760789512446605,0.3132272794225954,0.3739873324495508,0.20499063675210233,0.7224365315215031,0.0,20.64649507784094,0.31588850837138505,0.9773021308980213,34.672360328345206,69.3866771592642,2.781460622867209,0.410958904109589,0.28376141552511414,0,nan,0.009003153379036663,8.070748469626145e-06,0.999104367136426,0.39999007066276804,18.19111249587283,0.13871547730729983,0.5497189906482511,0.46726114205101343
ceiling_now,130,cct_region,2015,0.5,pvgis,365,0.2526532182741883,68.47891018896,10.0,191.883894818735,0.3,1455,0.16430991309471205,0.030973451327433683,0.16013745704467353,0.1257183107676597,0.5278396436525612,0.5648148148148148,0.44536082474226807,0.0,0.015807560137457044,0.5388316151202749,0.0,0.0,0.0,0.0,0.15760789512446605,0.3132272794225954,0.3739873324495508,0.20239783660075333,0.721740743519543,0.0,21.709066091403,0.31588850837138505,0.9773021308980213,33.753994506289885,69.33502419572541,2.864800654935023,0.40273972602739727,0.29948630136986304,0,nan,0.00971668395589801,8.680777225440864e-06,0.9991074085688658,0.39999007066276804,16.85532587489329,0.14484495373165074,0.5932842873655393,0.5042916442607084
ceiling_now,28,cct_region,2013,0.5,pvgis,365,0.2576552408749775,69.834654076896,10.0,188.158732561793,0.3,1333,0.17297297297297298,0.048097631012203976,0.18979744936234058,0.13352295626636748,0.5269360269360269,0.3310344827586207,0.29182295573893474,0.0,0.09752438109527382,0.6106526631657915,0.0,0.0,0.0,0.0,0.1674012474012474,0.18985446985446985,0.28324324324324324,0.1978099241105138,0.7165980072646037,0.0,20.64649507784094,0.31588850837138505,0.9773021308980213,35.358802920170255,70.88348318760087,2.886920302983186,0.6794520547945205,0.298382800608828,0,nan,0.00892529039002715,8.0107010892627e-06,0.9991032764923564,0.39999007066276804,18.349789194053063,0.13804397296014204,0.5449653886618422,0.46322058036256586
ceiling_now,28,cct_region,2011,0.5,pvgis,365,0.2576552408749775,69.834654076896,10.0,188.158732561793,0.31,1333,0.1787941787941788,0.09834888729361102,0.19504876219054765,0.13533055781143205,0.5244107744107744,0.3310344827586207,0.2940735183795949,0.0,0.11027756939234809,0.595648912228057,0.0,0.0,0.0,0.0,0.1674012474012474,0.18985446985446985,0.28324324324324324,0.1973888661419194,0.7132254852595137,0.0,19.639202912676332,0.31588850837138505,0.9773021308980213,35.27658868809041,70.81057912249679,2.5992838317928126,0.6657534246575343,0.292646499238965,0,nan,0.00831946838283658,7.449922433568673e-06,0.999105320580742,0.39999007066276804,19.68605741276961,0.1328000895460818,0.5079737293417307,0.4317776699404711
ceiling_now,28,cct_region,2014,0.5,pvgis,365,0.2576552408749775,69.834654076896,10.0,188.158732561793,0.31,1333,0.18212058212058213,0.12706389088298647,0.1980495123780945,0.13515173787130352,0.5429292929292929,0.3310344827586207,0.27831957989497375,0.0,0.08777194298574643,0.6339084771192798,0.0,0.0,0.0,0.0,0.1674012474012474,0.18985446985446985,0.28324324324324324,0.20148113137996929,0.7192748062469976,0.0,22.297233232776282,0.31588850837138505,0.9773021308980213,36.16244065374859,71.03267568166777,2.827788247483093,0.7041095890410959,0.2886605783866058,0,nan,0.01009667846158463,9.040817811340442e-06,0.9991053761180786,0.39999007066276804,16.220932651791244,0.14809155961930853,0.6164873632525514,0.5240142587646687
ceiling_now,40,cct_region,2011,0.5,pvgis,365,0.2463447621244807,66.769071679648,10.0,196.7977039286174,0.3,1079,0.11930829837306864,-0.5217391304347829,0.1380908248378128,0.10464387298604655,0.6231884057971014,0.23893805309734514,0.3262279888785913,0.0,0.0,0.6737720111214087,0.0,0.0,0.0,0.0,0.16351171595211297,0.1324056072853781,0.24823493297861457,0.21128745086051678,0.724231184352931,0.0,19.639202912676332,0.31588850837138505,0.9773021308980213,33.728026720588076,69.0837588424373,2.4430590538194976,0.33424657534246577,0.28680555555555554,0,nan,0.008446318893400737,7.558389578955682e-06,0.99910592627194,0.39999007066276804,19.39041534930028,0.13390072069347514,0.5157187104999718,0.43836090392497595
ceiling_now,28,cct_region,2012,0.5,pvgis,365,0.2576552408749775,69.834654076896,10.0,188.158732561793,0.32,1333,0.1762993762993763,0.07681263460157943,0.19279819954988747,0.13301037551823416,0.5202020202020202,0.3310344827586207,0.29182295573893474,0.0,0.10502625656414104,0.6031507876969242,0.0,0.0,0.0,0.0,0.1674012474012474,0.18985446985446985,0.28324324324324324,0.1967962833478139,0.7153714327099325,0.0,20.729461989872192,0.31588850837138505,0.9773021308980213,33.36654761752561,70.83997470086362,2.6393211405100083,0.6712328767123288,0.3187785388127854,0,nan,0.008886412844624034,8.049771386895475e-06,0.9990949682139981,0.39999007066276804,18.42991520745844,0.1377090818993707,0.542596093765699,0.4612066797008441
ceiling_now,28,cct_region,2015,0.5,pvgis,365,0.2576552408749775,69.834654076896,10.0,188.158732561793,0.35,1333,0.17713097713097714,0.0839913854989233,0.1935483870967742,0.13398721555557155,0.5193602693602694,0.3310344827586207,0.3008252063015754,0.0,0.1282820705176294,0.5708927231807952,0.0,0.0,0.0,0.0,0.1674012474012474,0.18985446985446985,0.28324324324324324,0.19592009769445246,0.7159185792834588,0.0,21.709066091403,0.31588850837138505,0.9773021308980213,34.42225531270494,70.69009618805288,3.0165022126487493,0.6438356164383562,0.3124904870624049,0,nan,0.009658218730782717,8.62249269220735e-06,0.999108034104122,0.39999007066276804,16.957368807394644,0.1443443080680925,0.5897141303926393,0.5012570108337434
ceiling_now,40,cct_region,2013,0.5,pvgis,365,0.2463447621244807,66.769071679648,10.0,196.7977039286174,0.3,1079,0.121354752890617,-0.49758454106280214,0.13994439295644115,0.10639505344637375,0.6231884057971014,0.23893805309734514,0.3262279888785913,0.0,0.0,0.6737720111214087,0.0,0.0,0.0,0.0,0.16351171595211297,0.1324056072853781,0.24823493297861457,0.21157708657206006,0.7274635918632715,0.0,20.64649507784094,0.31588850837138505,0.9773021308980213,33.80663193496785,69.08168340075308,2.7512957769087296,0.33424657534246577,0.2912956621004566,0,nan,0.009068217324176259,8.126222130446798e-06,0.9991046810768028,0.39999007066276804,18.06059797016977,0.13927623764942731,0.5536915231996606,0.4706377947197115
ceiling_now,40,cct_region,2012,0.5,pvgis,365,0.2463447621244807,66.769071679648,10.0,196.7977039286174,0.31,1079,0.121354752890617,-0.49758454106280214,0.13994439295644115,0.10639505344637375,0.6231884057971014,0.23893805309734514,0.3262279888785913,0.0,0.0,0.6737720111214087,0.0,0.0,0.0,0.0,0.16351171595211297,0.1324056072853781,0.24823493297861457,0.2109388193436464,0.7260961650275579,0.0,20.729461989872192,0.31588850837138505,0.9773021308980213,31.901832106504624,69.08168340075308,2.4485835265486493,0.33424657534246577,0.3108447488584475,0,nan,0.009024538966940759,8.16904433295427e-06,0.999095615144123,0.39999007066276804,18.147845765012747,0.13890052170809997,0.5510295893785373,0.4683751509717567
ceiling_now,40,cct_region,2014,0.5,pvgis,365,0.2463447621244807,66.769071679648,10.0,196.7977039286174,0.3,1079,0.15512125243016475,-0.09903381642512073,0.1705282669138091,0.11759978702099692,0.6231884057971014,0.23893805309734514,0.3262279888785913,0.0,0.0,0.6737720111214087,0.0,0.0,0.0,0.0,0.16351171595211297,0.1324056072853781,0.24823493297861457,0.215783915787942,0.7300905859862092,0.0,22.297233232776282,0.31588850837138505,0.9773021308980213,34.574991800811475,69.09621149254264,2.7141869869751956,0.33424657534246577,0.2811073059360731,0,nan,0.010260698668191253,9.176304208948535e-06,0.9991064833570409,0.39999007066276804,15.96165408727261,0.14948891883965487,0.6265014857059037,0.5325262628500181
ceiling_now,40,cct_region,2015,0.5,pvgis,365,0.2463447621244807,66.769071679648,10.0,196.7977039286174,0.31,1079,0.12237798014939116,-0.48550724637681186,0.14087117701575533,0.10663922553456434,0.6231884057971014,0.23893805309734514,0.3262279888785913,0.0,0.017608897126969416,0.6561631139944393,0.0,0.0,0.0,0.0,0.16351171595211297,0.1324056072853781,0.24823493297861457,0.20951253101939077,0.7267294337613198,0.0,21.709066091403,0.31588850837138505,0.9773021308980213,32.911196636249485,69.02364563152314,2.773780133060929,0.3232876712328767,0.305660197869102,0,nan,0.00980038424080123,8.745246966571432e-06,0.9991084584032175,0.39999007066276804,16.71139034645301,0.14556101491572837,0.5983942564134108,0.5086351179513992
ceiling_now,46,cct_region,2011,0.5,pvgis,365,0.32494362877726723,88.072440650112,10.0,149.1953658034943,0.36,6276,0.06729982570341123,nan,0.06947100063734862,0.07169293944738732,0.35963963963963963,0.2699724517906336,0.6064372211599746,0.0,0.0758444869343531,0.3177182919056724,0.0,0.0,0.0,0.0,0.20872905773129866,0.1088997972468253,0.14310105645075233,0.16167879918772424,0.6943316667455427,0.0,19.639202912676332,0.31588850837138505,0.9773021308980213,44.48930555522212,75.91828193118526,3.4972122934872276,1.3452054794520547,0.25260654490106543,0,nan,0.008022180451149014,7.231347750501837e-05,0.9910663374211656,0.6801147672055448,20.251320622862952,0.1307813809378806,0.4937949571896259,0.41972571361118194
ceiling_now,46,cct_region,2015,0.5,pvgis,365,0.32494362877726723,88.072440650112,10.0,149.1953658034943,0.31,6276,0.06308469391384769,nan,0.06469088591459528,0.06803939466196338,0.35153153153153155,0.25895316804407714,0.6206182281708095,0.0,0.058317399617590825,0.3210643722115997,0.0,0.0,0.0,0.0,0.20872905773129866,0.1088997972468253,0.14310105645075233,0.16275461986058373,0.6982033699193442,0.0,21.709066091403,0.31588850837138505,0.9773021308980213,43.41185730988292,75.89939262488159,3.660935004111234,1.358904109589041,0.27394406392694065,0,nan,0.009310472931402039,7.311806113595193e-05,0.9922078806296973,0.6519503001038502,17.469238797742353,0.1419170314055761,0.5724347875588235,0.48656956942499996
ceiling_now,46,cct_region,2012,0.5,pvgis,365,0.32494362877726723,88.072440650112,10.0,149.1953658034943,0.35,6276,0.07356027460605413,nan,0.07536647546207775,0.07904114742765918,0.37801801801801804,0.29614325068870523,0.5852453792224347,0.0,0.0965583173996176,0.31819630337794774,0.0,0.0,0.0,0.0,0.20872905773129866,0.1088997972468253,0.14310105645075233,0.1624097007264992,0.6980200416338457,0.0,20.729461989872192,0.31588850837138505,0.9773021308980213,42.080444495477394,76.06301458602023,3.3106338379942843,1.347945205479452,0.2828196347031963,0,nan,0.008579610975368766,7.130087128978412e-05,0.9917579935440765,0.6532060953072747,18.94877612147981,0.1356059917584138,0.5277385692822808,0.4485777838899387
ceiling_now,7,cct_region,2014,0.5,pvgis,365,0.2592832308673501,70.275903079136,10.0,186.97731973936163,0.3,1853,0.19824207150492937,nan,0.18888289260658392,0.15381824887249762,0.6630630630630631,0.2872340425531915,0.3604964921748516,0.0,0.07069616837560712,0.5688073394495413,0.0,0.0,0.0,0.0,0.45064734529041467,0.20602209288514078,0.22146335669319397,0.1995410044783166,0.7256936614936045,0.0,22.297233232776282,0.31588850837138505,0.9773021308980213,36.390932382790126,70.84045154201769,2.692450923049686,0.5506849315068493,0.2803748097412481,0,nan,0.010076248946097488,9.022594255446205e-06,0.9991053692288457,0.39999007066276804,16.253820353086283,0.14791733880492497,0.6152399732965669,0.5229539773020818
ceiling_now,7,cct_region,2013,0.5,pvgis,365,0.2592832308673501,70.275903079136,10.0,186.97731973936163,0.31,1853,0.19170922912459915,nan,0.1829465731246627,0.13384700791258458,0.645045045045045,0.2872340425531915,0.3766864543982731,0.0,0.05450620615218565,0.5688073394495413,0.0,0.0,0.0,0.0,0.45064734529041467,0.20602209288514078,0.22146335669319397,0.19556275231034229,0.7230102767736318,0.0,20.64649507784094,0.31588850837138505,0.9773021308980213,35.5822168786866,70.79970022976121,2.7198185025466666,0.5506849315068493,0.2914764079147641,0,nan,0.008904189937631708,9.042052201129416e-06,0.9989855473063594,0.40301001527817343,18.391105719673373,0.13787094043978443,0.543741097051211,0.46217993249352934
ceiling_now,46,cct_region,2014,0.5,pvgis,365,0.32494362877726723,88.072440650112,10.0,149.1953658034943,0.37,6276,0.07448511364849002,nan,0.07648183556405354,0.08126085984410371,0.39531531531531533,0.30578512396694213,0.569949012109624,0.0,0.09592096876991714,0.33413001912045887,0.0,0.0,0.0,0.0,0.20872905773129866,0.1088997972468253,0.14310105645075233,0.16595765168527649,0.7014371495768675,0.0,22.297233232776282,0.31588850837138505,0.9773021308980213,45.60650368130288,76.56617738192735,3.574558442777712,1.4273972602739726,0.24829718417047184,0,nan,0.009716900265681623,8.470172400621453e-05,0.9913583795694492,0.6808065800389915,16.72422446876065,0.14549669096215734,0.5979350503623713,0.5082447928080155
ceiling_now,7,cct_region,2011,0.5,pvgis,365,0.2592832308673501,70.275903079136,10.0,186.97731973936163,0.34,1853,0.18161301817317974,nan,0.1737722611980572,0.13086296419629756,0.6324324324324324,0.2872340425531915,0.3880194279546681,0.0,0.04317323259579061,0.5688073394495413,0.0,0.0,0.0,0.0,0.45064734529041467,0.20602209288514078,0.22146335669319397,0.194445145857484,0.7196250811519881,0.0,19.639202912676332,0.31588850837138505,0.9773021308980213,35.499483177463915,70.78973020721556,2.5104936768924215,0.5506849315068493,0.28788051750380517,0,nan,0.008296586398510756,7.427149603216998e-06,0.9991055951968064,0.39999007066276804,19.740356982705215,0.13260136929593014,0.5065764519233938,0.43058998413488475
ceiling_now,7,cct_region,2012,0.5,pvgis,365,0.2592832308673501,70.275903079136,10.0,186.97731973936163,0.34,1853,0.18992754483905455,nan,0.18132757690232057,0.13279552256710195,0.6396396396396397,0.2872340425531915,0.3783054506206152,0.0,0.0528872099298435,0.5688073394495413,0.0,0.0,0.0,0.0,0.45064734529041467,0.20602209288514078,0.22146335669319397,0.19471741428787048,0.7217936796641593,0.0,20.729461989872192,0.31588850837138505,0.9773021308980213,33.5773735468446,70.79744576415243,2.4352863100897886,0.5506849315068493,0.31191019786910196,0,nan,0.008870084126654219,8.032386389553747e-06,0.9990952600838531,0.39999007066276804,18.46384777538706,0.1375680952854007,0.5415989192312527,0.46035908134656484
ceiling_now,7,cct_region,2015,0.5,pvgis,365,0.2592832308673501,70.275903079136,10.0,186.97731973936163,0.33,1853,0.15548164865185893,nan,0.15002698327037237,0.09990521386255573,0.6012012012012012,0.2712765957446808,0.4187803561791689,0.0,0.015110631408526714,0.5661090124123044,0.0,0.0,0.0,0.0,0.45064734529041467,0.20602209288514078,0.22146335669319397,0.1929470991472483,0.7223721006834407,0.0,21.709066091403,0.31588850837138505,0.9773021308980213,34.63975171205602,70.73795517706967,2.876076528763584,0.547945205479452,0.3078957382039574,0,nan,0.009625537184769103,8.595873820527267e-06,0.9991077688289906,0.39999007066276804,17.014939572880234,0.14406437386231352,0.5877188077669577,0.49956098660191406
ceiling_now,46,cct_region,2013,0.5,pvgis,365,0.32494362877726723,88.072440650112,10.0,149.1953658034943,0.4,6276,0.07409383559207484,nan,0.0758444869343531,0.07915512596993951,0.38324324324324327,0.3002754820936639,0.581421287444232,0.0,0.0992670490758445,0.3193116634799235,0.0,0.0,0.0,0.0,0.20872905773129866,0.1088997972468253,0.14310105645075233,0.1631925656206352,0.6984659937331036,0.0,20.64649507784094,0.31588850837138505,0.9773021308980213,44.592990583395554,76.12219908518993,3.671627731314926,1.3534246575342466,0.25949391171993913,0,nan,0.008593526741877786,7.631970130897405e-05,0.9911971103745498,0.6782874590222028,18.907392755244352,0.13576968251684074,0.5288936517821208,0.44955960401480266
ceiling_now,78,cct_region,2014,0.5,pvgis,365,0.26856215194727723,72.79085383900801,10.0,180.51718460483815,0.3,2359,0.07673019057171514,-0.5337639459776861,0.07630351844001695,0.0721935371518163,0.5609195402298851,0.33152173913043476,0.41670199236964817,0.0,0.07672742687579483,0.506570580754557,0.0,0.0,0.0,0.0,0.11817269991793561,0.24591957691255584,0.19581471687790647,0.19503993304910733,0.7196334595711378,0.0,22.297233232776282,0.31588850837138505,0.9773021308980213,37.69324795667156,71.7575316924848,2.9363277293520187,0.7643835616438356,0.2789859208523592,0,nan,0.010028626049428216,1.1089347983090199e-05,0.9988954519581351,0.4051632308905948,16.32757357556744,0.14752905816876816,0.6124608750784616,0.5205917438166923
ceiling_now,78,cct_region,2012,0.5,pvgis,365,0.26856215194727723,72.79085383900801,10.0,180.51718460483815,0.32,2359,0.07809793015409865,-0.516147974163241,0.07757524374735057,0.08109552224953613,0.5466666666666666,0.2826086956521739,0.43959304790165327,0.0,0.07291225095379399,0.4874947011445528,0.0,0.0,0.0,0.0,0.11817269991793561,0.24591957691255584,0.19581471687790647,0.19071650125498565,0.7157727356605529,0.0,20.729461989872192,0.31588850837138505,0.9773021308980213,34.77900081047541,71.54951437830371,2.66803764853217,0.7342465753424657,0.3092560882800609,0,nan,0.008832792517169421,8.992430248630138e-06,0.998982962116574,0.40304432939541723,18.53971712768913,0.13725464796250375,0.5393825553608348,0.4584751720567095
ceiling_now,78,cct_region,2013,0.5,pvgis,365,0.26856215194727723,72.79085383900801,10.0,180.51718460483815,0.31,2359,0.0726269718245646,-0.5866118614210213,0.07248834251801611,0.07613770049591907,0.542528735632184,0.2826086956521739,0.43959304790165327,0.0,0.06570580754557016,0.4947011445527766,0.0,0.0,0.0,0.0,0.11817269991793561,0.24591957691255584,0.19581471687790647,0.19154843744338354,0.7169058247811332,0.0,20.64649507784094,0.31588850837138505,0.9773021308980213,36.85559110023469,71.58357375201358,2.9570409341398953,0.7397260273972602,0.2886605783866058,0,nan,0.008864529814148207,1.271609218785739e-05,0.9985675633724665,0.41452808123538093,18.465658556556463,0.13756058556407835,0.5415458089064132,0.46031393757045125
ceiling_now,78,cct_region,2011,0.5,pvgis,365,0.26856215194727723,72.79085383900801,10.0,180.51718460483815,0.34,2359,0.07641105133582565,-0.5378743394010566,0.0771513353115727,0.08039087338596433,0.5471264367816092,0.266304347826087,0.43959304790165327,0.0,0.0771513353115727,0.48325561678677403,0.0,0.0,0.0,0.0,0.11817269991793561,0.24591957691255584,0.19581471687790647,0.19049071687202948,0.713412689597095,0.0,19.639202912676332,0.31588850837138505,0.9773021308980213,36.76989662333198,71.48323326369243,2.7601510798384825,0.7205479452054795,0.28401826484018267,0,nan,0.008261082392580577,8.767456954927127e-06,0.9989398287617738,0.4031048512017934,19.82190666233167,0.13230487904122068,0.5044923361990894,0.428818485769226
ceiling_now,78,cct_region,2015,0.5,pvgis,365,0.26856215194727723,72.79085383900801,10.0,180.51718460483815,0.29,2359,0.07859943466763927,-0.5096887844979444,0.07842306061890632,0.08474668628719967,0.5379310344827586,0.27717391304347827,0.44722339974565495,0.0,0.08181432810512929,0.47096227214921577,0.0,0.0,0.0,0.0,0.11817269991793561,0.24591957691255584,0.19581471687790647,0.18940944365127882,0.7162976045122518,0.0,21.709066091403,0.31588850837138505,0.9773021308980213,35.879398106808,71.3625851368516,3.13155149058775,0.7013698630136986,0.3033675799086758,0,nan,0.009581537388238696,9.404734623453432e-06,0.9990194149330716,0.4020768231929349,17.091563031982073,0.1436945809222241,0.5850839961967084,0.4973213967672021
ceiling_now,0,cct_region,2012,1.0,pvgis,365,0.6324456329947064,85.70875921763201,10.0,153.30988477659398,0.32,1861,0.6651648773006134,0.4964816262705239,0.7764642665233745,0.47603748247768535,0.9361936193619362,0.18604651162790697,0.05212251477700161,0.0,0.24502955400322407,0.7028479312197743,0.0,0.0,0.0,0.0,0.543424079754601,0.5286618098159508,0.788631134969325,0.310124124352732,0.6882346114928213,0.0,20.729461989872192,0.31588850837138505,0.9773021308980213,81.90218548301715,83.72245722723001,12.625697166622437,3.336986301369863,0.0,0,nan,0.010203734248095257,0.00010006519718944668,0.9902885146667679,1.2638761952376576,15.909101560008187,0.14977741050143556,0.628571007751795,0.5342853565890257
ceiling_now,0,cct_region,2011,1.0,pvgis,365,0.6324456329947064,85.70875921763201,10.0,153.30988477659398,0.33,1861,0.7260352760736195,0.7447224394057859,0.8371843095110156,0.49009817923587223,0.9917491749174917,0.20930232558139536,0.0,0.0,0.19236969371305748,0.8076303062869425,0.0,0.0,0.0,0.0,0.543424079754601,0.5286618098159508,0.788631134969325,0.32574741924855216,0.6778076986762265,0.0,19.639202912676332,0.31588850837138505,0.9773021308980213,86.59060994439086,86.15224365819311,12.844511616537114,3.83013698630137,0.0,0,nan,0.00967735874397326,9.987563945848252e-05,0.9897848782649898,1.2959378284493306,16.765905919855232,0.14528843152673065,0.5964485335777399,0.5069812535410789
ceiling_now,0,cct_region,2013,1.0,pvgis,365,0.6324456329947064,85.70875921763201,10.0,153.30988477659398,0.31,1861,0.7251725460122699,0.7412040656763099,0.8371843095110156,0.5044927727301872,0.9917491749174917,0.18604651162790697,0.0,0.0,0.21601289629231596,0.783987103707684,0.0,0.0,0.0,0.0,0.543424079754601,0.5286618098159508,0.788631134969325,0.32369157313511177,0.6858019546045039,0.0,20.64649507784094,0.31588850837138505,0.9773021308980213,86.79241461900928,85.6283402904795,13.33997435541828,3.7205479452054795,0.0,0,nan,0.010326949436841473,0.00010494658414134656,0.9899398360633335,1.2862517278249768,15.7137486320101,0.15086585076545111,0.6363853867198334,0.5409275787118584
ceiling_now,0,cct_region,2014,1.0,pvgis,365,0.6324456329947064,85.70875921763201,10.0,153.30988477659398,0.3,1861,0.7419478527607362,0.8096168881939019,0.8447071466953251,0.4980675885058096,0.9922992299229924,0.18604651162790697,0.0,0.0,0.1617409994626545,0.8382590005373455,0.0,0.0,0.0,0.0,0.543424079754601,0.5286618098159508,0.788631134969325,0.33649531538853983,0.6905086147334178,0.0,22.297233232776282,0.31588850837138505,0.9773021308980213,88.76503964066944,86.845318038892,14.410664646822534,3.9726027397260273,0.0,0,nan,0.011726166979783468,0.00011766260082723299,0.9900654935950906,1.2994084551858445,13.8404720123082,0.1627709704586997,0.7225187111470689,0.6141409044750085
ceiling_now,0,cct_region,2015,1.0,pvgis,365,0.6324456329947064,85.70875921763201,10.0,153.30988477659398,0.33,1861,0.6466641104294477,0.4210320562939797,0.7904352498656636,0.44264403128918706,0.988998899889989,0.20930232558139536,0.0,0.0,0.28694250403009136,0.7130574959699086,0.0,0.0,0.0,0.0,0.543424079754601,0.5286618098159508,0.788631134969325,0.2931212933058476,0.6862200526019835,0.0,21.709066091403,0.31588850837138505,0.9773021308980213,84.49354640107268,83.97574519230685,13.483919013858062,3.3863013698630136,0.0,0,nan,0.010715049788822434,9.993564587063959e-05,0.9907595209929679,1.256767769019495,15.157134775525707,0.15411264049955042,0.6597552999361755,0.5607920049457492
ceiling_now,100,cct_region,2012,1.0,pvgis,365,0.6105281741575894,82.73851465568,10.0,158.8135834282582,0.35,4890,0.3464491971822047,0.6749786611388854,0.347239263803681,0.24275284281932163,0.8933956253981737,0.5966850828729282,0.04478527607361963,0.0,0.12740286298568507,0.8278118609406953,0.0,0.0,0.0,0.0,0.11224640900340586,0.169427344460663,0.4592244716633877,0.2904134774387466,0.7327393101332901,0.0,20.729461989872192,0.31588850837138505,0.9773021308980213,79.06385806743447,84.40130469988615,9.978297277851327,2.3917808219178083,0.0,0,nan,0.009969802805216275,0.00010433910407241555,0.9896428792633731,1.318280616622767,16.271777120575088,0.14782249599374497,0.6145610234149135,0.5223768699026765
ceiling_now,100,cct_region,2011,1.0,pvgis,365,0.6105281741575894,82.73851465568,10.0,158.8135834282582,0.35,4890,0.3277696685071185,0.6211437629557369,0.3304703476482618,0.19781569905822494,0.9413888299001911,0.5911602209944752,0.0,0.0,0.05276073619631902,0.947239263803681,0.0,0.0,0.0,0.0,0.11224640900340586,0.169427344460663,0.4592244716633877,0.3034996524044318,0.722474370281136,0.0,19.639202912676332,0.31588850837138505,0.9773021308980213,83.58980476821888,86.24472221080624,10.392227191428873,2.712328767123288,0.0,0,nan,0.009419071657666771,0.00010299098198097875,0.9891839629838028,1.3507947223583008,17.215197802464196,0.1431045137787571,0.5808820853959977,0.4937497725865981
ceiling_now,100,cct_region,2014,1.0,pvgis,365,0.6105281741575894,82.73851465568,10.0,158.8135834282582,0.35,4890,0.3863256542065959,0.7899036702841115,0.3867075664621677,0.2651455403277901,0.961350605224039,0.6022099447513812,0.0,0.0,0.01901840490797546,0.9809815950920245,0.0,0.0,0.0,0.0,0.11224640900340586,0.169427344460663,0.4592244716633877,0.32892355692165187,0.7341438753239472,0.0,22.297233232776282,0.31588850837138505,0.9773021308980213,85.68887941281247,87.00200616331269,11.085692477994392,2.8219178082191783,0.0,0,nan,0.011613774536526249,0.00012491350835141398,0.9893588186453323,1.3723939611339426,13.964438888085192,0.16189022744714276,0.7161046770402103,0.6086889754841788
ceiling_now,105,cct_region,2011,1.0,pvgis,365,0.529264676669618,71.725720549728,10.0,183.19788075032216,0.32,2169,0.3003352490421456,0.7217420776139638,0.3144306131857999,0.22110175358138662,0.8633958633958634,0.32222222222222224,0.0,0.0,0.02950668510834486,0.9704933148916551,0.0,0.0,0.0,0.0,0.096360153256705,0.25373563218390804,0.3789750957854406,0.3022680656242282,0.7264021473456613,0.0,19.639202912676332,0.31588850837138505,0.9773021308980213,72.46370088419438,75.34051816996993,10.45981780214275,1.2767123287671234,0.0,0,nan,0.00933435261373547,8.141947286730105e-05,0.9913528628222481,1.113977429544582,17.409532677859723,0.14219315298676394,0.5743979568571264,0.48823826332855735
ceiling_now,100,cct_region,2013,1.0,pvgis,365,0.6105281741575894,82.73851465568,10.0,158.8135834282582,0.36,4890,0.31444225846713625,0.5827338129496401,0.3194274028629857,0.20508700826446255,0.9373540029730304,0.5359116022099447,0.0,0.0,0.0703476482617587,0.9296523517382413,0.0,0.0,0.0,0.0,0.11224640900340586,0.169427344460663,0.4592244716633877,0.30340683861417583,0.7300574398057522,0.0,20.64649507784094,0.31588850837138505,0.9773021308980213,83.78461588415563,85.97327076117283,10.893625728074694,2.654794520547945,0.0,0,nan,0.010068013315676657,0.00010579285914449465,0.9896014473515018,1.3479329956515558,16.112376136541844,0.14867142226160146,0.6206409231795822,0.5275447847026449
ceiling_now,105,cct_region,2012,1.0,pvgis,365,0.529264676669618,71.725720549728,10.0,183.19788075032216,0.32,2169,0.3172892720306513,0.7817319098457889,0.3241124942369756,0.22954463440580966,0.8446368446368446,0.4777777777777778,0.04103273397879207,0.0,0.025357307514983864,0.9336099585062241,0.0,0.0,0.0,0.0,0.096360153256705,0.25373563218390804,0.3789750957854406,0.28772399565874407,0.7347910842985359,0.0,20.729461989872192,0.31588850837138505,0.9773021308980213,68.5401739797723,74.91629981386491,10.072276793469399,1.210958904109589,0.0,0,nan,0.009882762884154076,9.169405795684677e-05,0.9908071127592194,1.1022158106738702,16.434397659979133,0.14697254240702262,0.6084798607710394,0.5172078816553836
ceiling_now,105,cct_region,2014,1.0,pvgis,365,0.529264676669618,71.725720549728,10.0,183.19788075032216,0.32,2169,0.33405172413793105,0.8410438908659551,0.34024896265560167,0.23373378015580804,0.8912938912938912,0.5,0.0,0.0,0.0,1.0,0.0,0.0,0.0,0.0,0.096360153256705,0.25373563218390804,0.3789750957854406,0.32613020282306493,0.7367939431350158,0.0,22.297233232776282,0.31588850837138505,0.9773021308980213,74.28338113827697,75.55776022063162,11.042259133275266,1.3068493150684932,0.0,0,nan,0.011497092709908726,0.000103391247717901,0.9910873332444093,1.1209588643122688,14.13080630323358,0.16073111766225112,0.7076737013734086,0.6015226461673973
ceiling_now,105,cct_region,2013,1.0,pvgis,365,0.529264676669618,71.725720549728,10.0,183.19788075032216,0.33,2169,0.3221264367816092,0.7988476529401797,0.32918395573997233,0.22935618983861694,0.873015873015873,0.4888888888888889,0.0,0.0,0.03872752420470263,0.9612724757952974,0.0,0.0,0.0,0.0,0.096360153256705,0.25373563218390804,0.3789750957854406,0.30462121035649353,0.7328533312000076,0.0,20.64649507784094,0.31588850837138505,0.9773021308980213,72.63258193940429,75.29463550790709,10.751180404879035,1.263013698630137,0.0,0,nan,0.010020022336684833,9.081998433358372e-05,0.9910175649614487,1.112940319465465,16.212713701233852,0.1481352038492335,0.6167998883024105,0.5242799050570489
ceiling_now,100,cct_region,2015,1.0,pvgis,365,0.6105281741575894,82.73851465568,10.0,158.8135834282582,0.36,4890,0.27957944617207164,0.48225826118765996,0.2842535787321063,0.15461436689536762,0.908048417923126,0.580110497237569,0.0,0.0,0.17177914110429449,0.8282208588957055,0.0,0.0,0.0,0.0,0.11224640900340586,0.169427344460663,0.4592244716633877,0.2730485615466252,0.730611730684331,0.0,21.709066091403,0.31588850837138505,0.9773021308980213,81.56541514577572,84.4197015485065,11.15755434115578,2.3835616438356166,0.0,0,nan,0.010475754567052865,0.00010373883610449002,0.9901943474842065,1.2945129460529172,15.494521862461644,0.152118256800435,0.6453893891509397,0.5485809807782986
ceiling_now,105,cct_region,2015,1.0,pvgis,365,0.529264676669618,71.725720549728,10.0,183.19788075032216,0.31,2169,0.2998084291187739,0.7198779867819013,0.3135085292761641,0.2219534072920493,0.8335738335738335,0.3111111111111111,0.04241585984324574,0.0,0.0239741816505302,0.9336099585062241,0.0,0.0,0.0,0.0,0.096360153256705,0.25373563218390804,0.3789750957854406,0.2635056076560198,0.7334086153860708,0.0,21.709066091403,0.31588850837138505,0.9773021308980213,70.70876480699424,74.88844823415057,11.481954914720351,1.210958904109589,0.0,0,nan,0.010378640838091988,8.644912281509642e-05,0.9917392852676821,1.0796430012358222,15.663906611537803,0.15114767246939975,0.6384103434729461,0.5426487919520042
ceiling_now,130,cct_region,2011,1.0,pvgis,365,0.5053064365483766,68.47891018896,10.0,191.883894818735,0.28,1455,0.28612461334511713,0.5939414567733152,0.27628865979381445,0.1618208348638042,1.0,0.8611111111111112,0.0,0.0,0.11271477663230241,0.8872852233676976,0.0,0.0,0.0,0.0,0.15760789512446605,0.3132272794225954,0.3739873324495508,0.327041595847095,0.7361300310249145,0.0,19.639202912676332,0.31588850837138505,0.9773021308980213,69.18348434531293,71.64759620225475,11.924045730997994,0.7041095890410959,0.0,0,nan,0.0096230986903122,9.607924199321556e-05,0.9901144682541658,1.0247838195652268,16.866055233346994,0.1447920420342732,0.5929068689534669,0.5039708386104468
ceiling_now,130,cct_region,2012,1.0,pvgis,365,0.5053064365483766,68.47891018896,10.0,191.883894818735,0.29,1455,0.24399764324642806,0.3992511912865895,0.23573883161512027,0.1700234437307707,0.8834446919079436,0.75,0.11683848797250859,0.0,0.11752577319587629,0.7656357388316152,0.0,0.0,0.0,0.0,0.15760789512446605,0.3132272794225954,0.3739873324495508,0.31531799112527986,0.7439936432048172,0.0,20.729461989872192,0.31588850837138505,0.9773021308980213,65.43756385190234,71.02441875287298,11.48909644268189,0.6136986301369863,0.00533675799086758,0,nan,0.01021381710409242,0.00010048818546128862,0.9902573966311563,1.006869668967489,15.892897022838001,0.14986673164334585,0.6292119042632729,0.534830118623782
ceiling_now,130,cct_region,2013,1.0,pvgis,365,0.5053064365483766,68.47891018896,10.0,191.883894818735,0.29,1455,0.26623950508174987,0.5020422055820284,0.25773195876288657,0.15898701156175543,1.0,0.8611111111111112,0.0,0.0,0.14776632302405499,0.852233676975945,0.0,0.0,0.0,0.0,0.15760789512446605,0.3132272794225954,0.3739873324495508,0.32515398147476293,0.74233869677098,0.0,20.64649507784094,0.31588850837138505,0.9773021308980213,69.34472065669041,71.54569480668414,12.435853058732754,0.6876712328767123,0.0,0,nan,0.010289189350163052,9.918378864403367e-05,0.9904524233661266,1.0188710686923024,15.779582581283181,0.15049619250753932,0.6337303251520364,0.5386707763792309
ceiling_now,130,cct_region,2014,1.0,pvgis,365,0.5053064365483766,68.47891018896,10.0,191.883894818735,0.3,1455,0.31337457652084255,0.7198774676650782,0.3017182130584192,0.1791542830828935,0.9992576095025983,0.8611111111111112,0.0,0.0,0.06941580756013746,0.9305841924398626,0.0,0.0,0.0,0.0,0.15760789512446605,0.3132272794225954,0.3739873324495508,0.3414703732105391,0.7461141717218058,0.0,22.297233232776282,0.31588850837138505,0.9773021308980213,70.92079307831544,71.80753524505064,12.969955309410889,0.7315068493150685,0.0,0,nan,0.011731492204894037,0.00011515091856234052,0.9902798693805217,1.0217582484364742,13.837184940974558,0.16279452604052524,0.7226903479759155,0.6142867957795282
ceiling_now,130,cct_region,2015,1.0,pvgis,365,0.5053064365483766,68.47891018896,10.0,191.883894818735,0.3,1455,0.2439239946973045,0.3989108236895848,0.23505154639175257,0.16148328669581635,0.9161098737936154,0.8425925925925926,0.07766323024054983,0.0,0.18900343642611683,0.7333333333333333,0.0,0.0,0.0,0.0,0.15760789512446605,0.3132272794225954,0.3739873324495508,0.2967544222040886,0.7427821545153995,0.0,21.709066091403,0.31588850837138505,0.9773021308980213,67.50798901257977,70.91116380198102,12.62914807657824,0.5917808219178082,0.0,0,nan,0.010776933030178805,9.344001624721536e-05,0.991404157350613,0.986779556103152,15.07990490564495,0.15458103524335443,0.6631341551932891,0.5636640319142957
ceiling_now,28,cct_region,2012,1.0,pvgis,365,0.515310481749955,69.834654076896,10.0,188.158732561793,0.29,1333,0.2526403326403326,0.7358219669777455,0.2603150787696924,0.17288049425630836,0.8038720538720538,0.593103448275862,0.046511627906976744,0.0,0.07126781695423856,0.8822205551387847,0.0,0.0,0.0,0.0,0.1674012474012474,0.18985446985446985,0.28324324324324324,0.304725194684388,0.7386210654295923,0.0,20.729461989872192,0.31588850837138505,0.9773021308980213,66.73309523505122,72.7437699265807,11.025885368043125,0.9753424657534246,0.005717275494672755,0,nan,0.010080620322760428,0.00010769617848961764,0.989429443178723,1.0448452945786328,16.089428691077455,0.14879494832615225,0.6215261083537165,0.528297192100659
ceiling_now,28,cct_region,2011,1.0,pvgis,365,0.515310481749955,69.834654076896,10.0,188.158732561793,0.29,1333,0.25405405405405407,0.7480258435032306,0.2663165791447862,0.17628264811536007,0.8400673400673401,0.6206896551724138,0.0,0.0,0.03975993998499625,0.9602400600150037,0.0,0.0,0.0,0.0,0.1674012474012474,0.18985446985446985,0.28324324324324324,0.32025658635099014,0.7304789495655198,0.0,19.639202912676332,0.31588850837138505,0.9773021308980213,70.55317737618083,73.27854719853494,11.273932678775335,1.0712328767123287,0.0,0,nan,0.009534582582524292,0.000101978687197113,0.9894175230828932,1.0629172456509564,17.01065216531638,0.14408515898220586,0.5878669378937366,0.4996868972096761
ceiling_now,28,cct_region,2013,1.0,pvgis,365,0.515310481749955,69.834654076896,10.0,188.158732561793,0.28,1333,0.258045738045738,0.7824838478104805,0.2685671417854464,0.1789147354621884,0.8425925925925926,0.6344827586206897,0.0,0.0,0.05926481620405101,0.940735183795949,0.0,0.0,0.0,0.0,0.1674012474012474,0.18985446985446985,0.28324324324324324,0.31339343072293013,0.7368422093280111,0.0,20.64649507784094,0.31588850837138505,0.9773021308980213,70.71760584034051,73.17593259100663,12.052821376127119,1.0493150684931507,0.0,0,nan,0.010142990635700769,0.00010895667909401518,0.9893720991975078,1.0539653056588119,15.989566352182495,0.1493364234406599,0.6254078303152387,0.5315966557679529
ceiling_now,28,cct_region,2015,1.0,pvgis,365,0.515310481749955,69.834654076896,10.0,188.158732561793,0.28,1333,0.23185031185031185,0.5563531945441493,0.2483120780195049,0.15833330740043436,0.781986531986532,0.5241379310344828,0.042010502625656414,0.0,0.08102025506376594,0.8769692423105776,0.0,0.0,0.0,0.0,0.1674012474012474,0.18985446985446985,0.28324324324324324,0.2853217082507873,0.7372728241890482,0.0,21.709066091403,0.31588850837138505,0.9773021308980213,68.84451062540988,72.6944508344882,12.200710309699135,0.9726027397260274,0.0,0,nan,0.010641557590225278,0.0001019900886565837,0.9905068519538419,1.0278263752705383,15.257920077109096,0.1535081309780295,0.6553973247639852,0.5570877260493874
ceiling_now,28,cct_region,2014,1.0,pvgis,365,0.515310481749955,69.834654076896,10.0,188.158732561793,0.29,1333,0.25937629937629936,0.793969849246231,0.2670667666916729,0.1800703140124452,0.8476430976430976,0.6620689655172414,0.0,0.0,0.024756189047261814,0.9752438109527382,0.0,0.0,0.0,0.0,0.1674012474012474,0.18985446985446985,0.28324324324324324,0.33409626288098127,0.7406683308831898,0.0,22.297233232776282,0.31588850837138505,0.9773021308980213,72.32488130749718,73.40660068670357,12.369027358759634,1.093150684931507,0.0,0,nan,0.011620331520182927,0.00012204729260070962,0.9896062548699384,1.0619701580891832,13.960049700536842,0.1619211597351512,0.71632982793861,0.6088803537478185
ceiling_now,40,cct_region,2014,1.0,pvgis,365,0.4926895242489614,66.769071679648,10.0,196.7977039286174,0.28,1079,0.21334288345441524,0.5881642512077294,0.23076923076923078,0.16617097480353327,0.9503105590062112,0.6017699115044248,0.0,0.0,0.006487488415199258,0.9935125115848007,0.0,0.0,0.0,0.0,0.16351171595211297,0.1324056072853781,0.24823493297861457,0.3408171448804704,0.750652109613453,0.0,22.297233232776282,0.31588850837138505,0.9773021308980213,69.14998360162295,70.26472930304213,12.920768253390492,0.4657534246575342,0.0,0,nan,0.011716342140181895,0.00012155443358186253,0.9897317540473142,0.9859433046719075,13.847408685111708,0.1627212958841141,0.7221567751337968,0.6138332588637273
ceiling_now,40,cct_region,2012,1.0,pvgis,365,0.4926895242489614,66.769071679648,10.0,196.7977039286174,0.28,1079,0.20392919267369283,0.47705314009661826,0.2205746061167748,0.17206517780662534,0.8985507246376812,0.4247787610619469,0.06672845227062095,0.0,0.03429101019462465,0.8989805375347544,0.0,0.0,0.0,0.0,0.16351171595211297,0.1324056072853781,0.24823493297861457,0.31403995643546134,0.7484547144784918,0.0,20.729461989872192,0.31588850837138505,0.9773021308980213,63.80366421300925,70.00199330461525,11.491471419206096,0.43561643835616437,0.012747336377473363,0,nan,0.010193454751247015,0.00010779636690782022,0.9895356043968445,0.970804736436549,15.913037159155532,0.14975574309454676,0.6284155500916757,0.5341532175779243
ceiling_now,40,cct_region,2011,1.0,pvgis,365,0.4926895242489614,66.769071679648,10.0,196.7977039286174,0.29,1079,0.21436611071318942,0.6002415458937199,0.23169601482854496,0.16747314222190782,0.9503105590062112,0.6017699115044248,0.0,0.0,0.030583873957367932,0.969416126042632,0.0,0.0,0.0,0.0,0.16351171595211297,0.1324056072853781,0.24823493297861457,0.3282135422238639,0.7408841465127158,0.0,19.639202912676332,0.31588850837138505,0.9773021308980213,67.45605344117615,70.21558719572405,11.803010999878092,0.4575342465753425,0.0,0,nan,0.009627855480606014,0.00010261145708788398,0.989454621474496,0.9934384901897486,16.846487725473953,0.14488858709870733,0.5935955412758693,0.5045562100844889
ceiling_now,40,cct_region,2013,1.0,pvgis,365,0.4926895242489614,66.769071679648,10.0,196.7977039286174,0.29,1079,0.21743579248951192,0.6364734299516907,0.2344763670064875,0.17082708493326001,0.9503105590062112,0.6017699115044248,0.0,0.0,0.042632066728452274,0.9573679332715477,0.0,0.0,0.0,0.0,0.16351171595211297,0.1324056072853781,0.24823493297861457,0.3297488445185476,0.7469398687377311,0.0,20.64649507784094,0.31588850837138505,0.9773021308980213,67.6132638699357,70.1978162012651,12.102653141195576,0.4547945205479452,0.0,0,nan,0.01033585066339222,0.00011020372635602958,0.9894502055757834,0.9910916582719711,15.692450538058223,0.15098606899212996,0.6372491011360801,0.5416617359656681
ceiling_now,40,cct_region,2015,1.0,pvgis,365,0.4926895242489614,66.769071679648,10.0,196.7977039286174,0.28,1079,0.22060779699171187,0.6739130434782609,0.2381835032437442,0.18168429739659142,0.9296066252587992,0.4424778761061947,0.03429101019462465,0.0,0.06580166821130677,0.8999073215940686,0.0,0.0,0.0,0.0,0.16351171595211297,0.1324056072853781,0.24823493297861457,0.30153385958586054,0.7473540955222674,0.0,21.709066091403,0.31588850837138505,0.9773021308980213,65.82239327249897,70.04375562135517,12.244908152480408,0.4383561643835616,0.0,0,nan,0.010845870451349772,0.00010257896972898595,0.9906307308200655,0.9649955822543019,14.97236599672201,0.15524086007396087,0.667897111397715,0.5677125446880578
ceiling_now,46,cct_region,2011,1.0,pvgis,365,0.6498872575545345,88.072440650112,10.0,149.1953658034943,0.34,6276,0.15284743712873047,nan,0.15471637985978332,0.10005489596725405,0.9115315315315315,0.8292011019283747,0.0,0.0,0.18435309114085405,0.8156469088591459,0.0,0.0,0.0,0.0,0.20872905773129866,0.1088997972468253,0.14310105645075233,0.25614946111667125,0.7152364630529483,0.0,19.639202912676332,0.31588850837138505,0.9773021308980213,88.97861111044423,89.35992426314962,12.63565318610839,3.164383561643836,0.0,0,nan,0.008862339596675536,9.660832135098215e-05,0.9892165550871667,1.4088929179486682,18.29725915686534,0.13826504419669727,0.5465299427782268,0.4645504513614927
ceiling_now,46,cct_region,2012,1.0,pvgis,365,0.6498872575545345,88.072440650112,10.0,149.1953658034943,0.34,6276,0.13746309536513354,nan,0.13734862970044615,0.09636729908651526,0.8425225225225226,0.8016528925619835,0.08460803059273422,0.0,0.15152963671128106,0.7638623326959847,0.0,0.0,0.0,0.0,0.20872905773129866,0.1088997972468253,0.14310105645075233,0.24126839704586092,0.7263599409348419,0.0,20.729461989872192,0.31588850837138505,0.9773021308980213,84.16088899095479,87.75894071810781,12.189183844764406,2.956164383561644,0.0007229832572298326,0,nan,0.009372429226682038,0.00010751408960772451,0.9886587834947305,1.3742046335586477,17.29168480863308,0.14274348961770056,0.5783126462614783,0.4915657493222565
ceiling_now,46,cct_region,2013,1.0,pvgis,365,0.6498872575545345,88.072440650112,10.0,149.1953658034943,0.34,6276,0.15179810052288975,nan,0.15248565965583175,0.09919137246974441,0.9126126126126126,0.8415977961432507,0.0,0.0,0.19136392606755895,0.8086360739324411,0.0,0.0,0.0,0.0,0.20872905773129866,0.1088997972468253,0.14310105645075233,0.25931523719355815,0.723153264112885,0.0,20.64649507784094,0.31588850837138505,0.9773021308980213,89.18598116679111,89.09576620675892,13.189672598800605,3.1041095890410957,0.0,0,nan,0.009528022295527365,0.00010281054169433709,0.9893248545134135,1.4018208983106974,17.02077012441212,0.1440361236507679,0.587517481694759,0.49938985944054515
ceiling_now,46,cct_region,2014,1.0,pvgis,365,0.6498872575545345,88.072440650112,10.0,149.1953658034943,0.33,6276,0.13556006118165972,nan,0.13894200127469725,0.09216588442969267,0.9147747747747748,0.8319559228650137,0.0,0.0,0.07966857871255577,0.9203314212874443,0.0,0.0,0.0,0.0,0.20872905773129866,0.1088997972468253,0.14310105645075233,0.27450262626223915,0.727703006510502,0.0,22.297233232776282,0.31588850837138505,0.9773021308980213,91.21300736260577,91.13382486583804,13.144294675874567,3.4767123287671233,0.0,0,nan,0.010886284246308473,0.00012928821189834598,0.9882631418032184,1.4416217475364115,14.881132365196654,0.15580770565114388,0.6719918722978074,0.5711930914531362
ceiling_now,7,cct_region,2012,1.0,pvgis,365,0.5185664617347002,70.275903079136,10.0,186.97731973936163,0.3,1853,0.22609573583561,nan,0.21856449001618997,0.15906929921790225,0.9345345345345345,0.7978723404255319,0.06098219104155424,0.0,0.0652995143011333,0.8737182946573124,0.0,0.0,0.0,0.0,0.45064734529041467,0.20602209288514078,0.22146335669319397,0.3073652262791387,0.7451012300026122,0.0,20.729461989872192,0.31588850837138505,0.9773021308980213,67.1547470936892,73.16914872555881,10.818719076067726,0.9232876712328767,0.002987062404870624,0,nan,0.0101208780487769,0.00010615384936938395,0.9896202680869095,1.037573793724217,16.028520636442202,0.14912444350602627,0.6238878950103575,0.5303047107588038
ceiling_now,7,cct_region,2013,1.0,pvgis,365,0.5185664617347002,70.275903079136,10.0,186.97731973936163,0.3,1853,0.24165577859603282,nan,0.23367512142471666,0.1590553448175639,0.9963963963963964,0.8457446808510638,0.0,0.0,0.07555315704263357,0.9244468429573665,0.0,0.0,0.0,0.0,0.45064734529041467,0.20602209288514078,0.22146335669319397,0.3203334495155658,0.7432957130843583,0.0,20.64649507784094,0.31588850837138505,0.9773021308980213,71.1644337573732,73.54241721020725,11.658506495794215,0.9863013698630136,0.0,0,nan,0.010224379214865334,0.00010701239818350964,0.9896420151135933,1.047867689812888,15.866612937404234,0.1500119801894717,0.6302542350690249,0.5357160998086712
ceiling_now,7,cct_region,2011,1.0,pvgis,365,0.5185664617347002,70.275903079136,10.0,186.97731973936163,0.32,1853,0.22763986221641527,nan,0.22288181327576903,0.16184226834221271,0.9963963963963964,0.824468085106383,0.0,0.0,0.04479222881813276,0.9552077711818673,0.0,0.0,0.0,0.0,0.45064734529041467,0.20602209288514078,0.22146335669319397,0.3267237927837905,0.7369326650957628,0.0,19.639202912676332,0.31588850837138505,0.9773021308980213,70.99896635492783,73.74954199141155,10.885885139025437,1.0246575342465754,0.0,0,nan,0.009611788400621107,0.00010881738505894981,0.9888054934581078,1.0532620687189025,16.86357778961429,0.14480425383149276,0.5929939734472398,0.5040448774301538
ceiling_now,7,cct_region,2015,1.0,pvgis,365,0.5185664617347002,70.275903079136,10.0,186.97731973936163,0.3,1853,0.24183394702458727,nan,0.23529411764705882,0.14345844898307802,0.9471471471471471,0.7978723404255319,0.040474905558553695,0.0,0.09552077711818673,0.8640043173232596,0.0,0.0,0.0,0.0,0.45064734529041467,0.20602209288514078,0.22146335669319397,0.29203169769363574,0.7438070646392378,0.0,21.709066091403,0.31588850837138505,0.9773021308980213,69.27950342411204,73.06311166608648,11.79440842909209,0.9068493150684932,0.0,0,nan,0.01071510243347773,0.00010900489689257513,0.9899294331102271,1.0211926046697382,15.144361269317008,0.15418979924089682,0.6603117703128452,0.5612650047659183
ceiling_now,78,cct_region,2012,1.0,pvgis,365,0.5371243038945545,72.79085383900801,10.0,180.51718460483815,0.3,2359,0.17926506793106592,0.786846741045214,0.17507418397626112,0.11855241348636136,0.8901149425287357,0.7228260869565217,0.08859686307757525,0.0,0.10046629927935566,0.8109368376430691,0.0,0.0,0.0,0.0,0.11817269991793561,0.24591957691255584,0.19581471687790647,0.3008250579536096,0.7399045194987807,0.0,20.729461989872192,0.31588850837138505,0.9773021308980213,69.55800162095082,74.99191330330267,11.407789487186765,1.2684931506849315,0.004956240487062405,0,nan,0.010059860115498006,0.00010987475176959007,0.9891959079362792,1.0707497189115922,16.118826495329618,0.1486367600826235,0.6203925579134107,0.5273336742263991
ceiling_now,78,cct_region,2013,1.0,pvgis,365,0.5371243038945545,72.79085383900801,10.0,180.51718460483815,0.3,2359,0.217425002279566,1.2783323546682324,0.20941076727426874,0.13215320352930818,0.9806896551724138,0.8967391304347826,0.0,0.0,0.10852055955913523,0.8914794404408648,0.0,0.0,0.0,0.0,0.11817269991793561,0.24591957691255584,0.19581471687790647,0.30986988855574626,0.7379251716770189,0.0,20.64649507784094,0.31588850837138505,0.9773021308980213,73.71118220046938,75.78562531752937,12.429419593053398,1.3835616438356164,0.0,0,nan,0.010121497403708019,0.00010687160416026751,0.989551452037167,1.0776707198525917,16.026425298392137,0.14913582095915068,0.623969463795726,0.5303740442263671
ceiling_now,78,cct_region,2014,1.0,pvgis,365,0.5371243038945545,72.79085383900801,10.0,180.51718460483815,0.31,2359,0.2173338196407404,1.2771579565472688,0.20856295040271303,0.12499132025458487,0.9802298850574712,0.907608695652174,0.0,0.0,0.06316235693090293,0.9368376430690971,0.0,0.0,0.0,0.0,0.11817269991793561,0.24591957691255584,0.19581471687790647,0.32963324355885365,0.7418895454662762,0.0,22.297233232776282,0.31588850837138505,0.9773021308980213,75.38649591334313,76.17322797224953,12.829086395429892,1.4547945205479451,0.0,0,nan,0.01158753138316509,0.00011864070706414789,0.9898651150735112,1.087941510273576,14.003227576486132,0.16161766219044382,0.7141210799710024,0.607002917975352
ceiling_now,7,cct_region,2014,1.0,pvgis,365,0.5185664617347002,70.275903079136,10.0,186.97731973936163,0.33,1853,0.21861266183632266,nan,0.21370750134916353,0.1649266385810695,0.996996996996997,0.8351063829787234,0.0,0.0,0.032379924446842956,0.967620075553157,0.0,0.0,0.0,0.0,0.45064734529041467,0.20602209288514078,0.22146335669319397,0.34032904989847074,0.7471364119587437,0.0,22.297233232776282,0.31588850837138505,0.9773021308980213,72.78186476558025,73.87130990848101,12.006805509613574,1.0465753424657533,0.0,0,nan,0.011703212543538814,0.00011990712422092143,0.9898582499720532,1.0528259797371335,13.864715611057585,0.16259756223643862,0.7212553275903227,0.6130670284517744
ceiling_now,46,cct_region,2015,1.0,pvgis,365,0.6498872575545345,88.072440650112,10.0,149.1953658034943,0.36,6276,0.1667555934976701,nan,0.17033142128744425,0.10472263022804082,0.8897297297297297,0.7988980716253443,0.0,0.0,0.3424155513065647,0.6575844486934354,0.0,0.0,0.0,0.0,0.20872905773129866,0.1088997972468253,0.14310105645075233,0.24940986175595767,0.7240906103023039,0.0,21.709066091403,0.31588850837138505,0.9773021308980213,86.82371461976584,86.56318135392306,13.422987859595247,2.643835616438356,0.0,0,nan,0.010166019642928896,9.623314398634655e-05,0.9906226102606781,1.3512726731896074,15.973509445996095,0.14942408671759866,0.6260365033625463,0.5321310278581645
ceiling_now,78,cct_region,2015,1.0,pvgis,365,0.5371243038945545,72.79085383900801,10.0,180.51718460483815,0.31,2359,0.18642290507887296,0.8790369935408099,0.18440016956337432,0.10308620548362804,0.8804597701149425,0.75,0.07842306061890632,0.0,0.11275964391691394,0.8088172954641797,0.0,0.0,0.0,0.0,0.11817269991793561,0.24591957691255584,0.19581471687790647,0.2816770135044939,0.7384241189705718,0.0,21.709066091403,0.31588850837138505,0.9773021308980213,71.758796213616,74.91737093486644,12.591508788551982,1.263013698630137,0.0,0,nan,0.010598790809112855,9.902522403532723e-05,0.9907434168125074,1.0553290688081276,15.323145520642338,0.15312092044749925,0.6526075202071699,0.5547163921760945
ceiling_now,78,cct_region,2011,1.0,pvgis,365,0.5371243038945545,72.79085383900801,10.0,180.51718460483815,0.33,2359,0.22690799671742498,1.4004697592483843,0.2174650275540483,0.13050703116611054,0.9802298850574712,0.907608695652174,0.0,0.0,0.08435777871979652,0.9156422212802034,0.0,0.0,0.0,0.0,0.11817269991793561,0.24591957691255584,0.19581471687790647,0.3155111192327335,0.7313492326692641,0.0,19.639202912676332,0.31588850837138505,0.9773021308980213,73.53979324666396,75.95683300685984,11.68563360684409,1.4164383561643836,0.0,0,nan,0.009508812546066489,9.874964656466896e-05,0.9897216750113356,1.0843034415681647,17.06199642972049,0.14383689800760424,0.5860978837494587,0.49818320118703985
ceiling_now,0,cct_region,2011,2.0,pvgis,365,1.2648912659894127,85.70875921763201,10.0,153.30988477659398,0.29,1861,0.7855636503067484,0.9874902267396404,0.8710370768404084,0.5181909848807477,0.9911991199119912,0.18604651162790697,0.0,0.0,0.0,1.0,0.0,0.0,0.0,0.0,0.543424079754601,0.5286618098159508,0.788631134969325,0.37416096047191955,0.7178327217409197,0.0,19.639202912676332,0.31588850837138505,0.9773021308980213,173.18121988878173,90.30738721298859,84.9127898773149,4.67945205479452,0.0,0,nan,0.010055127845664539,6.550992160873819e-05,0.9935270955136271,1.3226697035115593,16.197021926727366,0.14821864698719145,0.6173974478295046,0.524787830655079
ceiling_now,0,cct_region,2012,2.0,pvgis,365,1.2648912659894127,85.70875921763201,10.0,153.30988477659398,0.31,1861,0.7759777607361963,0.9483971853010168,0.8656636217087588,0.5124873246483688,0.9922992299229924,0.18604651162790697,0.0,0.0,0.0,1.0,0.0,0.0,0.0,0.0,0.543424079754601,0.5286618098159508,0.788631134969325,0.37643450779762605,0.7417100234223856,0.0,20.729461989872192,0.31588850837138505,0.9773021308980213,163.8043709660343,90.29687164178868,77.68488839700721,4.67945205479452,0.0,0,nan,0.010760474787370349,7.329687713653937e-05,0.9932344081630711,1.3524780343687177,15.130851646618268,0.1542715385747535,0.6609013315013892,0.5617661317761808
ceiling_now,0,cct_region,2013,2.0,pvgis,365,1.2648912659894127,85.70875921763201,10.0,153.30988477659398,0.3,1861,0.7879601226993863,0.9972634870992961,0.8742611499193982,0.5200416283492392,0.9917491749174917,0.18604651162790697,0.0,0.0,0.0,1.0,0.0,0.0,0.0,0.0,0.543424079754601,0.5286618098159508,0.788631134969325,0.37921562824809324,0.7334140801540462,0.0,20.64649507784094,0.31588850837138505,0.9773021308980213,173.58482923801856,90.31679588195713,84.37788420535763,4.67945205479452,0.0,0,nan,0.010823353055521517,7.155279170320872e-05,0.9934324543317246,1.3272813640307162,15.045948457714024,0.1547884179890866,0.6646307494741565,0.564936137053033
ceiling_now,0,cct_region,2014,2.0,pvgis,365,1.2648912659894127,85.70875921763201,10.0,153.30988477659398,0.3,1861,0.7847967791411042,0.9843627834245507,0.8721117678667383,0.5189449271361054,0.9922992299229924,0.18604651162790697,0.0,0.0,0.0,1.0,0.0,0.0,0.0,0.0,0.543424079754601,0.5286618098159508,0.788631134969325,0.3812239876348875,0.7421516746273905,0.0,22.297233232776282,0.31588850837138505,0.9773021308980213,177.53007928133889,90.3174876958519,89.82770841147327,4.67945205479452,0.0,0,nan,0.012155400278584519,7.555329788268494e-05,0.9938227794414941,1.3052683216648473,13.402404874169946,0.1660058321642437,0.7461347492398697,0.6342145368538892
ceiling_now,0,cct_region,2015,2.0,pvgis,365,1.2648912659894127,85.70875921763201,10.0,153.30988477659398,0.3,1861,0.788631134969325,1.0,0.8742611499193982,0.5208823463821562,0.9922992299229924,0.18604651162790697,0.0,0.0,0.0,1.0,0.0,0.0,0.0,0.0,0.543424079754601,0.5286618098159508,0.788631134969325,0.3801237636440923,0.7355782407254425,0.0,21.709066091403,0.31588850837138505,0.9773021308980213,168.98709280214536,90.31970150031508,80.72301881552697,4.67945205479452,0.0,0,nan,0.011644921746550891,7.744923023257265e-05,0.9933930405046928,1.328245797076691,13.983876824376873,0.16175346057581663,0.7151092737435925,0.6078428826820537
ceiling_now,100,cct_region,2011,2.0,pvgis,365,1.2210563483151788,82.73851465568,10.0,158.8135834282582,0.32,4890,0.45668591737005776,0.9926838190464577,0.4539877300613497,0.3031673970939882,0.9611382459120833,0.6243093922651933,0.0,0.0,0.0,1.0,0.0,0.0,0.0,0.0,0.11224640900340586,0.169427344460663,0.4592244716633877,0.3737269983753011,0.7588232243839795,0.0,19.639202912676332,0.31588850837138505,0.9773021308980213,167.17960953643777,87.35374147591902,80.7883193506667,2.863013698630137,0.0,0,nan,0.010060015724925667,6.584872983201089e-05,0.9934969769616981,1.4144594319151427,16.188661477882015,0.14826316750028934,0.6177162956716736,0.5250588513209226
ceiling_now,105,cct_region,2012,2.0,pvgis,365,1.058529353339236,71.725720549728,10.0,183.19788075032216,0.29,2169,0.3780172413793103,0.9966107439417048,0.3775933609958506,0.24200021981735206,0.9206349206349206,0.6333333333333333,0.0,0.0,0.0,1.0,0.0,0.0,0.0,0.0,0.096360153256705,0.25373563218390804,0.3789750957854406,0.3905697329591953,0.7789824112701895,0.0,20.729461989872192,0.31588850837138505,0.9773021308980213,137.0803479595446,75.61684112724261,64.07652942458121,1.3068493150684932,0.0,0,nan,0.010887732095189095,6.30497223055946e-05,0.9942424455754504,1.1896098681788638,14.969177046985747,0.1552605632596602,0.668039396461921,0.5678334869926328
ceiling_now,105,cct_region,2015,2.0,pvgis,365,1.058529353339236,71.725720549728,10.0,183.19788075032216,0.29,2169,0.3780172413793103,0.9966107439417048,0.3775933609958506,0.24200021981735206,0.9206349206349206,0.6333333333333333,0.0,0.0,0.0,1.0,0.0,0.0,0.0,0.0,0.096360153256705,0.25373563218390804,0.3789750957854406,0.39194163364685614,0.7738770848424144,0.0,21.709066091403,0.31588850837138505,0.9773021308980213,141.41752961398848,75.61684112724261,68.0277399937251,1.3068493150684932,0.0,0,nan,0.011789663984448931,6.634799099778688e-05,0.9944038525656695,1.154690187864505,13.826250527451407,0.16287295929059853,0.7232618836282073,0.6147726010839762
ceiling_now,105,cct_region,2011,2.0,pvgis,365,1.058529353339236,71.725720549728,10.0,183.19788075032216,0.31,2169,0.3780172413793103,0.9966107439417048,0.3775933609958506,0.24200021981735206,0.9206349206349206,0.6333333333333333,0.0,0.0,0.0,1.0,0.0,0.0,0.0,0.0,0.096360153256705,0.25373563218390804,0.3789750957854406,0.38777995357208184,0.7585887987597056,0.0,19.639202912676332,0.31588850837138505,0.9773021308980213,144.92740176838876,75.61684112724261,71.36217403487159,1.3068493150684932,0.0,0,nan,0.01017844145847446,5.5731555044437365e-05,0.9945543665354476,1.1483770278112457,16.0173363898044,0.1491852054140228,0.6243235302447262,0.5306750007080172
ceiling_now,100,cct_region,2013,2.0,pvgis,365,1.2210563483151788,82.73851465568,10.0,158.8135834282582,0.33,4890,0.45795519451672273,0.9963419095232289,0.45521472392638035,0.3046971387013567,0.961350605224039,0.6243093922651933,0.0,0.0,0.0,1.0,0.0,0.0,0.0,0.0,0.11224640900340586,0.169427344460663,0.4592244716633877,0.37689401981964604,0.7738452798964812,0.0,20.64649507784094,0.31588850837138505,0.9773021308980213,167.56923176831125,87.35415656425587,81.15791078450914,2.863013698630137,0.0,0,nan,0.010798446199675479,6.983251654239246e-05,0.9935746479855925,1.418153341057722,15.082810821218569,0.15456332891256597,0.663006393074423,0.5635554341132595
ceiling_now,100,cct_region,2012,2.0,pvgis,365,1.2210563483151788,82.73851465568,10.0,158.8135834282582,0.33,4890,0.4577436483256119,0.9957322277771002,0.4550102249488753,0.305788059245898,0.9609258866001275,0.6243093922651933,0.0,0.0,0.0,1.0,0.0,0.0,0.0,0.0,0.11224640900340586,0.169427344460663,0.4592244716633877,0.3759494809035545,0.7831451555207867,0.0,20.729461989872192,0.31588850837138505,0.9773021308980213,158.12771613486893,87.35042076922424,72.35143887030692,2.863013698630137,0.0,0,nan,0.010754359505625933,7.234506897589681e-05,0.9933179049564527,1.4606118683463238,15.140728252023903,0.15421176707925233,0.6604702121024643,0.5613996802870946
ceiling_now,100,cct_region,2014,2.0,pvgis,365,1.2210563483151788,82.73851465568,10.0,158.8135834282582,0.33,4890,0.4592244716633877,1.0,0.456441717791411,0.3055154085227046,0.9611382459120833,0.6243093922651933,0.0,0.0,0.0,1.0,0.0,0.0,0.0,0.0,0.11224640900340586,0.169427344460663,0.4592244716633877,0.3795594216261952,0.7816140023902353,0.0,22.297233232776282,0.31588850837138505,0.9773021308980213,171.37775882562494,87.35581691760325,85.04094817748172,2.863013698630137,0.0,0,nan,0.012138535028057097,7.507234396550406e-05,0.9938533848617509,1.4128365236191909,13.421439451581465,0.16586115283084502,0.7450765647064546,0.6333150800004863
ceiling_now,105,cct_region,2014,2.0,pvgis,365,1.058529353339236,71.725720549728,10.0,183.19788075032216,0.31,2169,0.3780172413793103,0.9966107439417048,0.3775933609958506,0.24200021981735206,0.9206349206349206,0.6333333333333333,0.0,0.0,0.0,1.0,0.0,0.0,0.0,0.0,0.096360153256705,0.25373563218390804,0.3789750957854406,0.3938009858309268,0.7783195753613246,0.0,22.297233232776282,0.31588850837138505,0.9773021308980213,148.56676227655393,75.61684112724261,75.06783696375909,1.3068493150684932,0.0,0,nan,0.012291103138941722,6.606933849514867e-05,0.994653361145862,1.1410975699526422,13.26550973762823,0.16705782940697622,0.7538345828984271,0.6407593954636629
ceiling_now,105,cct_region,2013,2.0,pvgis,365,1.058529353339236,71.725720549728,10.0,183.19788075032216,0.31,2169,0.37667624521072796,0.9918657854600915,0.3771323190410327,0.2428059864539567,0.9191919191919192,0.6111111111111112,0.0,0.0,0.0,1.0,0.0,0.0,0.0,0.0,0.096360153256705,0.25373563218390804,0.3789750957854406,0.390971178164081,0.7713502059632347,0.0,20.64649507784094,0.31588850837138505,0.9773021308980213,145.26516387880858,75.6160109505689,71.68371019353704,1.3068493150684932,0.0,0,nan,0.010937242870074745,6.093239727920044e-05,0.9944597721169195,1.152075882936072,14.904671715458937,0.1556608251567374,0.6709305773993081,0.5702909907894118
ceiling_now,100,cct_region,2015,2.0,pvgis,365,1.2210563483151788,82.73851465568,10.0,158.8135834282582,0.33,4890,0.4592244716633877,1.0,0.456441717791411,0.3055154085227046,0.9611382459120833,0.6243093922651933,0.0,0.0,0.0,1.0,0.0,0.0,0.0,0.0,0.11224640900340586,0.169427344460663,0.4592244716633877,0.3780092436964152,0.7767273016548474,0.0,21.709066091403,0.31588850837138505,0.9773021308980213,163.13083029155143,87.35581691760325,76.93985917135997,2.863013698630137,0.0,0,nan,0.011617217589130743,7.675768349379543e-05,0.993436134273904,1.4184909033000848,14.017832944519306,0.16151539939152204,0.7133770276460458,0.606370473499139
ceiling_now,130,cct_region,2011,2.0,pvgis,365,1.0106128730967532,68.47891018896,10.0,191.883894818735,0.28,1455,0.373250846958315,0.9965963240299526,0.35945017182130584,0.24853012374506803,0.9992576095025983,0.8333333333333334,0.0,0.0,0.0,1.0,0.0,0.0,0.0,0.0,0.15760789512446605,0.3132272794225954,0.3739873324495508,0.39809694506975873,0.7666544524720528,0.0,19.639202912676332,0.31588850837138505,0.9773021308980213,138.36696869062587,72.15996664634797,68.58673452837023,0.7835616438356164,0.0,0,nan,0.010278336951964727,5.200113544584343e-05,0.9949661729358872,1.078858894385262,15.868231072588259,0.1500030250297798,0.6301899659927819,0.5356614710938645
ceiling_now,130,cct_region,2012,2.0,pvgis,365,1.0106128730967532,68.47891018896,10.0,191.883894818735,0.29,1455,0.373250846958315,0.9965963240299526,0.35945017182130584,0.24853012374506803,0.9992576095025983,0.8333333333333334,0.0,0.0,0.0,1.0,0.0,0.0,0.0,0.0,0.15760789512446605,0.3132272794225954,0.3739873324495508,0.40079862917355413,0.7860390940130646,0.0,20.729461989872192,0.31588850837138505,0.9773021308980213,130.87512770380468,72.15913646967427,61.81404972550831,0.7835616438356164,0.0,0,nan,0.010989583287874076,5.8777286908423475e-05,0.9946799992170259,1.1181212903979068,14.836969767545574,0.15608445863978715,0.6739920722810951,0.5728932614389308
ceiling_now,130,cct_region,2014,2.0,pvgis,365,1.0106128730967532,68.47891018896,10.0,191.883894818735,0.29,1455,0.373250846958315,0.9965963240299526,0.35945017182130584,0.24853012374506803,0.9992576095025983,0.8333333333333334,0.0,0.0,0.0,1.0,0.0,0.0,0.0,0.0,0.15760789512446605,0.3132272794225954,0.3739873324495508,0.40484413545660053,0.7855187212562225,0.0,22.297233232776282,0.31588850837138505,0.9773021308980213,141.84158615663088,72.15996664634797,72.0909746945128,0.7835616438356164,0.0,0,nan,0.012428978689701015,6.163342759885114e-05,0.995065619921582,1.0731655996649607,13.123791715695866,0.16816856592173868,0.7619749091293596,0.6476786727599557
ceiling_now,130,cct_region,2013,2.0,pvgis,365,1.0106128730967532,68.47891018896,10.0,191.883894818735,0.3,1455,0.373250846958315,0.9965963240299526,0.35945017182130584,0.24890100104649415,0.9992576095025983,0.8333333333333334,0.0,0.0,0.0,1.0,0.0,0.0,0.0,0.0,0.15760789512446605,0.3132272794225954,0.3739873324495508,0.40126135750137853,0.778967340118045,0.0,20.64649507784094,0.31588850837138505,0.9773021308980213,138.68944131338083,72.1574761163269,68.89541363299894,0.7835616438356164,0.0,0,nan,0.011051632040584783,5.585557897803281e-05,0.9949713579802099,1.0831202831744813,14.757990055310307,0.15658329962661,0.6775990471955726,0.5759591901162368
ceiling_now,130,cct_region,2015,2.0,pvgis,365,1.0106128730967532,68.47891018896,10.0,191.883894818735,0.29,1455,0.373250846958315,0.9965963240299526,0.35945017182130584,0.24853012374506803,0.9992576095025983,0.8333333333333334,0.0,0.0,0.0,1.0,0.0,0.0,0.0,0.0,0.15760789512446605,0.3132272794225954,0.3739873324495508,0.4028330511448418,0.7812316227525155,0.0,21.709066091403,0.31588850837138505,0.9773021308980213,135.01597802515954,72.15996664634797,65.403240413781,0.7835616438356164,0.0,0,nan,0.011917719240859324,6.101063638146686e-05,0.9949067524681907,1.0821366227203448,13.684605422185967,0.16389963857218592,0.7307481430036444,0.6211359215530978
ceiling_now,28,cct_region,2011,2.0,pvgis,365,1.03062096349991,69.834654076896,10.0,188.158732561793,0.29,1333,0.2849064449064449,1.0143575017946878,0.2948237059264816,0.1937191959480037,0.8392255892255892,0.6137931034482759,0.0,0.0,0.0,1.0,0.0,0.0,0.0,0.0,0.1674012474012474,0.18985446985446985,0.28324324324324324,0.3971237932443734,0.7616078016156066,0.0,19.639202912676332,0.31588850837138505,0.9773021308980213,141.10635475236165,73.57968263678393,69.76939461083602,1.1178082191780823,0.0,0,nan,0.010265927128350947,5.345378599728683e-05,0.9948200588348315,1.1074819840026187,15.885080044004145,0.14990988145024664,0.6295215367060438,0.5350933062001373
ceiling_now,28,cct_region,2013,2.0,pvgis,365,1.03062096349991,69.834654076896,10.0,188.158732561793,0.3,1333,0.2849064449064449,1.0143575017946878,0.2948237059264816,0.1937191959480037,0.8392255892255892,0.6137931034482759,0.0,0.0,0.0,1.0,0.0,0.0,0.0,0.0,0.1674012474012474,0.18985446985446985,0.28324324324324324,0.4004883160513045,0.7741752821210425,0.0,20.64649507784094,0.31588850837138505,0.9773021308980213,141.43521168068102,73.57968263678393,70.08164509979736,1.1178082191780823,0.0,0,nan,0.01103893676422735,6.0115676451550566e-05,0.9945837109273201,1.111477477376511,14.76920599349502,0.15651215206696212,0.6770844691586277,0.5755217987848336
ceiling_now,28,cct_region,2014,2.0,pvgis,365,1.03062096349991,69.834654076896,10.0,188.158732561793,0.3,1333,0.2849064449064449,1.0143575017946878,0.2948237059264816,0.1937191959480037,0.8392255892255892,0.6137931034482759,0.0,0.0,0.0,1.0,0.0,0.0,0.0,0.0,0.1674012474012474,0.18985446985446985,0.28324324324324324,0.4036386413200955,0.7809133782329407,0.0,22.297233232776282,0.31588850837138505,0.9773021308980213,144.64976261499436,73.57968263678393,73.31544680766254,1.1178082191780823,0.0,0,nan,0.012407869348764996,6.43498382521889e-05,0.994840546234212,1.1035810650116515,13.143145527752223,0.16801555332427498,0.76085287033341,0.6467249397833984
ceiling_now,40,cct_region,2011,2.0,pvgis,365,0.9853790484979228,66.769071679648,10.0,196.7977039286174,0.29,1079,0.24823493297861457,1.0,0.2632066728452271,0.2090106918990431,0.9409937888198758,0.5929203539823009,0.0,0.0,0.0,1.0,0.0,0.0,0.0,0.0,0.16351171595211297,0.1324056072853781,0.24823493297861457,0.4047588258407546,0.7707573159689489,0.0,19.639202912676332,0.31588850837138505,0.9773021308980213,134.9121068823523,70.34118681115211,67.1234469577976,0.4712328767123288,0.0,0,nan,0.010342303634487517,5.090957263251284e-05,0.9951016522399795,1.0419891787941358,15.772234107224087,0.15053730923421393,0.6340255877523239,0.5389217495894754
ceiling_now,40,cct_region,2012,2.0,pvgis,365,0.9853790484979228,66.769071679648,10.0,196.7977039286174,0.29,1079,0.24823493297861457,1.0,0.2632066728452271,0.20657008218426237,0.9409937888198758,0.5929203539823009,0.0,0.0,0.0,1.0,0.0,0.0,0.0,0.0,0.16351171595211297,0.1324056072853781,0.24823493297861457,0.40691239722207234,0.7895770443932743,0.0,20.729461989872192,0.31588850837138505,0.9773021308980213,127.6073284260185,70.33911136946787,60.294135471679155,0.4712328767123288,0.0,0,nan,0.011050301723054348,5.73050803042027e-05,0.9948409156608896,1.0847720235456726,14.75783170317349,0.1565843048540182,0.677606317861019,0.5759653701818662
ceiling_now,28,cct_region,2015,2.0,pvgis,365,1.03062096349991,69.834654076896,10.0,188.158732561793,0.3,1333,0.2849064449064449,1.0143575017946878,0.2948237059264816,0.1937191959480037,0.8392255892255892,0.6137931034482759,0.0,0.0,0.0,1.0,0.0,0.0,0.0,0.0,0.1674012474012474,0.18985446985446985,0.28324324324324324,0.4016585355995611,0.7764792007519412,0.0,21.709066091403,0.31588850837138505,0.9773021308980213,137.68902125081976,73.57968263678393,66.52287375303186,1.1178082191780823,0.0,0,nan,0.011909081186296055,6.335466010752427e-05,0.9947082898651276,1.1141613010790183,13.691799557918019,0.16384701228033416,0.7303641831520212,0.620809555679218
ceiling_now,40,cct_region,2015,2.0,pvgis,365,0.9853790484979228,66.769071679648,10.0,196.7977039286174,0.29,1079,0.24823493297861457,1.0,0.2632066728452271,0.2090106918990431,0.9409937888198758,0.5929203539823009,0.0,0.0,0.0,1.0,0.0,0.0,0.0,0.0,0.16351171595211297,0.1324056072853781,0.24823493297861457,0.4094847146752824,0.7849654161957372,0.0,21.709066091403,0.31588850837138505,0.9773021308980213,131.64478654499794,70.34118681115211,64.01944097782255,0.4712328767123288,0.0,0,nan,0.012002112611417606,6.13074363406061e-05,0.9949179058593753,1.0463531060977487,13.588533863533417,0.16460743645138887,0.735914565944181,0.6255273810525539
ceiling_now,40,cct_region,2013,2.0,pvgis,365,0.9853790484979228,66.769071679648,10.0,196.7977039286174,0.29,1079,0.24823493297861457,1.0,0.2632066728452271,0.2090106918990431,0.9409937888198758,0.5929203539823009,0.0,0.0,0.0,1.0,0.0,0.0,0.0,0.0,0.16351171595211297,0.1324056072853781,0.24823493297861457,0.40822625845144067,0.7826903474608541,0.0,20.64649507784094,0.31588850837138505,0.9773021308980213,135.2265277398714,70.34118681115211,67.42199036085654,0.4712328767123288,0.0,0,nan,0.011125715498946854,5.5740543653096375e-05,0.9950149118826088,1.0432669873502927,14.660361870981712,0.15720693808985875,0.6821114027064847,0.579794692300512
ceiling_now,28,cct_region,2012,2.0,pvgis,365,1.03062096349991,69.834654076896,10.0,188.158732561793,0.31,1333,0.283991683991684,1.0064608758076097,0.2933233308327082,0.19325683838612354,0.8392255892255892,0.6206896551724138,0.0,0.0,0.0,1.0,0.0,0.0,0.0,0.0,0.1674012474012474,0.18985446985446985,0.28324324324324324,0.3997150764866031,0.7815234350300366,0.0,20.729461989872192,0.31588850837138505,0.9773021308980213,133.46619047010245,73.57885246011024,62.63286598386778,1.1178082191780823,0.0,0,nan,0.010975274333674612,6.118238450687116e-05,0.9944563381102126,1.150751195941,14.852972834926385,0.155983992870792,0.673265891693093,0.572276007939129
ceiling_now,40,cct_region,2014,2.0,pvgis,365,0.9853790484979228,66.769071679648,10.0,196.7977039286174,0.31,1079,0.24823493297861457,1.0,0.2632066728452271,0.2090106918990431,0.9409937888198758,0.5929203539823009,0.0,0.0,0.0,1.0,0.0,0.0,0.0,0.0,0.16351171595211297,0.1324056072853781,0.24823493297861457,0.4114550281378338,0.7891622049511278,0.0,22.297233232776282,0.31588850837138505,0.9773021308980213,138.2999672032459,70.34118681115211,70.51452706757414,0.4712328767123288,0.0,0,nan,0.012508887672249992,6.075952063779666e-05,0.995166171356649,1.036028714011296,13.041272305697065,0.16882574620876956,0.7667963497420042,0.6517768972807034
ceiling_now,46,cct_region,2011,2.0,pvgis,365,1.299774515109069,88.072440650112,10.0,149.1953658034943,0.35,6276,0.1436879735353751,nan,0.14292543021032506,0.11841430660112068,0.9542342342342343,0.8636363636363636,0.0,0.0,0.0,1.0,0.0,0.0,0.0,0.0,0.20872905773129866,0.1088997972468253,0.14310105645075233,0.3762430821975437,0.7538578902953836,0.0,19.639202912676332,0.31588850837138505,0.9773021308980213,177.95722222088847,93.03786189809637,85.35109994337164,3.734246575342466,0.0,0,nan,0.010078335822073481,6.976438674432032e-05,0.9931253746702559,1.5171457491264437,16.1531901002076,0.14845254377934836,0.619072761353281,0.5262118471502889
ceiling_now,46,cct_region,2013,2.0,pvgis,365,1.299774515109069,88.072440650112,10.0,149.1953658034943,0.34,6276,0.1436879735353751,nan,0.14292543021032506,0.11861284906048845,0.9545945945945946,0.8636363636363636,0.0,0.0,0.0,1.0,0.0,0.0,0.0,0.0,0.20872905773129866,0.1088997972468253,0.14310105645075233,0.3799903626502219,0.7695666267807956,0.0,20.64649507784094,0.31588850837138505,0.9773021308980213,178.37196233358222,93.0391071631069,85.74289527586876,3.734246575342466,0.0,0,nan,0.010828223824807947,7.6046418337469e-05,0.9930259965461447,1.5115378626379838,15.033027261226906,0.15486756445173044,0.6652020132892289,0.5654217112958445
ceiling_now,46,cct_region,2014,2.0,pvgis,365,1.299774515109069,88.072440650112,10.0,149.1953658034943,0.35,6276,0.1436879735353751,nan,0.14292543021032506,0.11868070262200826,0.9547747747747748,0.8636363636363636,0.0,0.0,0.0,1.0,0.0,0.0,0.0,0.0,0.20872905773129866,0.1088997972468253,0.14310105645075233,0.38299485277079187,0.7778639357722011,0.0,22.297233232776282,0.31588850837138505,0.9773021308980213,182.42601472521153,93.03993733978061,89.91024933245932,3.734246575342466,0.0,0,nan,0.012172440113576384,8.02301766301126e-05,0.9934520251724851,1.5051982735394298,13.37865036326116,0.16618692917827982,0.747459551485163,0.6353406187623886
ceiling_now,46,cct_region,2012,2.0,pvgis,365,1.299774515109069,88.072440650112,10.0,149.1953658034943,0.37,6276,0.14235407107032336,nan,0.14388145315487572,0.11531914821632118,0.9522522522522523,0.8429752066115702,0.0,0.0,0.0,1.0,0.0,0.0,0.0,0.0,0.20872905773129866,0.1088997972468253,0.14310105645075233,0.37989322952760274,0.7794196633365192,0.0,20.729461989872192,0.31588850837138505,0.9773021308980213,168.32177798190958,93.03066703359113,76.38015667046997,3.734246575342466,0.0,0,nan,0.0107872600629636,7.533642555314788e-05,0.9930646024058071,1.555510205628655,15.090700644388358,0.1545152871460086,0.6626597555441277,0.5632607922125086
ceiling_now,7,cct_region,2011,2.0,pvgis,365,1.0371329234694004,70.275903079136,10.0,186.97731973936163,0.3,1853,0.22146335669319397,nan,0.22018348623853212,0.19125236143559352,0.9975975975975976,0.7925531914893617,0.0,0.0,0.0,1.0,0.0,0.0,0.0,0.0,0.45064734529041467,0.20602209288514078,0.22146335669319397,0.39381397403427676,0.7681420613904717,0.0,19.639202912676332,0.31588850837138505,0.9773021308980213,141.99793270985566,74.074160092734,70.12190297266491,1.0712328767123287,0.0,0,nan,0.010234990436129885,5.405588071970706e-05,0.9947462690850966,1.088534815358587,15.931913102630721,0.14965196286359894,0.6276710107305803,0.5335203591209933
ceiling_now,7,cct_region,2013,2.0,pvgis,365,1.0371329234694004,70.275903079136,10.0,186.97731973936163,0.3,1853,0.22146335669319397,nan,0.22018348623853212,0.19125236143559352,0.9975975975975976,0.7925531914893617,0.0,0.0,0.0,1.0,0.0,0.0,0.0,0.0,0.45064734529041467,0.20602209288514078,0.22146335669319397,0.397110647146675,0.7807019842110045,0.0,20.64649507784094,0.31588850837138505,0.9773021308980213,142.3288675147464,74.074160092734,70.43612641070975,1.0712328767123287,0.0,0,nan,0.011002472367336508,5.953192582777503e-05,0.9946183418257609,1.093175759148025,14.818670060568193,0.15619959370501946,0.674824391063915,0.5736007324043279
ceiling_now,7,cct_region,2012,2.0,pvgis,365,1.0371329234694004,70.275903079136,10.0,186.97731973936163,0.32,1853,0.2232450409787386,nan,0.22180248246087425,0.19183072351179897,0.9975975975975976,0.7925531914893617,0.0,0.0,0.0,1.0,0.0,0.0,0.0,0.0,0.45064734529041467,0.20602209288514078,0.22146335669319397,0.3964381371521909,0.7881129592105746,0.0,20.729461989872192,0.31588850837138505,0.9773021308980213,134.3094941873784,74.07374500439717,63.03657437646744,1.0712328767123287,0.0,0,nan,0.010943971070304566,6.094706941789383e-05,0.9944618334599051,1.134059119596819,14.89553940772198,0.15571775672010135,0.671341918293735,0.5706406305496748
ceiling_now,78,cct_region,2012,2.0,pvgis,365,1.074248607789109,72.79085383900801,10.0,180.51718460483815,0.31,2359,0.19809428284854566,1.0293599530240751,0.18991097922848665,0.12651808192625047,0.9908045977011494,0.9184782608695652,0.0,0.0,0.0,1.0,0.0,0.0,0.0,0.0,0.11817269991793561,0.24591957691255584,0.19581471687790647,0.39370033129442555,0.7846372556087552,0.0,20.729461989872192,0.31588850837138505,0.9773021308980213,139.11600324190164,76.74035235082714,65.10131413395784,1.5397260273972602,0.0,0,nan,0.010917034941751084,6.118703412202469e-05,0.9944265078392024,1.177787762840048,14.931761462762125,0.15549233257539852,0.6697133506277007,0.5692563480335455
ceiling_now,78,cct_region,2013,2.0,pvgis,365,1.074248607789109,72.79085383900801,10.0,180.51718460483815,0.31,2359,0.19581471687790647,1.0,0.18779143704959728,0.1268327098031811,0.991264367816092,0.9184782608695652,0.0,0.0,0.0,1.0,0.0,0.0,0.0,0.0,0.11817269991793561,0.24591957691255584,0.19581471687790647,0.3950739721856908,0.7769239401094593,0.0,20.64649507784094,0.31588850837138505,0.9773021308980213,147.42236440093876,76.7474088525535,72.61980627929191,1.5397260273972602,0.0,0,nan,0.010981080288454348,6.0639368190867436e-05,0.9945081590479999,1.135611289403136,14.845893296189258,0.15602841231919629,0.6735869509830619,0.5725489083356026
ceiling_now,78,cct_region,2011,2.0,pvgis,365,1.074248607789109,72.79085383900801,10.0,180.51718460483815,0.31,2359,0.19581471687790647,1.0,0.18779143704959728,0.1268327098031811,0.991264367816092,0.9184782608695652,0.0,0.0,0.0,1.0,0.0,0.0,0.0,0.0,0.11817269991793561,0.24591957691255584,0.19581471687790647,0.39137569888445134,0.7639058945577499,0.0,19.639202912676332,0.31588850837138505,0.9773021308980213,147.07958649332792,76.7474088525535,72.29433312467943,1.5397260273972602,0.0,0,nan,0.010214000271506887,5.4172834227285e-05,0.9947241993615172,1.1343604277048758,15.964299602375066,0.14947444368044505,0.6263976653577877,0.5324380155541196
ceiling_now,46,cct_region,2015,2.0,pvgis,365,1.299774515109069,88.072440650112,10.0,149.1953658034943,0.37,6276,0.1436879735353751,nan,0.14292543021032506,0.11868070262200826,0.9547747747747748,0.8636363636363636,0.0,0.0,0.0,1.0,0.0,0.0,0.0,0.0,0.20872905773129866,0.1088997972468253,0.14310105645075233,0.3809066527147238,0.7727460039455357,0.0,21.709066091403,0.31588850837138505,0.9773021308980213,173.64742923953168,93.03993733978061,81.25440157090142,3.734246575342466,0.0,0,nan,0.011652922784256064,8.050806958122721e-05,0.9931385738251571,1.5190777412080505,13.970695687474967,0.16184616501025717,0.7157839683649554,0.6084163731102121
ceiling_now,7,cct_region,2015,2.0,pvgis,365,1.0371329234694004,70.275903079136,10.0,186.97731973936163,0.31,1853,0.22146335669319397,nan,0.22018348623853212,0.19125236143559352,0.9975975975975976,0.7925531914893617,0.0,0.0,0.0,1.0,0.0,0.0,0.0,0.0,0.45064734529041467,0.20602209288514078,0.22146335669319397,0.3983219423403444,0.7831654474019772,0.0,21.709066091403,0.31588850837138505,0.9773021308980213,138.55900684822407,74.074160092734,66.85486903137452,1.0712328767123287,0.0,0,nan,0.01186709169289199,6.315644375307312e-05,0.9947061919392036,1.0937755955045771,13.740216460836157,0.1634941825380829,0.7277905721866228,0.6186219863586293
ceiling_now,78,cct_region,2014,2.0,pvgis,365,1.074248607789109,72.79085383900801,10.0,180.51718460483815,0.32,2359,0.19581471687790647,1.0,0.18779143704959728,0.1268327098031811,0.991264367816092,0.9184782608695652,0.0,0.0,0.0,1.0,0.0,0.0,0.0,0.0,0.11817269991793561,0.24591957691255584,0.19581471687790647,0.3980925531174295,0.7839662589911436,0.0,22.297233232776282,0.31588850837138505,0.9773021308980213,150.77299182668625,76.7474088525535,75.97230524154051,1.5397260273972602,0.0,0,nan,0.012344224847102426,6.652720501666918e-05,0.9946395508719144,1.1311748624994022,13.208240011611615,0.16750399788974069,0.757103141009613,0.6435376698581711
ceiling_now,7,cct_region,2014,2.0,pvgis,365,1.0371329234694004,70.275903079136,10.0,186.97731973936163,0.33,1853,0.22146335669319397,nan,0.22018348623853212,0.19125236143559352,0.9975975975975976,0.7925531914893617,0.0,0.0,0.0,1.0,0.0,0.0,0.0,0.0,0.45064734529041467,0.20602209288514078,0.22146335669319397,0.4000708373191206,0.7874741397162637,0.0,22.297233232776282,0.31588850837138505,0.9773021308980213,145.5637295311605,74.074160092734,73.82497053403772,1.0712328767123287,0.0,0,nan,0.012366168453827842,6.347436505192311e-05,0.9948933073961297,1.084500257314157,13.188165920584693,0.16766124830198004,0.7582555497267094,0.6445172172677031
ceiling_now,78,cct_region,2015,2.0,pvgis,365,1.074248607789109,72.79085383900801,10.0,180.51718460483815,0.32,2359,0.19581471687790647,1.0,0.18779143704959728,0.1268327098031811,0.991264367816092,0.9184782608695652,0.0,0.0,0.0,1.0,0.0,0.0,0.0,0.0,0.11817269991793561,0.24591957691255584,0.19581471687790647,0.39612564595822825,0.7793260451459213,0.0,21.709066091403,0.31588850837138505,0.9773021308980213,143.517592427232,76.7474088525535,68.91038244332444,1.5397260273972602,0.0,0,nan,0.01183829924941532,6.415883205939605e-05,0.9946096149534647,1.1435770961461957,13.772297344539789,0.16326168375667371,0.7260952729839684,0.6171809820363731
sunsched,0,cct_region,2011,0.5,pvgis,365,0.3162228164973532,85.70875921763201,10.0,153.30988477659398,0.33,1861,0.2757860429447852,-1.0914777169663794,0.3121977431488447,0.1963860077266486,0.39548954895489546,0.06976744186046512,0.6109618484685653,0.0,0.052659860290166574,0.0,0.3363782912412681,0.37905248074511916,0.6666666666666666,0.8333333333333334,0.543424079754601,0.5286618098159508,0.788631134969325,0.17966660467283266,0.6760674532139046,0.0,19.639202912676332,0.31588850837138505,0.9773021308980213,43.29530497219543,73.63439454087782,3.40182035765392,1.3863013698630138,0.23355213089802132,637,0.9436619718309859,0.008165624920901839,6.759436124520533e-05,0.9917900448258706,0.6443615211352585,19.91009667195971,0.13198686258588188,0.5022577320824089,0.42691907227004755
sunsched,0,cct_region,2012,0.5,pvgis,365,0.3162228164973532,85.70875921763201,10.0,153.30988477659398,0.32,1861,0.2828796012269938,-1.0625488663017977,0.3191832348199892,0.25541939086932436,0.4020902090209021,0.06976744186046512,0.6045137023105857,0.0,0.051047823750671684,0.0,0.3444384739387426,0.23199892530897367,0.6666666666666666,0.8333333333333334,0.543424079754601,0.5286618098159508,0.788631134969325,0.1811792076522593,0.6794434818690985,0.0,20.729461989872192,0.31588850837138505,0.9773021308980213,40.951092741508575,73.80239196996747,3.1918133944323217,1.4191780821917808,0.2627378234398782,646,0.9436619718309859,0.00875016874468662,6.474189861647884e-05,0.9926554106744503,0.6158508012428008,18.596239764895127,0.13702271743535466,0.537743120460159,0.4570816523911352
sunsched,0,cct_region,2013,0.5,pvgis,365,0.3162228164973532,85.70875921763201,10.0,153.30988477659398,0.33,1861,0.2819210122699386,-1.06645817044566,0.3186458893068243,0.1998349816619236,0.4020902090209021,0.06976744186046512,0.6045137023105857,0.0,0.05158516926383665,0.0,0.34390112842557763,0.25094035464803865,0.6666666666666666,0.8333333333333334,0.543424079754601,0.5286618098159508,0.788631134969325,0.1815755645097567,0.6802206451728616,0.0,20.64649507784094,0.31588850837138505,0.9773021308980213,43.39620730950464,73.7892266885863,3.597484064352324,1.4164383561643836,0.23892694063926942,646,0.9464788732394366,0.008773244887659943,7.021813347647843e-05,0.9920598827282194,0.6374207488917712,18.53619916057787,0.13726912795554258,0.5394849242485291,0.4585621856112498
sunsched,0,cct_region,2015,0.5,pvgis,365,0.3162228164973532,85.70875921763201,10.0,153.30988477659398,0.33,1861,0.2712806748466257,-1.1098514464425326,0.3062869425040301,0.19490159943249863,0.3866886688668867,0.06976744186046512,0.6190220311660397,0.0,0.04997313272434175,0.0,0.3310048361096185,0.2457907934802078,0.6666666666666666,0.8333333333333334,0.543424079754601,0.5286618098159508,0.788631134969325,0.17974600815847638,0.6796986042216013,0.0,21.709066091403,0.31588850837138505,0.9773021308980213,42.24677320053634,73.54246238765397,3.591338985394719,1.36986301369863,0.2526255707762557,622,0.9436619718309859,0.009467173453269317,6.744775065851094e-05,0.9929260167534788,0.6198620281668957,17.19252273613776,0.14321212931638938,0.5816482056458495,0.4944009747989721
sunsched,100,cct_region,2011,0.5,pvgis,365,0.3052640870787947,82.73851465568,10.0,158.8135834282582,0.33,4890,0.142391741236699,0.08687964882331424,0.14151329243353783,0.12274972537066707,0.5026544913994478,0.27071823204419887,0.49243353783231086,0.0,0.2558282208588957,0.0,0.25173824130879346,0.4657464212678937,0.5,0.9166666666666666,0.11224640900340586,0.169427344460663,0.4592244716633877,0.17001786504213032,0.7104249798264167,0.0,19.639202912676332,0.31588850837138505,0.9773021308980213,41.79490238410944,74.91223361869329,3.0146870022949135,1.095890410958904,0.26809360730593607,1272,0.9436619718309859,0.008091376592528926,6.110930663086141e-05,0.9925042119193166,0.609118445444385,20.107264686699395,0.13128552724339881,0.4973326882504723,0.42273278501290146
sunsched,0,cct_region,2014,0.5,pvgis,365,0.3162228164973532,85.70875921763201,10.0,153.30988477659398,0.35,1861,0.2871932515337423,-1.0449569976544166,0.323481998925309,0.25778908425551167,0.41254125412541254,0.06976744186046512,0.5937667920472864,0.0,0.05427189682966147,0.0,0.3519613111230521,0.22801361275300017,0.6666666666666666,0.8333333333333334,0.543424079754601,0.5286618098159508,0.788631134969325,0.18692898566674127,0.6832003379134302,0.0,22.297233232776282,0.31588850837138505,0.9773021308980213,44.38251982033472,73.96786432676613,3.470062877217457,1.4493150684931506,0.22443873668188738,660,0.9492957746478873,0.009940342908117275,8.174170513422762e-05,0.9918438420459806,0.6478653173579886,16.356296933698292,0.14737874109113847,0.6113853300986092,0.5196775305838177
sunsched,100,cct_region,2015,0.5,pvgis,365,0.3052640870787947,82.73851465568,10.0,158.8135834282582,0.33,4890,0.1404243616593683,0.08120960858431903,0.1390593047034765,0.11699110394020289,0.49607135272881714,0.2596685082872928,0.49775051124744374,0.0,0.2556237218813906,0.0,0.24662576687116564,0.49386503067484655,0.5,0.9166666666666666,0.11224640900340586,0.169427344460663,0.4592244716633877,0.17105461915203224,0.7140004223477228,0.0,21.709066091403,0.31588850837138505,0.9773021308980213,40.78270757288786,74.79513669409671,3.181176542137815,1.0794520547945206,0.2868531202435312,1250,0.9323943661971831,0.009388951251328045,6.338396353143448e-05,0.9932943593206691,0.5952693374692359,17.342189850746564,0.142506764488468,0.5766284469299309,0.4901341798904412
sunsched,105,cct_region,2012,0.5,pvgis,365,0.264632338334809,71.725720549728,10.0,183.19788075032216,0.32,2169,0.20550766283524904,0.38620572784273854,0.206546795758414,0.15975595937210907,0.848003848003848,0.5222222222222223,0.08483171968649147,0.0,0.40802213001383125,0.0,0.5071461502996772,0.23712924542800062,0.8333333333333334,0.9166666666666666,0.096360153256705,0.25373563218390804,0.3789750957854406,0.186437405797362,0.7154989325112554,0.0,20.729461989872192,0.31588850837138505,0.9773021308980213,34.27008698988615,72.45372982066482,2.545519568090238,0.7808219178082192,0.3286910197869102,1102,0.9408450704225352,0.008791494350643098,7.963514792387156e-06,0.9990949993835793,0.39999007066276804,18.628896727023278,0.13688932806430265,0.5368004421589762,0.4562803758351297
sunsched,100,cct_region,2014,0.5,pvgis,365,0.3052640870787947,82.73851465568,10.0,158.8135834282582,0.33,4890,0.1447822131962514,0.09376905255456658,0.1425357873210634,0.11834587612956349,0.5438521979188787,0.39226519337016574,0.44826175869120655,0.0,0.27627811860940693,0.0,0.2754601226993865,0.5697341513292433,0.6666666666666666,0.9166666666666666,0.11224640900340586,0.169427344460663,0.4592244716633877,0.17475780152119658,0.717259283228869,0.0,22.297233232776282,0.31588850837138505,0.9773021308980213,42.844439706406234,75.45406032538502,3.1161811145669764,1.1479452054794521,0.26343226788432267,1397,0.9436619718309859,0.00981367475407599,7.338648916377984e-05,0.9925775225460489,0.6152426574217069,16.579667890807567,0.146226670744396,0.6031483902970337,0.5126761317524787
sunsched,100,cct_region,2013,0.5,pvgis,365,0.3052640870787947,82.73851465568,10.0,158.8135834282582,0.34,4890,0.14383025533625265,0.09102548469698821,0.1425357873210634,0.12173278593506055,0.5219791887874283,0.30939226519337015,0.4717791411042945,0.0,0.2689161554192229,0.0,0.2593047034764826,0.8315780504430812,0.6666666666666666,0.8333333333333334,0.11224640900340586,0.169427344460663,0.4592244716633877,0.17120971353027492,0.7143729562195293,0.0,20.64649507784094,0.31588850837138505,0.9773021308980213,41.892307942077814,75.14148956429332,3.2163495396098134,1.1178082191780823,0.2756468797564688,1346,0.9408450704225352,0.008666998990653483,6.491857027670015e-05,0.9925653706847658,0.6118646311344332,18.772988943739875,0.13630606814572865,0.5326802263597266,0.45277819240576767
sunsched,105,cct_region,2011,0.5,pvgis,365,0.264632338334809,71.725720549728,10.0,183.19788075032216,0.34,2169,0.2056513409961686,0.3867141162514829,0.2079299216228677,0.16280163376169662,0.8465608465608465,0.4888888888888889,0.08621484555094514,0.0,0.4094052558782849,0.0,0.5043798985707699,0.34570462578761335,0.8333333333333334,0.9166666666666666,0.096360153256705,0.25373563218390804,0.3789750957854406,0.1868073482479559,0.7132164162475089,0.0,19.639202912676332,0.31588850837138505,0.9773021308980213,36.23185044209719,72.42381910660096,2.554556471154794,0.7753424657534247,0.3025970319634703,1101,0.9464788732394366,0.008227498222490831,8.202982020136182e-06,0.9990039728474313,0.4020136020866518,19.904096537548455,0.13200841379291628,0.5024091387989057,0.42704776797906985
sunsched,100,cct_region,2012,0.5,pvgis,365,0.3052640870787947,82.73851465568,10.0,158.8135834282582,0.34,4890,0.14283598823803176,0.08815998049018416,0.14212678936605316,0.12293434241104384,0.5200679549798258,0.292817679558011,0.4736196319018405,0.0,0.2719836400817996,0.0,0.25439672801635993,1.005521472392638,0.6666666666666666,0.8333333333333334,0.11224640900340586,0.169427344460663,0.4592244716633877,0.1703224125946379,0.713749332870721,0.0,20.729461989872192,0.31588850837138505,0.9773021308980213,39.53192903371723,75.06617626013141,2.893788419715749,1.106849315068493,0.29749809741248096,1340,0.9436619718309859,0.008651702743583845,6.234409280750127e-05,0.9928455637227995,0.5984832270591451,18.811488497447016,0.13615167384268978,0.5315900441029502,0.4518515374875076
sunsched,105,cct_region,2014,0.5,pvgis,365,0.264632338334809,71.725720549728,10.0,183.19788075032216,0.35,2169,0.20550766283524904,0.38620572784273854,0.206546795758414,0.15967131940935067,0.848003848003848,0.5222222222222223,0.08483171968649147,0.0,0.40756108805901337,0.0,0.5076071922544951,0.22667896111879515,0.8333333333333334,0.9166666666666666,0.096360153256705,0.25373563218390804,0.3789750957854406,0.19153162337283935,0.7193754340060851,0.0,22.297233232776282,0.31588850837138505,0.9773021308980213,37.14169056913848,72.47952668099354,2.6976539673444386,0.7863013698630137,0.2944920091324201,1102,0.9436619718309859,0.00998799472865886,9.860649768882038e-06,0.9990137235041269,0.4020356022365714,16.395935490594084,0.1471721232708516,0.609907254498332,0.5184211663235823
sunsched,105,cct_region,2013,0.5,pvgis,365,0.264632338334809,71.725720549728,10.0,183.19788075032216,0.36,2169,0.20550766283524904,0.38620572784273854,0.206546795758414,0.15975595937210907,0.848003848003848,0.5222222222222223,0.08483171968649147,0.0,0.40802213001383125,0.0,0.5071461502996772,0.23413247272168436,0.8333333333333334,0.9166666666666666,0.096360153256705,0.25373563218390804,0.3789750957854406,0.18751798665438826,0.7166543378123564,0.0,20.64649507784094,0.31588850837138505,0.9773021308980213,36.316290969702145,72.46636139961232,2.8027501231295826,0.7835616438356164,0.3077720700152207,1102,0.9464788732394366,0.008821812181024275,9.368758698722726e-06,0.9989391273078121,0.40419095989259535,18.561978624133147,0.1371631409015549,0.5387356705065166,0.4579253199305391
sunsched,105,cct_region,2015,0.5,pvgis,365,0.264632338334809,71.725720549728,10.0,183.19788075032216,0.36,2169,0.2098659003831418,0.4016268429079818,0.2111572153065929,0.17329895173768195,0.8451178451178452,0.4777777777777778,0.08898109727985247,0.0,0.41217150760719223,0.0,0.4988473951129553,0.4739511295527893,0.8333333333333334,0.9166666666666666,0.096360153256705,0.25373563218390804,0.3789750957854406,0.18619987661136111,0.7160465854868404,0.0,21.709066091403,0.31588850837138505,0.9773021308980213,35.35438240349712,72.38665031005247,2.8807407062848505,0.7698630136986301,0.32327815829528156,1095,0.9436619718309859,0.009553422534845066,8.958792654802184e-06,0.9990631211674189,0.40099650103326123,17.142611888690404,0.14344996006573574,0.5833416789070142,0.49584042707096204
sunsched,130,cct_region,2011,0.5,pvgis,365,0.2526532182741883,68.47891018896,10.0,191.883894818735,0.33,1455,0.15760789512446605,0.0,0.15326460481099657,0.10794338692090101,0.5612472160356348,0.5740740740740741,0.4309278350515464,0.0,0.24123711340206186,0.0,0.32783505154639175,0.23717067583046966,0.5833333333333334,0.8333333333333334,0.15760789512446605,0.3132272794225954,0.3739873324495508,0.20862559067196257,0.7198456869112041,0.0,19.639202912676332,0.31588850837138505,0.9773021308980213,34.59174217265647,68.89607980691659,2.51053525875426,0.32602739726027397,0.27251712328767125,479,0.9464788732394366,0.008425291363382168,7.537494363412014e-06,0.9991061724967313,0.39999007066276804,19.43881402009309,0.13371834813736838,0.5144346763986434,0.4372694749388469
sunsched,130,cct_region,2012,0.5,pvgis,365,0.2526532182741883,68.47891018896,10.0,191.883894818735,0.32,1455,0.15760789512446605,0.0,0.15326460481099657,0.10799096139644973,0.5612472160356348,0.5740740740740741,0.4309278350515464,0.0,0.23986254295532647,0.0,0.32920962199312714,0.17233676975945017,0.5833333333333334,0.8333333333333334,0.15760789512446605,0.3132272794225954,0.3739873324495508,0.20788999431592697,0.7218583578727616,0.0,20.729461989872192,0.31588850837138505,0.9773021308980213,32.71878192595117,68.9097787907315,2.579834008948099,0.3287671232876712,0.29829718417047185,479,0.9464788732394366,0.008999681152611993,8.143183128403409e-06,0.9990959877962879,0.39999007066276804,18.197978304104733,0.13868619060573173,0.5495115904025669,0.46708485184218196
sunsched,130,cct_region,2013,0.5,pvgis,365,0.2526532182741883,68.47891018896,10.0,191.883894818735,0.33,1455,0.15760789512446605,0.0,0.15326460481099657,0.10794338692090101,0.5612472160356348,0.5740740740740741,0.4309278350515464,0.0,0.24123711340206186,0.0,0.32783505154639175,0.23717067583046966,0.5833333333333334,0.8333333333333334,0.15760789512446605,0.3132272794225954,0.3739873324495508,0.20884606883238624,0.7231531441010858,0.0,20.64649507784094,0.31588850837138505,0.9773021308980213,34.672360328345206,68.89607980691659,2.826552944259245,0.32602739726027397,0.27712138508371387,479,0.9408450704225352,0.009044133571206503,8.103174305763662e-06,0.9991048428655183,0.39999007066276804,18.10869472788119,0.1390686909797597,0.552220916541457,0.4693877790602385
sunsched,130,cct_region,2014,0.5,pvgis,365,0.2526532182741883,68.47891018896,10.0,191.883894818735,0.33,1455,0.15760789512446605,0.0,0.15326460481099657,0.10799096139644973,0.5657015590200446,0.5740740740740741,0.4268041237113402,0.0,0.24398625429553264,0.0,0.32920962199312714,0.2374570446735395,0.5833333333333334,0.8333333333333334,0.15760789512446605,0.3132272794225954,0.3739873324495508,0.21336824776098848,0.7258074767049325,0.0,22.297233232776282,0.31588850837138505,0.9773021308980213,35.46039653915772,68.92530105281229,2.792732220524276,0.3315068493150685,0.26643835616438355,481,0.9464788732394366,0.010235710473545871,9.153279562537427e-06,0.9991065494102095,0.39999007066276804,16.000621948657336,0.1492761620152857,0.6249757060749211,0.531229350163683
sunsched,130,cct_region,2015,0.5,pvgis,365,0.2526532182741883,68.47891018896,10.0,191.883894818735,0.31,1455,0.15760789512446605,0.0,0.15326460481099657,0.10868401612350008,0.5501113585746102,0.5740740740740741,0.44123711340206184,0.0,0.23367697594501718,0.0,0.325085910652921,0.20263459335624287,0.5833333333333334,0.8333333333333334,0.15760789512446605,0.3132272794225954,0.3739873324495508,0.20620209923480795,0.7224591719078479,0.0,21.709066091403,0.31588850837138505,0.9773021308980213,33.753994506289885,68.86650776303237,2.8648006549349136,0.3232876712328767,0.2922374429223744,474,0.9408450704225352,0.009756637605593163,8.715190171501768e-06,0.999107539650254,0.39999007066276804,16.78630513995214,0.14518686617773036,0.5957237114795181,0.5063651547575904
sunsched,28,cct_region,2014,0.5,pvgis,365,0.2576552408749775,69.834654076896,10.0,188.158732561793,0.32,1333,0.17056133056133058,0.027279253409906824,0.17479369842460615,0.12429048011505626,0.6304713804713805,0.46206896551724136,0.2760690172543136,0.0,0.33233308327081773,0.0,0.3915978994748687,0.30582645661415353,0.75,0.9166666666666666,0.1674012474012474,0.18985446985446985,0.28324324324324324,0.20936138397464038,0.7254200908303641,0.0,22.297233232776282,0.31588850837138505,0.9773021308980213,36.16244065374859,70.24667578658062,2.9049248348776926,0.5589041095890411,0.27786339421613393,522,0.9464788732394366,0.010186748055628584,9.115215943619943e-06,0.999105988801455,0.39999007066276804,16.077519623673144,0.14885918668697584,0.6219864900849273,0.5286885165721883
sunsched,40,cct_region,2011,0.5,pvgis,365,0.2463447621244807,66.769071679648,10.0,196.7977039286174,0.32,1079,0.1724137931034483,0.10507246376811595,0.17701575532900835,0.14861961203081556,0.660455486542443,0.336283185840708,0.3262279888785913,0.0,0.283595922150139,0.0,0.3901760889712697,0.24559777571825764,0.75,0.8333333333333334,0.16351171595211297,0.1324056072853781,0.24823493297861457,0.21464399189321767,0.724734312555972,0.0,19.639202912676332,0.31588850837138505,0.9773021308980213,33.728026720588076,68.4860940413892,2.4930836119117177,0.2273972602739726,0.27856735159817353,422,0.952112676056338,0.008478821180181492,7.584820531288667e-06,0.9991062387858121,0.39999007066276804,19.316091148033955,0.13418248530755417,0.5177030861659517,0.440047623241059
sunsched,28,cct_region,2013,0.5,pvgis,365,0.2576552408749775,69.834654076896,10.0,188.158732561793,0.34,1333,0.17056133056133058,0.027279253409906824,0.17479369842460615,0.12429048011505626,0.6304713804713805,0.46206896551724136,0.2760690172543136,0.0,0.3345836459114779,0.0,0.3893473368342086,0.4204176044011003,0.75,0.9166666666666666,0.1674012474012474,0.18985446985446985,0.28324324324324324,0.2051030200256255,0.7227437724765257,0.0,20.64649507784094,0.31588850837138505,0.9773021308980213,35.358802920170255,70.21981152138459,2.9646486383375286,0.5534246575342465,0.2896023592085236,522,0.9436619718309859,0.009000166370520698,8.071691822572113e-06,0.9991039655294731,0.39999007066276804,18.197142514942545,0.13868975460980126,0.5495368293010027,0.46710630490585225
sunsched,40,cct_region,2012,0.5,pvgis,365,0.2463447621244807,66.769071679648,10.0,196.7977039286174,0.33,1079,0.1724137931034483,0.10507246376811595,0.17701575532900835,0.14861961203081556,0.660455486542443,0.336283185840708,0.3262279888785913,0.0,0.283595922150139,0.0,0.3901760889712697,0.2466017917825147,0.75,0.8333333333333334,0.16351171595211297,0.1324056072853781,0.24823493297861457,0.21423792293071683,0.7265992932305988,0.0,20.729461989872192,0.31588850837138505,0.9773021308980213,31.901832106504624,68.48609404138918,2.5100002528160714,0.2273972602739726,0.302720700152207,422,0.9464788732394366,0.009058772803961583,8.197121016311902e-06,0.9990959360090377,0.39999007066276804,18.07926939047281,0.13919554182427596,0.5531196965995582,0.4701517421096244
sunsched,28,cct_region,2012,0.5,pvgis,365,0.2576552408749775,69.834654076896,10.0,188.158732561793,0.35,1333,0.17056133056133058,0.027279253409906824,0.17479369842460615,0.12429048011505626,0.6279461279461279,0.46206896551724136,0.27831957989497375,0.0,0.33233308327081773,0.0,0.3893473368342086,0.3140785196299075,0.75,0.9166666666666666,0.1674012474012474,0.18985446985446985,0.28324324324324324,0.20401581902699187,0.7215173460919221,0.0,20.729461989872192,0.31588850837138505,0.9773021308980213,33.36654761752561,70.21832407455474,2.714809205106394,0.5534246575342465,0.3102739726027397,519,0.9464788732394366,0.008956655348804535,8.110439094283782e-06,0.9990952982725737,0.39999007066276804,18.285384772713765,0.13831518519423225,0.5468848549975512,0.46485212674791854
sunsched,28,cct_region,2011,0.5,pvgis,365,0.2576552408749775,69.834654076896,10.0,188.158732561793,0.36,1333,0.17056133056133058,0.027279253409906824,0.17479369842460615,0.12429048011505626,0.6279461279461279,0.46206896551724136,0.27831957989497375,0.0,0.33233308327081773,0.0,0.3893473368342086,0.3132033008252063,0.75,0.9166666666666666,0.1674012474012474,0.18985446985446985,0.28324324324324324,0.20468191991196025,0.7193713986415032,0.0,19.639202912676332,0.31588850837138505,0.9773021308980213,35.27658868809041,70.21832407455476,2.6489736942029194,0.5534246575342465,0.2845509893455099,519,0.9492957746478873,0.008384646329961862,7.506643261315928e-06,0.9991055163930795,0.39999007066276804,19.533031911122553,0.1333658021813412,0.5119532925303713,0.43516029865081557
sunsched,28,cct_region,2015,0.5,pvgis,365,0.2576552408749775,69.834654076896,10.0,188.158732561793,0.34,1333,0.16390852390852392,-0.03015075376884408,0.16879219804951237,0.12280759126370294,0.6144781144781145,0.46206896551724136,0.291072768192048,0.0,0.33083270817704424,0.0,0.37809452363090773,0.3437734433608402,0.75,0.9166666666666666,0.1674012474012474,0.18985446985446985,0.28324324324324324,0.202992938406893,0.7220644926654485,0.0,21.709066091403,0.31588850837138505,0.9773021308980213,34.42225531270494,70.12700546215316,3.0163965489835465,0.5397260273972603,0.3041856925418569,505,0.9436619718309859,0.009730364968553947,8.686151472399607e-06,0.9991081111121248,0.39999007066276804,16.831638915203364,0.14496199280995248,0.5941192090906483,0.5050013277270511
sunsched,40,cct_region,2014,0.5,pvgis,365,0.2463447621244807,66.769071679648,10.0,196.7977039286174,0.31,1079,0.1724137931034483,0.10507246376811595,0.17701575532900835,0.14861961203081556,0.660455486542443,0.336283185840708,0.3262279888785913,0.0,0.283595922150139,0.0,0.3901760889712697,0.24559777571825764,0.75,0.8333333333333334,0.16351171595211297,0.1324056072853781,0.24823493297861457,0.2192244086028601,0.7305937141892501,0.0,22.297233232776282,0.31588850837138505,0.9773021308980213,34.574991800811475,68.4860940413892,2.7887528829594137,0.2273972602739726,0.2727644596651446,422,0.9464788732394366,0.010301153989046897,9.209196869722206e-06,0.9991068018940108,0.39999007066276804,15.898973573782705,0.14983321681196748,0.6289714209280736,0.5346257077888625
sunsched,40,cct_region,2013,0.5,pvgis,365,0.2463447621244807,66.769071679648,10.0,196.7977039286174,0.34,1079,0.1724137931034483,0.10507246376811595,0.17701575532900835,0.14861961203081556,0.660455486542443,0.336283185840708,0.3262279888785913,0.0,0.283595922150139,0.0,0.3901760889712697,0.24559777571825764,0.75,0.8333333333333334,0.16351171595211297,0.1324056072853781,0.24823493297861457,0.21486386954993528,0.7279667200663125,0.0,20.64649507784094,0.31588850837138505,0.9773021308980213,33.80663193496785,68.4860940413892,2.797762975792337,0.2273972602739726,0.28279109589041096,422,0.9436619718309859,0.009104327097937534,8.15404715357156e-06,0.9991051781590832,0.39999007066276804,17.988974596375037,0.13958726781919106,0.5558960543540432,0.4725116462009368
sunsched,40,cct_region,2015,0.5,pvgis,365,0.2463447621244807,66.769071679648,10.0,196.7977039286174,0.32,1079,0.1724137931034483,0.10507246376811595,0.17701575532900835,0.14861961203081556,0.660455486542443,0.336283185840708,0.3262279888785913,0.0,0.283595922150139,0.0,0.3901760889712697,0.24559777571825764,0.75,0.8333333333333334,0.16351171595211297,0.1324056072853781,0.24823493297861457,0.21233560933518242,0.7272325619643607,0.0,21.709066091403,0.31588850837138505,0.9773021308980213,32.911196636249485,68.4860940413892,2.83832753382255,0.2273972602739726,0.2983447488584475,422,0.9380281690140845,0.009829126599093,8.770960753718943e-06,0.9991084517092841,0.39999007066276804,16.662522742465356,0.1458067988469589,0.6001492183722246,0.5101268356163908
sunsched,46,cct_region,2011,0.5,pvgis,365,0.32494362877726723,88.072440650112,10.0,149.1953658034943,0.39,6276,0.10285277273859067,nan,0.09544295729764181,0.08365131867991525,0.4517117117117117,0.4132231404958678,0.5360101975780752,0.0,0.24521988527724664,0.0,0.21876991714467814,0.32699968132568513,0.5833333333333334,0.9166666666666666,0.20872905773129866,0.1088997972468253,0.14310105645075233,0.18051383731865786,0.707056032658996,0.0,19.639202912676332,0.31588850837138505,0.9773021308980213,44.48930555522212,74.78397797128578,3.903238280559226,1.0547945205479452,0.24159056316590563,1403,0.9436619718309859,0.0081758310205553,7.080067106546169e-05,0.9914145952295408,0.6685193992473892,19.877714679018645,0.13210331953441223,0.5030759401409064,0.4276145491197704
sunsched,46,cct_region,2012,0.5,pvgis,365,0.32494362877726723,88.072440650112,10.0,149.1953658034943,0.39,6276,0.10463130935865968,nan,0.09703632887189292,0.08446132424548468,0.4545945945945946,0.4132231404958678,0.5331421287444232,0.0,0.24665391969407266,0.0,0.22020395156150413,0.3190062672615254,0.5833333333333334,0.9166666666666666,0.20872905773129866,0.1088997972468253,0.14310105645075233,0.18036288514571838,0.710744407547299,0.0,20.729461989872192,0.31588850837138505,0.9773021308980213,42.080444495477394,74.90614807943243,3.8937440123428004,1.0767123287671232,0.27413432267884325,1412,0.9464788732394366,0.008737601276452896,6.779629920037338e-05,0.992300597603017,0.6343477976377521,18.616330542784027,0.13694060251875328,0.5371627871033989,0.4565883690378891
sunsched,46,cct_region,2013,0.5,pvgis,365,0.32494362877726723,88.072440650112,10.0,149.1953658034943,0.36,6276,0.10676555330274248,nan,0.09894837476099426,0.08528790376550047,0.4589189189189189,0.41735537190082644,0.5288400254939452,0.0,0.2501593371574251,0.0,0.2210006373486297,0.3500902910558743,0.5833333333333334,0.9166666666666666,0.20872905773129866,0.1088997972468253,0.14310105645075233,0.18120697291285937,0.7111903596465569,0.0,20.64649507784094,0.31588850837138505,0.9773021308980213,44.592990583395554,74.9925615078069,4.229760694127685,1.0904109589041096,0.2502473363774734,1421,0.9464788732394366,0.008763141676359559,7.334814073355066e-05,0.9916994030150221,0.6590400579020779,18.55082676742286,0.13720895498653773,0.5390595322447309,0.4582006024080213
sunsched,46,cct_region,2015,0.5,pvgis,365,0.32494362877726723,88.072440650112,10.0,149.1953658034943,0.36,6276,0.10180343613274995,nan,0.09464627151051626,0.08443277932691043,0.43567567567567567,0.38292011019283745,0.5546526449968132,0.0,0.23183556405353728,0.0,0.21351179094964945,0.29806670915657535,0.5833333333333334,0.9166666666666666,0.20872905773129866,0.1088997972468253,0.14310105645075233,0.18009503593136952,0.7109277358327974,0.0,21.709066091403,0.31588850837138505,0.9773021308980213,43.41185730988292,74.5307132593452,4.327304687905811,1.0246575342465754,0.2631278538812785,1368,0.952112676056338,0.009484870592141805,7.106907057352133e-05,0.992562838079565,0.638609792454991,17.154167733873198,0.14339477799360267,0.582948712822346,0.4955064058989941
sunsched,46,cct_region,2014,0.5,pvgis,365,0.32494362877726723,88.072440650112,10.0,149.1953658034943,0.38,6276,0.10749475331697078,nan,0.09974506054811982,0.08574525332481302,0.4758558558558559,0.4256198347107438,0.5119502868068834,0.0,0.25780752071383045,0.0,0.23024219247928618,0.3750531123858084,0.5833333333333334,0.9166666666666666,0.20872905773129866,0.1088997972468253,0.14310105645075233,0.18534060713249573,0.7141615154903207,0.0,22.297233232776282,0.31588850837138505,0.9773021308980213,45.60650368130288,75.24944112466959,4.132287437356475,1.115068493150685,0.23681506849315068,1482,0.9436619718309859,0.00992244410931831,8.2099774869491e-05,0.9917937513374049,0.6646226818748405,16.384974040453045,0.14722916536689568,0.6103152788225901,0.5187679869992017
sunsched,7,cct_region,2011,0.5,pvgis,365,0.2592832308673501,70.275903079136,10.0,186.97731973936163,0.35,1853,0.2769331274498159,nan,0.2579600647598489,0.14514976493104267,0.6798798798798799,0.31382978723404253,0.34916351861845657,0.0,0.39287641662169454,0.0,0.2579600647598489,0.781885231156683,0.5,0.9166666666666666,0.45064734529041467,0.20602209288514078,0.22146335669319397,0.2030661072941155,0.7217303158451269,0.0,19.639202912676332,0.31588850837138505,0.9773021308980213,35.499483177463915,69.96154759938764,2.6045084009454387,0.41643835616438357,0.276912100456621,499,0.9464788732394366,0.00837348367954298,7.4940393523153726e-06,0.9991058275533391,0.39999007066276804,19.5590773925357,0.1332689179926636,0.5112715594558813,0.4345808255374991
sunsched,78,cct_region,2012,0.5,pvgis,365,0.26856215194727723,72.79085383900801,10.0,180.51718460483815,0.34,2359,0.07239901522750068,-0.5895478567234288,0.07036880033912675,0.06640608208233728,0.593103448275862,0.358695652173913,0.41670199236964817,0.0,0.2526494277236117,0.0,0.3306485799067401,0.14826197541331074,0.6666666666666666,0.9166666666666666,0.11817269991793561,0.24591957691255584,0.19581471687790647,0.19780535659451307,0.7167597769701478,0.0,20.729461989872192,0.31588850837138505,0.9773021308980213,34.77900081047541,70.96387754595295,2.840862240310753,0.6246575342465753,0.302796803652968,780,0.9464788732394366,0.00889957534238366,8.34247348180591e-06,0.9990634765997788,0.4009993746911311,18.402077255027304,0.13782511656668817,0.5434169122003918,0.461904375370333
sunsched,7,cct_region,2014,0.5,pvgis,365,0.2592832308673501,70.275903079136,10.0,186.97731973936163,0.35,1853,0.2733697588787267,nan,0.2547220723151646,0.1348120919237932,0.6816816816816816,0.31382978723404253,0.3475445223961144,0.0,0.38316243928764165,0.0,0.2692930383162439,0.32222522036337475,0.4166666666666667,0.9166666666666666,0.45064734529041467,0.20602209288514078,0.22146335669319397,0.20823333975974756,0.7277968275284936,0.0,22.297233232776282,0.31588850837138505,0.9773021308980213,36.390932382790126,70.03740069206256,2.818481160242227,0.4301369863013699,0.26995814307458144,502,0.9436619718309859,0.010174524819159925,9.1045285526103e-06,0.9991059642646307,0.39999007066276804,16.09683406886871,0.14875504866767686,0.6212401741371,0.528054148016535
sunsched,7,cct_region,2012,0.5,pvgis,365,0.2592832308673501,70.275903079136,10.0,186.97731973936163,0.37,1853,0.2727758641168785,nan,0.2541824069077172,0.13468837148825097,0.6798798798798799,0.31382978723404253,0.34916351861845657,0.0,0.3826227738801943,0.0,0.26821370750134915,0.2958715596330275,0.4166666666666667,0.9166666666666666,0.45064734529041467,0.20602209288514078,0.22146335669319397,0.2027780858408485,0.723897896564393,0.0,20.729461989872192,0.31588850837138505,0.9773021308980213,33.5773735468446,70.02221426141783,2.606076466361199,0.4273972602739726,0.3028538812785388,499,0.9464788732394366,0.008947547810601282,8.100005708867033e-06,0.9990955421790799,0.39999007066276804,18.30400158550779,0.13823660112687453,0.546328624005229,0.4643793304044447
sunsched,78,cct_region,2011,0.5,pvgis,365,0.26856215194727723,72.79085383900801,10.0,180.51718460483815,0.35,2359,0.07148718883924501,-0.6012918379330587,0.069520983467571,0.0656910051327873,0.5903448275862069,0.358695652173913,0.41670199236964817,0.0,0.2598558711318355,0.0,0.32344213649851633,0.4878126324713862,0.75,0.8333333333333334,0.11817269991793561,0.24591957691255584,0.19581471687790647,0.19787305070365513,0.7144006778703128,0.0,19.639202912676332,0.31588850837138505,0.9773021308980213,36.76989662333198,70.90427828879007,2.856982782756069,0.6136986301369863,0.27689307458143075,780,0.9380281690140845,0.008325321329873556,8.855217069911258e-06,0.9989374814632216,0.4031048512017934,19.66891280808169,0.13286305171624713,0.508416509726513,0.43215403326753604
sunsched,7,cct_region,2013,0.5,pvgis,365,0.2592832308673501,70.275903079136,10.0,186.97731973936163,0.37,1853,0.2721819693550303,nan,0.25364274150026983,0.1343830054971004,0.6798798798798799,0.31382978723404253,0.34916351861845657,0.0,0.3842417701025364,0.0,0.266594711279007,0.37218924266954495,0.4166666666666667,0.9166666666666666,0.45064734529041467,0.20602209288514078,0.22146335669319397,0.2038913750759884,0.7251139316128831,0.0,20.64649507784094,0.31588850837138505,0.9773021308980213,35.5822168786866,70.00798157516924,2.8513390551572813,0.4246575342465753,0.2811073059360731,499,0.9408450704225352,0.008990373971740769,8.061527002699399e-06,0.9991041190433799,0.39999007066276804,18.216965810543464,0.13860530742682065,0.5489388355887611,0.4665980102504469
sunsched,78,cct_region,2013,0.5,pvgis,365,0.26856215194727723,72.79085383900801,10.0,180.51718460483815,0.36,2359,0.07239901522750068,-0.5895478567234288,0.07036880033912675,0.06640608208233728,0.593103448275862,0.358695652173913,0.41670199236964817,0.0,0.2526494277236117,0.0,0.3306485799067401,0.14614243323442136,0.6666666666666666,0.8333333333333334,0.11817269991793561,0.24591957691255584,0.19581471687790647,0.19875037723181568,0.7178923111688092,0.0,20.64649507784094,0.31588850837138505,0.9773021308980213,36.85559110023469,70.9765091249004,3.1123674789059277,0.6273972602739726,0.28175418569254185,780,0.9408450704225352,0.00893745976195071,1.1717279321309609e-05,0.9986906863874443,0.4112781577194528,18.317236442300903,0.13818082773398221,0.5459338820842267,0.46404379977159266
sunsched,78,cct_region,2014,0.5,pvgis,365,0.26856215194727723,72.79085383900801,10.0,180.51718460483815,0.34,2359,0.07239901522750068,-0.5895478567234288,0.07036880033912675,0.06637878488171227,0.5944827586206897,0.358695652173913,0.41543026706231456,0.0,0.2530733361593896,0.0,0.3314963967782959,0.14656634167019925,0.6666666666666666,0.8333333333333334,0.11817269991793561,0.24591957691255584,0.19581471687790647,0.20281239952819213,0.7206214478443556,0.0,22.297233232776282,0.31588850837138505,0.9773021308980213,37.69324795667156,70.99167450291355,3.1040211651875254,0.6301369863013698,0.26990106544901066,782,0.9464788732394366,0.010115074789724258,1.1184991243810571e-05,0.9988954469383817,0.4051632308905948,16.18802947728833,0.14826653476277152,0.6177404120760909,0.5250793502646772
sunsched,7,cct_region,2015,0.5,pvgis,365,0.2592832308673501,70.275903079136,10.0,186.97731973936163,0.37,1853,0.2603040741180663,nan,0.24284943335132217,0.1154960374319802,0.6474474474474474,0.31382978723404253,0.3783054506206152,0.0,0.3734484619535888,0.0,0.248246087425796,0.38900881453498826,0.3333333333333333,0.9166666666666666,0.45064734529041467,0.20602209288514078,0.22146335669319397,0.20073015412652598,0.7244765305137609,0.0,21.709066091403,0.31588850837138505,0.9773021308980213,34.63975171205602,69.84981954422236,3.0391457301620792,0.4054794520547945,0.2968607305936073,466,0.9436619718309859,0.009705988088154335,8.665734423009864e-06,0.9991079729055429,0.39999007066276804,16.873909747357366,0.1447533481681429,0.5926308810301718,0.503736248875646
sunsched,78,cct_region,2015,0.5,pvgis,365,0.26856215194727723,72.79085383900801,10.0,180.51718460483815,0.35,2359,0.06738397009209447,-0.654139753376394,0.06570580754557016,0.06287282056352408,0.5724137931034483,0.30978260869565216,0.43959304790165327,0.0,0.24756252649427724,0.0,0.3128444256040695,0.23523385615373743,0.5833333333333334,0.9166666666666666,0.11817269991793561,0.24591957691255584,0.19581471687790647,0.19571735674574292,0.7172855927854696,0.0,21.709066091403,0.31588850837138505,0.9773021308980213,35.879398106808,70.80388800079965,3.330897983247745,0.6054794520547945,0.29802130898021306,743,0.9464788732394366,0.009646476811928182,8.620674826220556e-06,0.9991071374641171,0.39999007066276804,16.97799447948341,0.14424380942559467,0.588997717727157,0.5006480600680835
sunsched,0,cct_region,2011,1.0,pvgis,365,0.6324456329947064,85.70875921763201,10.0,153.30988477659398,0.33,1861,0.7234470858895703,0.7341673182173568,0.8339602364320258,0.44201992107082266,0.9933993399339934,0.18604651162790697,0.0,0.0,0.09403546480386889,0.0,0.9059645351961311,0.38621708758731865,0.9166666666666666,0.9166666666666666,0.543424079754601,0.5286618098159508,0.788631134969325,0.3436690190391364,0.6973944847433252,0.0,19.639202912676332,0.31588850837138505,0.9773021308980213,86.59060994439086,83.66813515334749,15.552691269657585,3.249315068493151,0.0,1687,0.9464788732394366,0.009831755615159086,9.187221582783431e-05,0.9907420736254376,1.2236130775450476,16.51857512402174,0.1465388251730445,0.6053790914119306,0.514572227700141
sunsched,0,cct_region,2012,1.0,pvgis,365,0.6324456329947064,85.70875921763201,10.0,153.30988477659398,0.34,1861,0.6416794478527605,0.4007036747458951,0.7200429876410532,0.4289058689741261,0.8635863586358636,0.13953488372093023,0.12842557764642665,0.0,0.11606663084363246,0.0,0.7555077915099409,1.7787479849543257,0.9166666666666666,0.9166666666666666,0.543424079754601,0.5286618098159508,0.788631134969325,0.3229029836159314,0.7078404505718751,0.0,20.729461989872192,0.31588850837138505,0.9773021308980213,81.90218548301715,81.840093277985,14.967572572733284,2.9178082191780823,0.0,1463,0.9408450704225352,0.010338925999538109,9.671478454438913e-05,0.9907322620100235,1.2036696463004597,15.708109853591765,0.15089764908224712,0.6366138315306875,0.5411217568010843
sunsched,0,cct_region,2013,1.0,pvgis,365,0.6324456329947064,85.70875921763201,10.0,153.30988477659398,0.34,1861,0.7234470858895703,0.7341673182173568,0.8339602364320258,0.44201992107082266,0.9933993399339934,0.18604651162790697,0.0,0.0,0.09403546480386889,0.0,0.9059645351961311,0.38456027225506006,0.9166666666666666,0.9166666666666666,0.543424079754601,0.5286618098159508,0.788631134969325,0.3472456411877388,0.7053664086614393,0.0,20.64649507784094,0.31588850837138505,0.9773021308980213,86.79241461900928,83.69339831124242,15.365622441921202,3.254794520547945,0.0,1687,0.9408450704225352,0.010554984591350932,0.00010012122459470042,0.9906034509347748,1.2220919327405082,15.384567235707197,0.15275913207088931,0.6500020342977376,0.552501729153077
sunsched,0,cct_region,2014,1.0,pvgis,365,0.6324456329947064,85.70875921763201,10.0,153.30988477659398,0.35,1861,0.7234470858895703,0.7341673182173568,0.8339602364320258,0.44201992107082266,0.9933993399339934,0.18604651162790697,0.0,0.0,0.09403546480386889,0.0,0.9059645351961311,0.3840229267418951,0.9166666666666666,0.9166666666666666,0.543424079754601,0.5286618098159508,0.788631134969325,0.35380016866579655,0.7100816506157823,0.0,22.297233232776282,0.31588850837138505,0.9773021308980213,88.76503964066944,83.7060298901897,17.09330783475947,3.2575342465753425,0.0,1687,0.9436619718309859,0.011900612232097084,0.00010819746786308879,0.9909901588445149,1.2209823831166422,13.650328044546665,0.16415109929116445,0.7325831267472741,0.622695657735183
sunsched,0,cct_region,2015,1.0,pvgis,365,0.6324456329947064,85.70875921763201,10.0,153.30988477659398,0.34,1861,0.7215299079754599,0.7263487099296322,0.8328855454056958,0.44108925280999994,0.9933993399339934,0.18604651162790697,0.0,0.0,0.09618484685652874,0.0,0.9038151531434713,0.6422622246104245,0.9166666666666666,0.9166666666666666,0.543424079754601,0.5286618098159508,0.788631134969325,0.3223299032020946,0.7058162860193977,0.0,21.709066091403,0.31588850837138505,0.9773021308980213,84.49354640107268,83.45126350150703,14.741259616974173,3.202739726027397,0.0,1687,0.9408450704225352,0.011060545490097757,0.00010224794853639274,0.9908402901927293,1.2097124727195474,14.68487191222699,0.15704963454696674,0.6809729127888239,0.5788269758705002
sunsched,105,cct_region,2012,1.0,pvgis,365,0.529264676669618,71.725720549728,10.0,183.19788075032216,0.33,2169,0.2106800766283525,0.40450771055753265,0.21484555094513602,0.16174060702754042,0.9042809042809042,0.6777777777777778,0.016597510373443983,0.0,0.4536652835408022,0.0,0.5297372060857538,0.2319041032733979,0.8333333333333334,0.9166666666666666,0.096360153256705,0.25373563218390804,0.3789750957854406,0.3147769511424607,0.7393474618358468,0.0,20.729461989872192,0.31588850837138505,0.9773021308980213,68.5401739797723,72.94526195018834,10.825106395897537,0.8493150684931506,0.0,1150,0.9464788732394366,0.010170327769392869,8.929078275102548e-05,0.9912968710973794,1.068098126347111,15.977610765532415,0.14940167951908745,0.6258758050091211,0.531994434257753
sunsched,100,cct_region,2011,1.0,pvgis,365,0.6105281741575894,82.73851465568,10.0,158.8135834282582,0.36,4890,0.3197097586257959,0.5979148884282405,0.3169734151329243,0.21379324888810383,0.9804629433000637,0.7624309392265194,0.0,0.0,0.40388548057259716,0.0,0.5961145194274029,0.25833333333333336,0.9166666666666666,0.9166666666666666,0.11224640900340586,0.169427344460663,0.4592244716633877,0.33760255671101913,0.7301995162647636,0.0,19.639202912676332,0.31588850837138505,0.9773021308980213,83.58980476821888,83.12956513737662,11.95759095509507,2.1616438356164385,0.0,2921,0.9436619718309859,0.009758973600879817,9.481485997550765e-05,0.9903778267260187,1.2968051626021377,16.63565160549037,0.14594253440387173,0.6011186238535818,0.5109508302755446
sunsched,100,cct_region,2012,1.0,pvgis,365,0.6105281741575894,82.73851465568,10.0,158.8135834282582,0.35,4890,0.3101901800258086,0.5704792098524569,0.30777096114519426,0.21231691155573543,0.9534933106816734,0.7292817679558011,0.027607361963190184,0.0,0.4044989775051125,0.0,0.5678936605316973,0.6971199727334698,0.9166666666666666,0.9166666666666666,0.11224640900340586,0.169427344460663,0.4592244716633877,0.3177857172686479,0.7406263735700157,0.0,20.729461989872192,0.31588850837138505,0.9773021308980213,79.06385806743447,82.51986330471335,11.469314211317059,2.073972602739726,0.0,2823,0.9436619718309859,0.010274180741422214,0.00010226346734024462,0.9901446521291092,1.2801985460853293,15.797723047608493,0.1503948468670554,0.6330026149884828,0.5380522227402104
sunsched,105,cct_region,2011,1.0,pvgis,365,0.529264676669618,71.725720549728,10.0,183.19788075032216,0.34,2169,0.21451149425287358,0.4180647347907135,0.21853388658367912,0.16180341361257689,0.9215969215969216,0.6777777777777778,0.0,0.0,0.4661134163208852,0.0,0.5338865836791148,0.23455509451360074,0.8333333333333334,0.9166666666666666,0.096360153256705,0.25373563218390804,0.3789750957854406,0.33586957823986163,0.7309482285972868,0.0,19.639202912676332,0.31588850837138505,0.9773021308980213,72.46370088419438,73.03050410773342,10.88718281489913,0.8575342465753425,0.0,1159,0.9436619718309859,0.009673654357042963,8.025913186672426e-05,0.9917715969125643,1.081618911903629,16.805991975977033,0.14508907001732407,0.5950258701952427,0.5057719896659563
sunsched,100,cct_region,2013,1.0,pvgis,365,0.6105281741575894,82.73851465568,10.0,158.8135834282582,0.36,4890,0.3197097586257959,0.5979148884282405,0.3169734151329243,0.21379324888810383,0.9804629433000637,0.7624309392265194,0.0,0.0,0.40388548057259716,0.0,0.5961145194274029,0.25698704839809133,0.9166666666666666,0.9166666666666666,0.11224640900340586,0.169427344460663,0.4592244716633877,0.33426037716437434,0.7377678629126309,0.0,20.64649507784094,0.31588850837138505,0.9773021308980213,83.78461588415563,83.14219671632397,12.419906304679131,2.164383561643836,0.0,2921,0.9408450704225352,0.010392657258961824,0.00010311494103755806,0.9901755736431128,1.2973239303104909,15.618116390616787,0.15140808599929723,0.6402820769096011,0.5442397653731611
sunsched,105,cct_region,2013,1.0,pvgis,365,0.529264676669618,71.725720549728,10.0,183.19788075032216,0.34,2169,0.21451149425287358,0.4180647347907135,0.21853388658367912,0.16180341361257689,0.9215969215969216,0.6777777777777778,0.0,0.0,0.4661134163208852,0.0,0.5338865836791148,0.2343629936990933,0.8333333333333334,0.9166666666666666,0.096360153256705,0.25373563218390804,0.3789750957854406,0.3307130494722436,0.7373964313294804,0.0,20.64649507784094,0.31588850837138505,0.9773021308980213,72.63258193940429,73.03050410773342,11.582964659437744,0.8575342465753425,0.0,1159,0.9464788732394366,0.010301954087914652,8.972140498308997e-05,0.9913660309115301,1.0750002864127852,15.774568012735331,0.15052424645828333,0.6339317813284439,0.5388420141291773
sunsched,105,cct_region,2014,1.0,pvgis,365,0.529264676669618,71.725720549728,10.0,183.19788075032216,0.34,2169,0.21451149425287358,0.4180647347907135,0.21853388658367912,0.16180341361257689,0.9215969215969216,0.6777777777777778,0.0,0.0,0.4661134163208852,0.0,0.5338865836791148,0.23132780082987553,0.8333333333333334,0.9166666666666666,0.096360153256705,0.25373563218390804,0.3789750957854406,0.35380673161927795,0.7413386727057435,0.0,22.297233232776282,0.31588850837138505,0.9773021308980213,74.28338113827697,73.03050410773344,11.829836137238011,0.8575342465753425,0.0,1159,0.9436619718309859,0.011832010403584241,0.00010225920442376187,0.991431465202098,1.081914656558386,13.735586442508033,0.16352782185247294,0.7280358972553677,0.6188305126670626
sunsched,100,cct_region,2014,1.0,pvgis,365,0.6105281741575894,82.73851465568,10.0,158.8135834282582,0.37,4890,0.3197097586257959,0.5979148884282405,0.3169734151329243,0.21379324888810383,0.9804629433000637,0.7624309392265194,0.0,0.0,0.40388548057259716,0.0,0.5961145194274029,0.25661213360599866,0.9166666666666666,0.9166666666666666,0.11224640900340586,0.169427344460663,0.4592244716633877,0.3478564526261413,0.7420769906235558,0.0,22.297233232776282,0.31588850837138505,0.9773021308980213,85.68887941281247,83.14219671632397,13.805118398679857,2.164383561643836,0.0,2921,0.9436619718309859,0.011830771655810535,0.00011791260520306626,0.9901317498540159,1.2951672671514134,13.719016106555381,0.1636483882524027,0.7289152459863126,0.6195779590883658
sunsched,100,cct_region,2015,1.0,pvgis,365,0.6105281741575894,82.73851465568,10.0,158.8135834282582,0.36,4890,0.31554229866091255,0.5859041580295085,0.31349693251533745,0.2120560345821627,0.9683584625185815,0.7458563535911602,0.007975460122699387,0.0,0.4147239263803681,0.0,0.5773006134969325,0.9536809815950921,0.9166666666666666,0.9166666666666666,0.11224640900340586,0.169427344460663,0.4592244716633877,0.29282267891225805,0.7385559510679587,0.0,21.709066091403,0.31588850837138505,0.9773021308980213,81.56541514577572,82.79123296784815,12.898165651937095,2.106849315068493,0.0,2902,0.9436619718309859,0.010714702931074885,0.00010108859113546437,0.9906536113489357,1.2558227378116462,15.156005133084362,0.15411945917977143,0.65980447434468,0.560833803192978
sunsched,105,cct_region,2015,1.0,pvgis,365,0.529264676669618,71.725720549728,10.0,183.19788075032216,0.34,2169,0.21451149425287358,0.4180647347907135,0.21853388658367912,0.16180341361257689,0.9215969215969216,0.6777777777777778,0.0,0.0,0.4661134163208852,0.0,0.5338865836791148,0.27401260181343173,0.8333333333333334,0.9166666666666666,0.096360153256705,0.25373563218390804,0.3789750957854406,0.2925621033678254,0.7379649929233817,0.0,21.709066091403,0.31588850837138505,0.9773021308980213,70.70876480699424,73.01787252878604,12.11001726031597,0.8547945205479452,0.0,1159,0.9436619718309859,0.010690785789825116,8.669295536220114e-05,0.991956100548942,1.0491429757352726,15.209883100181543,0.15379531115737932,0.6574672490336656,0.5588471616786157
sunsched,130,cct_region,2011,1.0,pvgis,365,0.5053064365483766,68.47891018896,10.0,191.883894818735,0.32,1455,0.33414346737369277,0.815861130020422,0.3223367697594502,0.19271472097359413,0.9992576095025983,0.8425925925925926,0.0,0.0,0.3663230240549828,0.0,0.6336769759450172,0.36059564719358533,0.8333333333333334,0.9124999999999943,0.15760789512446605,0.3132272794225954,0.3739873324495508,0.3349937983495041,0.7368165404532631,0.0,19.639202912676332,0.31588850837138505,0.9773021308980213,69.18348434531293,71.22668535630447,12.219426386391753,0.6383561643835617,0.0,922,0.9408450704225352,0.009704419913251895,9.62603160980081e-05,0.9901782005079873,1.0157097045046566,16.725797392928897,0.14548881400348157,0.5978788194712715,0.5081969965505808
sunsched,130,cct_region,2013,1.0,pvgis,365,0.5053064365483766,68.47891018896,10.0,191.883894818735,0.3,1455,0.33414346737369277,0.815861130020422,0.3223367697594502,0.19271472097359413,0.9992576095025983,0.8425925925925926,0.0,0.0,0.3663230240549828,0.0,0.6336769759450172,0.36059564719358533,0.8333333333333334,0.9124999999999943,0.15760789512446605,0.3132272794225954,0.3739873324495508,0.3374516167653091,0.7430221770263596,0.0,20.64649507784094,0.31588850837138505,0.9773021308980213,69.34472065669041,71.22668535630447,12.478012744783962,0.6383561643835617,0.0,922,0.9408450704225352,0.01042545434760974,0.00010060671805241328,0.9904421304964104,1.0156234913678317,15.573175075312802,0.15166508220349817,0.6421298130689088,0.5458103411085724
sunsched,130,cct_region,2012,1.0,pvgis,365,0.5053064365483766,68.47891018896,10.0,191.883894818735,0.32,1455,0.282442185888938,0.5769230769230768,0.2728522336769759,0.17375778407123585,0.8997772828507795,0.7592592592592593,0.09965635738831616,0.0,0.3628865979381443,0.0,0.5374570446735395,1.4100229095074457,0.8333333333333334,0.8333333333333334,0.15760789512446605,0.3132272794225954,0.3739873324495508,0.3220825527253397,0.7446782498640445,0.0,20.729461989872192,0.31588850837138505,0.9773021308980213,65.43756385190234,70.66655796267436,11.799377189191404,0.5616438356164384,0.004394977168949771,815,0.9464788732394366,0.010290985669000653,0.00010025231929484874,0.9903522256532117,0.9993217791397174,15.775232172877914,0.15052052985012598,0.6339050918814892,0.5388193280992659
sunsched,130,cct_region,2014,1.0,pvgis,365,0.5053064365483766,68.47891018896,10.0,191.883894818735,0.31,1455,0.33414346737369277,0.815861130020422,0.3223367697594502,0.19271472097359413,0.9992576095025983,0.8425925925925926,0.0,0.0,0.3663230240549828,0.0,0.6336769759450172,0.36002290950744553,0.8333333333333334,0.9124999999999943,0.15760789512446605,0.3132272794225954,0.3739873324495508,0.3495778573742359,0.7467966981204893,0.0,22.297233232776282,0.31588850837138505,0.9773021308980213,70.92079307831544,71.23931693525192,13.267604476973059,0.6410958904109589,0.0,922,0.9436619718309859,0.011828035138554521,0.00011229823676202978,0.9905950501353524,1.0129018911407597,13.728610975624838,0.1635785422643008,0.7284058101547936,0.6191449386315745
sunsched,130,cct_region,2015,1.0,pvgis,365,0.5053064365483766,68.47891018896,10.0,191.883894818735,0.32,1455,0.2986448666961261,0.6518039482641252,0.28797250859106527,0.17763162493890405,0.9190794357832219,0.8148148148148148,0.07766323024054983,0.0,0.3525773195876289,0.0,0.5697594501718213,0.7560710194730813,0.8333333333333334,0.8833333333333258,0.15760789512446605,0.3132272794225954,0.3739873324495508,0.3072568426528605,0.7434769260858107,0.0,21.709066091403,0.31588850837138505,0.9773021308980213,67.50798901257977,70.78824491868083,12.677709671397762,0.5780821917808219,0.0,842,0.9436619718309859,0.010901926987467116,9.377855386380292e-05,0.9914713472899664,0.9853050689753617,14.90801942747814,0.15563997175134292,0.6707799147060551,0.5701629275001469
sunsched,28,cct_region,2012,1.0,pvgis,365,0.515310481749955,69.834654076896,10.0,188.158732561793,0.31,1333,0.2248648648648649,0.4960516870064612,0.22580645161290322,0.14420568351796018,0.872895622895623,0.7034482758620689,0.02700675168792198,0.0,0.47936984246061515,0.0,0.49362340585146286,0.5812703175793948,0.8333333333333334,0.9166666666666666,0.1674012474012474,0.18985446985446985,0.28324324324324324,0.3259921826738247,0.7447288004489693,0.0,20.729461989872192,0.31588850837138505,0.9773021308980213,66.73309523505122,71.33378588954619,11.459547112564954,0.7150684931506849,0.0,665,0.9436619718309859,0.010309488052019491,0.0001025972653288817,0.9901463287898787,1.0311704992694886,15.743646621475884,0.15069761009060267,0.6351768583498956,0.5399003295974112
sunsched,28,cct_region,2011,1.0,pvgis,365,0.515310481749955,69.834654076896,10.0,188.158732561793,0.33,1333,0.22819126819126823,0.5247666905958367,0.2288072018004501,0.14655733760665246,0.898989898989899,0.7655172413793103,0.0,0.0,0.4951237809452363,0.0,0.5048762190547637,0.33339584896224056,0.8333333333333334,0.9166666666666666,0.1674012474012474,0.18985446985446985,0.28324324324324324,0.3380322698249088,0.7365961363439675,0.0,19.639202912676332,0.31588850837138505,0.9773021308980213,70.55317737618083,71.50052499853535,11.974775232494455,0.7397260273972602,0.0,673,0.9464788732394366,0.009708577337806328,9.807519342038805e-05,0.9899991160991894,1.0390214057493483,16.71561129621109,0.1455398493724399,0.5982431526310192,0.5085066797363663
sunsched,28,cct_region,2013,1.0,pvgis,365,0.515310481749955,69.834654076896,10.0,188.158732561793,0.32,1333,0.22819126819126823,0.5247666905958367,0.2288072018004501,0.14655733760665246,0.898989898989899,0.7655172413793103,0.0,0.0,0.4951237809452363,0.0,0.5048762190547637,0.3332083020755188,0.8333333333333334,0.9166666666666666,0.1674012474012474,0.18985446985446985,0.28324324324324324,0.33247395131758367,0.7429565098543849,0.0,20.64649507784094,0.31588850837138505,0.9773021308980213,70.71760584034051,71.50052499853535,12.680479546542154,0.7397260273972602,0.0,673,0.9464788732394366,0.01034321730020705,0.00010191000949596798,0.9902432965655383,1.03132589209236,15.693843355715991,0.15097819770948961,0.6371925457225756,0.5416136638641892
sunsched,40,cct_region,2011,1.0,pvgis,365,0.4926895242489614,66.769071679648,10.0,196.7977039286174,0.32,1079,0.22910058323953753,0.7741545893719808,0.24003707136237257,0.19532110154862076,0.9596273291925466,0.6548672566371682,0.0,0.0,0.41797961075069506,0.0,0.5820203892493049,0.47876119864071676,0.8333333333333334,0.9166666666666666,0.16351171595211297,0.1324056072853781,0.24823493297861457,0.3362679130997152,0.7413695446859321,0.0,19.639202912676332,0.31588850837138505,0.9773021308980213,67.45605344117615,69.43162385565971,12.079281812974159,0.3232876712328767,0.0,629,0.9492957746478873,0.009708163871594918,0.00010219028756543922,0.9895834252354673,0.9813820661496981,16.709304187140603,0.14557147951287253,0.5984689660324665,0.5086986211275965
sunsched,40,cct_region,2012,1.0,pvgis,365,0.4926895242489614,66.769071679648,10.0,196.7977039286174,0.32,1079,0.23155632866059553,0.8031400966183574,0.23725671918443003,0.19499583061029,0.9440993788819876,0.5309734513274337,0.03707136237256719,0.0,0.41427247451343835,0.0,0.5486561631139945,1.080475749150448,0.8333333333333334,0.9166666666666666,0.16351171595211297,0.1324056072853781,0.24823493297861457,0.3202164339228993,0.7489382085749762,0.0,20.729461989872192,0.31588850837138505,0.9773021308980213,63.80366421300925,69.30453583838542,11.841297385420829,0.3095890410958904,0.007876712328767124,607,0.9464788732394366,0.01025945309220699,0.00010648718822329497,0.9897272041568356,0.9628061126573736,15.81373106484711,0.15030559769194796,0.6323618353564483,0.5375075600529811
sunsched,40,cct_region,2013,1.0,pvgis,365,0.4926895242489614,66.769071679648,10.0,196.7977039286174,0.31,1079,0.22910058323953753,0.7741545893719808,0.24003707136237257,0.19532110154862076,0.9596273291925466,0.6548672566371682,0.0,0.0,0.41797961075069506,0.0,0.5820203892493049,0.47876119864071676,0.8333333333333334,0.9166666666666666,0.16351171595211297,0.1324056072853781,0.24823493297861457,0.3364668221601801,0.7474222662947093,0.0,20.64649507784094,0.31588850837138505,0.9773021308980213,67.6132638699357,69.43162385565971,12.452479107410328,0.3232876712328767,0.0,629,0.9436619718309859,0.010406543046322806,0.00010867132085336725,0.9896653252079586,0.9777401121973514,15.589239182863343,0.15157305866602588,0.6414681231520662,0.5452479046792563
sunsched,28,cct_region,2014,1.0,pvgis,365,0.515310481749955,69.834654076896,10.0,188.158732561793,0.33,1333,0.22819126819126823,0.5247666905958367,0.2288072018004501,0.14655733760665246,0.898989898989899,0.7655172413793103,0.0,0.0,0.4951237809452363,0.0,0.5048762190547637,0.33170792698174545,0.8333333333333334,0.9166666666666666,0.1674012474012474,0.18985446985446985,0.28324324324324324,0.35379365144636393,0.7467816701524527,0.0,22.297233232776282,0.31588850837138505,0.9773021308980213,72.32488130749718,71.50052499853537,12.99456185648813,0.7397260273972602,0.0,673,0.9436619718309859,0.011851679634344267,0.00011297036237277011,0.9905579885409296,1.0366199200621735,13.70070932906264,0.16378190785524016,0.729889216669059,0.6204058341687003
sunsched,28,cct_region,2015,1.0,pvgis,365,0.515310481749955,69.834654076896,10.0,188.158732561793,0.34,1333,0.22652806652806656,0.5104091888011489,0.22730682670667668,0.1453643116471783,0.8838383838383839,0.7034482758620689,0.020255063765941484,0.0,0.47936984246061515,0.0,0.5003750937734434,0.3673418354588647,0.8333333333333334,0.9166666666666666,0.1674012474012474,0.18985446985446985,0.28324324324324324,0.30291897769322873,0.7434113176777893,0.0,21.709066091403,0.31588850837138505,0.9773021308980213,68.84451062540988,71.39850418351769,12.798318865529014,0.726027397260274,0.0,668,0.9408450704225352,0.010837570238931256,9.721205417658544e-05,0.991109831767034,1.0067666762474685,14.991079605883993,0.1551253961932958,0.6670633645408036,0.567003859859683
sunsched,40,cct_region,2014,1.0,pvgis,365,0.4926895242489614,66.769071679648,10.0,196.7977039286174,0.32,1079,0.22910058323953753,0.7741545893719808,0.24003707136237257,0.19532110154862076,0.9596273291925466,0.6548672566371682,0.0,0.0,0.41797961075069506,0.0,0.5820203892493049,0.47713932653691693,0.8333333333333334,0.9166666666666666,0.16351171595211297,0.1324056072853781,0.24823493297861457,0.3488769587208483,0.7511335829771126,0.0,22.297233232776282,0.31588850837138505,0.9773021308980213,69.14998360162295,69.43162385565971,13.206246929529954,0.3232876712328767,0.0,629,0.9408450704225352,0.01181066994340002,0.00011814350861410721,0.9900959547159186,0.9741854369870178,13.741869003854067,0.16348218117829794,0.7277030509601994,0.6185475933161695
sunsched,40,cct_region,2015,1.0,pvgis,365,0.4926895242489614,66.769071679648,10.0,196.7977039286174,0.33,1079,0.2288959377877827,0.7717391304347827,0.2381835032437442,0.195637221082297,0.9596273291925466,0.6106194690265486,0.006487488415199258,0.0,0.4151992585727525,0.0,0.5783132530120482,0.5660333642261353,0.8333333333333334,0.9166666666666666,0.16351171595211297,0.1324056072853781,0.24823493297861457,0.307776440699779,0.7478411620804734,0.0,21.709066091403,0.31588850837138505,0.9773021308980213,65.82239327249897,69.4008604419186,12.591297682749989,0.3178082191780822,0.0,627,0.9464788732394366,0.010913620143559333,0.00010055938422683385,0.9908700067968615,0.9547061300414939,14.883014337604397,0.15579594640147265,0.6719068982372305,0.5711208635016459
sunsched,46,cct_region,2011,1.0,pvgis,365,0.6498872575545345,88.072440650112,10.0,149.1953658034943,0.39,6276,0.23366414114466613,nan,0.21765455704270237,0.13301664379364128,0.969009009009009,0.9201101928374655,0.0,0.0,0.52868068833652,0.0,0.4713193116634799,0.2464281920543871,0.8333333333333334,0.9166666666666666,0.20872905773129866,0.1088997972468253,0.14310105645075233,0.3377754547545919,0.7279608289664016,0.0,19.639202912676332,0.31588850837138505,0.9773021308980213,88.97861111044423,83.46691477741838,14.572042833218338,2.0273972602739727,0.0,2959,0.9464788732394366,0.009659443122968084,9.144660497827932e-05,0.9906217168351119,1.3170350343819164,16.811203531425278,0.1450632175983836,0.5948414092606126,0.5056151978715208
sunsched,46,cct_region,2013,1.0,pvgis,365,0.6498872575545345,88.072440650112,10.0,149.1953658034943,0.39,6276,0.23366414114466613,nan,0.21765455704270237,0.13301664379364128,0.969009009009009,0.9201101928374655,0.0,0.0,0.52868068833652,0.0,0.4713193116634799,0.2458705120033992,0.8333333333333334,0.9166666666666666,0.20872905773129866,0.1088997972468253,0.14310105645075233,0.33279051297779577,0.7358776300263382,0.0,20.64649507784094,0.31588850837138505,0.9773021308980213,89.18598116679111,83.47954635636589,15.36516245899907,2.03013698630137,0.0,2959,0.9464788732394366,0.010293214532478534,9.443548381212167e-05,0.9909088693146169,1.3041974557376357,15.780681056053366,0.15049004935855836,0.6336862119245522,0.5386332801358694
sunsched,46,cct_region,2012,1.0,pvgis,365,0.6498872575545345,88.072440650112,10.0,149.1953658034943,0.39,6276,0.23366414114466613,nan,0.21765455704270237,0.13301664379364128,0.969009009009009,0.9201101928374655,0.0,0.0,0.52868068833652,0.0,0.4713193116634799,0.2458705120033992,0.8333333333333334,0.9166666666666666,0.20872905773129866,0.1088997972468253,0.14310105645075233,0.319686362570817,0.7390843068482952,0.0,20.729461989872192,0.31588850837138505,0.9773021308980213,84.16088899095479,83.47954635636589,14.09836971846972,2.03013698630137,0.0,2959,0.9436619718309859,0.010201417912543632,0.00010010619582404426,0.9902823897929114,1.2985128319872739,15.912615463942736,0.1497580642477052,0.6284322035343307,0.5341673730041812
sunsched,46,cct_region,2014,1.0,pvgis,365,0.6498872575545345,88.072440650112,10.0,149.1953658034943,0.41,6276,0.23366414114466613,nan,0.21765455704270237,0.13301664379364128,0.969009009009009,0.9201101928374655,0.0,0.0,0.52868068833652,0.0,0.4713193116634799,0.24525971956660292,0.8333333333333334,0.9166666666666666,0.20872905773129866,0.1088997972468253,0.14310105645075233,0.3538918765266214,0.7404273724239553,0.0,22.297233232776282,0.31588850837138505,0.9773021308980213,91.21300736260577,83.4795463563659,16.27887169328568,2.03013698630137,0.0,2959,0.9436619718309859,0.011802731092961524,0.00010926380588203354,0.9908274133081907,1.3152796581012753,13.76127115743682,0.1633414785207059,0.7266770551640379,0.6176754968894322
sunsched,78,cct_region,2012,1.0,pvgis,365,0.5371243038945545,72.79085383900801,10.0,180.51718460483815,0.35,2359,0.17425002279565968,0.7222548443922485,0.1665960152607037,0.11048335591443309,0.9264367816091954,0.842391304347826,0.069520983467571,0.0,0.3815175922000848,0.0,0.5489614243323442,0.3612759643916914,0.8333333333333334,0.9166666666666666,0.11817269991793561,0.24591957691255584,0.19581471687790647,0.31810420928392685,0.7408592973292719,0.0,20.729461989872192,0.31588850837138505,0.9773021308980213,69.55800162095082,73.7807862312356,12.110148005949046,1.0493150684931507,0.0,1298,0.9464788732394366,0.010245736940353481,0.00010397627508772915,0.9899537047140009,1.0483165215981052,15.8385250312467,0.15016770200382124,0.631371922592016,0.5366661342032135
sunsched,7,cct_region,2011,1.0,pvgis,365,0.5185664617347002,70.275903079136,10.0,186.97731973936163,0.38,1853,0.37415369996436637,nan,0.3545601726929304,0.17636020753257403,0.9987987987987988,0.8404255319148937,0.0,0.0,0.5483000539665407,0.0,0.45169994603345925,0.3904479222881813,0.8333333333333334,0.9166666666666666,0.45064734529041467,0.20602209288514078,0.22146335669319397,0.34176440207994296,0.7390054429312374,0.0,19.639202912676332,0.31588850837138505,0.9773021308980213,70.99896635492783,71.93269736746498,11.761082571682412,0.7205479452054795,0.0,837,0.9464788732394366,0.009756773374019714,0.00010347210803213207,0.9895061326596303,1.0273048795024085,16.62475768249118,0.1459976822397856,0.6015125267378649,0.5112856477271852
sunsched,7,cct_region,2013,1.0,pvgis,365,0.5185664617347002,70.275903079136,10.0,186.97731973936163,0.37,1853,0.37415369996436637,nan,0.3545601726929304,0.17636020753257403,0.9987987987987988,0.8404255319148937,0.0,0.0,0.5483000539665407,0.0,0.45169994603345925,0.38995322899802126,0.8333333333333334,0.9166666666666666,0.45064734529041467,0.20602209288514078,0.22146335669319397,0.33500124693781597,0.7453653312120578,0.0,20.64649507784094,0.31588850837138505,0.9773021308980213,71.1644337573732,71.93269736746498,12.533703928451141,0.7205479452054795,0.0,837,0.9464788732394366,0.010377278311835875,0.00010499244566578555,0.9899838071258894,1.021501120448903,15.638232938380995,0.15129350324889712,0.6394584374975608,0.5435396718729266
sunsched,7,cct_region,2014,1.0,pvgis,365,0.5185664617347002,70.275903079136,10.0,186.97731973936163,0.37,1853,0.37415369996436637,nan,0.3545601726929304,0.17636020753257403,0.9987987987987988,0.8404255319148937,0.0,0.0,0.5483000539665407,0.0,0.45169994603345925,0.3886490375966901,0.8333333333333334,0.9166666666666666,0.45064734529041467,0.20602209288514078,0.22146335669319397,0.3561897440835761,0.749205052477719,0.0,22.297233232776282,0.31588850837138505,0.9773021308980213,72.78186476558025,71.93269736746498,12.860535589841989,0.7205479452054795,0.0,837,0.9436619718309859,0.011886462704701825,0.00011504907659920635,0.9904137846384937,1.0282916044386083,13.65862858080868,0.16409009724497492,0.7321379259152484,0.6223172370279612
sunsched,46,cct_region,2015,1.0,pvgis,365,0.6498872575545345,88.072440650112,10.0,149.1953658034943,0.41,6276,0.23366414114466613,nan,0.21765455704270237,0.13301664379364128,0.969009009009009,0.9201101928374655,0.0,0.0,0.52868068833652,0.0,0.4713193116634799,0.24563150626726155,0.8333333333333334,0.9166666666666666,0.20872905773129866,0.1088997972468253,0.14310105645075233,0.2882391521291642,0.7368149762157572,0.0,21.709066091403,0.31588850837138505,0.9773021308980213,86.82371461976584,83.4795463563659,15.872611792998171,2.03013698630137,0.0,2959,0.9408450704225352,0.010598115391680348,9.322763824552848e-05,0.9912800816525503,1.2768618495897304,15.332422818176742,0.15306609909161184,0.652212642358447,0.55438074600468
sunsched,7,cct_region,2012,1.0,pvgis,365,0.5185664617347002,70.275903079136,10.0,186.97731973936163,0.38,1853,0.3658391732984916,nan,0.347004856988667,0.17656414841068052,0.9573573573573574,0.7925531914893617,0.042093901780895844,0.0,0.5283324338909876,0.0,0.42957366432811656,0.3794297535527973,0.8333333333333334,0.9166666666666666,0.45064734529041467,0.20602209288514078,0.22146335669319397,0.3259516420548459,0.7471719722522766,0.0,20.729461989872192,0.31588850837138505,0.9773021308980213,67.1547470936892,71.76681563431949,11.439517131494293,0.6986301369863014,0.0,796,0.9436619718309859,0.010318868479164064,0.00010159778358203304,0.9902501691363608,1.0202345792092369,15.730984362478187,0.15076878862020937,0.635688127937637,0.5403349087469914
sunsched,78,cct_region,2011,1.0,pvgis,365,0.5371243038945545,72.79085383900801,10.0,180.51718460483815,0.37,2359,0.18072399015227503,0.8056371109806225,0.17337855023314963,0.11623452462743855,0.9940229885057471,0.9239130434782609,0.0,0.0,0.39593047901653244,0.0,0.6040695209834676,0.32096933728981203,0.9166666666666666,0.9166666666666666,0.11817269991793561,0.24591957691255584,0.19581471687790647,0.33226192364886076,0.7323060248742883,0.0,19.639202912676332,0.31588850837138505,0.9773021308980213,73.53979324666396,74.38546025501225,12.534407002178966,1.1287671232876713,0.0,1426,0.9436619718309859,0.009668783883286966,9.544159298789447e-05,0.9902253800652393,1.056882610140105,16.78824318706013,0.14517722907352648,0.595654940697291,0.5063066995926974
sunsched,78,cct_region,2014,1.0,pvgis,365,0.5371243038945545,72.79085383900801,10.0,180.51718460483815,0.37,2359,0.18072399015227503,0.8056371109806225,0.17337855023314963,0.11623452462743855,0.9940229885057471,0.9239130434782609,0.0,0.0,0.39593047901653244,0.0,0.6040695209834676,0.31969761198247837,0.9166666666666666,0.9166666666666666,0.11817269991793561,0.24591957691255584,0.19581471687790647,0.3471223398516753,0.7428481901061013,0.0,22.297233232776282,0.31588850837138505,0.9773021308980213,75.38649591334313,74.38546025501225,13.677859790764785,1.1287671232876713,0.0,1426,0.9464788732394366,0.011786944173336547,0.00010999000446744461,0.9907547606111285,1.0580121759477963,13.778692004098193,0.16321546164874756,0.725758293822498,0.6168945497491233
sunsched,78,cct_region,2013,1.0,pvgis,365,0.5371243038945545,72.79085383900801,10.0,180.51718460483815,0.37,2359,0.18072399015227503,0.8056371109806225,0.17337855023314963,0.11623452462743855,0.9940229885057471,0.9239130434782609,0.0,0.0,0.39593047901653244,0.0,0.6040695209834676,0.32096933728981203,0.9166666666666666,0.9166666666666666,0.11817269991793561,0.24591957691255584,0.19581471687790647,0.32669075137147724,0.7388788396636724,0.0,20.64649507784094,0.31588850837138505,0.9773021308980213,73.71118220046938,74.38546025501225,13.259782379528296,1.1287671232876713,0.0,1426,0.9436619718309859,0.010295531583727967,9.748495049809563e-05,0.9906201486183477,1.0517639863168706,15.772532574075937,0.15053563852282725,0.6340135899567714,0.5389115514632558
sunsched,7,cct_region,2015,1.0,pvgis,365,0.5185664617347002,70.275903079136,10.0,186.97731973936163,0.39,1853,0.3705903313932772,nan,0.3513221802482461,0.17682874180036703,0.9645645645645645,0.824468085106383,0.032379924446842956,0.0,0.5369670804101457,0.0,0.4306529951430113,0.43128260478503333,0.8333333333333334,0.9166666666666666,0.45064734529041467,0.20602209288514078,0.22146335669319397,0.30493452446674585,0.7458782327490752,0.0,21.709066091403,0.31588850837138505,0.9773021308980213,69.27950342411204,71.80682877279726,12.668755907461307,0.7041095890410959,0.0,800,0.9436619718309859,0.010861327561299034,0.00010466137977799396,0.9904558193209599,0.9976550877406185,14.94841848827275,0.15538901589194087,0.6689670889161381,0.5686220255787174
sunsched,78,cct_region,2015,1.0,pvgis,365,0.5371243038945545,72.79085383900801,10.0,180.51718460483815,0.37,2359,0.1770766845992523,0.758661186142102,0.16998728274692668,0.11314312146439388,0.9471264367816092,0.8586956521739131,0.04832556167867741,0.0,0.40483255616786773,0.0,0.5468418821534549,1.1872262258018933,0.9166666666666666,0.9166666666666666,0.11817269991793561,0.24591957691255584,0.19581471687790647,0.29592024133734857,0.7393853430249285,0.0,21.709066091403,0.31588850837138505,0.9773021308980213,71.758796213616,73.80766639430077,13.403444040246267,1.0438356164383562,0.0,1334,0.9408450704225352,0.010761983143037777,9.621013616752118e-05,0.9911393973478282,1.0256340000274624,15.096820218049006,0.15447805726837904,0.6623911430066908,0.5630324715556871
sunsched,0,cct_region,2011,2.0,pvgis,365,1.2648912659894127,85.70875921763201,10.0,153.30988477659398,0.36,1861,0.7234470858895703,0.7341673182173568,0.8339602364320258,0.44201992107082266,0.9933993399339934,0.18604651162790697,0.0,0.0,0.09403546480386889,0.0,0.9059645351961311,0.3328407666129321,0.9166666666666666,0.9166666666666666,0.543424079754601,0.5286618098159508,0.788631134969325,0.3832030789934608,0.7374264668090602,0.0,19.639202912676332,0.31588850837138505,0.9773021308980213,173.18121988878173,84.35024041650759,89.46955334124006,3.3972602739726026,0.0,1687,0.9464788732394366,0.010133924045628448,5.9619619118461284e-05,0.994151237187059,1.2220620908004067,16.08117816730423,0.14883944263453897,0.6218449852344587,0.52856823744929
sunsched,0,cct_region,2012,2.0,pvgis,365,1.2648912659894127,85.70875921763201,10.0,153.30988477659398,0.35,1861,0.7234470858895703,0.7341673182173568,0.8339602364320258,0.44201992107082266,0.9933993399339934,0.18604651162790697,0.0,0.0,0.09403546480386889,0.0,0.9059645351961311,0.3400501522478954,0.9166666666666666,0.9166666666666666,0.543424079754601,0.5286618098159508,0.788631134969325,0.3865402065071245,0.7617069829503845,0.0,20.729461989872192,0.31588850837138505,0.9773021308980213,163.8043709660343,84.27445094282339,81.77698239613156,3.3808219178082193,0.0,1687,0.9436619718309859,0.010850925654696596,6.450848092614441e-05,0.9940901589323305,1.2572847576199848,15.017652050505298,0.15496191028592632,0.6658830532475635,0.566000595260429
sunsched,0,cct_region,2013,2.0,pvgis,365,1.2648912659894127,85.70875921763201,10.0,153.30988477659398,0.36,1861,0.7234470858895703,0.7341673182173568,0.8339602364320258,0.44201992107082266,0.9933993399339934,0.18604651162790697,0.0,0.0,0.09403546480386889,0.0,0.9059645351961311,0.3357961669353395,0.9166666666666666,0.9166666666666666,0.543424079754601,0.5286618098159508,0.788631134969325,0.3881195572759887,0.7532605246736142,0.0,20.64649507784094,0.31588850837138505,0.9773021308980213,173.58482923801856,84.2997141007181,89.9033691087494,3.3863013698630136,0.0,1687,0.9436619718309859,0.010910474047670399,6.337102722447033e-05,0.9942252668238003,1.22075192067126,14.937716972513464,0.1554553679866879,0.6694463429987836,0.569029391548966
sunsched,0,cct_region,2014,2.0,pvgis,365,1.2648912659894127,85.70875921763201,10.0,153.30988477659398,0.35,1861,0.7234470858895703,0.7341673182173568,0.8339602364320258,0.44201992107082266,0.9933993399339934,0.18604651162790697,0.0,0.0,0.09403546480386889,0.0,0.9059645351961311,0.34094572810317036,0.9166666666666666,0.9166666666666666,0.543424079754601,0.5286618098159508,0.788631134969325,0.39125684333366534,0.7620100185260623,0.0,22.297233232776282,0.31588850837138505,0.9773021308980213,177.53007928133889,84.23655620598119,94.00148635165586,3.372602739726027,0.0,1687,0.9464788732394366,0.012262927559305926,6.899666807337684e-05,0.9944050363267567,1.2144283674229268,13.292669400696314,0.1668474989659975,0.7522943434880106,0.6394501919648089
sunsched,0,cct_region,2015,2.0,pvgis,365,1.2648912659894127,85.70875921763201,10.0,153.30988477659398,0.35,1861,0.7234470858895703,0.7341673182173568,0.8339602364320258,0.44201992107082266,0.9933993399339934,0.18604651162790697,0.0,0.0,0.09403546480386889,0.0,0.9059645351961311,0.3328407666129321,0.9166666666666666,0.9166666666666666,0.543424079754601,0.5286618098159508,0.788631134969325,0.3892160992889887,0.7555208862569901,0.0,21.709066091403,0.31588850837138505,0.9773021308980213,168.98709280214536,84.33760883756003,85.49771813700647,3.3945205479452056,0.0,1687,0.9436619718309859,0.011751260632247478,6.766675923523267e-05,0.9942747123326947,1.2256356314655017,13.869633546198283,0.16256245509922773,0.7209995827713153,0.612849645355618
sunsched,105,cct_region,2013,2.0,pvgis,365,1.058529353339236,71.725720549728,10.0,183.19788075032216,0.33,2169,0.21451149425287358,0.4180647347907135,0.21853388658367912,0.16180341361257689,0.9215969215969216,0.6777777777777778,0.0,0.0,0.4661134163208852,0.0,0.5338865836791148,0.20193637621023514,0.6666666666666666,0.9166666666666666,0.096360153256705,0.25373563218390804,0.3789750957854406,0.39464582397584963,0.7757527617870741,0.0,20.64649507784094,0.31588850837138505,0.9773021308980213,145.26516387880858,73.08103042352346,74.2186907205605,0.8684931506849315,0.0,1159,0.9464788732394366,0.010975623950336888,5.822402576928454e-05,0.9947231441020966,1.0947624230942845,14.85648453594509,0.15596197409689805,0.6731067484912139,0.5721407362175317
sunsched,105,cct_region,2012,2.0,pvgis,365,1.058529353339236,71.725720549728,10.0,183.19788075032216,0.34,2169,0.21451149425287358,0.4180647347907135,0.21853388658367912,0.16180341361257689,0.9215969215969216,0.6777777777777778,0.0,0.0,0.4661134163208852,0.0,0.5338865836791148,0.20504840940525587,0.75,0.9166666666666666,0.096360153256705,0.25373563218390804,0.3789750957854406,0.3944262981748142,0.7834830302404998,0.0,20.729461989872192,0.31588850837138505,0.9773021308980213,137.0803479595446,73.08103042352343,66.57699212424666,0.8684931506849315,0.0,1159,0.9408450704225352,0.010924441678364075,6.040060503530073e-05,0.994501459058126,1.1312573346048893,14.922762439358602,0.15554824050382088,0.6701172145999673,0.5695996324099721
sunsched,105,cct_region,2011,2.0,pvgis,365,1.058529353339236,71.725720549728,10.0,183.19788075032216,0.35,2169,0.21451149425287358,0.4180647347907135,0.21853388658367912,0.16180341361257689,0.9215969215969216,0.6777777777777778,0.0,0.0,0.4661134163208852,0.0,0.5338865836791148,0.20070693099738746,0.6666666666666666,0.9166666666666666,0.096360153256705,0.25373563218390804,0.3789750957854406,0.39125128863583797,0.7630303549382021,0.0,19.639202912676332,0.31588850837138505,0.9773021308980213,144.92740176838876,73.08103042352343,73.89798473856835,0.8684931506849315,0.0,1159,0.9464788732394366,0.01020981229305034,5.574784352159644e-05,0.9945694299405066,1.0905010175764702,15.968363113961646,0.14945221869383363,0.6262382642875075,0.5323025246443813
sunsched,100,cct_region,2012,2.0,pvgis,365,1.2210563483151788,82.73851465568,10.0,158.8135834282582,0.36,4890,0.3197097586257959,0.5979148884282405,0.3169734151329243,0.21379324888810383,0.9804629433000637,0.7624309392265194,0.0,0.0,0.40388548057259716,0.0,0.5961145194274029,0.22396046353101565,0.8333333333333334,0.9166666666666666,0.11224640900340586,0.169427344460663,0.4592244716633877,0.38265312657611694,0.7911600483539833,0.0,20.729461989872192,0.31588850837138505,0.9773021308980213,158.12771613486893,83.344301979483,76.31676992463244,2.208219178082192,0.0,2921,0.9436619718309859,0.01081484415863156,6.716464799584732e-05,0.9938279182465886,1.3594907014270008,15.063780478578234,0.15467940198996089,0.6638439808798801,0.5642673837478981
sunsched,100,cct_region,2011,2.0,pvgis,365,1.2210563483151788,82.73851465568,10.0,158.8135834282582,0.37,4890,0.3197097586257959,0.5979148884282405,0.3169734151329243,0.21379324888810383,0.9804629433000637,0.7624309392265194,0.0,0.0,0.40388548057259716,0.0,0.5961145194274029,0.22247784594410358,0.8333333333333334,0.9166666666666666,0.11224640900340586,0.169427344460663,0.4592244716633877,0.3796608749696769,0.7669634587044493,0.0,19.639202912676332,0.31588850837138505,0.9773021308980213,167.17960953643777,83.31903882158791,84.8073145272227,2.202739726027397,0.0,2921,0.9436619718309859,0.010110442538628975,6.0739268651126257e-05,0.9940282978121922,1.3163540253670392,16.11653345058294,0.1486490791604762,0.6204808267647841,0.5274087027500665
sunsched,100,cct_region,2013,2.0,pvgis,365,1.2210563483151788,82.73851465568,10.0,158.8135834282582,0.37,4890,0.3197097586257959,0.5979148884282405,0.3169734151329243,0.21379324888810383,0.9804629433000637,0.7624309392265194,0.0,0.0,0.40388548057259716,0.0,0.5961145194274029,0.22375596455351054,0.8333333333333334,0.9166666666666666,0.11224640900340586,0.169427344460663,0.4592244716633877,0.38320235247064527,0.7818758594805103,0.0,20.64649507784094,0.31588850837138505,0.9773021308980213,167.56923176831125,83.3316704005354,85.16468947045513,2.2054794520547945,0.0,2921,0.9464788732394366,0.010858449449826403,6.55001309107292e-05,0.9940039881705212,1.3207405048806065,15.005945479467234,0.1550338670503847,0.6664025278302581,0.5664421486557194
sunsched,100,cct_region,2014,2.0,pvgis,365,1.2210563483151788,82.73851465568,10.0,158.8135834282582,0.36,4890,0.3197097586257959,0.5979148884282405,0.3169734151329243,0.21379324888810383,0.9804629433000637,0.7624309392265194,0.0,0.0,0.40388548057259716,0.0,0.5961145194274029,0.22065439672801637,0.8333333333333334,0.9166666666666666,0.11224640900340586,0.169427344460663,0.4592244716633877,0.38600841093210697,0.7896748780228824,0.0,22.297233232776282,0.31588850837138505,0.9773021308980213,171.37775882562494,83.35693355843043,89.00183634421906,2.210958904109589,0.0,2921,0.9436619718309859,0.012208746421859748,7.200372275506369e-05,0.9941368628213124,1.3120407494610644,13.348060167226201,0.16642103049908152,0.7491725295450218,0.6367966501132686
sunsched,100,cct_region,2015,2.0,pvgis,365,1.2210563483151788,82.73851465568,10.0,158.8135834282582,0.37,4890,0.3197097586257959,0.5979148884282405,0.3169734151329243,0.21379324888810383,0.9804629433000637,0.7624309392265194,0.0,0.0,0.40388548057259716,0.0,0.5961145194274029,0.2258350374914792,0.8333333333333334,0.9166666666666666,0.11224640900340586,0.169427344460663,0.4592244716633877,0.3843410918891441,0.7848654552546644,0.0,21.709066091403,0.31588850837138505,0.9773021308980213,163.13083029155143,83.30640724264039,80.97356136854802,2.2,0.0,2921,0.9436619718309859,0.011694779634262078,6.883508449024511e-05,0.9941484750957956,1.3201092830596082,13.934848747441515,0.16209911545042155,0.7176252990787598,0.6099815042169459
sunsched,105,cct_region,2015,2.0,pvgis,365,1.058529353339236,71.725720549728,10.0,183.19788075032216,0.34,2169,0.21451149425287358,0.4180647347907135,0.21853388658367912,0.16180341361257689,0.9215969215969216,0.6777777777777778,0.0,0.0,0.4661134163208852,0.0,0.5338865836791148,0.21023513139695713,0.75,0.9166666666666666,0.096360153256705,0.25373563218390804,0.3789750957854406,0.39584236902958225,0.7783769775317835,0.0,21.709066091403,0.31588850837138505,0.9773021308980213,141.41752961398848,73.08103042352342,70.56355069742173,0.8684931506849315,0.0,1159,0.9408450704225352,0.011837176630630108,6.226234797628535e-05,0.9947676232393624,1.0964872118547961,13.775791625445892,0.16323642126872184,0.7259110962108736,0.6170244317792425
sunsched,105,cct_region,2014,2.0,pvgis,365,1.058529353339236,71.725720549728,10.0,183.19788075032216,0.35,2169,0.21451149425287358,0.4180647347907135,0.21853388658367912,0.16180341361257689,0.9215969215969216,0.6777777777777778,0.0,0.0,0.4661134163208852,0.0,0.5338865836791148,0.1986706623636084,0.6666666666666666,0.9166666666666666,0.096360153256705,0.25373563218390804,0.3789750957854406,0.3977064978048955,0.782752368466532,0.0,22.297233232776282,0.31588850837138505,0.9773021308980213,148.56676227655393,73.08103042352344,77.59262939003273,0.8684931506849315,0.0,1159,0.9436619718309859,0.012337551225564533,6.398793621736262e-05,0.9948403230129245,1.082694489331749,13.218052186147933,0.1674272972206361,0.7565411196121361,0.6430599516703157
sunsched,130,cct_region,2011,2.0,pvgis,365,1.0106128730967532,68.47891018896,10.0,191.883894818735,0.3,1455,0.33414346737369277,0.815861130020422,0.3223367697594502,0.19271472097359413,0.9992576095025983,0.8425925925925926,0.0,0.0,0.3663230240549828,0.0,0.6336769759450172,0.34140893470790384,0.8333333333333334,0.8333333333333334,0.15760789512446605,0.3132272794225954,0.3739873324495508,0.3997468879520989,0.7674160892039119,0.0,19.639202912676332,0.31588850837138505,0.9773021308980213,138.36696869062587,71.27721167209431,69.46948950261887,0.6493150684931507,0.0,922,0.9436619718309859,0.01029411729091208,5.1211793542521076e-05,0.9950497666024493,1.0603890782518266,15.845237062135697,0.15013044232150297,0.6311044739050532,0.5364388028192952
sunsched,130,cct_region,2012,2.0,pvgis,365,1.0106128730967532,68.47891018896,10.0,191.883894818735,0.33,1455,0.33414346737369277,0.815861130020422,0.3223367697594502,0.19271472097359413,0.9992576095025983,0.8425925925925926,0.0,0.0,0.3663230240549828,0.0,0.6336769759450172,0.3373997709049256,0.8333333333333334,0.8333333333333334,0.15760789512446605,0.3132272794225954,0.3739873324495508,0.4025784158327779,0.7867969252066811,0.0,20.729461989872192,0.31588850837138505,0.9773021308980213,130.87512770380468,71.28984325104182,62.6421518164557,0.6520547945205479,0.0,922,0.9436619718309859,0.011008300200339221,5.833116189521529e-05,0.9947290950619107,1.1004745713554516,14.812474226655077,0.15623863651902004,0.6751066598991936,0.5738406609143145
sunsched,130,cct_region,2013,2.0,pvgis,365,1.0106128730967532,68.47891018896,10.0,191.883894818735,0.32,1455,0.33414346737369277,0.815861130020422,0.3223367697594502,0.19271472097359413,0.9992576095025983,0.8425925925925926,0.0,0.0,0.3663230240549828,0.0,0.6336769759450172,0.33694158075601377,0.8333333333333334,0.8333333333333334,0.15760789512446605,0.3132272794225954,0.3739873324495508,0.4029986620723901,0.7796537371144925,0.0,20.64649507784094,0.31588850837138505,0.9773021308980213,138.68944131338083,71.28984325104182,69.76304649827915,0.6520547945205479,0.0,922,0.9464788732394366,0.011070836342561311,5.581784146431844e-05,0.9949834118557891,1.0633383589663885,14.73256822022328,0.15674494004415596,0.6787682806228638,0.5769530385294341
sunsched,130,cct_region,2014,2.0,pvgis,365,1.0106128730967532,68.47891018896,10.0,191.883894818735,0.32,1455,0.33414346737369277,0.815861130020422,0.3223367697594502,0.19271472097359413,0.9992576095025983,0.8425925925925926,0.0,0.0,0.3663230240549828,0.0,0.6336769759450172,0.33230240549828177,0.8333333333333334,0.8333333333333334,0.15760789512446605,0.3132272794225954,0.3739873324495508,0.40664824146573225,0.7862723919287512,0.0,22.297233232776282,0.31588850837138505,0.9773021308980213,141.84158615663088,71.28984325104179,72.95906854323715,0.6520547945205479,0.0,922,0.9380281690140845,0.012451334003351574,6.082330265257856e-05,0.9951388636535611,1.0548477043609201,13.1011933290136,0.16834776666931306,0.7632892476942715,0.6487958605401307
sunsched,130,cct_region,2015,2.0,pvgis,365,1.0106128730967532,68.47891018896,10.0,191.883894818735,0.33,1455,0.33414346737369277,0.815861130020422,0.3223367697594502,0.19271472097359413,0.9992576095025983,0.8425925925925926,0.0,0.0,0.3663230240549828,0.0,0.6336769759450172,0.33722794959908364,0.8333333333333334,0.8333333333333334,0.15760789512446605,0.3132272794225954,0.3739873324495508,0.40466960968921256,0.7820097837684996,0.0,21.709066091403,0.31588850837138505,0.9773021308980213,135.01597802515954,71.28984325104182,66.27336380908217,0.6520547945205479,0.0,922,0.9408450704225352,0.011938651073819702,6.107516756928239e-05,0.9949102865898204,1.0650544361099643,13.660660962713424,0.16407517154591988,0.7320290011804593,0.6222246510033905
sunsched,28,cct_region,2012,2.0,pvgis,365,1.03062096349991,69.834654076896,10.0,188.158732561793,0.32,1333,0.22819126819126823,0.5247666905958367,0.2288072018004501,0.14655733760665246,0.898989898989899,0.7655172413793103,0.0,0.0,0.4951237809452363,0.0,0.5048762190547637,0.30988997249312333,0.75,0.9166666666666666,0.1674012474012474,0.18985446985446985,0.28324324324324324,0.40365650941012243,0.787619870045931,0.0,20.729461989872192,0.31588850837138505,0.9773021308980213,133.46619047010245,71.51315657748279,64.68279123082384,0.7424657534246575,0.0,673,0.9436619718309859,0.011016028275902206,5.923247819292234e-05,0.9946518208908968,1.1086235663325077,14.8009329503487,0.1563114457578214,0.6756330856673739,0.5742881228172679
sunsched,40,cct_region,2013,2.0,pvgis,365,0.9853790484979228,66.769071679648,10.0,196.7977039286174,0.31,1079,0.22910058323953753,0.7741545893719808,0.24003707136237257,0.19532110154862076,0.9596273291925466,0.6548672566371682,0.0,0.0,0.41797961075069506,0.0,0.5820203892493049,0.4089434661723818,0.75,0.8333333333333334,0.16351171595211297,0.1324056072853781,0.24823493297861457,0.40924683069093176,0.7831267270484105,0.0,20.64649507784094,0.31588850837138505,0.9773021308980213,135.2265277398714,69.46951859250213,68.29365857950081,0.3315068493150685,0.0,629,0.9436619718309859,0.011137833472797787,5.466141685160111e-05,0.9951162437516813,1.0247305162518927,14.645902762983116,0.1572999685991383,0.6827848144174878,0.5803670922548647
sunsched,28,cct_region,2015,2.0,pvgis,365,1.03062096349991,69.834654076896,10.0,188.158732561793,0.31,1333,0.22819126819126823,0.5247666905958367,0.2288072018004501,0.14655733760665246,0.898989898989899,0.7655172413793103,0.0,0.0,0.4951237809452363,0.0,0.5048762190547637,0.3070767691922981,0.75,0.9166666666666666,0.1674012474012474,0.18985446985446985,0.28324324324324324,0.4055142592035111,0.7826942601477427,0.0,21.709066091403,0.31588850837138505,0.9773021308980213,137.68902125081976,71.51315657748277,68.58939981231609,0.7424657534246575,0.0,673,0.9408450704225352,0.011955424654820941,6.13231639799595e-05,0.994896858542374,1.0700606854103187,13.641310802288904,0.16421744760341572,0.7330673822285523,0.6231072748942695
sunsched,28,cct_region,2013,2.0,pvgis,365,1.03062096349991,69.834654076896,10.0,188.158732561793,0.33,1333,0.22819126819126823,0.5247666905958367,0.2288072018004501,0.14655733760665246,0.898989898989899,0.7655172413793103,0.0,0.0,0.4951237809452363,0.0,0.5048762190547637,0.30526381595398855,0.75,0.9166666666666666,0.1674012474012474,0.18985446985446985,0.28324324324324324,0.40431070250347106,0.7803086596548702,0.0,20.64649507784094,0.31588850837138505,0.9773021308980213,141.43521168068102,71.51315657748276,72.1481711590815,0.7424657534246575,0.0,673,0.9436619718309859,0.011080813582482646,5.7005805252984695e-05,0.9948817804214211,1.0687248961803326,14.717799429347446,0.1568390870217985,0.6794494005713854,0.5775319904856776
sunsched,40,cct_region,2011,2.0,pvgis,365,0.9853790484979228,66.769071679648,10.0,196.7977039286174,0.32,1079,0.22910058323953753,0.7741545893719808,0.24003707136237257,0.19532110154862076,0.9596273291925466,0.6548672566371682,0.0,0.0,0.41797961075069506,0.0,0.5820203892493049,0.4099474822366389,0.75,0.8333333333333334,0.16351171595211297,0.1324056072853781,0.24823493297861457,0.40572607669358945,0.7711996967889814,0.0,19.639202912676332,0.31588850837138505,0.9773021308980213,134.9121068823523,69.46951859250213,67.99511517644179,0.3315068493150685,0.0,629,0.9436619718309859,0.010351810315812572,5.037072644339407e-05,0.9951576764297048,1.0213682165967157,15.758636690045478,0.1506134863582098,0.6345726598492412,0.539386760871855
sunsched,28,cct_region,2011,2.0,pvgis,365,1.03062096349991,69.834654076896,10.0,188.158732561793,0.35,1333,0.22819126819126823,0.5247666905958367,0.2288072018004501,0.14655733760665246,0.898989898989899,0.7655172413793103,0.0,0.0,0.4951237809452363,0.0,0.5048762190547637,0.305951487871968,0.75,0.9166666666666666,0.1674012474012474,0.18985446985446985,0.28324324324324324,0.4007693980778429,0.7677802475908211,0.0,19.639202912676332,0.31588850837138505,0.9773021308980213,141.10635475236165,71.51315657748276,71.83592067012032,0.7424657534246575,0.0,673,0.9492957746478873,0.010302362502552094,5.112924882593571e-05,0.9950616419992675,1.064344076198583,15.832744716986168,0.1501998135631316,0.6316024276745582,0.5368620635233744
sunsched,40,cct_region,2012,2.0,pvgis,365,0.9853790484979228,66.769071679648,10.0,196.7977039286174,0.32,1079,0.22910058323953753,0.7741545893719808,0.24003707136237257,0.19532110154862076,0.9596273291925466,0.6548672566371682,0.0,0.0,0.41797961075069506,0.0,0.5820203892493049,0.40963855421686746,0.75,0.8333333333333334,0.16351171595211297,0.1324056072853781,0.24823493297861457,0.40815320050007864,0.790015617059843,0.0,20.729461989872192,0.31588850837138505,0.9773021308980213,127.6073284260185,69.46951859250214,61.148428157523334,0.3315068493150685,0.0,629,0.9464788732394366,0.011064061516096022,5.74472004004333e-05,0.99483458567854,1.0657274261529095,14.73938437739502,0.15670154900599498,0.6784543875072861,0.5766862293811933
sunsched,28,cct_region,2014,2.0,pvgis,365,1.03062096349991,69.834654076896,10.0,188.158732561793,0.35,1333,0.22819126819126823,0.5247666905958367,0.2288072018004501,0.14655733760665246,0.898989898989899,0.7655172413793103,0.0,0.0,0.4951237809452363,0.0,0.5048762190547637,0.3061390347586897,0.75,0.9166666666666666,0.1674012474012474,0.18985446985446985,0.28324324324324324,0.40761407903065944,0.7870447661152088,0.0,22.297233232776282,0.31588850837138505,0.9773021308980213,144.64976261499436,71.51315657748277,75.38148126977613,0.7424657534246575,0.0,673,0.9436619718309859,0.012459078045140057,6.031467132768436e-05,0.9951823005561325,1.0602972820091037,13.093621674905044,0.1684079380774005,0.7637306352883089,0.6491710399950625
sunsched,40,cct_region,2014,2.0,pvgis,365,0.9853790484979228,66.769071679648,10.0,196.7977039286174,0.34,1079,0.22910058323953753,0.7741545893719808,0.24003707136237257,0.19532110154862076,0.9596273291925466,0.6548672566371682,0.0,0.0,0.41797961075069506,0.0,0.5820203892493049,0.4057769539697251,0.75,0.8333333333333334,0.16351171595211297,0.1324056072853781,0.24823493297861457,0.4125974877445262,0.7895967361520471,0.0,22.297233232776282,0.31588850837138505,0.9773021308980213,138.2999672032459,69.46951859250214,71.38619528621841,0.3315068493150685,0.0,629,0.9436619718309859,0.012523893119039576,5.900237500496941e-05,0.9953109063781945,1.0166506605712609,13.027541387956001,0.1689358556081001,0.7676045465681673,0.6524638645829423
sunsched,40,cct_region,2015,2.0,pvgis,365,0.9853790484979228,66.769071679648,10.0,196.7977039286174,0.34,1079,0.22910058323953753,0.7741545893719808,0.24003707136237257,0.19532110154862076,0.9596273291925466,0.6548672566371682,0.0,0.0,0.41797961075069506,0.0,0.5820203892493049,0.4103336422613531,0.75,0.8333333333333334,0.16351171595211297,0.1324056072853781,0.24823493297861457,0.41055787427962503,0.7854111337857492,0.0,21.709066091403,0.31588850837138505,0.9773021308980213,131.64478654499794,69.46951859250213,64.89110919646687,0.3315068493150685,0.0,629,0.9436619718309859,0.012012931912965532,6.000858639735009e-05,0.9950294970475075,1.025416986237453,13.577818248805338,0.1646869661092959,0.7364953497503078,0.6260210472877616
sunsched,46,cct_region,2011,2.0,pvgis,365,1.299774515109069,88.072440650112,10.0,149.1953658034943,0.39,6276,0.23366414114466613,nan,0.21765455704270237,0.13301664379364128,0.969009009009009,0.9201101928374655,0.0,0.0,0.52868068833652,0.0,0.4713193116634799,0.21612757595071172,0.8333333333333334,0.9166666666666666,0.20872905773129866,0.1088997972468253,0.14310105645075233,0.3875190697516631,0.7670895863983105,0.0,19.639202912676332,0.31588850837138505,0.9773021308980213,177.95722222088847,83.7827042511059,94.59215121983497,2.095890410958904,0.0,2959,0.9436619718309859,0.010177482154088174,5.9264333290667905e-05,0.9942106280189965,1.293185533868181,16.013309700606232,0.14920710137107263,0.6244805219511504,0.5308084436584779
sunsched,46,cct_region,2012,2.0,pvgis,365,1.299774515109069,88.072440650112,10.0,149.1953658034943,0.41,6276,0.23366414114466613,nan,0.21765455704270237,0.13301664379364128,0.969009009009009,0.9201101928374655,0.0,0.0,0.52868068833652,0.0,0.4713193116634799,0.2184910771191842,0.8333333333333334,0.9166666666666666,0.20872905773129866,0.1088997972468253,0.14310105645075233,0.39226213615177236,0.7927090105973408,0.0,20.729461989872192,0.31588850837138505,0.9773021308980213,168.32177798190958,83.77007267215802,85.52043562073531,2.0931506849315067,0.0,2959,0.9408450704225352,0.010904169422756507,6.658253159672867e-05,0.9939309053860881,1.3348498797394692,14.941928548839774,0.1554292444332932,0.6692576508657238,0.5688690032358652
sunsched,7,cct_region,2011,2.0,pvgis,365,1.0371329234694004,70.275903079136,10.0,186.97731973936163,0.38,1853,0.37415369996436637,nan,0.3545601726929304,0.17636020753257403,0.9987987987987988,0.8404255319148937,0.0,0.0,0.5483000539665407,0.0,0.45169994603345925,0.32991545241949993,0.75,0.9166666666666666,0.45064734529041467,0.20602209288514078,0.22146335669319397,0.39784505780466234,0.770284444879039,0.0,19.639202912676332,0.31588850837138505,0.9773021308980213,141.99793270985566,71.98322368325432,72.21283938213077,0.7315068493150685,0.0,837,0.9464788732394366,0.010274333349155111,5.1468343219723546e-05,0.9950155595901351,1.0481813903085924,15.875202401963753,0.1499644637645322,0.6299132286189313,0.5354262443260915
sunsched,46,cct_region,2013,2.0,pvgis,365,1.299774515109069,88.072440650112,10.0,149.1953658034943,0.41,6276,0.23366414114466613,nan,0.21765455704270237,0.13301664379364128,0.969009009009009,0.9201101928374655,0.0,0.0,0.52868068833652,0.0,0.4713193116634799,0.21931431909921395,0.8333333333333334,0.9166666666666666,0.20872905773129866,0.1088997972468253,0.14310105645075233,0.39181500405043196,0.7828329135784593,0.0,20.64649507784094,0.31588850837138505,0.9773021308980213,178.37196233358222,83.74480951426311,95.0230865541847,2.0876712328767124,0.0,2959,0.9464788732394366,0.010946329979694129,6.471915173108028e-05,0.9941223446595681,1.2918696563977656,14.887245517882176,0.1557695187021927,0.6717159321372282,0.5709585423166441
sunsched,7,cct_region,2013,2.0,pvgis,365,1.0371329234694004,70.275903079136,10.0,186.97731973936163,0.38,1853,0.37415369996436637,nan,0.3545601726929304,0.17636020753257403,0.9987987987987988,0.8404255319148937,0.0,0.0,0.5483000539665407,0.0,0.45169994603345925,0.33337830545062064,0.75,0.9166666666666666,0.45064734529041467,0.20602209288514078,0.22146335669319397,0.4012925509058074,0.7828380482840217,0.0,20.64649507784094,0.31588850837138505,0.9773021308980213,142.3288675147464,71.970592104307,72.53969439912206,0.7287671232876712,0.0,837,0.9436619718309859,0.011047470027310366,5.687299891711982e-05,0.994878310334723,1.0519136798291377,14.762169309955192,0.15655677686780323,0.6774072150260654,0.5757961327721556
sunsched,46,cct_region,2015,2.0,pvgis,365,1.299774515109069,88.072440650112,10.0,149.1953658034943,0.4,6276,0.23366414114466613,nan,0.21765455704270237,0.13301664379364128,0.969009009009009,0.9201101928374655,0.0,0.0,0.52868068833652,0.0,0.4713193116634799,0.21734916082430425,0.8333333333333334,0.9166666666666666,0.20872905773129866,0.1088997972468253,0.14310105645075233,0.39325917361655416,0.7860353512063573,0.0,21.709066091403,0.31588850837138505,0.9773021308980213,173.64742923953168,83.78270425110576,90.4975282890492,2.095890410958904,0.0,2959,0.9436619718309859,0.011804523413093914,6.856102958249188e-05,0.9942255081303003,1.2968035787691674,13.80636957653431,0.1630158660171782,0.7243033691489962,0.6156578637766468
sunsched,78,cct_region,2011,2.0,pvgis,365,1.074248607789109,72.79085383900801,10.0,180.51718460483815,0.37,2359,0.18072399015227503,0.8056371109806225,0.17337855023314963,0.11623452462743855,0.9940229885057471,0.9239130434782609,0.0,0.0,0.39593047901653244,0.0,0.6040695209834676,0.2564292779426311,0.8333333333333334,0.9166666666666666,0.11817269991793561,0.24591957691255584,0.19581471687790647,0.39554114539348134,0.7649008063098646,0.0,19.639202912676332,0.31588850837138505,0.9773021308980213,147.07958649332792,74.46124972869708,74.56628061490294,1.1452054794520548,0.0,1426,0.9464788732394366,0.010254071936736522,5.25813994802111e-05,0.9948983052243114,1.08837656208168,15.904696362782888,0.1498016753372794,0.628745105967573,0.534433340072437
sunsched,78,cct_region,2012,2.0,pvgis,365,1.074248607789109,72.79085383900801,10.0,180.51718460483815,0.37,2359,0.18072399015227503,0.8056371109806225,0.17337855023314963,0.11623452462743855,0.9940229885057471,0.9239130434782609,0.0,0.0,0.39593047901653244,0.0,0.6040695209834676,0.26063303659742826,0.8333333333333334,0.9166666666666666,0.11817269991793561,0.24591957691255584,0.19581471687790647,0.39829851769677416,0.785602561389992,0.0,20.729461989872192,0.31588850837138505,0.9773021308980213,139.11600324190164,74.44861814974962,67.27500660813037,1.1424657534246576,0.0,1426,0.9436619718309859,0.010962967549126344,6.00359728913166e-05,0.9945535740080824,1.1330549516359016,14.871100376731581,0.15587043661884115,0.6724451954911647,0.5715784161674899
sunsched,7,cct_region,2012,2.0,pvgis,365,1.0371329234694004,70.275903079136,10.0,186.97731973936163,0.39,1853,0.37415369996436637,nan,0.3545601726929304,0.17636020753257403,0.9987987987987988,0.8404255319148937,0.0,0.0,0.5483000539665407,0.0,0.45169994603345925,0.32789170714157223,0.75,0.8333333333333334,0.45064734529041467,0.20602209288514078,0.22146335669319397,0.4007231801214228,0.7902512715275213,0.0,20.729461989872192,0.31588850837138505,0.9773021308980213,134.3094941873784,71.99585526220181,65.06827538780266,0.7342465753424657,0.0,837,0.9408450704225352,0.010986398416624204,5.845057043951919e-05,0.9947078886720879,1.0913490797213035,14.8416870181735,0.15605482290527362,0.6737778520565147,0.5727111742480375
sunsched,46,cct_region,2014,2.0,pvgis,365,1.299774515109069,88.072440650112,10.0,149.1953658034943,0.42,6276,0.23366414114466613,nan,0.21765455704270237,0.13301664379364128,0.969009009009009,0.9201101928374655,0.0,0.0,0.52868068833652,0.0,0.4713193116634799,0.21535744635649035,0.8333333333333334,0.9166666666666666,0.20872905773129866,0.1088997972468253,0.14310105645075233,0.395179791114106,0.7911532830330228,0.0,22.297233232776282,0.31588850837138505,0.9773021308980213,182.42601472521153,83.80796740900081,99.03718289055637,2.1013698630136988,0.0,2959,0.9408450704225352,0.012310635717225113,6.871481346045502e-05,0.9944492392157306,1.285073000058138,13.241744098178652,0.16724253976628045,0.7551875286107862,0.6419093993191684
sunsched,78,cct_region,2014,2.0,pvgis,365,1.074248607789109,72.79085383900801,10.0,180.51718460483815,0.36,2359,0.18072399015227503,0.8056371109806225,0.17337855023314963,0.11623452462743855,0.9940229885057471,0.9239130434782609,0.0,0.0,0.39593047901653244,0.0,0.6040695209834676,0.23855447223399745,0.8333333333333334,0.9166666666666666,0.11817269991793561,0.24591957691255584,0.19581471687790647,0.4025970825801155,0.7849363153296673,0.0,22.297233232776282,0.31588850837138505,0.9773021308980213,150.77299182668625,74.49914446553953,78.20642115281633,1.1534246575342466,0.0,1426,0.9436619718309859,0.012399756804245989,6.210707451230211e-05,0.9950162291037246,1.0849757970903515,13.154066953692636,0.16792939410846797,0.7602211570918589,0.6461879835280799
sunsched,78,cct_region,2015,2.0,pvgis,365,1.074248607789109,72.79085383900801,10.0,180.51718460483815,0.36,2359,0.18072399015227503,0.8056371109806225,0.17337855023314963,0.11623452462743855,0.9940229885057471,0.9239130434782609,0.0,0.0,0.39593047901653244,0.0,0.6040695209834676,0.2590787056662428,0.8333333333333334,0.9166666666666666,0.11817269991793561,0.24591957691255584,0.19581471687790647,0.40057477769385824,0.7803349123222716,0.0,21.709066091403,0.31588850837138505,0.9773021308980213,143.517592427232,74.435986570802,71.20759309144263,1.1397260273972603,0.0,1426,0.9408450704225352,0.011891261064958605,6.17833304802893e-05,0.9948311636402969,1.0940877416340768,13.714011795316466,0.16368485366980556,0.7291812307916451,0.6198040461728983
sunsched,7,cct_region,2014,2.0,pvgis,365,1.0371329234694004,70.275903079136,10.0,186.97731973936163,0.39,1853,0.37415369996436637,nan,0.3545601726929304,0.17636020753257403,0.9987987987987988,0.8404255319148937,0.0,0.0,0.5483000539665407,0.0,0.45169994603345925,0.32173052707321464,0.75,0.8333333333333334,0.45064734529041467,0.20602209288514078,0.22146335669319397,0.40447738157253543,0.7896082485718323,0.0,22.297233232776282,0.31588850837138505,0.9773021308980213,145.5637295311605,71.99585526220176,75.85708663370973,0.7342465753424657,0.0,837,0.9408450704225352,0.012419770724956215,6.0253692014568554e-05,0.9951719892524703,1.0431399798602996,13.134925570023757,0.1680804892389357,0.7613290190864715,0.6471296662235009
sunsched,78,cct_region,2013,2.0,pvgis,365,1.074248607789109,72.79085383900801,10.0,180.51718460483815,0.38,2359,0.18072399015227503,0.8056371109806225,0.17337855023314963,0.11623452462743855,0.9940229885057471,0.9239130434782609,0.0,0.0,0.39593047901653244,0.0,0.6040695209834676,0.25847816871555745,0.8333333333333334,0.9166666666666666,0.11817269991793561,0.24591957691255584,0.19581471687790647,0.3993777024168489,0.7779503340730153,0.0,20.64649507784094,0.31588850837138505,0.9773021308980213,147.42236440093876,74.46124972869704,74.89175376951512,1.1452054794520548,0.0,1426,0.9436619718309859,0.011028037321677253,5.7185050741279595e-05,0.9948413257921138,1.0922031142853788,14.787632247852327,0.15639548763948097,0.6762407823235085,0.5748046649749822
sunsched,7,cct_region,2015,2.0,pvgis,365,1.0371329234694004,70.275903079136,10.0,186.97731973936163,0.4,1853,0.37415369996436637,nan,0.3545601726929304,0.17636020753257403,0.9987987987987988,0.8404255319148937,0.0,0.0,0.5483000539665407,0.0,0.45169994603345925,0.3285213167835942,0.75,0.9166666666666666,0.45064734529041467,0.20602209288514078,0.22146335669319397,0.40253544356590226,0.7853046114392699,0.0,21.709066091403,0.31588850837138505,0.9773021308980213,138.55900684822407,71.98322368325438,68.94580544084029,0.7315068493150685,0.0,837,0.9436619718309859,0.01191857398389431,6.079427417798139e-05,0.9949250851239992,1.053450778067187,13.68387616922371,0.16390497608192345,0.7307870866656128,0.6211690236657709
sunsched_no_defer,0,cct_region,2011,0.5,pvgis,365,0.3162228164973532,85.70875921763201,10.0,153.30988477659398,0.32,1861,0.2615989263803681,-1.1493354182955426,0.2982267598065556,0.19121378337611775,0.37623762376237624,0.046511627906976744,0.6292315959161741,0.0,0.046211714132187,0.3245566899516389,0.0,0.0,0.0,0.0,0.543424079754601,0.5286618098159508,0.788631134969325,0.17107037719755586,0.6590080092756514,0.0,19.639202912676332,0.31588850837138505,0.9773021308980213,43.29530497219543,74.41415325134216,3.232375213030111,1.5671232876712329,0.2427130898021309,0,0.9436619718309859,0.008090561158198983,6.93470839136242e-05,0.9915014872893142,0.6532880698198547,20.088974895942002,0.1313500303227404,0.497785479438277,0.4231176575225354
sunsched_no_defer,0,cct_region,2013,0.5,pvgis,365,0.3162228164973532,85.70875921763201,10.0,153.30988477659398,0.3,1861,0.2681173312883435,-1.1227521501172786,0.30413756045137025,0.19322516413184374,0.385038503850385,0.06976744186046512,0.6200967221923697,0.0,0.05212251477700161,0.3277807630306287,0.0,0.0,0.0,0.0,0.543424079754601,0.5286618098159508,0.788631134969325,0.172818168598338,0.6631612012346084,0.0,20.64649507784094,0.31588850837138505,0.9773021308980213,43.39620730950464,74.50963696289327,3.451898450992101,1.5835616438356164,0.24768835616438356,0,0.9464788732394366,0.008689289379008662,7.073069374130973e-05,0.9919257383939869,0.6417411496649009,18.712764407802414,0.1365488028893609,0.534394586607975,0.45423539861677875
sunsched_no_defer,0,cct_region,2015,0.5,pvgis,365,0.3162228164973532,85.70875921763201,10.0,153.30988477659398,0.3,1861,0.25949003067484655,-1.15793588741204,0.2955400322407308,0.190651016000953,0.3734873487348735,0.046511627906976744,0.631918323481999,0.0,0.047286405158516925,0.32079527135948416,0.0,0.0,0.0,0.0,0.543424079754601,0.5286618098159508,0.788631134969325,0.17160910172888544,0.6626391602833482,0.0,21.709066091403,0.31588850837138505,0.9773021308980213,42.24677320053634,74.31962246678192,3.4133980551993592,1.547945205479452,0.26167237442922375,0,0.9436619718309859,0.009381252733861383,6.93488128057042e-05,0.9926619683981744,0.6276686450751163,17.345371193519526,0.1424918969805894,0.5765226865675922,0.49004428358245333
sunsched_no_defer,100,cct_region,2015,0.5,pvgis,365,0.3052640870787947,82.73851465568,10.0,158.8135834282582,0.29,4890,0.12144866831672695,0.02652115595659071,0.1212678936605317,0.10222691618821955,0.48524102781906986,0.2430939226519337,0.501840490797546,0.0,0.30552147239263805,0.19263803680981595,0.0,0.0,0.0,0.0,0.11224640900340586,0.169427344460663,0.4592244716633877,0.1718315434231928,0.7151821909072542,0.0,21.709066091403,0.31588850837138505,0.9773021308980213,40.78270757288786,74.70263872887834,3.2847216550137053,1.1013698630136985,0.2870053272450533,0,0.9323943661971831,0.009397805054754972,6.343325654793421e-05,0.993295459382716,0.5949040985183126,17.32587071960313,0.1425831111295658,0.5771715697200505,0.4905958342620429
sunsched_no_defer,0,cct_region,2012,0.5,pvgis,365,0.3162228164973532,85.70875921763201,10.0,153.30988477659398,0.33,1861,0.26620015337423303,-1.1305707584050033,0.3030628694250403,0.1926326440214882,0.38283828382838286,0.046511627906976744,0.6227834497581946,0.0,0.04997313272434175,0.3272434175174637,0.0,0.0,0.0,0.0,0.543424079754601,0.5286618098159508,0.788631134969325,0.17188090426454927,0.6623840379308454,0.0,20.729461989872192,0.31588850837138505,0.9773021308980213,40.951092741508575,74.49072944556757,3.1103573431385048,1.5808219178082192,0.27184170471841707,0,0.9436619718309859,0.008663623880674804,6.599684724304765e-05,0.9924398952371453,0.6213093578598715,18.777928267232845,0.13628622621798192,0.5325401107985818,0.45265909417879446
sunsched_no_defer,105,cct_region,2011,0.5,pvgis,365,0.264632338334809,71.725720549728,10.0,183.19788075032216,0.3,2169,0.19358237547892718,0.3440094899169631,0.1996311664361457,0.15336471321817377,0.7955747955747956,0.4,0.08621484555094514,0.0,0.5315813739050254,0.3822037805440295,0.0,0.0,0.0,0.0,0.096360153256705,0.25373563218390804,0.3789750957854406,0.18693780006725802,0.7136332008856366,0.0,19.639202912676332,0.31588850837138505,0.9773021308980213,36.23185044209719,72.48657743535975,2.5547779574879534,0.8246575342465754,0.30344368340943684,0,0.9464788732394366,0.008228588737942905,8.20465021158051e-06,0.9990039023895658,0.4020136020866518,19.901457290980904,0.13201789734345348,0.502475766160696,0.4271044012365916
sunsched_no_defer,105,cct_region,2012,0.5,pvgis,365,0.264632338334809,71.725720549728,10.0,183.19788075032216,0.3,2169,0.19343869731800764,0.3435011015082189,0.198248040571692,0.15117440931100043,0.7970177970177971,0.43333333333333335,0.08483171968649147,0.0,0.5301982480405717,0.38497003227293686,0.0,0.0,0.0,0.0,0.096360153256705,0.25373563218390804,0.3789750957854406,0.186559185186076,0.7159157171493833,0.0,20.729461989872192,0.31588850837138505,0.9773021308980213,34.27008698988615,72.51646709679201,2.5457409911853137,0.8301369863013699,0.32968036529680367,0,0.9408450704225352,0.008792475241952716,7.964523439900665e-06,0.9990949857447783,0.39999007066276804,18.62681822715449,0.1368978045150776,0.536860341795886,0.4563312905265031
sunsched_no_defer,100,cct_region,2011,0.5,pvgis,365,0.3052640870787947,82.73851465568,10.0,158.8135834282582,0.32,4890,0.12151213217406019,0.026704060480429257,0.12188139059304703,0.10368563805736498,0.49522191548099387,0.2541436464088398,0.4916155419222904,0.0,0.3137014314928425,0.19468302658486708,0.0,0.0,0.0,0.0,0.11224640900340586,0.169427344460663,0.4592244716633877,0.170921227037513,0.7116067483859482,0.0,19.639202912676332,0.31588850837138505,0.9773021308980213,41.79490238410944,74.83024021792404,3.0959635430362558,1.115068493150685,0.26808409436834096,0,0.9436619718309859,0.008098687934946955,6.188867679860485e-05,0.9924161392334057,0.6114926343628594,20.08732956358175,0.13135583847108012,0.49782625253134494,0.42315231465164316
sunsched_no_defer,0,cct_region,2014,0.5,pvgis,365,0.3162228164973532,85.70875921763201,10.0,153.30988477659398,0.34,1861,0.2734854294478527,-1.100860046911649,0.31166039763567976,0.1949635896471377,0.39603960396039606,0.06976744186046512,0.6088124664159055,0.0,0.05588393336915637,0.3353036002149382,0.0,0.0,0.0,0.0,0.543424079754601,0.5286618098159508,0.788631134969325,0.17742046950878307,0.6661408939751771,0.0,22.297233232776282,0.31588850837138505,0.9773021308980213,44.38251982033472,74.69634197740729,3.3567374301249258,1.6191780821917807,0.2336187214611872,0,0.9492957746478873,0.009835818698808736,8.129239522372561e-05,0.9918028149071918,0.6498796894109224,16.52942981828956,0.14648320278818572,0.6049815456389883,0.5142343137931401
sunsched_no_defer,105,cct_region,2013,0.5,pvgis,365,0.264632338334809,71.725720549728,10.0,183.19788075032216,0.3,2169,0.19343869731800764,0.3435011015082189,0.198248040571692,0.15117440931100043,0.7970177970177971,0.43333333333333335,0.08483171968649147,0.0,0.5301982480405717,0.38497003227293686,0.0,0.0,0.0,0.0,0.096360153256705,0.25373563218390804,0.3789750957854406,0.18746977285828292,0.7170711224504843,0.0,20.64649507784094,0.31588850837138505,0.9773021308980213,36.316290969702145,72.51646709679201,2.843975697527887,0.8301369863013699,0.30918949771689497,0,0.9464788732394366,0.00882116704806116,9.36900709323225e-06,0.9989390217043773,0.40419095989259535,18.563334185505948,0.13715757556385422,0.5386963300918157,0.45789188057804336
sunsched_no_defer,100,cct_region,2013,0.5,pvgis,365,0.3052640870787947,82.73851465568,10.0,158.8135834282582,0.32,4890,0.12254870851050327,0.02969150103645906,0.12269938650306748,0.10318439623544724,0.5143342535570185,0.287292817679558,0.4701431492842536,0.0,0.3294478527607362,0.20040899795501022,0.0,0.0,0.0,0.0,0.11224640900340586,0.169427344460663,0.4592244716633877,0.17225964194449528,0.7155547247790607,0.0,20.64649507784094,0.31588850837138505,0.9773021308980213,41.892307942077814,75.07945505142926,3.2714220709723376,1.1424657534246576,0.2755422374429224,0,0.9408450704225352,0.008676750005786358,6.531667377787729e-05,0.9925284631000856,0.6131069831586686,18.75119440717438,0.13639373896680584,0.5332993612488977,0.45330445706156297
sunsched_no_defer,100,cct_region,2014,0.5,pvgis,365,0.3052640870787947,82.73851465568,10.0,158.8135834282582,0.32,4890,0.12352182098961309,0.03249603706865027,0.1229038854805726,0.10121579698191029,0.5355701847526014,0.36464088397790057,0.44826175869120655,0.0,0.3378323108384458,0.21390593047034764,0.0,0.0,0.0,0.0,0.11224640900340586,0.169427344460663,0.4592244716633877,0.17569459359768294,0.7184410517884005,0.0,22.297233232776282,0.31588850837138505,0.9773021308980213,42.844439706406234,75.42821589284603,3.177516197677698,1.1835616438356165,0.26390791476407915,0,0.9436619718309859,0.009823359595419346,7.358064559907353e-05,0.9925653137427146,0.6148066038676111,16.56311828069825,0.14631101514508316,0.6037510467852815,0.5131883897674892
sunsched_no_defer,100,cct_region,2012,0.5,pvgis,365,0.3052640870787947,82.73851465568,10.0,158.8135834282582,0.33,4890,0.12218907998561486,0.02865504206804057,0.1229038854805726,0.10471943318006051,0.5115735825015927,0.27071823204419887,0.4738241308793456,0.0,0.32883435582822085,0.19734151329243355,0.0,0.0,0.0,0.0,0.11224640900340586,0.169427344460663,0.4592244716633877,0.17136673410353107,0.7149311014302524,0.0,20.729461989872192,0.31588850837138505,0.9773021308980213,39.53192903371723,75.01406167604965,2.9460925678623844,1.1342465753424658,0.29749809741248096,0,0.9436619718309859,0.008660637439030911,6.23216982011251e-05,0.9928554407717998,0.5982601660080468,18.792268684294985,0.13622867529054916,0.5321337283963574,0.4523136691369038
sunsched_no_defer,105,cct_region,2015,0.5,pvgis,365,0.264632338334809,71.725720549728,10.0,183.19788075032216,0.3,2169,0.19774904214559386,0.35875275377054733,0.20239741816505302,0.16222922743180526,0.7941317941317941,0.4,0.08898109727985247,0.0,0.5352697095435685,0.37574919317657907,0.0,0.0,0.0,0.0,0.096360153256705,0.25373563218390804,0.3789750957854406,0.18622476554255663,0.7164633701249683,0.0,21.709066091403,0.31588850837138505,0.9773021308980213,35.35438240349712,72.41057281289083,2.9239562166395916,0.810958904109589,0.3250095129375951,0,0.9436619718309859,0.009554013775402386,8.95924730236449e-06,0.9990631315929583,0.40099650103326123,17.14155121422969,0.14345502860155113,0.5833777745679584,0.4958711083827646
sunsched_no_defer,105,cct_region,2014,0.5,pvgis,365,0.264632338334809,71.725720549728,10.0,183.19788075032216,0.32,2169,0.19343869731800764,0.3435011015082189,0.198248040571692,0.15117440931100043,0.7970177970177971,0.43333333333333335,0.08483171968649147,0.0,0.5301982480405717,0.38497003227293686,0.0,0.0,0.0,0.0,0.096360153256705,0.25373563218390804,0.3789750957854406,0.19149629313914404,0.7197922186442129,0.0,22.297233232776282,0.31588850837138505,0.9773021308980213,37.14169056913848,72.51646709679201,2.7349069394283307,0.8301369863013699,0.2955003805175038,0,0.9436619718309859,0.009987611752316952,9.860236941965016e-06,0.9990137269749234,0.4020356022365714,16.396564251953617,0.1471688534673885,0.609883866298912,0.5184012863540752
sunsched_no_defer,130,cct_region,2011,0.5,pvgis,365,0.2526532182741883,68.47891018896,10.0,191.883894818735,0.31,1455,0.15650316688761234,-0.005105513955071331,0.15532646048109966,0.1110194382436625,0.5567928730512249,0.5277777777777778,0.4323024054982818,0.0,0.2584192439862543,0.30927835051546393,0.0,0.0,0.0,0.0,0.15760789512446605,0.3132272794225954,0.3739873324495508,0.20855479719012185,0.7199213410644703,0.0,19.639202912676332,0.31588850837138505,0.9773021308980213,34.59174217265647,68.95737294682978,2.510761559149438,0.3452054794520548,0.27346841704718416,0,0.9464788732394366,0.008424261714106441,7.5369394341515235e-06,0.9991061291020052,0.39999007066276804,19.441189070632877,0.13370942098733885,0.5143718300186495,0.4372160555158521
sunsched_no_defer,130,cct_region,2013,0.5,pvgis,365,0.2526532182741883,68.47891018896,10.0,191.883894818735,0.29,1455,0.15650316688761234,-0.005105513955071331,0.15532646048109966,0.11092416960834985,0.5582776540460282,0.5277777777777778,0.4309278350515464,0.0,0.2597938144329897,0.30927835051546393,0.0,0.0,0.0,0.0,0.15760789512446605,0.3132272794225954,0.3739873324495508,0.20878293460178532,0.7232272756225495,0.0,20.64649507784094,0.31588850837138505,0.9773021308980213,34.672360328345206,68.96000668331284,2.8266642641559994,0.3452054794520548,0.2781487823439878,0,0.9408450704225352,0.009043256629932892,8.102642272048184e-06,0.9991048148649972,0.39999007066276804,18.110450253849876,0.1390611354439586,0.5521673873278895,0.469342279228706
sunsched_no_defer,130,cct_region,2012,0.5,pvgis,365,0.2526532182741883,68.47891018896,10.0,191.883894818735,0.3,1455,0.15650316688761234,-0.005105513955071331,0.15532646048109966,0.11097174408389857,0.5582776540460282,0.5277777777777778,0.4309278350515464,0.0,0.259106529209622,0.3099656357388316,0.0,0.0,0.0,0.0,0.15760789512446605,0.3132272794225954,0.3739873324495508,0.2078153378677811,0.7219330522975151,0.0,20.729461989872192,0.31588850837138505,0.9773021308980213,32.71878192595117,68.97317196469405,2.579946116957999,0.34794520547945207,0.29914383561643837,0,0.9464788732394366,0.008998624964184892,8.142550894173787e-06,0.9990959519183169,0.39999007066276804,18.20011358731639,0.13867708666776468,0.5494471203173684,0.46703005226976313
sunsched_no_defer,130,cct_region,2015,0.5,pvgis,365,0.2526532182741883,68.47891018896,10.0,191.883894818735,0.29,1455,0.15650316688761234,-0.005105513955071331,0.15532646048109966,0.11166479881094891,0.5471417965850037,0.5277777777777778,0.44123711340206184,0.0,0.252233676975945,0.30652920962199315,0.0,0.0,0.0,0.0,0.15760789512446605,0.3132272794225954,0.3739873324495508,0.20625069174880603,0.7225363956486659,0.0,21.709066091403,0.31588850837138505,0.9773021308980213,33.753994506289885,68.91790832363908,2.8648006549349136,0.33972602739726027,0.29296042617960427,0,0.9408450704225352,0.009757106441161711,8.715630615351276e-06,0.9991075374350165,0.39999007066276804,16.785498509411354,0.14519087784036,0.5957523391034925,0.5063894882379686
sunsched_no_defer,28,cct_region,2014,0.5,pvgis,365,0.2576552408749775,69.834654076896,10.0,188.158732561793,0.29,1333,0.15875259875259876,-0.07465900933237613,0.1695423855963991,0.1135052527426257,0.5867003367003367,0.42758620689655175,0.2738184546136534,0.0,0.44036009002250565,0.28582145536384096,0.0,0.0,0.0,0.0,0.1674012474012474,0.18985446985446985,0.28324324324324324,0.21060829774044731,0.7258539775762617,0.0,22.297233232776282,0.31588850837138505,0.9773021308980213,36.16244065374859,70.06080592710188,2.936597491704715,0.536986301369863,0.2756373668188737,0,0.9464788732394366,0.010201084493851778,9.127044135072366e-06,0.9991060866759601,0.39999007066276804,16.054926111874792,0.148981306182428,0.6228617889809935,0.5294325206338444
sunsched_no_defer,130,cct_region,2014,0.5,pvgis,365,0.2526532182741883,68.47891018896,10.0,191.883894818735,0.31,1455,0.15650316688761234,-0.005105513955071331,0.15532646048109966,0.11097174408389857,0.5605048255382331,0.5277777777777778,0.4288659793814433,0.0,0.2604810996563574,0.3106529209621993,0.0,0.0,0.0,0.0,0.15760789512446605,0.3132272794225954,0.3739873324495508,0.21336890701371095,0.7258811322948132,0.0,22.297233232776282,0.31588850837138505,0.9773021308980213,35.46039653915772,68.97512995606283,2.7928817265895267,0.34794520547945207,0.26710426179604263,0,0.9464788732394366,0.010235616997114682,9.15328583823702e-06,0.9991065406460634,0.39999007066276804,16.00076793344569,0.1492753668153569,0.624970004039459,0.5312245034335401
sunsched_no_defer,28,cct_region,2013,0.5,pvgis,365,0.2576552408749775,69.834654076896,10.0,188.158732561793,0.29,1333,0.15875259875259876,-0.07465900933237613,0.1695423855963991,0.1136685588649924,0.5867003367003367,0.4068965517241379,0.2760690172543136,0.0,0.44036009002250565,0.2835708927231808,0.0,0.0,0.0,0.0,0.1674012474012474,0.18985446985446985,0.28324324324324324,0.20633507952369018,0.7231781487715639,0.0,20.64649507784094,0.31588850837138505,0.9773021308980213,35.358802920170255,70.04514895191821,2.9747875248127675,0.5342465753424658,0.2870909436834094,0,0.9436619718309859,0.009013394821334933,8.082041048362788e-06,0.9991041332620314,0.39999007066276804,18.17043864652609,0.1388037909296025,0.5503444465228607,0.4677927795444316
sunsched_no_defer,28,cct_region,2015,0.5,pvgis,365,0.2576552408749775,69.834654076896,10.0,188.158732561793,0.29,1333,0.15625779625779626,-0.09619526202440772,0.16729182295573894,0.11321004664612837,0.57996632996633,0.4068965517241379,0.2828207051762941,0.0,0.44486121530382594,0.27231807951987996,0.0,0.0,0.0,0.0,0.1674012474012474,0.18985446985446985,0.28324324324324324,0.2041923944479826,0.7225011911028748,0.0,21.709066091403,0.31588850837138505,0.9773021308980213,34.42225531270494,69.964660022291,3.016502212648251,0.5205479452054794,0.30148401826484017,0,0.9436619718309859,0.009742468552747557,8.696993636568978e-06,0.9991081072723871,0.39999007066276804,16.81072801494749,0.145065575811411,0.5948582352357591,0.5056294999503953
sunsched_no_defer,28,cct_region,2012,0.5,pvgis,365,0.2576552408749775,69.834654076896,10.0,188.158732561793,0.3,1333,0.15875259875259876,-0.07465900933237613,0.1695423855963991,0.1136685588649924,0.5867003367003367,0.4068965517241379,0.2760690172543136,0.0,0.44036009002250565,0.2835708927231808,0.0,0.0,0.0,0.0,0.1674012474012474,0.18985446985446985,0.28324324324324324,0.20531920351869737,0.7219527428297133,0.0,20.729461989872192,0.31588850837138505,0.9773021308980213,33.36654761752561,70.04514895191821,2.71552886451367,0.5342465753424658,0.3078006088280061,0,0.9464788732394366,0.008969598686190131,8.121440410208298e-06,0.9990953783036581,0.39999007066276804,18.259000004165287,0.138426820787642,0.5476751189944015,0.4655238511452413
sunsched_no_defer,28,cct_region,2011,0.5,pvgis,365,0.2576552408749775,69.834654076896,10.0,188.158732561793,0.31,1333,0.15875259875259876,-0.07465900933237613,0.1695423855963991,0.1136685588649924,0.5867003367003367,0.4068965517241379,0.2760690172543136,0.0,0.44036009002250565,0.2835708927231808,0.0,0.0,0.0,0.0,0.1674012474012474,0.18985446985446985,0.28324324324324324,0.20598398823841904,0.7198078294603242,0.0,19.639202912676332,0.31588850837138505,0.9773021308980213,35.27658868809041,70.04514895191821,2.649633553154874,0.5342465753424658,0.28208713850837136,0,0.9492957746478873,0.008396755779543085,7.5168152759094095e-06,0.9991055959702516,0.39999007066276804,19.504863743953898,0.13347086089352012,0.5126926356047882,0.43578874026406994
sunsched_no_defer,40,cct_region,2011,0.5,pvgis,365,0.2463447621244807,66.769071679648,10.0,196.7977039286174,0.29,1079,0.17046966131177735,0.0821256038647342,0.17608897126969417,0.14312746318825054,0.660455486542443,0.3274336283185841,0.3262279888785913,0.0,0.3410565338276182,0.33271547729379053,0.0,0.0,0.0,0.0,0.16351171595211297,0.1324056072853781,0.24823493297861457,0.2150255249851209,0.7247555703721121,0.0,19.639202912676332,0.31588850837138505,0.9773021308980213,33.728026720588076,68.44412027997424,2.5117615996308995,0.2273972602739726,0.2781963470319635,0,0.952112676056338,0.008482395666824176,7.5878307428967465e-06,0.9991062608372477,0.39999007066276804,19.30795176173961,0.13421346789666766,0.5179213270988108,0.4402331280339892
sunsched_no_defer,40,cct_region,2013,0.5,pvgis,365,0.2463447621244807,66.769071679648,10.0,196.7977039286174,0.3,1079,0.17046966131177735,0.0821256038647342,0.17608897126969417,0.14312746318825054,0.660455486542443,0.3274336283185841,0.3262279888785913,0.0,0.3410565338276182,0.33271547729379053,0.0,0.0,0.0,0.0,0.16351171595211297,0.1324056072853781,0.24823493297861457,0.2152767668916813,0.7279879778824527,0.0,20.64649507784094,0.31588850837138505,0.9773021308980213,33.80663193496785,68.44412027997424,2.811335818227255,0.2273972602739726,0.28241057838660577,0,0.9436619718309859,0.009108702119203818,8.157549361234851e-06,0.9991052237658804,0.39999007066276804,17.980335092159116,0.13962494527066094,0.5561631609613777,0.4727386868171711
sunsched_no_defer,40,cct_region,2014,0.5,pvgis,365,0.2463447621244807,66.769071679648,10.0,196.7977039286174,0.3,1079,0.17046966131177735,0.0821256038647342,0.17608897126969417,0.14312746318825054,0.660455486542443,0.3274336283185841,0.3262279888785913,0.0,0.3410565338276182,0.33271547729379053,0.0,0.0,0.0,0.0,0.16351171595211297,0.1324056072853781,0.24823493297861457,0.21974662097923123,0.7306149720053904,0.0,22.297233232776282,0.31588850837138505,0.9773021308980213,34.574991800811475,68.44412027997424,2.7887528829594137,0.2273972602739726,0.27220319634703194,0,0.9464788732394366,0.010307254350417294,9.214199750978924e-06,0.9991068455541574,0.39999007066276804,15.889564440761717,0.1498851226091671,0.629343871399449,0.5349422906895317
sunsched_no_defer,40,cct_region,2012,0.5,pvgis,365,0.2463447621244807,66.769071679648,10.0,196.7977039286174,0.3,1079,0.17046966131177735,0.0821256038647342,0.17608897126969417,0.14312746318825054,0.660455486542443,0.3274336283185841,0.3262279888785913,0.0,0.3410565338276182,0.33271547729379053,0.0,0.0,0.0,0.0,0.16351171595211297,0.1324056072853781,0.24823493297861457,0.2147493087161358,0.7266205510467391,0.0,20.729461989872192,0.31588850837138505,0.9773021308980213,31.901832106504624,68.44412027997424,2.510171317490489,0.2273972602739726,0.3021689497716895,0,0.9464788732394366,0.009063899402308128,8.201481742631971e-06,0.9990959666512252,0.39999007066276804,18.069044196496748,0.13923971428341086,0.5534327046440461,0.47041779894743924
sunsched_no_defer,40,cct_region,2015,0.5,pvgis,365,0.2463447621244807,66.769071679648,10.0,196.7977039286174,0.29,1079,0.17046966131177735,0.0821256038647342,0.17608897126969417,0.14312746318825054,0.660455486542443,0.3274336283185841,0.3262279888785913,0.0,0.3410565338276182,0.33271547729379053,0.0,0.0,0.0,0.0,0.16351171595211297,0.1324056072853781,0.24823493297861457,0.21281628077656953,0.727253819780501,0.0,21.709066091403,0.31588850837138505,0.9773021308980213,32.911196636249485,68.44412027997424,2.838812892734244,0.2273972602739726,0.29778348554033485,0,0.9380281690140845,0.009834354967566716,8.77534643818746e-06,0.9991084801116874,0.39999007066276804,16.653664698084654,0.14585149794229635,0.6004684363045993,0.5103981708589095
sunsched_no_defer,46,cct_region,2011,0.5,pvgis,365,0.32494362877726723,88.072440650112,10.0,149.1953658034943,0.31,6276,0.09854871411802367,nan,0.09416826003824091,0.08342401486749208,0.4158558558558559,0.3884297520661157,0.5331421287444232,0.0,0.3177182919056724,0.1491395793499044,0.0,0.0,0.0,0.0,0.20872905773129866,0.1088997972468253,0.14310105645075233,0.18295171961872544,0.7089679127291699,0.0,19.639202912676332,0.31588850837138505,0.9773021308980213,44.48930555522212,74.60049574137464,3.9947358859147424,1.0684931506849316,0.24020167427701675,0,0.9436619718309859,0.00819626835261181,7.099834250407161e-05,0.9914121141699692,0.6692419439462602,19.82810012961517,0.13228245679477568,0.5043347539416568,0.4286845408504083
sunsched_no_defer,46,cct_region,2013,0.5,pvgis,365,0.32494362877726723,88.072440650112,10.0,149.1953658034943,0.28,6276,0.10146551417493685,nan,0.09735500318674314,0.08469506918468181,0.42558558558558557,0.39118457300275483,0.5223072020395156,0.0,0.3248884639898024,0.15280433397068197,0.0,0.0,0.0,0.0,0.20872905773129866,0.1088997972468253,0.14310105645075233,0.18365206995818478,0.7131022397167308,0.0,20.64649507784094,0.31588850837138505,0.9773021308980213,44.592990583395554,74.82105477988028,4.337398027258616,1.0986301369863014,0.24940068493150686,0,0.9464788732394366,0.008786661599226076,7.213317747867054e-05,0.9918574502179062,0.6545446289344428,18.504118896630104,0.13740141321924682,0.540420219728547,0.459357186769265
sunsched_no_defer,7,cct_region,2012,0.5,pvgis,365,0.2592832308673501,70.275903079136,10.0,186.97731973936163,0.28,1853,0.28037771706853554,nan,0.2601187263896384,0.13189129273646394,0.6804804804804805,0.324468085106383,0.34916351861845657,0.0,0.4441446303291959,0.20669185105234755,0.0,0.0,0.0,0.0,0.45064734529041467,0.20602209288514078,0.22146335669319397,0.2035513737342361,0.7236974040441586,0.0,20.729461989872192,0.31588850837138505,0.9773021308980213,33.5773735468446,69.95086692081968,2.646035429675965,0.4273972602739726,0.30243531202435314,0,0.9464788732394366,0.008954903720339748,8.106522510790164e-06,0.9990955580445469,0.39999007066276804,18.28896624989876,0.138300055437096,0.5467777600636863,0.46476109605413335
sunsched_no_defer,7,cct_region,2011,0.5,pvgis,365,0.2592832308673501,70.275903079136,10.0,186.97731973936163,0.28,1853,0.28037771706853554,nan,0.2601187263896384,0.1316974542429562,0.6804804804804805,0.324468085106383,0.34916351861845657,0.0,0.44630329195898544,0.20453318942255802,0.0,0.0,0.0,0.0,0.45064734529041467,0.20602209288514078,0.22146335669319397,0.20401870276601178,0.7215298233248926,0.0,19.639202912676332,0.31588850837138505,0.9773021308980213,35.499483177463915,69.91083737424238,2.6147182207482675,0.4191780821917808,0.27637937595129375,0,0.9464788732394366,0.008382065170905012,7.501467370645442e-06,0.9991058575854893,0.39999007066276804,19.53905355267342,0.1333433808753388,0.5117955162486238,0.43502618881133026
sunsched_no_defer,46,cct_region,2012,0.5,pvgis,365,0.32494362877726723,88.072440650112,10.0,149.1953658034943,0.3,6276,0.10068295806210648,nan,0.09608030592734225,0.08445438030231672,0.4198198198198198,0.3925619834710744,0.5288400254939452,0.0,0.3202676864244742,0.15089228808158062,0.0,0.0,0.0,0.0,0.20872905773129866,0.1088997972468253,0.14310105645075233,0.1825149172198257,0.7126562876174729,0.0,20.729461989872192,0.31588850837138505,0.9773021308980213,42.080444495477394,74.72781664750968,4.02921977898027,1.0904109589041096,0.27356354642313546,0,0.9464788732394366,0.008757000163142842,6.816216660260763e-05,0.9922763838153023,0.6356394513603998,18.574637576521333,0.13711119902139846,0.5383685123762616,0.45761323551982236
sunsched_no_defer,46,cct_region,2014,0.5,pvgis,365,0.32494362877726723,88.072440650112,10.0,149.1953658034943,0.3,6276,0.10249706541457687,nan,0.0979923518164436,0.08504803676993161,0.4371171171171171,0.4035812672176309,0.5105162523900574,0.0,0.32887189292543023,0.16061185468451242,0.0,0.0,0.0,0.0,0.20872905773129866,0.1088997972468253,0.14310105645075233,0.1879143935341393,0.7160733955604947,0.0,22.297233232776282,0.31588850837138505,0.9773021308980213,45.60650368130288,75.09539129111145,4.223041227633605,1.1369863013698631,0.23583523592085237,0,0.9436619718309859,0.0099505668755537,8.199743685939676e-05,0.9918268715449008,0.6644727084210525,16.339211663579388,0.1474680924414662,0.6120246316589626,0.5202209369101182
sunsched_no_defer,46,cct_region,2015,0.5,pvgis,365,0.32494362877726723,88.072440650112,10.0,149.1953658034943,0.29,6276,0.09698360189236295,nan,0.09305289993626514,0.08375896547930191,0.40504504504504507,0.3608815426997245,0.5460484384958573,0.0,0.30959209687699174,0.14435946462715105,0.0,0.0,0.0,0.0,0.20872905773129866,0.1088997972468253,0.14310105645075233,0.18244524384453187,0.7128396159029714,0.0,21.709066091403,0.31588850837138505,0.9773021308980213,43.41185730988292,74.31360781448221,4.454134294332163,1.0246575342465754,0.2616628614916286,0,0.952112676056338,0.009509437998196408,7.051074828837034e-05,0.9926397572519119,0.6362783558107111,17.111176287779198,0.1436004319054497,0.5844133583698743,0.4967513546143932
sunsched_no_defer,7,cct_region,2015,0.5,pvgis,365,0.2592832308673501,70.275903079136,10.0,186.97731973936163,0.29,1853,0.2667181375460269,nan,0.24770642201834864,0.11323738416801331,0.648048048048048,0.324468085106383,0.3783054506206152,0.0,0.43335132218024824,0.18834322719913654,0.0,0.0,0.0,0.0,0.45064734529041467,0.20602209288514078,0.22146335669319397,0.20161120543702812,0.7242760379935266,0.0,21.709066091403,0.31588850837138505,0.9773021308980213,34.63975171205602,69.7681364688199,3.0600082308427154,0.40273972602739727,0.2958999238964992,0,0.9436619718309859,0.00971520879167571,8.673678416905147e-06,0.9991080025449113,0.39999007066276804,16.857895221704492,0.1448322771971423,0.5931938636755215,0.5042147841241933
sunsched_no_defer,7,cct_region,2013,0.5,pvgis,365,0.2592832308673501,70.275903079136,10.0,186.97731973936163,0.29,1853,0.2809716118303837,nan,0.26065839179708583,0.13200963129592833,0.6804804804804805,0.324468085106383,0.34916351861845657,0.0,0.44576362655153806,0.2050728548300054,0.0,0.0,0.0,0.0,0.45064734529041467,0.20602209288514078,0.22146335669319397,0.20466052719622757,0.7249134390926487,0.0,20.64649507784094,0.31588850837138505,0.9773021308980213,35.5822168786866,69.92400265562358,2.894004924729561,0.42191780821917807,0.2805365296803653,0,0.9408450704225352,0.008998366223457052,8.067978144758321e-06,0.9991041984025905,0.39999007066276804,18.200787143910535,0.1386742153322571,0.5494267869258455,0.4670127688869687
sunsched_no_defer,7,cct_region,2014,0.5,pvgis,365,0.2592832308673501,70.275903079136,10.0,186.97731973936163,0.3,1853,0.28512887516332114,nan,0.26443604964921746,0.13277240587103453,0.6852852852852853,0.324468085106383,0.34430652995143013,0.0,0.4490016189962223,0.20669185105234755,0.0,0.0,0.0,0.0,0.45064734529041467,0.20602209288514078,0.22146335669319397,0.20913637238216554,0.7275963350082593,0.0,22.297233232776282,0.31588850837138505,0.9773021308980213,36.390932382790126,69.95513978762496,2.845955064034133,0.4273972602739726,0.2692256468797565,0,0.9436619718309859,0.010184764676297463,9.11308312275714e-06,0.9991060238961238,0.39999007066276804,16.080651121944943,0.14884228641325425,0.6218653662819162,0.5285855613396289
sunsched_no_defer,78,cct_region,2015,0.5,pvgis,365,0.26856215194727723,72.79085383900801,10.0,180.51718460483815,0.28,2359,0.062095377040211536,-0.7222548443922485,0.06612971598134802,0.06680624574721566,0.5342528735632184,0.23369565217391305,0.43959304790165327,0.0,0.32005086901229335,0.2403560830860534,0.0,0.0,0.0,0.0,0.11817269991793561,0.24591957691255584,0.19581471687790647,0.19754183953799834,0.7177801859597372,0.0,21.709066091403,0.31588850837138505,0.9773021308980213,35.879398106808,70.59593014779618,3.3394925956372137,0.5835616438356165,0.29502473363774734,0,0.9464788732394366,0.009665327809242492,8.637047758610755e-06,0.9991071863619227,0.39999007066276804,16.94488188163693,0.14440526374451668,0.5901486991677966,0.501626394292627
sunsched_no_defer,78,cct_region,2011,0.5,pvgis,365,0.26856215194727723,72.79085383900801,10.0,180.51718460483815,0.3,2359,0.06847816175800127,-0.6400469759248381,0.07206443408223824,0.07151861808365206,0.5531034482758621,0.2826086956521739,0.41670199236964817,0.0,0.3323442136498516,0.2509537939805002,0.0,0.0,0.0,0.0,0.11817269991793561,0.24591957691255584,0.19581471687790647,0.19960073084399357,0.7148947464729025,0.0,19.639202912676332,0.31588850837138505,0.9773021308980213,36.76989662333198,70.7334362252607,2.89087577132813,0.6,0.27480022831050227,0,0.9380281690140845,0.008340823373215612,8.875768152179227e-06,0.998936995453141,0.4031048512017934,19.632347112585595,0.13299768769341525,0.5093634471035487,0.43295893003801644
sunsched_no_defer,78,cct_region,2012,0.5,pvgis,365,0.26856215194727723,72.79085383900801,10.0,180.51718460483815,0.3,2359,0.06847816175800127,-0.6400469759248381,0.07206443408223824,0.07143067168698085,0.5544827586206896,0.2826086956521739,0.41543026706231456,0.0,0.3336159389571852,0.2509537939805002,0.0,0.0,0.0,0.0,0.11817269991793561,0.24591957691255584,0.19581471687790647,0.19922701962071446,0.7172537853490939,0.0,20.729461989872192,0.31588850837138505,0.9773021308980213,34.77900081047541,70.7348605141958,2.9246690761059764,0.6,0.3007134703196347,0,0.9464788732394366,0.008913257432818645,8.355331765787108e-06,0.9990634729407945,0.4009993746911311,18.37382950308155,0.13794320242036728,0.5442523562288885,0.4626145027945552
sunsched_no_defer,78,cct_region,2013,0.5,pvgis,365,0.26856215194727723,72.79085383900801,10.0,180.51718460483815,0.3,2359,0.06847816175800127,-0.6400469759248381,0.07206443408223824,0.07143067168698085,0.5544827586206896,0.2826086956521739,0.41543026706231456,0.0,0.3336159389571852,0.2509537939805002,0.0,0.0,0.0,0.0,0.11817269991793561,0.24591957691255584,0.19581471687790647,0.20029600511374693,0.7183863195477553,0.0,20.64649507784094,0.31588850837138505,0.9773021308980213,36.85559110023469,70.7348605141958,3.1893411169384107,0.6,0.27941400304414005,0,0.9408450704225352,0.00895351120701805,1.131441769529459e-05,0.9987379098970866,0.41026406925285397,18.28526272469822,0.13831570087914735,0.5468885052711234,0.46485522948045493
sunsched_no_defer,78,cct_region,2014,0.5,pvgis,365,0.26856215194727723,72.79085383900801,10.0,180.51718460483815,0.31,2359,0.06847816175800127,-0.6400469759248381,0.07206443408223824,0.07148917086319363,0.5544827586206896,0.2826086956521739,0.41543026706231456,0.0,0.3327681220856295,0.25180161085205593,0.0,0.0,0.0,0.0,0.11817269991793561,0.24591957691255584,0.19581471687790647,0.20443505793224934,0.7211160410186233,0.0,22.297233232776282,0.31588850837138505,0.9773021308980213,37.69324795667156,70.74855949801069,3.1829197319220492,0.6027397260273972,0.2675513698630137,0,0.9464788732394366,0.010133504372498455,1.0910495570183201e-05,0.9989244825145582,0.4041548167214366,16.15905835485604,0.14842115959122149,0.618847941532116,0.5260207503022986
sunsched_no_defer,0,cct_region,2011,1.0,pvgis,365,0.6324456329947064,85.70875921763201,10.0,153.30988477659398,0.3,1861,0.7072469325153373,0.6681000781860831,0.8253627082213864,0.44334627418720024,0.9878987898789879,0.16279069767441862,0.0,0.0,0.21117678667383127,0.7888232133261688,0.0,0.0,0.0,0.0,0.543424079754601,0.5286618098159508,0.788631134969325,0.3314074960314441,0.680335040805072,0.0,19.639202912676332,0.31588850837138505,0.9773021308980213,86.59060994439086,85.97943012807623,14.351166243400321,3.7835616438356166,0.0,0,0.9464788732394366,0.009738660980675799,9.1835941132675e-05,0.9906580570785856,1.2669595962658542,16.675066696306327,0.14574357729097753,0.5996977512668712,0.5097430885768405
sunsched_no_defer,0,cct_region,2012,1.0,pvgis,365,0.6324456329947064,85.70875921763201,10.0,153.30988477659398,0.3,1861,0.607745398773006,0.2623143080531668,0.6695325094035465,0.43082780135242676,0.8085808580858086,0.11627906976744186,0.17624932831810855,0.0,0.13917248790972594,0.6845781837721655,0.0,0.0,0.0,0.0,0.543424079754601,0.5286618098159508,0.788631134969325,0.31266110566852834,0.6907810066336219,0.0,20.729461989872192,0.31588850837138505,0.9773021308980213,81.90218548301715,83.47932749377881,13.816573862265471,3.3068493150684932,0.0,0,0.9408450704225352,0.010251308085552163,9.757817945061278e-05,0.9905711419613725,1.234614165937725,15.83979064330227,0.1501606740749699,0.6313214754658655,0.5366232541459856
sunsched_no_defer,0,cct_region,2014,1.0,pvgis,365,0.6324456329947064,85.70875921763201,10.0,153.30988477659398,0.31,1861,0.7091641104294478,0.6759186864738082,0.8264373992477163,0.4448242053720571,0.9840484048404841,0.16279069767441862,0.0037614185921547557,0.0,0.1724879097259538,0.8237506716818914,0.0,0.0,0.0,0.0,0.543424079754601,0.5286618098159508,0.788631134969325,0.3412454531244223,0.6930222066775293,0.0,22.297233232776282,0.31588850837138505,0.9773021308980213,88.76503964066944,86.7543763927856,15.917595999243616,3.9452054794520546,0.0,0,0.9436619718309859,0.011785466548257701,0.00011253763120636979,0.9905414698541954,1.2680179266473601,13.777452869946304,0.16322441525061693,0.7258235679988194,0.6169500327989965
sunsched_no_defer,0,cct_region,2013,1.0,pvgis,365,0.6324456329947064,85.70875921763201,10.0,153.30988477659398,0.31,1861,0.7082055214723926,0.6720093823299456,0.8259000537345513,0.44371925035544635,0.9878987898789879,0.16279069767441862,0.0,0.0,0.19774314884470715,0.8022568511552929,0.0,0.0,0.0,0.0,0.543424079754601,0.5286618098159508,0.788631134969325,0.333903897107455,0.6883069647231861,0.0,20.64649507784094,0.31588850837138505,0.9773021308980213,86.79241461900928,86.28329900470777,14.255779363587733,3.8465753424657536,0.0,0,0.9408450704225352,0.010442359984571093,0.00010099422925746549,0.9904210531858066,1.2639795009737065,15.547632044268136,0.15181177680696512,0.6431847609672914,0.5467070468221976
sunsched_no_defer,0,cct_region,2015,1.0,pvgis,365,0.6324456329947064,85.70875921763201,10.0,153.30988477659398,0.31,1861,0.6574003067484662,0.46481626270523874,0.7522837184309511,0.4379997270323536,0.8965896589658966,0.13953488372093023,0.08973670069854917,0.0,0.17786136485760343,0.7324019344438474,0.0,0.0,0.0,0.0,0.543424079754601,0.5286618098159508,0.788631134969325,0.30227999041200704,0.6887568420811446,0.0,21.709066091403,0.31588850837138505,0.9773021308980213,84.49354640107268,84.66936911304926,14.148272357891798,3.5342465753424657,0.0,0,0.9408450704225352,0.01085196626023316,9.986694784674347e-05,0.9908812574160584,1.2292918678583917,14.967739986037447,0.15526944485144534,0.6681035352917963,0.5678880049980268
sunsched_no_defer,100,cct_region,2012,1.0,pvgis,365,0.6105281741575894,82.73851465568,10.0,158.8135834282582,0.32,4890,0.2599691142560978,0.42574076332154615,0.2603271983640082,0.178713367749063,0.9227012104480782,0.6961325966850829,0.03865030674846626,0.0,0.5184049079754601,0.4429447852760736,0.0,0.0,0.0,0.0,0.11224640900340586,0.169427344460663,0.4592244716633877,0.3146233998826261,0.7417610671658394,0.0,20.729461989872192,0.31588850837138505,0.9773021308980213,79.06385806743447,82.49775496953283,11.66917048752763,2.1671232876712327,0.0,0,0.9436619718309859,0.01023915972077925,0.00010268840961936594,0.9900705939282239,1.2807810755946611,15.850570397292431,0.15010085735663825,0.6308921224505702,0.5362583040829848
sunsched_no_defer,105,cct_region,2011,1.0,pvgis,365,0.529264676669618,71.725720549728,10.0,183.19788075032216,0.31,2169,0.20148467432950187,0.3719708523978985,0.20931304748732135,0.15087319261763465,0.8706108706108706,0.5888888888888889,0.0,0.0,0.5915168280313509,0.40848317196864914,0.0,0.0,0.0,0.0,0.096360153256705,0.25373563218390804,0.3789750957854406,0.3362809395131797,0.7313650132354147,0.0,19.639202912676332,0.31588850837138505,0.9773021308980213,72.46370088419438,73.01251599313996,10.907809232542393,0.8904109589041096,0.0,0,0.9436619718309859,0.009677304449963727,8.044778121909683e-05,0.9917555007225937,1.083937456815953,16.79938042545682,0.1451218891933842,0.5952600480935935,0.5059710408795545
sunsched_no_defer,100,cct_region,2015,1.0,pvgis,365,0.6105281741575894,82.73851465568,10.0,158.8135834282582,0.31,4890,0.26711937551564385,0.4463480063406902,0.2668711656441718,0.1795819556008552,0.9339562539817371,0.7071823204419889,0.027607361963190184,0.0,0.5186094069529652,0.4537832310838446,0.0,0.0,0.0,0.0,0.11224640900340586,0.169427344460663,0.4592244716633877,0.28992159209226837,0.7397211983060209,0.0,21.709066091403,0.31588850837138505,0.9773021308980213,81.56541514577572,82.8320994519809,13.078769478800341,2.219178082191781,0.0,0,0.9436619718309859,0.010686236809076141,0.00010020434676719424,0.9907101568237907,1.2592251108563557,15.197245269371146,0.15387114943280134,0.658013990216649,0.5593118916841515
sunsched_no_defer,100,cct_region,2014,1.0,pvgis,365,0.6105281741575894,82.73851465568,10.0,158.8135834282582,0.31,4890,0.2734869158680798,0.4646994268991588,0.27321063394683026,0.17958346152141388,0.9598640900403482,0.7348066298342542,0.0,0.0,0.5304703476482617,0.4695296523517382,0.0,0.0,0.0,0.0,0.11224640900340586,0.169427344460663,0.4592244716633877,0.34657236991892415,0.7432387142314416,0.0,22.297233232776282,0.31588850837138505,0.9773021308980213,85.68887941281247,83.29349806776854,13.7915895747641,2.282191780821918,0.0,0,0.9436619718309859,0.01181309996977769,0.00011664866331238267,0.9902220351073593,1.301730263339318,13.740791769434821,0.16349000413280668,0.72776010056743,0.6185960854823155
sunsched_no_defer,100,cct_region,2013,1.0,pvgis,365,0.6105281741575894,82.73851465568,10.0,158.8135834282582,0.31,4890,0.2734869158680798,0.4646994268991588,0.27321063394683026,0.17958346152141388,0.9598640900403482,0.7348066298342542,0.0,0.0,0.5304703476482617,0.4695296523517382,0.0,0.0,0.0,0.0,0.11224640900340586,0.169427344460663,0.4592244716633877,0.3309110447562158,0.7389200266176992,0.0,20.64649507784094,0.31588850837138505,0.9773021308980213,83.78461588415563,83.29349806776854,12.62038049384967,2.282191780821918,0.0,0,0.9408450704225352,0.0103562232195204,0.00010056730483253179,0.9903825839679661,1.2995730931622689,15.67633887732814,0.151077217762712,0.6379040462350856,0.5422184392998226
sunsched_no_defer,105,cct_region,2012,1.0,pvgis,365,0.529264676669618,71.725720549728,10.0,183.19788075032216,0.31,2169,0.19765325670498082,0.3584138281647178,0.20562471184877823,0.1508803572017146,0.8532948532948533,0.5888888888888889,0.016597510373443983,0.0,0.5790686952512679,0.40433379437528816,0.0,0.0,0.0,0.0,0.096360153256705,0.25373563218390804,0.3789750957854406,0.3138871531250692,0.7397642464739747,0.0,20.729461989872192,0.31588850837138505,0.9773021308980213,68.5401739797723,72.92746330927908,10.913103060082786,0.8821917808219178,0.0,0,0.9464788732394366,0.010160166910393507,8.900976635327973e-05,0.9913154227738873,1.0706358244254734,15.99388877751514,0.14931285352056256,0.6252388108424517,0.5314529892160839
sunsched_no_defer,100,cct_region,2011,1.0,pvgis,365,0.6105281741575894,82.73851465568,10.0,158.8135834282582,0.32,4890,0.2734869158680798,0.4646994268991588,0.27321063394683026,0.17958346152141388,0.9598640900403482,0.7348066298342542,0.0,0.0,0.5304703476482617,0.4695296523517382,0.0,0.0,0.0,0.0,0.11224640900340586,0.169427344460663,0.4592244716633877,0.336338344781446,0.7313557574747901,0.0,19.639202912676332,0.31588850837138505,0.9773021308980213,83.58980476821888,83.29349806776854,11.931798221171515,2.282191780821918,0.0,0,0.9436619718309859,0.00974235622117238,9.55616724211143e-05,0.9902863925624603,1.3034711736242863,16.662488303113275,0.1458069725459139,0.6001504588082182,0.5101278899869854
sunsched_no_defer,105,cct_region,2014,1.0,pvgis,365,0.529264676669618,71.725720549728,10.0,183.19788075032216,0.29,2169,0.20148467432950187,0.3719708523978985,0.20931304748732135,0.15087319261763465,0.8706108706108706,0.5888888888888889,0.0,0.0,0.5915168280313509,0.40848317196864914,0.0,0.0,0.0,0.0,0.096360153256705,0.25373563218390804,0.3789750957854406,0.3528049924613949,0.7417554573438714,0.0,22.297233232776282,0.31588850837138505,0.9773021308980213,74.28338113827697,73.01251599313996,11.924630233252499,0.8904109589041096,0.0,0,0.9436619718309859,0.011819122026983379,0.00010130152412955834,0.9915018519522235,1.0822613752477637,13.751540884944962,0.1634119949045203,0.7271912350526399,0.618112549794744
sunsched_no_defer,105,cct_region,2013,1.0,pvgis,365,0.529264676669618,71.725720549728,10.0,183.19788075032216,0.31,2169,0.20148467432950187,0.3719708523978985,0.20931304748732135,0.15087319261763465,0.8706108706108706,0.5888888888888889,0.0,0.0,0.5915168280313509,0.40848317196864914,0.0,0.0,0.0,0.0,0.096360153256705,0.25373563218390804,0.3789750957854406,0.32982843810617113,0.7378132159676083,0.0,20.64649507784094,0.31588850837138505,0.9773021308980213,72.63258193940429,73.01251599313996,11.670961323622981,0.8904109589041096,0.0,0,0.9464788732394366,0.010291739996170054,8.856070188977207e-05,0.9914683876251943,1.0754395509209589,15.791853877569205,0.1504276121029916,0.6332378755229005,0.5382521941944653
sunsched_no_defer,105,cct_region,2015,1.0,pvgis,365,0.529264676669618,71.725720549728,10.0,183.19788075032216,0.32,2169,0.19956896551724135,0.36519234028130815,0.2074688796680498,0.15033583534513079,0.8706108706108706,0.5888888888888889,0.0,0.0,0.5938220378054403,0.4061779621945597,0.0,0.0,0.0,0.0,0.096360153256705,0.25373563218390804,0.3789750957854406,0.2933357104263537,0.7383817775615096,0.0,21.709066091403,0.31588850837138505,0.9773021308980213,70.70876480699424,72.99721590202417,12.111983680022176,0.8876712328767123,0.0,0,0.9436619718309859,0.01069884740397983,8.681517245825861e-05,0.9919508725733818,1.0507778797682905,15.198342305561495,0.1538645615068054,0.6579664939077416,0.5592715198215803
sunsched_no_defer,130,cct_region,2011,1.0,pvgis,365,0.5053064365483766,68.47891018896,10.0,191.883894818735,0.32,1455,0.33377522462807485,0.8141592920353982,0.325085910652921,0.20201095498291236,0.9962880475129918,0.7962962962962963,0.0,0.0,0.3938144329896907,0.6061855670103092,0.0,0.0,0.0,0.0,0.15760789512446605,0.3132272794225954,0.3739873324495508,0.3337665803710754,0.73686047809414,0.0,19.639202912676332,0.31588850837138505,0.9773021308980213,69.18348434531293,71.27434778527318,12.2490876948731,0.6575342465753424,0.0,0,0.9408450704225352,0.009691277792790698,9.456637921139146e-05,0.9903364106816709,1.0172978119307847,16.751154928257257,0.14536202151974642,0.5969737634705509,0.5074276989499683
sunsched_no_defer,130,cct_region,2012,1.0,pvgis,365,0.5053064365483766,68.47891018896,10.0,191.883894818735,0.31,1455,0.278391515687141,0.5582028590878149,0.2721649484536082,0.18276824528357835,0.8804751299183371,0.6851851851851852,0.11683848797250859,0.0,0.3752577319587629,0.5079037800687285,0.0,0.0,0.0,0.0,0.15760789512446605,0.3132272794225954,0.3739873324495508,0.32089995796997,0.7447202680478963,0.0,20.729461989872192,0.31588850837138505,0.9773021308980213,65.43756385190234,70.70300284146155,11.828899622471349,0.5808219178082191,0.005603120243531203,0,0.9464788732394366,0.01027737880779973,9.901253839712924e-05,0.9904579024543615,0.9992278977758888,15.797803529169284,0.15039439773099583,0.6329993901706563,0.5380494816450578
sunsched_no_defer,130,cct_region,2014,1.0,pvgis,365,0.5053064365483766,68.47891018896,10.0,191.883894818735,0.3,1455,0.33377522462807485,0.8141592920353982,0.325085910652921,0.20201095498291236,0.9962880475129918,0.7962962962962963,0.0,0.0,0.3938144329896907,0.6061855670103092,0.0,0.0,0.0,0.0,0.15760789512446605,0.3132272794225954,0.3739873324495508,0.3483615850958054,0.7468366386345952,0.0,22.297233232776282,0.31588850837138505,0.9773021308980213,70.92079307831544,71.27434778527318,13.309758489200375,0.6575342465753424,0.0,0,0.9436619718309859,0.01181285168448915,0.00011174992053880611,0.9906286243985135,1.0130517359344486,13.7467227215266,0.1634469474287732,0.7274461122533997,0.6183291954153898
sunsched_no_defer,130,cct_region,2013,1.0,pvgis,365,0.5053064365483766,68.47891018896,10.0,191.883894818735,0.31,1455,0.33377522462807485,0.8141592920353982,0.325085910652921,0.20201095498291236,0.9962880475129918,0.7962962962962963,0.0,0.0,0.3938144329896907,0.6061855670103092,0.0,0.0,0.0,0.0,0.15760789512446605,0.3132272794225954,0.3739873324495508,0.3367379080202406,0.7430630694036316,0.0,20.64649507784094,0.31588850837138505,0.9773021308980213,69.34472065669041,71.27434778527318,12.479341726503197,0.6575342465753424,0.0,0,0.9408450704225352,0.010417424630111468,9.953839802204297e-05,0.990535442812172,1.017070923554159,15.586647151890073,0.15158789500622505,0.6415747981301659,0.545338578410641
sunsched_no_defer,130,cct_region,2015,1.0,pvgis,365,0.5053064365483766,68.47891018896,10.0,191.883894818735,0.3,1455,0.2982766239505082,0.6501021102791014,0.2907216494845361,0.18736701842059242,0.9161098737936154,0.7685185185185185,0.07766323024054983,0.0,0.37938144329896906,0.5429553264604811,0.0,0.0,0.0,0.0,0.15760789512446605,0.3132272794225954,0.3739873324495508,0.3064643250805125,0.7435269421938314,0.0,21.709066091403,0.31588850837138505,0.9773021308980213,67.50798901257977,70.83812526060936,12.683866711316035,0.5972602739726027,0.0,0,0.9436619718309859,0.010893119664449958,9.355265072943018e-05,0.9914848966051188,0.9864075202916179,14.920276779576804,0.1555636943109583,0.6702288535081478,0.5696945254819256
sunsched_no_defer,28,cct_region,2011,1.0,pvgis,365,0.515310481749955,69.834654076896,10.0,188.158732561793,0.31,1333,0.2155509355509356,0.4156496769562101,0.22280570142535633,0.13736086180175688,0.8501683501683501,0.7103448275862069,0.0,0.0,0.6114028507126782,0.3885971492873218,0.0,0.0,0.0,0.0,0.1674012474012474,0.18985446985446985,0.28324324324324324,0.3388240365261783,0.7370009830287024,0.0,19.639202912676332,0.31588850837138505,0.9773021308980213,70.55317737618083,71.26468533183886,12.143124240999684,0.7095890410958904,0.0,0,0.9464788732394366,0.009716055842413434,9.873269064849593e-05,0.9899404159024001,1.0352794278491866,16.70175483422777,0.14560936936218283,0.5987394797285901,0.5089285577693016
sunsched_no_defer,28,cct_region,2013,1.0,pvgis,365,0.515310481749955,69.834654076896,10.0,188.158732561793,0.31,1333,0.2155509355509356,0.4156496769562101,0.22280570142535633,0.13736086180175688,0.8501683501683501,0.7103448275862069,0.0,0.0,0.6114028507126782,0.3885971492873218,0.0,0.0,0.0,0.0,0.1674012474012474,0.18985446985446985,0.28324324324324324,0.33449866826440094,0.7433584170821979,0.0,20.64649507784094,0.31588850837138505,0.9773021308980213,70.71760584034051,71.26468533183886,12.782245976775352,0.7095890410958904,0.0,0,0.9464788732394366,0.01036505773376499,0.0001020399937487067,0.9902513575008968,1.0291154406944496,15.660902008978198,0.15116471571007273,0.6385328248824446,0.5427529011500778
sunsched_no_defer,28,cct_region,2014,1.0,pvgis,365,0.515310481749955,69.834654076896,10.0,188.158732561793,0.31,1333,0.2155509355509356,0.4156496769562101,0.22280570142535633,0.13736086180175688,0.8501683501683501,0.7103448275862069,0.0,0.0,0.6114028507126782,0.3885971492873218,0.0,0.0,0.0,0.0,0.1674012474012474,0.18985446985446985,0.28324324324324324,0.3556924472213021,0.7471825982819841,0.0,22.297233232776282,0.31588850837138505,0.9773021308980213,72.32488130749718,71.26468533183886,13.104226338287607,0.7095890410958904,0.0,0,0.9436619718309859,0.011874421434118248,0.00011300884940110295,0.9905727210312564,1.03415397408057,13.674673216190284,0.1639723798390066,0.7312789009217703,0.6215870657835048
sunsched_no_defer,40,cct_region,2014,1.0,pvgis,365,0.4926895242489614,66.769071679648,10.0,196.7977039286174,0.29,1079,0.22940755141716976,0.7777777777777777,0.2428174235403151,0.19417347802476861,0.9616977225672878,0.6283185840707964,0.0,0.0,0.5088044485634847,0.4911955514365153,0.0,0.0,0.0,0.0,0.16351171595211297,0.1324056072853781,0.24823493297861457,0.34988909309888666,0.7511542559979313,0.0,22.297233232776282,0.31588850837138505,0.9773021308980213,69.14998360162295,69.41660522768503,13.207671021571294,0.33424657534246577,0.0,0,0.9408450704225352,0.011824068875325569,0.0001181846269074517,0.99010365783264,0.9737080689420272,13.726403630465475,0.16359460253397573,0.7285229452094213,0.6192445034280081
sunsched_no_defer,40,cct_region,2012,1.0,pvgis,365,0.4926895242489614,66.769071679648,10.0,196.7977039286174,0.32,1079,0.23186329683822782,0.806763285024155,0.24003707136237257,0.19405566406265165,0.9440993788819876,0.48672566371681414,0.03892493049119555,0.0,0.4939759036144578,0.46709916589434664,0.0,0.0,0.0,0.0,0.16351171595211297,0.1324056072853781,0.24823493297861457,0.320212245271339,0.7489588815957948,0.0,20.729461989872192,0.31588850837138505,0.9773021308980213,63.80366421300925,69.28173628773813,11.901328061488085,0.3178082191780822,0.00839992389649924,0,0.9464788732394366,0.010259997745382676,0.00010629714703862477,0.9897458881749218,0.9618760166712127,15.81319010602658,0.1503086108921896,0.6323834680384252,0.5375259478326614
sunsched_no_defer,40,cct_region,2011,1.0,pvgis,365,0.4926895242489614,66.769071679648,10.0,196.7977039286174,0.32,1079,0.22940755141716976,0.7777777777777777,0.2428174235403151,0.19417347802476861,0.9616977225672878,0.6283185840707964,0.0,0.0,0.5088044485634847,0.4911955514365153,0.0,0.0,0.0,0.0,0.16351171595211297,0.1324056072853781,0.24823493297861457,0.336137419009444,0.7413902177067507,0.0,19.639202912676332,0.31588850837138505,0.9773021308980213,67.45605344117615,69.41660522768503,12.14453314110888,0.33424657534246577,0.0,0,0.9492957746478873,0.009707625415901007,0.0001020632182351824,0.9895956719890151,0.9808287148529734,16.71043780722659,0.14556579273705195,0.5984283664713682,0.508664111500663
sunsched_no_defer,28,cct_region,2015,1.0,pvgis,365,0.515310481749955,69.834654076896,10.0,188.158732561793,0.32,1333,0.21388773388773394,0.4012921751615224,0.2213053263315829,0.13602466883892889,0.835016835016835,0.6482758620689655,0.020255063765941484,0.0,0.595648912228057,0.3840960240060015,0.0,0.0,0.0,0.0,0.1674012474012474,0.18985446985446985,0.28324324324324324,0.304245378333578,0.7438400182861749,0.0,21.709066091403,0.31588850837138505,0.9773021308980213,68.84451062540988,71.16276977997906,12.939080179093812,0.6958904109589041,0.0,0,0.9408450704225352,0.010851768629296227,9.66684097788703e-05,0.991170574445114,1.0033707715434377,14.972382929539902,0.15524075547433913,0.6678963560483353,0.567711902641085
sunsched_no_defer,28,cct_region,2012,1.0,pvgis,365,0.515310481749955,69.834654076896,10.0,188.158732561793,0.32,1333,0.2130561330561331,0.3941134242641785,0.22055513878469618,0.1352940004257259,0.8265993265993266,0.6482758620689655,0.02700675168792198,0.0,0.5918979744936234,0.3810952738184546,0.0,0.0,0.0,0.0,0.1674012474012474,0.18985446985446985,0.28324324324324324,0.3267490835661597,0.7451318686073714,0.0,20.729461989872192,0.31588850837138505,0.9773021308980213,66.73309523505122,71.12604631396543,11.627896121070204,0.6904109589041096,0.0,0,0.9436619718309859,0.010316763351669938,9.969771308032105e-05,0.9904288306306157,1.0287837740503678,15.737033029741426,0.1507347736215756,0.6354437956062617,0.5401272262653224
sunsched_no_defer,40,cct_region,2013,1.0,pvgis,365,0.4926895242489614,66.769071679648,10.0,196.7977039286174,0.3,1079,0.22940755141716976,0.7777777777777777,0.2428174235403151,0.19417347802476861,0.9616977225672878,0.6283185840707964,0.0,0.0,0.5088044485634847,0.4911955514365153,0.0,0.0,0.0,0.0,0.16351171595211297,0.1324056072853781,0.24823493297861457,0.33658685935181587,0.747442939315528,0.0,20.64649507784094,0.31588850837138505,0.9773021308980213,67.6132638699357,69.41660522768503,12.503779132331752,0.33424657534246577,0.0,0,0.9436619718309859,0.01040875625267577,0.00010880531238296517,0.9896548918007348,0.9776265987746211,15.58576014174013,0.15159297317354248,0.6416113111621076,0.5453696144877914
sunsched_no_defer,40,cct_region,2015,1.0,pvgis,365,0.4926895242489614,66.769071679648,10.0,196.7977039286174,0.3,1079,0.22920290596541493,0.7753623188405796,0.24096385542168675,0.1944215719718789,0.9616977225672878,0.584070796460177,0.006487488415199258,0.0,0.5041705282669138,0.4893419833178869,0.0,0.0,0.0,0.0,0.16351171595211297,0.1324056072853781,0.24823493297861457,0.30832409110500464,0.747861835101292,0.0,21.709066091403,0.31588850837138505,0.9773021308980213,65.82239327249897,69.38695132407442,12.618929595838777,0.3287671232876712,0.0,0,0.9464788732394366,0.010920831654298246,0.00010064050250166026,0.9908686878603991,0.9539763955560996,14.873166623920945,0.15585750964281264,0.6723517763807413,0.5714990099236301
sunsched_no_defer,46,cct_region,2011,1.0,pvgis,365,0.6498872575545345,88.072440650112,10.0,149.1953658034943,0.32,6276,0.2205029701561555,nan,0.21159974506054813,0.12737307957557545,0.8821621621621621,0.8650137741046832,0.0,0.0,0.685627788400255,0.31437221159974504,0.0,0.0,0.0,0.0,0.20872905773129866,0.1088997972468253,0.14310105645075233,0.3354819038402577,0.7298642011497964,0.0,19.639202912676332,0.31588850837138505,0.9773021308980213,88.97861111044423,83.19471261708055,15.004541369100435,2.095890410958904,0.0,0,0.9464788732394366,0.009632195007226004,9.21134662707154e-05,0.9905275047041372,1.318838096445459,16.857156709473,0.14483592046117633,0.5932198515055881,0.5042368737797499
sunsched_no_defer,46,cct_region,2012,1.0,pvgis,365,0.6498872575545345,88.072440650112,10.0,149.1953658034943,0.34,6276,0.2205029701561555,nan,0.21159974506054813,0.12737307957557545,0.8821621621621621,0.8650137741046832,0.0,0.0,0.685627788400255,0.31437221159974504,0.0,0.0,0.0,0.0,0.20872905773129866,0.1088997972468253,0.14310105645075233,0.31810830103297,0.7409961869184691,0.0,20.729461989872192,0.31588850837138505,0.9773021308980213,84.16088899095479,83.19471261708055,14.492537327126527,2.095890410958904,0.0,0,0.9436619718309859,0.01018155091858771,0.00010000952004527091,0.9902729239747028,1.2982884830709693,15.94351293341086,0.1495883024290673,0.6272143436497128,0.5331321921022559
sunsched_no_defer,7,cct_region,2012,1.0,pvgis,365,0.5185664617347002,70.275903079136,10.0,186.97731973936163,0.3,1853,0.37456942629766016,nan,0.35348084187803563,0.17100696942598942,0.9555555555555556,0.8085106382978723,0.042093901780895844,0.0,0.6109012412304371,0.347004856988667,0.0,0.0,0.0,0.0,0.45064734529041467,0.20602209288514078,0.22146335669319397,0.32586587985321874,0.7469714797320423,0.0,20.729461989872192,0.31588850837138505,0.9773021308980213,67.1547470936892,71.6810328461753,11.559931669534096,0.7013698630136986,0.0,0,0.9436619718309859,0.01031669308350657,0.00010055977907747389,0.9903468044402898,1.0166280399318532,15.735836884382614,0.15074149824203698,0.6354920982896515,0.5401682835462037
sunsched_no_defer,7,cct_region,2011,1.0,pvgis,365,0.5185664617347002,70.275903079136,10.0,186.97731973936163,0.31,1853,0.38288395296353495,nan,0.36103615758229896,0.1705953097218925,0.996996996996997,0.8563829787234043,0.0,0.0,0.6330275229357798,0.3669724770642202,0.0,0.0,0.0,0.0,0.45064734529041467,0.20602209288514078,0.22146335669319397,0.34120197069555874,0.738804950411003,0.0,19.639202912676332,0.31588850837138505,0.9773021308980213,70.99896635492783,71.88181134853343,11.90667479275189,0.7315068493150685,0.0,0,0.9464788732394366,0.009749628016954894,0.00010326224996383224,0.9895195980908732,1.0250468321682304,16.637168119020778,0.14593486286558988,0.6010638306027153,0.510904256012308
sunsched_no_defer,7,cct_region,2013,1.0,pvgis,365,0.5185664617347002,70.275903079136,10.0,186.97731973936163,0.3,1853,0.38288395296353495,nan,0.36103615758229896,0.1705953097218925,0.996996996996997,0.8563829787234043,0.0,0.0,0.6330275229357798,0.3669724770642202,0.0,0.0,0.0,0.0,0.45064734529041467,0.20602209288514078,0.22146335669319397,0.33472175755794265,0.7451648386918235,0.0,20.64649507784094,0.31588850837138505,0.9773021308980213,71.1644337573732,71.88181134853343,12.664478292798634,0.7315068493150685,0.0,0,0.9464788732394366,0.010373486605376438,0.00010324144658461969,0.9901456403113092,1.0206741683029663,15.64650633441866,0.15124645945290427,0.6391203113504217,0.5432522646478584
sunsched_no_defer,46,cct_region,2014,1.0,pvgis,365,0.6498872575545345,88.072440650112,10.0,149.1953658034943,0.33,6276,0.2205029701561555,nan,0.21159974506054813,0.12737307957557545,0.8821621621621621,0.8650137741046832,0.0,0.0,0.685627788400255,0.31437221159974504,0.0,0.0,0.0,0.0,0.20872905773129866,0.1088997972468253,0.14310105645075233,0.35299883469684473,0.7423290655594408,0.0,22.297233232776282,0.31588850837138505,0.9773021308980213,91.21300736260577,83.19471261708055,16.39964050342224,2.095890410958904,0.0,0,0.9436619718309859,0.011781309649388639,0.00011151950140236151,0.9906229627964559,1.3203923468146512,13.783447971090013,0.16318111055333262,0.7255078715408817,0.6166816908097494
sunsched_no_defer,46,cct_region,2013,1.0,pvgis,365,0.6498872575545345,88.072440650112,10.0,149.1953658034943,0.34,6276,0.2205029701561555,nan,0.21159974506054813,0.12737307957557545,0.8821621621621621,0.8650137741046832,0.0,0.0,0.685627788400255,0.31437221159974504,0.0,0.0,0.0,0.0,0.20872905773129866,0.1088997972468253,0.14310105645075233,0.3308301438135825,0.7377771460096623,0.0,20.64649507784094,0.31588850837138505,0.9773021308980213,89.18598116679111,83.19471261708055,15.779805041399033,2.095890410958904,0.0,0,0.9464788732394366,0.010269593462384737,9.401131378249588e-05,0.9909287052321128,1.3085754405489556,15.817294789739597,0.1502857522350054,0.6322193607017317,0.5373864565964719
sunsched_no_defer,7,cct_region,2014,1.0,pvgis,365,0.5185664617347002,70.275903079136,10.0,186.97731973936163,0.31,1853,0.38288395296353495,nan,0.36103615758229896,0.1705953097218925,0.996996996996997,0.8563829787234043,0.0,0.0,0.6330275229357798,0.3669724770642202,0.0,0.0,0.0,0.0,0.45064734529041467,0.20602209288514078,0.22146335669319397,0.3558591008712773,0.7490045599574846,0.0,22.297233232776282,0.31588850837138505,0.9773021308980213,72.78186476558025,71.88181134853343,12.995371023475693,0.7315068493150685,0.0,0,0.9436619718309859,0.011881523073183856,0.00011479213617014143,0.990431050354476,1.025952265881648,13.664545234787782,0.1640466572792879,0.7318209152355523,0.6220477779502194
sunsched_no_defer,78,cct_region,2012,1.0,pvgis,365,0.5371243038945545,72.79085383900801,10.0,180.51718460483815,0.31,2359,0.15742682593234247,0.5055783910745741,0.15896566341670199,0.11365355508900797,0.8671264367816092,0.7282608695652174,0.06824925816023739,0.0,0.5137770241627808,0.41797371767698177,0.0,0.0,0.0,0.0,0.11817269991793561,0.24591957691255584,0.19581471687790647,0.3212423843279748,0.741353305708218,0.0,20.729461989872192,0.31588850837138505,0.9773021308980213,69.55800162095082,73.46618067868569,12.275978422940184,1.021917808219178,0.0,0,0.9464788732394366,0.010278551459699988,0.00010587274051782465,0.989804659509614,1.0493166439373378,15.785583164596847,0.15046264451236946,0.6334894248587232,0.5384660111299147
sunsched_no_defer,78,cct_region,2014,1.0,pvgis,365,0.5371243038945545,72.79085383900801,10.0,180.51718460483815,0.31,2359,0.1629889669007021,0.5772166764533176,0.1649003815175922,0.11863313262715916,0.9333333333333333,0.8097826086956522,0.0,0.0,0.5311572700296736,0.4688427299703264,0.0,0.0,0.0,0.0,0.11817269991793561,0.24591957691255584,0.19581471687790647,0.35008026142090265,0.7433421984850473,0.0,22.297233232776282,0.31588850837138505,0.9773021308980213,75.38649591334313,74.08413549445373,13.85462906406635,1.106849315068493,0.0,0,0.9464788732394366,0.011822544629772787,0.00011221572503366673,0.9905975719915922,1.0584838165624753,13.735021647332333,0.16353192682095485,0.7280658346790619,0.6188559594772026
sunsched_no_defer,7,cct_region,2015,1.0,pvgis,365,0.5185664617347002,70.275903079136,10.0,186.97731973936163,0.31,1853,0.37932058439244576,nan,0.3577981651376147,0.17127568701818055,0.9627627627627627,0.8404255319148937,0.032379924446842956,0.0,0.6195358877495952,0.3480841878035618,0.0,0.0,0.0,0.0,0.45064734529041467,0.20602209288514078,0.22146335669319397,0.30485754951899835,0.7456777402288408,0.0,21.709066091403,0.31588850837138505,0.9773021308980213,69.27950342411204,71.72096177412676,12.789441681434477,0.7068493150684931,0.0,0,0.9436619718309859,0.010860574106239628,0.00010376869340907022,0.9905358036222294,0.9949683987788327,14.950662782473618,0.15537511208977617,0.6688666680197491,0.5685366678167868
sunsched_no_defer,78,cct_region,2013,1.0,pvgis,365,0.5371243038945545,72.79085383900801,10.0,180.51718460483815,0.31,2359,0.1629889669007021,0.5772166764533176,0.1649003815175922,0.11863313262715916,0.9333333333333333,0.8097826086956522,0.0,0.0,0.5311572700296736,0.4688427299703264,0.0,0.0,0.0,0.0,0.11817269991793561,0.24591957691255584,0.19581471687790647,0.32852800178372676,0.7393728480426185,0.0,20.64649507784094,0.31588850837138505,0.9773021308980213,73.71118220046938,74.08413549445373,13.4951777402693,1.106849315068493,0.0,0,0.9436619718309859,0.01031458122793112,9.962679663837928e-05,0.9904335695615705,1.051156220617869,15.740437625430154,0.15071563859634962,0.635306351574626,0.5400103988384322
sunsched_no_defer,78,cct_region,2011,1.0,pvgis,365,0.5371243038945545,72.79085383900801,10.0,180.51718460483815,0.31,2359,0.1629889669007021,0.5772166764533176,0.1649003815175922,0.11863313262715916,0.9333333333333333,0.8097826086956522,0.0,0.0,0.5311572700296736,0.4688427299703264,0.0,0.0,0.0,0.0,0.11817269991793561,0.24591957691255584,0.19581471687790647,0.3340804372309634,0.7328000332532344,0.0,19.639202912676332,0.31588850837138505,0.9773021308980213,73.53979324666396,74.08413549445373,12.769802362920009,1.106849315068493,0.0,0,0.9436619718309859,0.009686214145015507,9.587278363838056e-05,0.9901991482658422,1.055994636901155,16.757588950556176,0.1453299082159728,0.5967445573170063,0.5072328737194554
sunsched_no_defer,46,cct_region,2015,1.0,pvgis,365,0.6498872575545345,88.072440650112,10.0,149.1953658034943,0.33,6276,0.2205029701561555,nan,0.21159974506054813,0.12737307957557545,0.8821621621621621,0.8650137741046832,0.0,0.0,0.685627788400255,0.31437221159974504,0.0,0.0,0.0,0.0,0.20872905773129866,0.1088997972468253,0.14310105645075233,0.287716431656456,0.7387190109102634,0.0,21.709066091403,0.31588850837138505,0.9773021308980213,86.82371461976584,83.19471261708055,16.213980054087035,2.095890410958904,0.0,0,0.9408450704225352,0.01059406685132765,9.538528493882549e-05,0.991076690954515,1.2767773507653304,15.335135022761277,0.1530500840061717,0.6520972906438341,0.5542826970472591
sunsched_no_defer,78,cct_region,2015,1.0,pvgis,365,0.5371243038945545,72.79085383900801,10.0,180.51718460483815,0.32,2359,0.15888574815355155,0.5243687610099822,0.16108520559559136,0.11430895093807876,0.894712643678161,0.7445652173913043,0.040695209834675714,0.0,0.5426027977956761,0.41670199236964817,0.0,0.0,0.0,0.0,0.11817269991793561,0.24591957691255584,0.19581471687790647,0.298088216483234,0.7398793514038746,0.0,21.709066091403,0.31588850837138505,0.9773021308980213,71.758796213616,73.52322863866202,13.617961477887526,1.0191780821917809,0.0,0,0.9408450704225352,0.010786432574701183,9.478264667864759e-05,0.9912893326020779,1.0279020576053954,15.064879105314064,0.1546726935190217,0.6637955691574416,0.5642262337838254
sunsched_no_defer,0,cct_region,2011,2.0,pvgis,365,1.2648912659894127,85.70875921763201,10.0,153.30988477659398,0.31,1861,0.7155866564417177,0.7021110242376859,0.8296614723267061,0.4481765559839115,0.9873487348734874,0.16279069767441862,0.0,0.0,0.11499193981730252,0.8850080601826975,0.0,0.0,0.0,0.0,0.543424079754601,0.5286618098159508,0.788631134969325,0.37654888582488855,0.7203670228708071,0.0,19.639202912676332,0.31588850837138505,0.9773021308980213,173.18121988878173,88.05812075844246,87.06509604027896,4.213698630136986,0.0,0,0.9464788732394366,0.01007567789312411,6.35515726602403e-05,0.9937321102284251,1.2713048571975343,16.167322416576706,0.14837699898214496,0.6185316122443865,0.5257518704077284
sunsched_no_defer,0,cct_region,2012,2.0,pvgis,365,1.2648912659894127,85.70875921763201,10.0,153.30988477659398,0.32,1861,0.7155866564417177,0.7021110242376859,0.8296614723267061,0.4481765559839115,0.9873487348734874,0.16279069767441862,0.0,0.0,0.11499193981730252,0.8850080601826975,0.0,0.0,0.0,0.0,0.543424079754601,0.5286618098159508,0.788631134969325,0.37939889897011814,0.7446475390121314,0.0,20.729461989872192,0.31588850837138505,0.9773021308980213,163.8043709660343,88.05812075844246,79.84314415946582,4.213698630136986,0.0,0,0.9436619718309859,0.01078838899808644,6.972654924862213e-05,0.9935783931433908,1.3020120624979716,15.09692829426767,0.15447740001754762,0.6623864010665678,0.5630284409065827
sunsched_no_defer,0,cct_region,2013,2.0,pvgis,365,1.2648912659894127,85.70875921763201,10.0,153.30988477659398,0.31,1861,0.7155866564417177,0.7021110242376859,0.8296614723267061,0.4481765559839115,0.9873487348734874,0.16279069767441862,0.0,0.0,0.11499193981730252,0.8850080601826975,0.0,0.0,0.0,0.0,0.543424079754601,0.5286618098159508,0.788631134969325,0.3818757055018991,0.736201080735361,0.0,20.64649507784094,0.31588850837138505,0.9773021308980213,173.58482923801856,88.05812075844246,86.53959903729029,4.213698630136986,0.0,0,0.9436619718309859,0.010849825700351841,6.879912697034681e-05,0.9936989201425634,1.278861961293563,15.013263521867255,0.15498887281949358,0.6660776975928457,0.5661660429539189
sunsched_no_defer,0,cct_region,2015,2.0,pvgis,365,1.2648912659894127,85.70875921763201,10.0,153.30988477659398,0.31,1861,0.7155866564417177,0.7021110242376859,0.8296614723267061,0.4481765559839115,0.9873487348734874,0.16279069767441862,0.0,0.0,0.11499193981730252,0.8850080601826975,0.0,0.0,0.0,0.0,0.543424079754601,0.5286618098159508,0.788631134969325,0.38282289810221976,0.7384614423187369,0.0,21.709066091403,0.31588850837138505,0.9773021308980213,168.98709280214536,88.05812075844246,82.88763926581765,4.213698630136986,0.0,0,0.9436619718309859,0.01167729632434275,7.390090380069384e-05,0.9937112021553255,1.279583142810198,13.949573702703356,0.16199506215841564,0.7168677848601245,0.6093376171311057
sunsched_no_defer,0,cct_region,2014,2.0,pvgis,365,1.2648912659894127,85.70875921763201,10.0,153.30988477659398,0.32,1861,0.7155866564417177,0.7021110242376859,0.8296614723267061,0.4481765559839115,0.9873487348734874,0.16279069767441862,0.0,0.0,0.11499193981730252,0.8850080601826975,0.0,0.0,0.0,0.0,0.543424079754601,0.5286618098159508,0.788631134969325,0.3840419581153748,0.7449505745878092,0.0,22.297233232776282,0.31588850837138505,0.9773021308980213,177.53007928133889,88.05812075844246,91.95158775261008,4.213698630136986,0.0,0,0.9464788732394366,0.012186852364744743,7.248448142939787e-05,0.9940874060041822,1.2552937503503008,13.371375131122804,0.16624251410731816,0.747866236788489,0.6356863012702156
sunsched_no_defer,105,cct_region,2012,2.0,pvgis,365,1.058529353339236,71.725720549728,10.0,183.19788075032216,0.3,2169,0.20148467432950187,0.3719708523978985,0.20931304748732135,0.15087319261763465,0.8706108706108706,0.5888888888888889,0.0,0.0,0.5915168280313509,0.40848317196864914,0.0,0.0,0.0,0.0,0.096360153256705,0.25373563218390804,0.3789750957854406,0.39477379683717123,0.7838998148786276,0.0,20.729461989872192,0.31588850837138505,0.9773021308980213,137.0803479595446,73.01251599313996,66.6453170809456,0.8904109589041096,0.0,0,0.9408450704225352,0.010927776548181682,6.165726596286724e-05,0.9943894046767443,1.1323464982477796,14.916527511909011,0.15558701340931025,0.6703973154620759,0.5698377181427645
sunsched_no_defer,105,cct_region,2014,2.0,pvgis,365,1.058529353339236,71.725720549728,10.0,183.19788075032216,0.31,2169,0.20148467432950187,0.3719708523978985,0.20931304748732135,0.15087319261763465,0.8706108706108706,0.5888888888888889,0.0,0.0,0.5915168280313509,0.40848317196864914,0.0,0.0,0.0,0.0,0.096360153256705,0.25373563218390804,0.3789750957854406,0.3980771681297847,0.7831691531046597,0.0,22.297233232776282,0.31588850837138505,0.9773021308980213,148.56676227655393,73.01251599313996,77.66095434673163,0.8904109589041096,0.0,0,0.9436619718309859,0.012341985154785313,6.405310962175315e-05,0.9948369408302149,1.0842172122260005,13.213258603214939,0.16746475477248224,0.7568155820069157,0.6432932447058783
sunsched_no_defer,105,cct_region,2011,2.0,pvgis,365,1.058529353339236,71.725720549728,10.0,183.19788075032216,0.31,2169,0.20148467432950187,0.3719708523978985,0.20931304748732135,0.15087319261763465,0.8706108706108706,0.5888888888888889,0.0,0.0,0.5915168280313509,0.40848317196864914,0.0,0.0,0.0,0.0,0.096360153256705,0.25373563218390804,0.3789750957854406,0.3915687083058434,0.76344713957633,0.0,19.639202912676332,0.31588850837138505,0.9773021308980213,144.92740176838876,73.01251599313996,73.96649916895157,0.8904109589041096,0.0,0,0.9464788732394366,0.01021291342646823,5.505923091953093e-05,0.9946377700100403,1.092157607735901,15.964611252743028,0.14947273875873035,0.6263854372452575,0.5324276216584689
sunsched_no_defer,100,cct_region,2015,2.0,pvgis,365,1.2210563483151788,82.73851465568,10.0,158.8135834282582,0.32,4890,0.2734869158680798,0.4646994268991588,0.27321063394683026,0.17958346152141388,0.9598640900403482,0.7348066298342542,0.0,0.0,0.5304703476482617,0.4695296523517382,0.0,0.0,0.0,0.0,0.11224640900340586,0.169427344460663,0.4592244716633877,0.38530752228222315,0.7859675034528899,0.0,21.709066091403,0.31588850837138505,0.9773021308980213,163.13083029155143,83.29349806776854,81.0021780211796,2.282191780821918,0.0,0,0.9436619718309859,0.011706449238079447,7.196654292424004e-05,0.9938899641291057,1.32808736545718,13.91733785568756,0.16222312517041804,0.7185282202453199,0.610748987208522
sunsched_no_defer,100,cct_region,2011,2.0,pvgis,365,1.2210563483151788,82.73851465568,10.0,158.8135834282582,0.33,4890,0.2734869158680798,0.4646994268991588,0.27321063394683026,0.17958346152141388,0.9598640900403482,0.7348066298342542,0.0,0.0,0.5304703476482617,0.4695296523517382,0.0,0.0,0.0,0.0,0.11224640900340586,0.169427344460663,0.4592244716633877,0.38054316408377287,0.7680502529843017,0.0,19.639202912676332,0.31588850837138505,0.9773021308980213,167.17960953643777,83.29349806776854,84.8485627588014,2.282191780821918,0.0,0,0.9436619718309859,0.010118197787729826,6.220426885371317e-05,0.9938898023370809,1.3243541072507663,16.10193692919845,0.1487275750782634,0.6210432970872279,0.5278868025241438
sunsched_no_defer,105,cct_region,2013,2.0,pvgis,365,1.058529353339236,71.725720549728,10.0,183.19788075032216,0.32,2169,0.20148467432950187,0.3719708523978985,0.20931304748732135,0.15087319261763465,0.8706108706108706,0.5888888888888889,0.0,0.0,0.5915168280313509,0.40848317196864914,0.0,0.0,0.0,0.0,0.096360153256705,0.25373563218390804,0.3789750957854406,0.3950116022172879,0.776169546425202,0.0,20.64649507784094,0.31588850837138505,0.9773021308980213,145.26516387880858,73.01251599313996,74.28720515094368,0.8904109589041096,0.0,0,0.9464788732394366,0.010979487936071406,5.857258252720675e-05,0.9946935802328213,1.096589442420106,14.850814738040784,0.15599752926985833,0.6733637296265448,0.572359170182563
sunsched_no_defer,100,cct_region,2012,2.0,pvgis,365,1.2210563483151788,82.73851465568,10.0,158.8135834282582,0.34,4890,0.2734869158680798,0.4646994268991588,0.27321063394683026,0.17958346152141388,0.9598640900403482,0.7348066298342542,0.0,0.0,0.5304703476482617,0.4695296523517382,0.0,0.0,0.0,0.0,0.11224640900340586,0.169427344460663,0.4592244716633877,0.3835049336359821,0.792147224759573,0.0,20.729461989872192,0.31588850837138505,0.9773021308980213,158.12771613486893,83.29349806776854,76.36254632214022,2.282191780821918,0.0,0,0.9436619718309859,0.010822542673346794,6.8212429866885e-05,0.9937366666295934,1.3681035797850265,15.05168285168942,0.154753334151304,0.6643775382815474,0.5647209075393154
sunsched_no_defer,100,cct_region,2014,2.0,pvgis,365,1.2210563483151788,82.73851465568,10.0,158.8135834282582,0.33,4890,0.2734869158680798,0.4646994268991588,0.27321063394683026,0.17958346152141388,0.9598640900403482,0.7348066298342542,0.0,0.0,0.5304703476482617,0.4695296523517382,0.0,0.0,0.0,0.0,0.11224640900340586,0.169427344460663,0.4592244716633877,0.38696776529020993,0.7907234433733034,0.0,22.297233232776282,0.31588850837138505,0.9773021308980213,171.37775882562494,83.29349806776854,89.07622548264462,2.282191780821918,0.0,0,0.9436619718309859,0.012219395697547935,7.298450405405943e-05,0.9940626223028355,1.3212639687183925,13.335431311148925,0.16651797085152154,0.7498820073138258,0.6373997062167519
sunsched_no_defer,100,cct_region,2013,2.0,pvgis,365,1.2210563483151788,82.73851465568,10.0,158.8135834282582,0.35,4890,0.2734869158680798,0.4646994268991588,0.27321063394683026,0.17958346152141388,0.9598640900403482,0.7348066298342542,0.0,0.0,0.5304703476482617,0.4695296523517382,0.0,0.0,0.0,0.0,0.11224640900340586,0.169427344460663,0.4592244716633877,0.38409300403701685,0.7829040742147507,0.0,20.64649507784094,0.31588850837138505,0.9773021308980213,167.56923176831125,83.29349806776854,85.2185692809816,2.282191780821918,0.0,0,0.9464788732394366,0.010867355454594958,6.672912983187758e-05,0.993897145269306,1.3280978129922942,14.992036193177418,0.15511950132287589,0.6670208016540677,0.5669676814059575
sunsched_no_defer,105,cct_region,2015,2.0,pvgis,365,1.058529353339236,71.725720549728,10.0,183.19788075032216,0.31,2169,0.20148467432950187,0.3719708523978985,0.20931304748732135,0.15087319261763465,0.8706108706108706,0.5888888888888889,0.0,0.0,0.5915168280313509,0.40848317196864914,0.0,0.0,0.0,0.0,0.096360153256705,0.25373563218390804,0.3789750957854406,0.39620296300057917,0.7787937621699114,0.0,21.709066091403,0.31588850837138505,0.9773021308980213,141.41752961398848,73.01251599313996,70.63206512780495,0.8904109589041096,0.0,0,0.9408450704225352,0.011841469040377214,6.228671024623768e-05,0.9947674741021987,1.097704036042561,13.770795979277795,0.16327254183097883,0.7261744357441601,0.617248270382536
sunsched_no_defer,130,cct_region,2011,2.0,pvgis,365,1.0106128730967532,68.47891018896,10.0,191.883894818735,0.33,1455,0.33377522462807485,0.8141592920353982,0.325085910652921,0.20201095498291236,0.9962880475129918,0.7962962962962963,0.0,0.0,0.3938144329896907,0.6061855670103092,0.0,0.0,0.0,0.0,0.15760789512446605,0.3132272794225954,0.3739873324495508,0.3999128769285505,0.7673965938200104,0.0,19.639202912676332,0.31588850837138505,0.9773021308980213,138.36696869062587,71.27434778527318,69.47235338943982,0.6575342465753424,0.0,0,0.9436619718309859,0.010295672918101028,5.1013022053812675e-05,0.9950696268980356,1.0622356740716128,15.843159131061554,0.15014197408925356,0.6311872472702962,0.5365091601797518
sunsched_no_defer,130,cct_region,2013,2.0,pvgis,365,1.0106128730967532,68.47891018896,10.0,191.883894818735,0.31,1455,0.33377522462807485,0.8141592920353982,0.325085910652921,0.20201095498291236,0.9962880475129918,0.7962962962962963,0.0,0.0,0.3938144329896907,0.6061855670103092,0.0,0.0,0.0,0.0,0.15760789512446605,0.3132272794225954,0.3739873324495508,0.40315124885501064,0.7796281512033811,0.0,20.64649507784094,0.31588850837138505,0.9773021308980213,138.68944131338083,71.27434778527318,69.77854196404765,0.6575342465753424,0.0,0,0.9464788732394366,0.011072700661130605,5.604686748073319e-05,0.9949637758124497,1.065293667271117,14.729796988165216,0.15676259229871015,0.6788959826150074,0.5770615852227563
sunsched_no_defer,130,cct_region,2012,2.0,pvgis,365,1.0106128730967532,68.47891018896,10.0,191.883894818735,0.31,1455,0.33377522462807485,0.8141592920353982,0.325085910652921,0.20201095498291236,0.9962880475129918,0.7962962962962963,0.0,0.0,0.3938144329896907,0.6061855670103092,0.0,0.0,0.0,0.0,0.15760789512446605,0.3132272794225954,0.3739873324495508,0.4027620821982345,0.786773590908729,0.0,20.729461989872192,0.31588850837138505,0.9773021308980213,130.87512770380468,71.27434778527318,62.64619319492443,0.6575342465753424,0.0,0,0.9436619718309859,0.011010147202662779,5.806220630373455e-05,0.9947541463882408,1.1014591548436297,14.810362342457406,0.1562519515289561,0.6752029267597751,0.5739224877458089
sunsched_no_defer,130,cct_region,2015,2.0,pvgis,365,1.0106128730967532,68.47891018896,10.0,191.883894818735,0.31,1455,0.33377522462807485,0.8141592920353982,0.325085910652921,0.20201095498291236,0.9962880475129918,0.7962962962962963,0.0,0.0,0.3938144329896907,0.6061855670103092,0.0,0.0,0.0,0.0,0.15760789512446605,0.3132272794225954,0.3739873324495508,0.4048368650831762,0.7820024453188856,0.0,21.709066091403,0.31588850837138505,0.9773021308980213,135.01597802515954,71.27434778527318,66.28885927485057,0.6575342465753424,0.0,0,0.9408450704225352,0.011940551586308953,6.112024031571855e-05,0.9949073561418228,1.0651891023697444,13.658446439548424,0.16409143508406232,0.7321476892895163,0.622325535896089
sunsched_no_defer,130,cct_region,2014,2.0,pvgis,365,1.0106128730967532,68.47891018896,10.0,191.883894818735,0.32,1455,0.33377522462807485,0.8141592920353982,0.325085910652921,0.20201095498291236,0.9962880475129918,0.7962962962962963,0.0,0.0,0.3938144329896907,0.6061855670103092,0.0,0.0,0.0,0.0,0.15760789512446605,0.3132272794225954,0.3739873324495508,0.40683068307679626,0.7862449022913075,0.0,22.297233232776282,0.31588850837138505,0.9773021308980213,141.84158615663088,71.27434778527318,72.97445874584767,0.6575342465753424,0.0,0,0.9380281690140845,0.01245356540274357,6.005795346036239e-05,0.9952005944440874,1.055890007848804,13.099658441271606,0.1683599590460534,0.7633786823398491,0.6488718799888716
sunsched_no_defer,28,cct_region,2013,2.0,pvgis,365,1.03062096349991,69.834654076896,10.0,188.158732561793,0.31,1333,0.2155509355509356,0.4156496769562101,0.22280570142535633,0.13736086180175688,0.8501683501683501,0.7103448275862069,0.0,0.0,0.6114028507126782,0.3885971492873218,0.0,0.0,0.0,0.0,0.1674012474012474,0.18985446985446985,0.28324324324324324,0.40482601887862957,0.7806456287482324,0.0,20.64649507784094,0.31588850837138505,0.9773021308980213,141.43521168068102,71.26468533183886,72.39664240472352,0.7095890410958904,0.0,0,0.9436619718309859,0.011086769615733365,5.689740764630141e-05,0.9948941934888283,1.0640158771088255,14.710076268886509,0.1568883911224771,0.6798061286161474,0.5778352093237252
sunsched_no_defer,28,cct_region,2012,2.0,pvgis,365,1.03062096349991,69.834654076896,10.0,188.158732561793,0.31,1333,0.2155509355509356,0.4156496769562101,0.22280570142535633,0.13736086180175688,0.8501683501683501,0.7103448275862069,0.0,0.0,0.6114028507126782,0.3885971492873218,0.0,0.0,0.0,0.0,0.1674012474012474,0.18985446985446985,0.28324324324324324,0.40416552950419093,0.7879591610004714,0.0,20.729461989872192,0.31588850837138505,0.9773021308980213,133.46619047010245,71.26468533183886,64.93119931857103,0.7095890410958904,0.0,0,0.9436619718309859,0.011021463834435093,5.875925600856142e-05,0.9946969248246238,1.1045262576781274,14.794304274466265,0.15635331189952084,0.6759358070834846,0.5745454360209619
sunsched_no_defer,28,cct_region,2014,2.0,pvgis,365,1.03062096349991,69.834654076896,10.0,188.158732561793,0.31,1333,0.2155509355509356,0.4156496769562101,0.22280570142535633,0.13736086180175688,0.8501683501683501,0.7103448275862069,0.0,0.0,0.6114028507126782,0.3885971492873218,0.0,0.0,0.0,0.0,0.1674012474012474,0.18985446985446985,0.28324324324324324,0.40815240262492186,0.7873797770120078,0.0,22.297233232776282,0.31588850837138505,0.9773021308980213,144.64976261499436,71.26468533183886,75.62991041015509,0.7095890410958904,0.0,0,0.9436619718309859,0.012466050766107626,6.110476817326758e-05,0.995122215254209,1.0562952146502098,13.08550782980282,0.16847249068911696,0.7642041967392782,0.6495735672283866
sunsched_no_defer,28,cct_region,2015,2.0,pvgis,365,1.03062096349991,69.834654076896,10.0,188.158732561793,0.31,1333,0.2155509355509356,0.4156496769562101,0.22280570142535633,0.13736086180175688,0.8501683501683501,0.7103448275862069,0.0,0.0,0.6114028507126782,0.3885971492873218,0.0,0.0,0.0,0.0,0.1674012474012474,0.18985446985446985,0.28324324324324324,0.4060621572068236,0.78308481600225,0.0,21.709066091403,0.31588850837138505,0.9773021308980213,137.68902125081976,71.26468533183886,68.83787105795837,0.7095890410958904,0.0,0,0.9408450704225352,0.011961505147534036,6.08689281761891e-05,0.9949370292595398,1.0667421674350583,13.634926911830142,0.16426446974163922,0.7334106053273852,0.6233990145282775
sunsched_no_defer,28,cct_region,2011,2.0,pvgis,365,1.03062096349991,69.834654076896,10.0,188.158732561793,0.33,1333,0.2155509355509356,0.4156496769562101,0.22280570142535633,0.13736086180175688,0.8501683501683501,0.7103448275862069,0.0,0.0,0.6114028507126782,0.3885971492873218,0.0,0.0,0.0,0.0,0.1674012474012474,0.18985446985446985,0.28324324324324324,0.4012405123617433,0.768123095598027,0.0,19.639202912676332,0.31588850837138505,0.9773021308980213,141.10635475236165,71.26468533183886,72.08439191576241,0.7095890410958904,0.0,0,0.9492957746478873,0.010307123354295426,5.118717709781219e-05,0.9950583469241748,1.060548348909366,15.825379180531467,0.15024076377973405,0.6318963916076081,0.5371119328664669
sunsched_no_defer,40,cct_region,2013,2.0,pvgis,365,0.9853790484979228,66.769071679648,10.0,196.7977039286174,0.31,1079,0.22940755141716976,0.7777777777777777,0.2428174235403151,0.19417347802476861,0.9616977225672878,0.6283185840707964,0.0,0.0,0.5088044485634847,0.4911955514365153,0.0,0.0,0.0,0.0,0.16351171595211297,0.1324056072853781,0.24823493297861457,0.4095703057243367,0.7831474000692291,0.0,20.64649507784094,0.31588850837138505,0.9773021308980213,135.2265277398714,69.41660522768503,68.34657194431756,0.33424657534246577,0.0,0,0.9436619718309859,0.011141531451606618,5.5385374362494643e-05,0.9950535156040422,1.024053869175864,14.640118737758192,0.15733723183366377,0.6830545693737506,0.5805963839676881
sunsched_no_defer,40,cct_region,2012,2.0,pvgis,365,0.9853790484979228,66.769071679648,10.0,196.7977039286174,0.31,1079,0.22940755141716976,0.7777777777777777,0.2428174235403151,0.19417347802476861,0.9616977225672878,0.6283185840707964,0.0,0.0,0.5088044485634847,0.4911955514365153,0.0,0.0,0.0,0.0,0.16351171595211297,0.1324056072853781,0.24823493297861457,0.4084367961787123,0.7900362900806617,0.0,20.729461989872192,0.31588850837138505,0.9773021308980213,127.6073284260185,69.41660522768503,61.20134152234014,0.33424657534246577,0.0,0,0.9464788732394366,0.01106710576419604,5.712102515663982e-05,0.9948651689471747,1.0643946684358674,14.735782983666512,0.15672447042874538,0.6786202003031827,0.5768271702577054
sunsched_no_defer,40,cct_region,2011,2.0,pvgis,365,0.9853790484979228,66.769071679648,10.0,196.7977039286174,0.32,1079,0.22940755141716976,0.7777777777777777,0.2428174235403151,0.19417347802476861,0.9616977225672878,0.6283185840707964,0.0,0.0,0.5088044485634847,0.4911955514365153,0.0,0.0,0.0,0.0,0.16351171595211297,0.1324056072853781,0.24823493297861457,0.40601963860778956,0.7712203698097999,0.0,19.639202912676332,0.31588850837138505,0.9773021308980213,134.9121068823523,69.41660522768503,68.04802854125866,0.33424657534246577,0.0,0,0.9436619718309859,0.010354691404478486,5.025312425429374e-05,0.9951702650489368,1.021109867872909,15.754451297296317,0.15063695936584998,0.6347412430489495,0.539530056591607
sunsched_no_defer,40,cct_region,2015,2.0,pvgis,365,0.9853790484979228,66.769071679648,10.0,196.7977039286174,0.33,1079,0.22940755141716976,0.7777777777777777,0.2428174235403151,0.19417347802476861,0.9616977225672878,0.6283185840707964,0.0,0.0,0.5088044485634847,0.4911955514365153,0.0,0.0,0.0,0.0,0.16351171595211297,0.1324056072853781,0.24823493297861457,0.41089992955600807,0.7854318068065679,0.0,21.709066091403,0.31588850837138505,0.9773021308980213,131.64478654499794,69.41660522768503,64.94402256128363,0.33424657534246577,0.0,0,0.9436619718309859,0.012016906798409166,6.054735002081207e-05,0.994986745610731,1.024418507305096,13.572743875852336,0.16472466849794853,0.7367706995334445,0.6262550946034278
sunsched_no_defer,40,cct_region,2014,2.0,pvgis,365,0.9853790484979228,66.769071679648,10.0,196.7977039286174,0.34,1079,0.22940755141716976,0.7777777777777777,0.2428174235403151,0.19417347802476861,0.9616977225672878,0.6283185840707964,0.0,0.0,0.5088044485634847,0.4911955514365153,0.0,0.0,0.0,0.0,0.16351171595211297,0.1324056072853781,0.24823493297861457,0.41294746498530915,0.7896174091728657,0.0,22.297233232776282,0.31588850837138505,0.9773021308980213,138.2999672032459,69.41660522768503,71.43910865103531,0.33424657534246577,0.0,0,0.9436619718309859,0.01252841524750126,5.8545240398312045e-05,0.9953487388432978,1.0155849524369809,13.023334107275405,0.16896963769620088,0.7678525266746833,0.6526746476734807
sunsched_no_defer,46,cct_region,2011,2.0,pvgis,365,1.299774515109069,88.072440650112,10.0,149.1953658034943,0.35,6276,0.2205029701561555,nan,0.21159974506054813,0.12737307957557545,0.8821621621621621,0.8650137741046832,0.0,0.0,0.685627788400255,0.31437221159974504,0.0,0.0,0.0,0.0,0.20872905773129866,0.1088997972468253,0.14310105645075233,0.3893694244486496,0.7689273432537475,0.0,19.639202912676332,0.31588850837138505,0.9773021308980213,177.95722222088847,83.19471261708055,95.17894913319944,2.095890410958904,0.0,0,0.9436619718309859,0.010194495152312303,6.096222136450665e-05,0.9940556311490328,1.2937323624818422,15.984093722601074,0.14936628269960361,0.6256219572749546,0.5317786636837114
sunsched_no_defer,46,cct_region,2012,2.0,pvgis,365,1.299774515109069,88.072440650112,10.0,149.1953658034943,0.33,6276,0.2205029701561555,nan,0.21159974506054813,0.12737307957557545,0.8821621621621621,0.8650137741046832,0.0,0.0,0.685627788400255,0.31437221159974504,0.0,0.0,0.0,0.0,0.20872905773129866,0.1088997972468253,0.14310105645075233,0.39426873713489036,0.7946208906675147,0.0,20.729461989872192,0.31588850837138505,0.9773021308980213,168.32177798190958,83.19471261708055,86.06311017575018,2.095890410958904,0.0,0,0.9408450704225352,0.010923324028247203,6.698843873526644e-05,0.9939047739601112,1.3352394353087966,14.915334966267602,0.15559443293713326,0.6704509166315016,0.5698832791367763
sunsched_no_defer,7,cct_region,2011,2.0,pvgis,365,1.0371329234694004,70.275903079136,10.0,186.97731973936163,0.31,1853,0.38288395296353495,nan,0.36103615758229896,0.1705953097218925,0.996996996996997,0.8563829787234043,0.0,0.0,0.6330275229357798,0.3669724770642202,0.0,0.0,0.0,0.0,0.45064734529041467,0.20602209288514078,0.22146335669319397,0.3983192541159345,0.7700839523588047,0.0,19.639202912676332,0.31588850837138505,0.9773021308980213,141.99793270985566,71.88181134853343,72.31425171685059,0.7315068493150685,0.0,0,0.9464788732394366,0.010279108896454437,5.180576810567665e-05,0.9949853648212394,1.0471828755432493,15.867345453092096,0.150007926052232,0.6302251393947741,0.535691368485558
sunsched_no_defer,46,cct_region,2014,2.0,pvgis,365,1.299774515109069,88.072440650112,10.0,149.1953658034943,0.33,6276,0.2205029701561555,nan,0.21159974506054813,0.12737307957557545,0.8821621621621621,0.8650137741046832,0.0,0.0,0.685627788400255,0.31437221159974504,0.0,0.0,0.0,0.0,0.20872905773129866,0.1088997972468253,0.14310105645075233,0.39722787167848783,0.7929876817926409,0.0,22.297233232776282,0.31588850837138505,0.9773021308980213,182.42601472521153,83.19471261708055,99.61777323504492,2.095890410958904,0.0,0,0.9408450704225352,0.01233477568017168,6.927266569043268e-05,0.9944153179866039,1.2850049546500424,13.215378339256,0.16744818779283033,0.7566941893971519,0.643190060987579
sunsched_no_defer,7,cct_region,2013,2.0,pvgis,365,1.0371329234694004,70.275903079136,10.0,186.97731973936163,0.32,1853,0.38288395296353495,nan,0.36103615758229896,0.1705953097218925,0.996996996996997,0.8563829787234043,0.0,0.0,0.6330275229357798,0.3669724770642202,0.0,0.0,0.0,0.0,0.45064734529041467,0.20602209288514078,0.22146335669319397,0.40179105977909885,0.7826375557637874,0.0,20.64649507784094,0.31588850837138505,0.9773021308980213,142.3288675147464,71.88181134853343,72.62847515489467,0.7315068493150685,0.0,0,0.9436619718309859,0.011053112855790623,5.658693841340024e-05,0.9949065285775839,1.0511961079578143,14.755051429428391,0.15660195749249517,0.677733998273661,0.5760738985326118
sunsched_no_defer,7,cct_region,2014,2.0,pvgis,365,1.0371329234694004,70.275903079136,10.0,186.97731973936163,0.31,1853,0.38288395296353495,nan,0.36103615758229896,0.1705953097218925,0.996996996996997,0.8563829787234043,0.0,0.0,0.6330275229357798,0.3669724770642202,0.0,0.0,0.0,0.0,0.45064734529041467,0.20602209288514078,0.22146335669319397,0.40501837491434134,0.789407756051598,0.0,22.297233232776282,0.31588850837138505,0.9773021308980213,145.5637295311605,71.88181134853343,76.00611152711606,0.7315068493150685,0.0,0,0.9408450704225352,0.012426772735467063,5.992762168880993e-05,0.9952006839297248,1.041841677061162,13.12790306007854,0.16813602596092492,0.7617362768628011,0.6474758353333809
sunsched_no_defer,7,cct_region,2015,2.0,pvgis,365,1.0371329234694004,70.275903079136,10.0,186.97731973936163,0.31,1853,0.38288395296353495,nan,0.36103615758229896,0.1705953097218925,0.996996996996997,0.8563829787234043,0.0,0.0,0.6330275229357798,0.3669724770642202,0.0,0.0,0.0,0.0,0.45064734529041467,0.20602209288514078,0.22146335669319397,0.40305694210535364,0.7851041189190355,0.0,21.709066091403,0.31588850837138505,0.9773021308980213,138.55900684822407,71.88181134853343,69.04721777556027,0.7315068493150685,0.0,0,0.9436619718309859,0.011924627308802513,6.042100575379882e-05,0.9949586347782666,1.0511854170749777,13.677390989729929,0.16395246560078192,0.7311335917433956,0.6214635529818863
sunsched_no_defer,7,cct_region,2012,2.0,pvgis,365,1.0371329234694004,70.275903079136,10.0,186.97731973936163,0.32,1853,0.38288395296353495,nan,0.36103615758229896,0.1705953097218925,0.996996996996997,0.8563829787234043,0.0,0.0,0.6330275229357798,0.3669724770642202,0.0,0.0,0.0,0.0,0.45064734529041467,0.20602209288514078,0.22146335669319397,0.401247618128025,0.7900507790072869,0.0,20.729461989872192,0.31588850837138505,0.9773021308980213,134.3094941873784,71.88181134853343,65.21730028120895,0.7315068493150685,0.0,0,0.9408450704225352,0.010991803804475385,5.7934041726375134e-05,0.9947569759090449,1.090492817393368,14.835120444539571,0.1560960817157685,0.6740760910829507,0.5729646774205082
sunsched_no_defer,46,cct_region,2013,2.0,pvgis,365,1.299774515109069,88.072440650112,10.0,149.1953658034943,0.34,6276,0.2205029701561555,nan,0.21159974506054813,0.12737307957557545,0.8821621621621621,0.8650137741046832,0.0,0.0,0.685627788400255,0.31437221159974504,0.0,0.0,0.0,0.0,0.20872905773129866,0.1088997972468253,0.14310105645075233,0.39379298889857806,0.7846629580337545,0.0,20.64649507784094,0.31588850837138505,0.9773021308980213,178.37196233358222,83.19471261708055,95.5719897307071,2.095890410958904,0.0,0,0.9464788732394366,0.010967044777814548,6.542542540262874e-05,0.9940697392154705,1.2909750196845164,14.858339864918781,0.15595034493828708,0.6730226990977947,0.5720692942331255
sunsched_no_defer,46,cct_region,2015,2.0,pvgis,365,1.299774515109069,88.072440650112,10.0,149.1953658034943,0.34,6276,0.2205029701561555,nan,0.21159974506054813,0.12737307957557545,0.8821621621621621,0.8650137741046832,0.0,0.0,0.685627788400255,0.31437221159974504,0.0,0.0,0.0,0.0,0.20872905773129866,0.1088997972468253,0.14310105645075233,0.39521334574462325,0.7878744330840168,0.0,21.709066091403,0.31588850837138505,0.9773021308980213,173.64742923953168,83.19471261708055,91.08432620241351,2.095890410958904,0.0,0,0.9436619718309859,0.011828956607135972,7.02831566462435e-05,0.99409347504198,1.2967129799991852,13.77602225714683,0.16323475430229373,0.7258989433478974,0.6170141018457128
sunsched_no_defer,78,cct_region,2011,2.0,pvgis,365,1.074248607789109,72.79085383900801,10.0,180.51718460483815,0.32,2359,0.1629889669007021,0.5772166764533176,0.1649003815175922,0.11863313262715916,0.9333333333333333,0.8097826086956522,0.0,0.0,0.5311572700296736,0.4688427299703264,0.0,0.0,0.0,0.0,0.11817269991793561,0.24591957691255584,0.19581471687790647,0.39654820771455457,0.7653948146888107,0.0,19.639202912676332,0.31588850837138505,0.9773021308980213,147.07958649332792,74.08413549445373,74.95653907789254,1.106849315068493,0.0,0,0.9464788732394366,0.010263968225441615,5.2123348543955595e-05,0.9949473743839773,1.0831736195427641,15.890145085796197,0.14988191777388604,0.6293208744166061,0.5349227432541152
sunsched_no_defer,78,cct_region,2012,2.0,pvgis,365,1.074248607789109,72.79085383900801,10.0,180.51718460483815,0.31,2359,0.1629889669007021,0.5772166764533176,0.1649003815175922,0.11863313262715916,0.9333333333333333,0.8097826086956522,0.0,0.0,0.5311572700296736,0.4688427299703264,0.0,0.0,0.0,0.0,0.11817269991793561,0.24591957691255584,0.19581471687790647,0.39931196658455076,0.786096569768938,0.0,20.729461989872192,0.31588850837138505,0.9773021308980213,139.11600324190164,74.08413549445373,67.6708901884927,1.106849315068493,0.0,0,0.9436619718309859,0.010973530750279877,5.952467966890117e-05,0.9946048780370192,1.128252071942799,14.85755173349577,0.15595528459238472,0.673058400157234,0.5720996401336489
sunsched_no_defer,78,cct_region,2013,2.0,pvgis,365,1.074248607789109,72.79085383900801,10.0,180.51718460483815,0.32,2359,0.1629889669007021,0.5772166764533176,0.1649003815175922,0.11863313262715916,0.9333333333333333,0.8097826086956522,0.0,0.0,0.5311572700296736,0.4688427299703264,0.0,0.0,0.0,0.0,0.11817269991793561,0.24591957691255584,0.19581471687790647,0.4004078787692193,0.7784443424519614,0.0,20.64649507784094,0.31588850837138505,0.9773021308980213,147.42236440093876,74.08413549445373,75.2820122325046,1.106849315068493,0.0,0,0.9436619718309859,0.011039556367849897,5.789333658426721e-05,0.9947831854952102,1.0874125505951344,14.771339018864111,0.1564986329103779,0.6769866961437448,0.5754386917221832
sunsched_no_defer,78,cct_region,2015,2.0,pvgis,365,1.074248607789109,72.79085383900801,10.0,180.51718460483815,0.32,2359,0.1629889669007021,0.5772166764533176,0.1649003815175922,0.11863313262715916,0.9333333333333333,0.8097826086956522,0.0,0.0,0.5311572700296736,0.4688427299703264,0.0,0.0,0.0,0.0,0.11817269991793561,0.24591957691255584,0.19581471687790647,0.4015703738970666,0.7808289207012178,0.0,21.709066091403,0.31588850837138505,0.9773021308980213,143.517592427232,74.08413549445373,71.5725883965375,1.106849315068493,0.0,0,0.9408450704225352,0.011902981975270139,6.122793763961988e-05,0.9948824086099031,1.0909910234614801,13.701213287148283,0.16377822777105355,0.7298623698807744,0.6203830143986582
sunsched_no_defer,78,cct_region,2014,2.0,pvgis,365,1.074248607789109,72.79085383900801,10.0,180.51718460483815,0.33,2359,0.1629889669007021,0.5772166764533176,0.1649003815175922,0.11863313262715916,0.9333333333333333,0.8097826086956522,0.0,0.0,0.5311572700296736,0.4688427299703264,0.0,0.0,0.0,0.0,0.11817269991793561,0.24591957691255584,0.19581471687790647,0.403658620310921,0.7854303237086134,0.0,22.297233232776282,0.31588850837138505,0.9773021308980213,150.77299182668625,74.08413549445373,78.63451119475317,1.106849315068493,0.0,0,0.9436619718309859,0.012413473792760334,6.223981221826946e-05,0.995011122073736,1.0796469980467618,13.139464163683126,0.16804462589742808,0.7610660431374012,0.646906136666791
sunsched_no_ceiling,0,cct_region,2011,0.5,pvgis,365,0.3162228164973532,85.70875921763201,10.0,153.30988477659398,0.32,1861,0.33521855828220853,-0.849100860046911,0.37291778613648574,0.29052556024635723,0.4713971397139714,0.06976744186046512,0.5335840945728103,0.0,0.060720042987641054,0.0,0.40569586243954864,0.41975640336736525,0.8333333333333334,0.9166666666666666,0.543424079754601,0.5286618098159508,0.788631134969325,0.2357299425491453,0.6977566189477135,0.0,19.639202912676332,1.0,0.0,43.29530497219543,73.89550276055587,0.0,1.4,0.18634893455098936,762,0.9436619718309859,0.008689562120117516,7.94038418448187e-05,0.990944902490299,0.6704671808901421,18.693674093394147,0.13662605812384343,0.5349403199199743,0.4546992719319781
sunsched_no_ceiling,0,cct_region,2012,0.5,pvgis,365,0.3162228164973532,85.70875921763201,10.0,153.30988477659398,0.32,1861,0.33886119631901834,-0.8342455043002339,0.3772165502418055,0.2930570357979294,0.4752475247524752,0.06976744186046512,0.5298226759806556,0.0,0.06394411606663085,0.0,0.4062332079527136,0.5748701415009851,0.8333333333333334,0.9166666666666666,0.543424079754601,0.5286618098159508,0.788631134969325,0.23430961133244582,0.697830587391134,0.0,20.729461989872192,1.0,0.0,40.951092741508575,73.91298085646986,0.0,1.4027397260273973,0.2164193302891933,769,0.9436619718309859,0.009281355861351207,7.547781826313498e-05,0.9919334017417047,0.635690083753004,17.519194787669537,0.14168737874376358,0.5708024895663731,0.48518211613141715
sunsched_no_ceiling,0,cct_region,2015,0.5,pvgis,365,0.3162228164973532,85.70875921763201,10.0,153.30988477659398,0.32,1861,0.3219900306748466,-0.9030492572322119,0.36324556689951637,0.28275158929654437,0.46204620462046203,0.06976744186046512,0.5427189682966147,0.0,0.06555615260612574,0.0,0.39172487909725956,0.6495163890381516,0.8333333333333334,0.9166666666666666,0.543424079754601,0.5286618098159508,0.788631134969325,0.23434148444434072,0.6993567505631916,0.0,21.709066091403,1.0,0.0,42.24677320053634,73.63658710559224,0.0,1.3506849315068492,0.19945776255707762,746,0.9436619718309859,0.010058677845185219,8.296663039865707e-05,0.9918192132845516,0.6488467446413837,16.163472523971798,0.14839756629436063,0.6186789370396215,0.5258770964836783
sunsched_no_ceiling,0,cct_region,2014,0.5,pvgis,365,0.3162228164973532,85.70875921763201,10.0,153.30988477659398,0.32,1861,0.3405866564417177,-0.8272087568412817,0.38044062332079526,0.29215221015639065,0.4790979097909791,0.06976744186046512,0.5255239118753359,0.0,0.05910800644814616,0.0,0.415368081676518,0.29612215654665947,0.8333333333333334,0.9166666666666666,0.543424079754601,0.5286618098159508,0.788631134969325,0.24542605137473603,0.7074645531745126,0.0,22.297233232776282,1.0,0.0,44.38251982033472,74.1045045332506,0.0,1.441095890410959,0.17387747336377474,775,0.9492957746478873,0.010624304125531366,9.830948301608704e-05,0.9908315745950483,0.6721728199995922,15.2877085581373,0.15333090391737025,0.6541202667470546,0.5560022267349963
sunsched_no_ceiling,0,cct_region,2013,0.5,pvgis,365,0.3162228164973532,85.70875921763201,10.0,153.30988477659398,0.32,1861,0.33886119631901834,-0.8342455043002339,0.3772165502418055,0.2930570357979294,0.4752475247524752,0.06976744186046512,0.5298226759806556,0.0,0.06394411606663085,0.0,0.4062332079527136,0.5748701415009851,0.8333333333333334,0.9166666666666666,0.543424079754601,0.5286618098159508,0.788631134969325,0.23898222115517626,0.703157784539404,0.0,20.64649507784094,1.0,0.0,43.39620730950464,73.91298085646986,0.0,1.4027397260273973,0.1854547184170472,769,0.9464788732394366,0.009382199632647515,8.288910399966805e-05,0.9912426490331004,0.6632626628294718,17.318822505520135,0.1426161275192589,0.5774064603302355,0.49079549128070016
sunsched_no_ceiling,105,cct_region,2011,0.5,pvgis,365,0.264632338334809,71.725720549728,10.0,183.19788075032216,0.31,2169,0.20723180076628356,0.39230638874767,0.210696173351775,0.1631494771816332,0.8523328523328524,0.6444444444444445,0.06869525126786538,0.0,0.4144767173812817,0.0,0.516828031350853,0.6028507760872907,0.9166666666666666,0.9166666666666666,0.096360153256705,0.25373563218390804,0.3789750957854406,0.21707759919023226,0.7207481362174042,0.0,19.639202912676332,1.0,0.0,36.23185044209719,72.22959638127635,0.0,0.726027397260274,0.2613584474885845,1134,0.9464788732394366,0.008500184892219816,1.1242350167529926e-05,0.9986791462997483,0.4111707261522673,19.259307183246477,0.1343991555159295,0.5192294772004531,0.4413450556203851
sunsched_no_ceiling,100,cct_region,2015,0.5,pvgis,365,0.3052640870787947,82.73851465568,10.0,158.8135834282582,0.31,4890,0.1593789003828986,0.1358370930374345,0.15848670756646216,0.1355033419671573,0.5842004671904863,0.39779005524861877,0.4053169734151329,0.0,0.281799591002045,0.0,0.3128834355828221,0.35257327880027267,0.8333333333333334,0.9166666666666666,0.11224640900340586,0.169427344460663,0.4592244716633877,0.20491323398299455,0.7226706699421508,0.0,21.709066091403,1.0,0.0,40.78270757288786,75.735491254104,0.0,1.1479452054794521,0.2521404109589041,1550,0.9323943661971831,0.00973955150326836,7.772618618287456e-05,0.9920827149193924,0.6261118725134573,16.69752012873473,0.14563063740937876,0.5988913277481858,0.5090576285859579
sunsched_no_ceiling,100,cct_region,2012,0.5,pvgis,365,0.3052640870787947,82.73851465568,10.0,158.8135834282582,0.32,4890,0.15959044657400942,0.136446774783563,0.1586912065439673,0.13580296447913523,0.5897218093013379,0.39779005524861877,0.4002044989775051,0.0,0.281799591002045,0.0,0.3179959100204499,0.30144853442399455,0.8333333333333334,0.9166666666666666,0.11224640900340586,0.169427344460663,0.4592244716633877,0.20330929676421786,0.7212243191664759,0.0,20.729461989872192,1.0,0.0,39.53192903371723,75.85289236309067,0.0,1.1643835616438356,0.26543949771689496,1569,0.9436619718309859,0.008954818043745358,7.33708523933003e-05,0.9918731372108662,0.6264344963805739,18.15692978013569,0.13886160114863,0.5507539061444378,0.4681408202227721
sunsched_no_ceiling,100,cct_region,2013,0.5,pvgis,365,0.3052640870787947,82.73851465568,10.0,158.8135834282582,0.33,4890,0.15959044657400942,0.136446774783563,0.1586912065439673,0.13565459782009515,0.5912083244850287,0.39779005524861877,0.3983640081799591,0.0,0.2813905930470348,0.0,0.3202453987730061,0.2610770279481936,0.8333333333333334,0.9166666666666666,0.11224640900340586,0.169427344460663,0.4592244716633877,0.20757893928185042,0.7264567372186429,0.0,20.64649507784094,1.0,0.0,41.892307942077814,75.89097279877214,0.0,1.16986301369863,0.2367579908675799,1576,0.9408450704225352,0.009029864253936017,7.57860897534448e-05,0.9916770261438858,0.6441314480619061,18.002469416431705,0.1395284850256775,0.5554793494537215,0.4721574470356632
sunsched_no_ceiling,100,cct_region,2014,0.5,pvgis,365,0.3052640870787947,82.73851465568,10.0,158.8135834282582,0.34,4890,0.16346174187133758,0.1476039507377149,0.16298568507157465,0.13910387753582187,0.5975791038437035,0.39779005524861877,0.39100204498977503,0.0,0.283640081799591,0.0,0.325357873210634,0.37106339468302657,0.8333333333333334,0.9166666666666666,0.11224640900340586,0.169427344460663,0.4592244716633877,0.21211359478645636,0.7304974959434349,0.0,22.297233232776282,1.0,0.0,42.844439706406234,76.00805945841547,0.0,1.1863013698630136,0.22463850837138508,1612,0.9436619718309859,0.010224531380997484,8.655721614779338e-05,0.9916054240701843,0.6426392811255375,15.897855040676728,0.1498393841859723,0.6290156737757201,0.5346633227093621
sunsched_no_ceiling,100,cct_region,2011,0.5,pvgis,365,0.3052640870787947,82.73851465568,10.0,158.8135834282582,0.34,4890,0.15895580800067693,0.13461772954517745,0.15807770961145196,0.13513742040251656,0.5867487789339563,0.39779005524861877,0.4034764826175869,0.0,0.27955010224948873,0.0,0.3169734151329243,0.20753237900477164,0.8333333333333334,0.9166666666666666,0.11224640900340586,0.169427344460663,0.4592244716633877,0.20476539447825648,0.7211259910280421,0.0,19.639202912676332,1.0,0.0,41.79490238410944,75.80696448537324,0.0,1.158904109589041,0.23619672754946727,1555,0.9436619718309859,0.008388620408611727,7.031569766315176e-05,0.9916874064563519,0.6339593841172441,19.37881901098539,0.1339445465798933,0.5160273179872953,0.438623220289201
sunsched_no_ceiling,105,cct_region,2012,0.5,pvgis,365,0.264632338334809,71.725720549728,10.0,183.19788075032216,0.33,2169,0.20723180076628356,0.39230638874767,0.210696173351775,0.16346075094754642,0.8537758537758537,0.6444444444444445,0.06869525126786538,0.0,0.408944213923467,0.0,0.5223605348086676,0.3395958198862763,0.8333333333333334,0.9166666666666666,0.096360153256705,0.25373563218390804,0.3789750957854406,0.21587501904500225,0.7208100370073697,0.0,20.729461989872192,1.0,0.0,34.27008698988615,72.27389554732319,0.0,0.7342465753424657,0.2873953576864536,1134,0.9408450704225352,0.009074578927582075,1.2489492236780587e-05,0.9986255751954568,0.4124240414078,18.039282225659537,0.1393685567316062,0.5543457813291343,0.47119391412976414
sunsched_no_ceiling,105,cct_region,2013,0.5,pvgis,365,0.264632338334809,71.725720549728,10.0,183.19788075032216,0.33,2169,0.20723180076628356,0.39230638874767,0.210696173351775,0.16346075094754642,0.8537758537758537,0.6444444444444445,0.06869525126786538,0.0,0.408944213923467,0.0,0.5223605348086676,0.3395958198862763,0.8333333333333334,0.9166666666666666,0.096360153256705,0.25373563218390804,0.3789750957854406,0.2196014970939862,0.7252681234090133,0.0,20.64649507784094,1.0,0.0,36.316290969702145,72.27389554732319,0.0,0.7342465753424657,0.2615201674277017,1134,0.9464788732394366,0.009155612167432362,1.5369298921010796e-05,0.9983241380459226,0.4198762014451561,17.874225613735867,0.14009052822178447,0.5594647967470695,0.47554507723500905
sunsched_no_ceiling,105,cct_region,2014,0.5,pvgis,365,0.264632338334809,71.725720549728,10.0,183.19788075032216,0.34,2169,0.20723180076628356,0.39230638874767,0.210696173351775,0.1632286725566233,0.8537758537758537,0.6444444444444445,0.06731212540341171,0.0,0.4103273397879207,0.0,0.5223605348086676,0.40598586138005227,0.9166666666666666,0.9166666666666666,0.096360153256705,0.25373563218390804,0.3789750957854406,0.22398081998493272,0.728872260097192,0.0,22.297233232776282,1.0,0.0,37.14169056913848,72.27538299415302,0.0,0.7342465753424657,0.24998097412480974,1137,0.9436619718309859,0.010358068002971453,1.5069853903741011e-05,0.9985472232113687,0.41369343731779784,15.802758441154173,0.15036675466072447,0.6328009149312567,0.5378807776915682
sunsched_no_ceiling,105,cct_region,2015,0.5,pvgis,365,0.264632338334809,71.725720549728,10.0,183.19788075032216,0.33,2169,0.20723180076628356,0.39230638874767,0.210696173351775,0.1641013385412955,0.8508898508898509,0.6444444444444445,0.07422775472568004,0.0,0.408944213923467,0.0,0.516828031350853,0.33729061011218686,0.8333333333333334,0.9166666666666666,0.096360153256705,0.25373563218390804,0.3789750957854406,0.21683840229140275,0.7220872128082032,0.0,21.709066091403,1.0,0.0,35.35438240349712,72.22364659395701,0.0,0.726027397260274,0.2760369101978691,1122,0.9436619718309859,0.009876574797830119,1.5081893387647903e-05,0.9984752914644683,0.41531786730024256,16.57196533868075,0.14626590656742844,0.603428730125263,0.5129144206064735
sunsched_no_ceiling,130,cct_region,2011,0.5,pvgis,365,0.2526532182741883,68.47891018896,10.0,191.883894818735,0.32,1455,0.15915451465606129,0.00714771953710012,0.15532646048109966,0.10709166143153141,0.6146993318485523,0.5740740740740741,0.38075601374570445,0.0,0.2542955326460481,0.0,0.3649484536082474,0.3196449026345934,0.8333333333333334,0.9166666666666666,0.15760789512446605,0.3132272794225954,0.3739873324495508,0.23935635927367055,0.7261931304050672,0.0,19.639202912676332,1.0,0.0,34.59174217265647,69.12486269891649,0.0,0.35342465753424657,0.23855593607305936,531,0.9464788732394366,0.00872340707107196,7.782283573701145e-06,0.9991086800139594,0.39999007066276804,18.774554664969003,0.13629977735303656,0.5326358030030275,0.4527404325525734
sunsched_no_ceiling,130,cct_region,2012,0.5,pvgis,365,0.2526532182741883,68.47891018896,10.0,191.883894818735,0.31,1455,0.16136397112976877,0.017358747447243167,0.15738831615120275,0.10760518264878029,0.6169265033407573,0.5740740740740741,0.37869415807560136,0.0,0.2563573883161512,0.0,0.3649484536082474,0.35263459335624286,0.8333333333333334,0.9166666666666666,0.15760789512446605,0.3132272794225954,0.3739873324495508,0.23833190779037586,0.7262522291300976,0.0,20.729461989872192,1.0,0.0,32.71878192595117,69.12883435627266,0.0,0.35342465753424657,0.26209094368340946,532,0.9464788732394366,0.009315821036209449,8.405117456018075e-06,0.99909857211553,0.39999007066276804,17.580460740385384,0.14140743081040985,0.5688133062990924,0.4834913103542286
sunsched_no_ceiling,130,cct_region,2013,0.5,pvgis,365,0.2526532182741883,68.47891018896,10.0,191.883894818735,0.31,1455,0.16136397112976877,0.017358747447243167,0.15738831615120275,0.10760518264878029,0.6169265033407573,0.5740740740740741,0.37869415807560136,0.0,0.2563573883161512,0.0,0.3649484536082474,0.35263459335624286,0.8333333333333334,0.9166666666666666,0.15760789512446605,0.3132272794225954,0.3739873324495508,0.24195230694328504,0.7305085111998109,0.0,20.64649507784094,1.0,0.0,34.672360328345206,69.12883435627266,0.0,0.35342465753424657,0.2380517503805175,532,0.9408450704225352,0.009406367277768921,8.387029137689887e-06,0.999109161124732,0.39999007066276804,17.41141473110313,0.14218442156624256,0.574335868419489,0.4881854881565657
sunsched_no_ceiling,130,cct_region,2014,0.5,pvgis,365,0.2526532182741883,68.47891018896,10.0,191.883894818735,0.31,1455,0.16357342760347623,0.027569775357386084,0.15945017182130583,0.10785724937284978,0.623608017817372,0.5740740740740741,0.3725085910652921,0.0,0.2618556701030928,0.0,0.3656357388316151,0.6168384879725086,0.8333333333333334,0.9166666666666666,0.15760789512446605,0.3132272794225954,0.3739873324495508,0.24700917443683237,0.7339494993235491,0.0,22.297233232776282,1.0,0.0,35.46039653915772,69.15404092551188,0.0,0.3561643835616438,0.2273972602739726,541,0.9464788732394366,0.010640607613929121,9.479189349435491e-06,0.9991099425268049,0.39999007066276804,15.391817443077313,0.1527166070031334,0.649695855410346,0.5522414770987941
sunsched_no_ceiling,130,cct_region,2015,0.5,pvgis,365,0.2526532182741883,68.47891018896,10.0,191.883894818735,0.32,1455,0.15768154367358966,0.0003403675970049264,0.15395189003436427,0.10723205711973391,0.6035634743875279,0.5740740740740741,0.39106529209621993,0.0,0.2536082474226804,0.0,0.35532646048109967,0.3211340206185567,0.8333333333333334,0.9166666666666666,0.15760789512446605,0.3132272794225954,0.3739873324495508,0.23827266174461328,0.7274715909753382,0.0,21.709066091403,1.0,0.0,33.753994506289885,69.04683784122125,0.0,0.3424657534246575,0.25143645357686456,518,0.9408450704225352,0.01010891255981696,9.010773210958443e-06,0.999109424640376,0.39999007066276804,16.20136726020575,0.1481955247273017,0.6172318570027283,0.5246470784523191
sunsched_no_ceiling,28,cct_region,2012,0.5,pvgis,365,0.2576552408749775,69.834654076896,10.0,188.158732561793,0.31,1333,0.1788773388773389,0.09906676238334546,0.18229557389347337,0.125396423867151,0.680976430976431,0.4827586206896552,0.2288072018004501,0.0,0.36084021005251316,0.0,0.41035258814703673,0.45361340335083766,0.8333333333333334,0.9166666666666666,0.1674012474012474,0.18985446985446985,0.28324324324324324,0.23443627974429482,0.7267009183985736,0.0,20.729461989872192,1.0,0.0,33.36654761752561,70.34354946769226,0.0,0.5671232876712329,0.27139459665144594,549,0.9464788732394366,0.009265732570936755,9.168716918885007e-06,0.9990114485713297,0.40204389427947074,17.673955413803622,0.14098378253803745,0.5658043016330035,0.480933656388053
sunsched_no_ceiling,28,cct_region,2011,0.5,pvgis,365,0.2576552408749775,69.834654076896,10.0,188.158732561793,0.31,1333,0.1788773388773389,0.09906676238334546,0.18229557389347337,0.125396423867151,0.680976430976431,0.4827586206896552,0.2288072018004501,0.0,0.36084021005251316,0.0,0.41035258814703673,0.45361340335083766,0.8333333333333334,0.9166666666666666,0.1674012474012474,0.18985446985446985,0.28324324324324324,0.23545849277686384,0.7264470914271576,0.0,19.639202912676332,1.0,0.0,35.27658868809041,70.34354946769226,0.0,0.5671232876712329,0.24694634703196347,549,0.9492957746478873,0.008677840485468921,7.750799756561313e-06,0.999107625548793,0.39999007066276804,18.873118299709954,0.13590577341593912,0.5298541471100555,0.4503760250435471
sunsched_no_ceiling,28,cct_region,2013,0.5,pvgis,365,0.2576552408749775,69.834654076896,10.0,188.158732561793,0.31,1333,0.1788773388773389,0.09906676238334546,0.18229557389347337,0.125396423867151,0.680976430976431,0.4827586206896552,0.2288072018004501,0.0,0.36084021005251316,0.0,0.41035258814703673,0.45361340335083766,0.8333333333333334,0.9166666666666666,0.1674012474012474,0.18985446985446985,0.28324324324324324,0.23805542324012188,0.7311083680758662,0.0,20.64649507784094,1.0,0.0,35.358802920170255,70.34354946769226,0.0,0.5671232876712329,0.24648021308980214,549,0.9436619718309859,0.009357745856830905,8.733532002671267e-06,0.9990675758051544,0.4010012984409179,17.50115331747974,0.14177017310097006,0.5713909145640268,0.48568227737942277
sunsched_no_ceiling,40,cct_region,2011,0.5,pvgis,365,0.2463447621244807,66.769071679648,10.0,196.7977039286174,0.31,1079,0.1725161158293257,0.10628019323671481,0.17794253938832252,0.14896000700020243,0.6635610766045549,0.36283185840707965,0.31974050046339203,0.0,0.28637627432808155,0.0,0.3938832252085264,0.461306765523633,0.8333333333333334,0.9166666666666666,0.16351171595211297,0.1324056072853781,0.24823493297861457,0.24478004374002613,0.7306326310132264,0.0,19.639202912676332,1.0,0.0,33.728026720588076,68.47148903407763,0.0,0.2219178082191781,0.24118150684931508,429,0.952112676056338,0.008774704802981632,7.82630460675731e-06,0.9991088782367085,0.39999007066276804,18.664800593459283,0.13674319100202648,0.5357678454654536,0.4554026686456356
sunsched_no_ceiling,28,cct_region,2014,0.5,pvgis,365,0.2576552408749775,69.834654076896,10.0,188.158732561793,0.32,1333,0.1788773388773389,0.09906676238334546,0.18229557389347337,0.12509997630465294,0.6885521885521886,0.4827586206896552,0.2220555138784696,0.0,0.36534133533383345,0.0,0.41260315078769694,0.383408352088022,0.8333333333333334,0.9166666666666666,0.1674012474012474,0.18985446985446985,0.28324324324324324,0.2428762588729333,0.7343529768267418,0.0,22.297233232776282,1.0,0.0,36.16244065374859,70.37723396811474,0.0,0.5726027397260274,0.23582572298325724,550,0.9464788732394366,0.010585234734686462,1.1763420751672905e-05,0.9988899289610959,0.4050842614162105,15.468927089023628,0.15226666670500077,0.6464572457061845,0.5494886588502568
sunsched_no_ceiling,40,cct_region,2012,0.5,pvgis,365,0.2463447621244807,66.769071679648,10.0,196.7977039286174,0.32,1079,0.1725161158293257,0.10628019323671481,0.17794253938832252,0.14873367633556722,0.6635610766045549,0.36283185840707965,0.31974050046339203,0.0,0.283595922150139,0.0,0.39666357738646896,0.3303985171455051,0.8333333333333334,0.9166666666666666,0.16351171595211297,0.1324056072853781,0.24823493297861457,0.24375640214305597,0.7307846502755696,0.0,20.729461989872192,1.0,0.0,31.901832106504624,68.48572172032623,0.0,0.22465753424657534,0.26428843226788434,429,0.9464788732394366,0.009368983051346872,8.4526687121547e-06,0.9990986161926897,0.39999007066276804,17.480705463898243,0.14186420743847938,0.5720592924955086,0.4862503986211823
sunsched_no_ceiling,28,cct_region,2015,0.5,pvgis,365,0.2576552408749775,69.834654076896,10.0,188.158732561793,0.32,1333,0.17804573804573806,0.09188801148600159,0.18154538634658665,0.1248631945454104,0.6725589225589226,0.4827586206896552,0.2355588897224306,0.0,0.3563390847711928,0.0,0.4081020255063766,0.4879344836209052,0.8333333333333334,0.9166666666666666,0.1674012474012474,0.18985446985446985,0.28324324324324324,0.2346679544993625,0.7277468189981418,0.0,21.709066091403,1.0,0.0,34.42225531270494,70.31237023042772,0.0,0.5616438356164384,0.2608162100456621,547,0.9436619718309859,0.010075236733426994,9.419400761107987e-06,0.999065967085464,0.40099202545307966,16.25481222639503,0.14791209480655287,0.6152024311767634,0.522922066500249
sunsched_no_ceiling,40,cct_region,2013,0.5,pvgis,365,0.2463447621244807,66.769071679648,10.0,196.7977039286174,0.32,1079,0.1725161158293257,0.10628019323671481,0.17794253938832252,0.14873367633556722,0.6635610766045549,0.36283185840707965,0.31974050046339203,0.0,0.283595922150139,0.0,0.39666357738646896,0.3303985171455051,0.8333333333333334,0.9166666666666666,0.16351171595211297,0.1324056072853781,0.24823493297861457,0.24729949506224697,0.7350015332557418,0.0,20.64649507784094,1.0,0.0,33.80663193496785,68.48572172032623,0.0,0.22465753424657534,0.2407439117199391,429,0.9436619718309859,0.009462424002450892,8.43379996868073e-06,0.9991094998843161,0.39999007066276804,17.308272940927456,0.1426655933447072,0.5777583953135971,0.49109463601655756
sunsched_no_ceiling,40,cct_region,2015,0.5,pvgis,365,0.2463447621244807,66.769071679648,10.0,196.7977039286174,0.32,1079,0.1725161158293257,0.10628019323671481,0.17794253938832252,0.14955356351909077,0.660455486542443,0.36283185840707965,0.32252085264133457,0.0,0.2873030583873957,0.0,0.3901760889712697,0.47675316651220273,0.8333333333333334,0.9166666666666666,0.16351171595211297,0.1324056072853781,0.24823493297861457,0.24360025374601227,0.7318791699143402,0.0,21.709066091403,1.0,0.0,32.911196636249485,68.45270888277604,0.0,0.2191780821917808,0.25473744292237444,426,0.9380281690140845,0.010175348422914746,9.060837731231828e-06,0.9991103227001841,0.39999007066276804,16.09560138774244,0.1487616878507163,0.6212877517963057,0.5280945890268598
sunsched_no_ceiling,40,cct_region,2014,0.5,pvgis,365,0.2463447621244807,66.769071679648,10.0,196.7977039286174,0.32,1079,0.17353934308809987,0.11835748792270526,0.1788693234476367,0.1490571311707248,0.6666666666666666,0.36283185840707965,0.3169601482854495,0.0,0.28637627432808155,0.0,0.39666357738646896,0.3303985171455051,0.8333333333333334,0.9166666666666666,0.16351171595211297,0.1324056072853781,0.24823493297861457,0.2522994179144368,0.7381953324473338,0.0,22.297233232776282,1.0,0.0,34.574991800811475,68.48967232505082,0.0,0.22465753424657534,0.23052701674277018,429,0.9464788732394366,0.010702877760180444,9.53148619070124e-06,0.9991102387920878,0.39999007066276804,15.302271231331094,0.15324450068504492,0.6534977617914131,0.5554730975227011
sunsched_no_ceiling,46,cct_region,2011,0.5,pvgis,365,0.32494362877726723,88.072440650112,10.0,149.1953658034943,0.34,6276,0.1547860420446057,nan,0.14340344168260039,0.10601009945646483,0.6133333333333333,0.4889807162534435,0.3738049713193117,0.0,0.3397068196303378,0.0,0.28648820905035055,0.6973921818568091,0.8333333333333334,0.9166666666666666,0.20872905773129866,0.1088997972468253,0.14310105645075233,0.22224434503678858,0.7201136510080055,0.0,19.639202912676332,1.0,0.0,44.48930555522212,76.84703653338418,0.0,1.2356164383561643,0.21382229832572297,1867,0.9436619718309859,0.008546201474492513,8.718180285223373e-05,0.989901780095758,0.7169895282229695,18.9872482852871,0.13545442780385886,0.5266692597973152,0.4476688708277179
sunsched_no_ceiling,7,cct_region,2013,0.5,pvgis,365,0.2592832308673501,70.275903079136,10.0,186.97731973936163,0.31,1853,0.3036583917329849,nan,0.2822450080949811,0.1381387078771545,0.7339339339339339,0.40425531914893614,0.2914193200215866,0.0,0.4193200215866163,0.0,0.2892606583917971,0.47130778917071425,0.8333333333333334,0.9166666666666666,0.45064734529041467,0.20602209288514078,0.22146335669319397,0.23731100907654398,0.7336413244342537,0.0,20.64649507784094,1.0,0.0,35.5822168786866,70.18481776870239,0.0,0.4438356164383562,0.241029299847793,541,0.9408450704225352,0.009351176022500962,1.1987673373796981e-05,0.9987196984093016,0.41007789995053767,17.507350843520168,0.1417417136200998,0.5711886446658608,0.48551034796598175
sunsched_no_ceiling,46,cct_region,2013,0.5,pvgis,365,0.32494362877726723,88.072440650112,10.0,149.1953658034943,0.34,6276,0.15780955429872298,nan,0.14611217335882729,0.10795903562207607,0.6263063063063063,0.4931129476584022,0.36265137029955385,0.0,0.340025493945188,0.0,0.29732313575525815,0.4259480560866794,0.8333333333333334,0.9166666666666666,0.20872905773129866,0.1088997972468253,0.14310105645075233,0.22505935385325182,0.7259180389688533,0.0,20.64649507784094,1.0,0.0,44.592990583395554,77.05197223367799,0.0,1.2602739726027397,0.21610540334855402,1899,0.9464788732394366,0.009216351832374665,9.551307437514102e-05,0.9897428629676631,0.7244428047348386,17.6037983229512,0.14130128068009973,0.568059223159945,0.4828503396859532
sunsched_no_ceiling,7,cct_region,2011,0.5,pvgis,365,0.2592832308673501,70.275903079136,10.0,186.97731973936163,0.32,1853,0.30187670744744033,nan,0.28062601187263897,0.13779542172266368,0.7321321321321321,0.40425531914893614,0.2930383162439288,0.0,0.41770102536427417,0.0,0.2892606583917971,0.3935959704982911,0.8333333333333334,0.9166666666666666,0.45064734529041467,0.20602209288514078,0.22146335669319397,0.23467923764963114,0.7289532334636163,0.0,19.639202912676332,1.0,0.0,35.499483177463915,70.18333032187256,0.0,0.4438356164383562,0.24134322678843226,538,0.9464788732394366,0.008674424329393896,7.744520856726267e-06,0.9991079969774485,0.39999007066276804,18.880557917767113,0.13587619339260937,0.5296453655423885,0.4501985607110302
sunsched_no_ceiling,7,cct_region,2012,0.5,pvgis,365,0.2592832308673501,70.275903079136,10.0,186.97731973936163,0.32,1853,0.3036583917329849,nan,0.2822450080949811,0.1379963539564139,0.7357357357357357,0.40425531914893614,0.2898003237992445,0.0,0.4209390178089584,0.0,0.2892606583917971,0.47130778917071425,0.8333333333333334,0.9166666666666666,0.45064734529041467,0.20602209288514078,0.22146335669319397,0.2336488262232663,0.7292066352801729,0.0,20.729461989872192,1.0,0.0,33.5773735468446,70.18624205763749,0.0,0.4438356164383562,0.2660958904109589,541,0.9464788732394366,0.00926120735415158,9.826940895463557e-06,0.998940038340629,0.4041024555842155,17.68132730525711,0.14095056022503638,0.5655684003443986,0.48073314029273884
sunsched_no_ceiling,46,cct_region,2012,0.5,pvgis,365,0.32494362877726723,88.072440650112,10.0,149.1953658034943,0.35,6276,0.1549638957066126,nan,0.1435627788400255,0.10659477779513121,0.6185585585585586,0.4889807162534435,0.36790949649458254,0.0,0.3435309114085405,0.0,0.288559592096877,0.728927660930529,0.8333333333333334,0.9166666666666666,0.20872905773129866,0.1088997972468253,0.14310105645075233,0.22063917411390943,0.7203749875135261,0.0,20.729461989872192,1.0,0.0,42.080444495477394,76.94600405311722,0.0,1.2493150684931507,0.24593797564687975,1884,0.9464788732394366,0.009122233189466927,8.727388735957371e-05,0.9905235007007946,0.6893351056998402,17.799453375899564,0.1404217891539865,0.5618150057091071,0.47754275485274106
sunsched_no_ceiling,7,cct_region,2015,0.5,pvgis,365,0.2592832308673501,70.275903079136,10.0,186.97731973936163,0.32,1853,0.2929682860197173,nan,0.2725310307609282,0.13759265890049244,0.7213213213213213,0.3617021276595745,0.30706961683756073,0.0,0.4079870480302213,0.0,0.28494333513221803,0.41752113689512504,0.8333333333333334,0.9166666666666666,0.45064734529041467,0.20602209288514078,0.22146335669319397,0.23380168476190502,0.7302474650129123,0.0,21.709066091403,1.0,0.0,34.63975171205602,70.10930633864909,0.0,0.4328767123287671,0.25438546423135466,531,0.9436619718309859,0.010065212072925737,9.413870475808957e-06,0.9990655861042688,0.4010092727571999,16.270995345127805,0.14782662098328003,0.6145905513392212,0.5224019686383381
sunsched_no_ceiling,7,cct_region,2014,0.5,pvgis,365,0.2592832308673501,70.275903079136,10.0,186.97731973936163,0.32,1853,0.307934434018292,nan,0.28710199676200754,0.14106582725088845,0.7483483483483484,0.39361702127659576,0.2784673502428494,0.0,0.4214786832164058,0.0,0.30005396654074473,0.4273700305810398,0.8333333333333334,0.9166666666666666,0.45064734529041467,0.20602209288514078,0.22146335669319397,0.24220257699776854,0.736895363730607,0.0,22.297233232776282,1.0,0.0,36.390932382790126,70.27042297096295,0.0,0.4575342465753425,0.2308599695585997,559,0.9436619718309859,0.010577644775062364,1.165577983426963e-05,0.9988992870894688,0.4051472713168947,15.480171799750234,0.15220140762708212,0.645987662757163,0.5490895133435886
sunsched_no_ceiling,46,cct_region,2014,0.5,pvgis,365,0.32494362877726723,88.072440650112,10.0,149.1953658034943,0.35,6276,0.16351865684914452,nan,0.15137029955385595,0.10913733117960246,0.6481081081081081,0.5413223140495868,0.3387507966857871,0.0,0.3564372211599745,0.0,0.3048119821542384,0.5664435946462715,0.8333333333333334,0.9166666666666666,0.20872905773129866,0.1088997972468253,0.14310105645075233,0.2297626353942269,0.7295918404577204,0.0,22.297233232776282,1.0,0.0,45.60650368130288,77.3694285895555,0.0,1.295890410958904,0.20613584474885846,1964,0.9436619718309859,0.010429772169770622,0.00010663231733631188,0.9898796294820691,0.7202187247360368,15.55788713593705,0.15175282660771738,0.6427608011695286,0.5463466809940993
sunsched_no_ceiling,46,cct_region,2015,0.5,pvgis,365,0.32494362877726723,88.072440650112,10.0,149.1953658034943,0.35,6276,0.15103332977626008,nan,0.13989802421924794,0.10555881908871347,0.5792792792792792,0.465564738292011,0.4047163798597833,0.0,0.3191523263224984,0.0,0.2761312938177183,0.6021085617165922,0.8333333333333334,0.9166666666666666,0.20872905773129866,0.1088997972468253,0.14310105645075233,0.2226034735828856,0.7216807048784948,0.0,21.709066091403,1.0,0.0,43.41185730988292,76.47441027844147,0.0,1.2,0.22570395738203958,1790,0.952112676056338,0.009936281756095244,9.970065358690287e-05,0.9900656807159489,0.707636559502715,16.33364678587376,0.1474972335712177,0.6122331486100552,0.5203981763185469
sunsched_no_ceiling,78,cct_region,2012,0.5,pvgis,365,0.26856215194727723,72.79085383900801,10.0,180.51718460483815,0.34,2359,0.08014953952767394,-0.48972401644157315,0.07757524374735057,0.07054030004791963,0.6193103448275862,0.391304347826087,0.3899957609156422,0.0,0.26706231454005935,0.0,0.34294192454429845,0.22781545852762472,0.8333333333333334,0.9166666666666666,0.11817269991793561,0.24591957691255584,0.19581471687790647,0.23116787634095154,0.7229406645276534,0.0,20.729461989872192,1.0,0.0,34.77900081047541,71.05537024732568,0.0,0.6328767123287671,0.2614630898021309,810,0.9464788732394366,0.009235882556410023,1.5854086622625486e-05,0.9982863664159134,0.4223479831133393,17.718207743455316,0.1407847497610739,0.5643911700772196,0.47973249456563666
sunsched_no_ceiling,78,cct_region,2011,0.5,pvgis,365,0.26856215194727723,72.79085383900801,10.0,180.51718460483815,0.35,2359,0.07878179994529041,-0.5073399882560183,0.07630351844001695,0.06980630540141147,0.6179310344827587,0.391304347826087,0.3899957609156422,0.0,0.26875794828317084,0.0,0.34124629080118696,0.3056026564928642,0.8333333333333334,0.9166666666666666,0.11817269991793561,0.24591957691255584,0.19581471687790647,0.23225403675265763,0.7226852254390352,0.0,19.639202912676332,1.0,0.0,36.76989662333198,71.0406038586434,0.0,0.6301369863013698,0.23618721461187214,810,0.9380281690140845,0.008649726316850083,1.4011260269038096e-05,0.9983827695444005,0.4176789634550326,18.92072449907915,0.13571687447028458,0.5285209876866337,0.44924283953363864
sunsched_no_ceiling,78,cct_region,2013,0.5,pvgis,365,0.26856215194727723,72.79085383900801,10.0,180.51718460483815,0.34,2359,0.07878179994529041,-0.5073399882560183,0.07630351844001695,0.06980630540141147,0.6179310344827587,0.391304347826087,0.3899957609156422,0.0,0.26875794828317084,0.0,0.34124629080118696,0.3077221986717536,0.8333333333333334,0.9166666666666666,0.11817269991793561,0.24591957691255584,0.19581471687790647,0.23497484871329383,0.7275321344374744,0.0,20.64649507784094,1.0,0.0,36.85559110023469,71.0406038586434,0.0,0.6301369863013698,0.235587899543379,810,0.9408450704225352,0.009326944945196263,2.070619762491526e-05,0.9977848769376875,0.4359767427968191,17.536404528198624,0.1416085525390649,0.5702423198506827,0.48470597187308034
sunsched_no_ceiling,78,cct_region,2015,0.5,pvgis,365,0.26856215194727723,72.79085383900801,10.0,180.51718460483815,0.34,2359,0.07559040758639556,-0.5484439224897235,0.07333615938957186,0.06838956367076363,0.6068965517241379,0.391304347826087,0.40144128868164475,0.0,0.261551504874947,0.0,0.3370072064434082,0.2636003956478734,0.8333333333333334,0.9166666666666666,0.11817269991793561,0.24591957691255584,0.19581471687790647,0.23141509536565907,0.7239645404017738,0.0,21.709066091403,1.0,0.0,35.879398106808,70.95398507599512,0.0,0.6164383561643836,0.2494482496194825,798,0.9464788732394366,0.010031888668599545,1.9493049185509247e-05,0.9980606597448173,0.4253421583958493,16.30862267810809,0.1476285085940543,0.6131725650519537,0.5211966802941608
sunsched_no_ceiling,78,cct_region,2014,0.5,pvgis,365,0.26856215194727723,72.79085383900801,10.0,180.51718460483815,0.35,2359,0.08288501869244096,-0.4544920728126831,0.08011869436201781,0.07142435510358348,0.6349425287356322,0.391304347826087,0.37134378974141585,0.0,0.2810512929207291,0.0,0.34760491733785503,0.6963049314681363,0.8333333333333334,0.9166666666666666,0.11817269991793561,0.24591957691255584,0.19581471687790647,0.23996430413488098,0.7308316884731898,0.0,22.297233232776282,1.0,0.0,37.69324795667156,71.15608843988201,0.0,0.6465753424657534,0.2252663622526636,843,0.9464788732394366,0.010553313742086267,1.8870625190872512e-05,0.9982150684725779,0.4233348679264938,15.505233935984505,0.15205628115788106,0.644943510126089,0.5482019836071756
sunsched_no_ceiling,0,cct_region,2011,1.0,pvgis,365,0.6324456329947064,85.70875921763201,10.0,153.30988477659398,0.34,1861,0.7234470858895703,0.7341673182173568,0.8339602364320258,0.44201992107082266,0.9933993399339934,0.18604651162790697,0.0,0.0,0.09403546480386889,0.0,0.9059645351961311,0.4854468923517822,0.9166666666666666,0.9166666666666666,0.543424079754601,0.5286618098159508,0.788631134969325,0.715737992387636,0.7609882000173274,0.0,19.639202912676332,1.0,0.0,86.59060994439086,82.3797141007097,0.0,2.96986301369863,0.0,1687,0.9464788732394366,0.014696162618572397,0.00016909626637975564,0.9886247345109523,1.3570451598487723,11.027335150881767,0.1876889514199559,0.9068374056990897,0.7708117948442261
sunsched_no_ceiling,0,cct_region,2014,1.0,pvgis,365,0.6324456329947064,85.70875921763201,10.0,153.30988477659398,0.34,1861,0.7234470858895703,0.7341673182173568,0.8339602364320258,0.44201992107082266,0.9933993399339934,0.18604651162790697,0.0,0.0,0.09403546480386889,0.0,0.9059645351961311,0.4854468923517822,0.9166666666666666,0.9166666666666666,0.543424079754601,0.5286618098159508,0.788631134969325,0.7574037600800324,0.8071358413569618,0.0,22.297233232776282,1.0,0.0,88.76503964066944,82.3797141007097,0.0,2.96986301369863,0.0,1687,0.9436619718309859,0.018402352027154605,0.00021294299008107394,0.9885608586979733,1.374116155751358,8.80588739943229,0.21758681610362307,1.135603891624221,0.9652633078805878
sunsched_no_ceiling,0,cct_region,2015,1.0,pvgis,365,0.6324456329947064,85.70875921763201,10.0,153.30988477659398,0.35,1861,0.7234470858895703,0.7341673182173568,0.8339602364320258,0.44201992107082266,0.9933993399339934,0.18604651162790697,0.0,0.0,0.09403546480386889,0.0,0.9059645351961311,0.4854468923517822,0.9166666666666666,0.9166666666666666,0.543424079754601,0.5286618098159508,0.788631134969325,0.6905134250171561,0.7494235188166024,0.0,21.709066091403,1.0,0.0,84.49354640107268,82.3797141007097,0.0,2.96986301369863,0.0,1687,0.9408450704225352,0.016339099409342136,0.00018906002439603975,0.9885613382933541,1.3328411435219234,9.917873341321927,0.20108518534443376,1.008280672262258,0.8570385714229192
sunsched_no_ceiling,0,cct_region,2012,1.0,pvgis,365,0.6324456329947064,85.70875921763201,10.0,153.30988477659398,0.36,1861,0.7234470858895703,0.7341673182173568,0.8339602364320258,0.44201992107082266,0.9933993399339934,0.18604651162790697,0.0,0.0,0.09403546480386889,0.0,0.9059645351961311,0.4854468923517822,0.9166666666666666,0.9166666666666666,0.543424079754601,0.5286618098159508,0.788631134969325,0.6836619366223,0.7502269977372117,0.0,20.729461989872192,1.0,0.0,81.90218548301715,82.3797141007097,0.0,2.96986301369863,0.0,1687,0.9408450704225352,0.015273581394745925,0.00017262898349957527,0.9888238616934348,1.3400522837523503,10.612583139477488,0.19239440359934235,0.9422776593194587,0.80093601042154
sunsched_no_ceiling,100,cct_region,2011,1.0,pvgis,365,0.6105281741575894,82.73851465568,10.0,158.8135834282582,0.36,4890,0.3197097586257959,0.5979148884282405,0.3169734151329243,0.21379324888810383,0.9804629433000637,0.7624309392265194,0.0,0.0,0.40388548057259716,0.0,0.5961145194274029,0.3204158145875938,0.9166666666666666,0.9166666666666666,0.11224640900340586,0.169427344460663,0.4592244716633877,0.6286583046476155,0.7688478229532842,0.0,19.639202912676332,1.0,0.0,83.58980476821888,82.67482829526939,0.0,2.063013698630137,0.0,2921,0.9436619718309859,0.013300655251823432,0.0001674073375698474,0.9875700505207269,1.4184735057856275,12.171326851279133,0.17625970911157096,0.8216031105063176,0.6983626439303701
sunsched_no_ceiling,100,cct_region,2014,1.0,pvgis,365,0.6105281741575894,82.73851465568,10.0,158.8135834282582,0.35,4890,0.3197097586257959,0.5979148884282405,0.3169734151329243,0.21379324888810383,0.9804629433000637,0.7624309392265194,0.0,0.0,0.40388548057259716,0.0,0.5961145194274029,0.3204158145875938,0.9166666666666666,0.9166666666666666,0.11224640900340586,0.169427344460663,0.4592244716633877,0.668880141509152,0.7855930561547245,0.0,22.297233232776282,1.0,0.0,85.68887941281247,82.67482829526939,0.0,2.063013698630137,0.0,2921,0.9436619718309859,0.016642607855722524,0.00021348898486108845,0.9873346132927355,1.4401858002974786,9.724919913506785,0.20370083471856182,1.028286103015734,0.8740431875633738
sunsched_no_ceiling,0,cct_region,2013,1.0,pvgis,365,0.6324456329947064,85.70875921763201,10.0,153.30988477659398,0.38,1861,0.7234470858895703,0.7341673182173568,0.8339602364320258,0.44201992107082266,0.9933993399339934,0.18604651162790697,0.0,0.0,0.09403546480386889,0.0,0.9059645351961311,0.4854468923517822,0.9166666666666666,0.9166666666666666,0.543424079754601,0.5286618098159508,0.788631134969325,0.7238230190117891,0.759615098518936,0.0,20.64649507784094,1.0,0.0,86.79241461900928,82.3797141007097,0.0,2.96986301369863,0.0,1687,0.9408450704225352,0.015969592525298594,0.00018314606921285907,0.988661608795236,1.3493227054000423,10.148383871245848,0.19808025553787,0.9853785712948566,0.8375717856006282
sunsched_no_ceiling,100,cct_region,2012,1.0,pvgis,365,0.6105281741575894,82.73851465568,10.0,158.8135834282582,0.37,4890,0.3197097586257959,0.5979148884282405,0.3169734151329243,0.21379324888810383,0.9804629433000637,0.7624309392265194,0.0,0.0,0.40388548057259716,0.0,0.5961145194274029,0.3204158145875938,0.9166666666666666,0.9166666666666666,0.11224640900340586,0.169427344460663,0.4592244716633877,0.597693847405871,0.7687619246569168,0.0,20.729461989872192,1.0,0.0,79.06385806743447,82.67482829526939,0.0,2.063013698630137,0.0,2921,0.9436619718309859,0.01383902767402907,0.00017161866291860202,0.9877508389840642,1.4020615002657264,11.699973569149595,0.18071708890354365,0.8547027855146551,0.7264973676874569
sunsched_no_ceiling,100,cct_region,2015,1.0,pvgis,365,0.6105281741575894,82.73851465568,10.0,158.8135834282582,0.36,4890,0.3197097586257959,0.5979148884282405,0.3169734151329243,0.21379324888810383,0.9804629433000637,0.7624309392265194,0.0,0.0,0.40388548057259716,0.0,0.5961145194274029,0.3204158145875938,0.9166666666666666,0.9166666666666666,0.11224640900340586,0.169427344460663,0.4592244716633877,0.6043078968699662,0.7713614510929331,0.0,21.709066091403,1.0,0.0,81.56541514577572,82.67482829526939,0.0,2.063013698630137,0.0,2921,0.9436619718309859,0.014851407347286742,0.00018875172148911698,0.9874501512499974,1.3914643563321096,10.899099609212604,0.18910844339607147,0.917506983012374,0.779880935560518
sunsched_no_ceiling,105,cct_region,2011,1.0,pvgis,365,0.529264676669618,71.725720549728,10.0,183.19788075032216,0.36,2169,0.21451149425287358,0.4180647347907135,0.21853388658367912,0.16180341361257689,0.9215969215969216,0.6777777777777778,0.0,0.0,0.4661134163208852,0.0,0.5338865836791148,0.349047179960043,0.8833333333333258,0.9166666666666666,0.096360153256705,0.25373563218390804,0.3789750957854406,0.5988093261473978,0.7620138597345362,0.0,19.639202912676332,1.0,0.0,72.46370088419438,72.62629358141425,0.0,0.7698630136986301,0.0,1159,0.9436619718309859,0.01280345733534187,0.000147839476779274,0.9885849672875298,1.1903997032068059,12.656971283028074,0.17199187920584935,0.7900784300118585,0.6715666655100797
sunsched_no_ceiling,105,cct_region,2012,1.0,pvgis,365,0.529264676669618,71.725720549728,10.0,183.19788075032216,0.36,2169,0.21451149425287358,0.4180647347907135,0.21853388658367912,0.16180341361257689,0.9215969215969216,0.6777777777777778,0.0,0.0,0.4661134163208852,0.0,0.5338865836791148,0.349047179960043,0.8833333333333258,0.9166666666666666,0.096360153256705,0.25373563218390804,0.3789750957854406,0.5719663496166069,0.7615590074202168,0.0,20.729461989872192,1.0,0.0,68.5401739797723,72.62629358141425,0.0,0.7698630136986301,0.0,1159,0.9464788732394366,0.01336801956843526,0.00015517742979335354,0.9885250928597964,1.1748551260325053,12.121704050489141,0.17671374858172684,0.8249665194223641,0.7012215415090095
sunsched_no_ceiling,105,cct_region,2013,1.0,pvgis,365,0.529264676669618,71.725720549728,10.0,183.19788075032216,0.36,2169,0.21451149425287358,0.4180647347907135,0.21853388658367912,0.16180341361257689,0.9215969215969216,0.6777777777777778,0.0,0.0,0.4661134163208852,0.0,0.5338865836791148,0.349047179960043,0.8833333333333258,0.9166666666666666,0.096360153256705,0.25373563218390804,0.3789750957854406,0.6055753132597423,0.771028791002861,0.0,20.64649507784094,1.0,0.0,72.63258193940429,72.62629358141425,0.0,0.7698630136986301,0.0,1159,0.9464788732394366,0.013881472556858464,0.00016238106671656978,0.9884375705508647,1.1924002284579902,11.672308486170442,0.18098910545842595,0.8567285564674869,0.7282192729973639
sunsched_no_ceiling,100,cct_region,2013,1.0,pvgis,365,0.6105281741575894,82.73851465568,10.0,158.8135834282582,0.42,4890,0.3197097586257959,0.5979148884282405,0.3169734151329243,0.21379324888810383,0.9804629433000637,0.7624309392265194,0.0,0.0,0.40388548057259716,0.0,0.5961145194274029,0.3204158145875938,0.9166666666666666,0.9166666666666666,0.11224640900340586,0.169427344460663,0.4592244716633877,0.636463143965562,0.7791066274186318,0.0,20.64649507784094,1.0,0.0,83.78461588415563,82.67482829526939,0.0,2.063013698630137,0.0,2921,0.9408450704225352,0.014431989247636647,0.00018077552690706024,0.9876289306167453,1.4238806941889177,11.217876586541372,0.1856353219940795,0.8914343033509107,0.7577191578482741
sunsched_no_ceiling,105,cct_region,2015,1.0,pvgis,365,0.529264676669618,71.725720549728,10.0,183.19788075032216,0.35,2169,0.21451149425287358,0.4180647347907135,0.21853388658367912,0.16180341361257689,0.9215969215969216,0.6777777777777778,0.0,0.0,0.4661134163208852,0.0,0.5338865836791148,0.349047179960043,0.8833333333333258,0.9166666666666666,0.096360153256705,0.25373563218390804,0.3789750957854406,0.5777000452907117,0.7640756876318242,0.0,21.709066091403,1.0,0.0,70.70876480699424,72.62629358141425,0.0,0.7698630136986301,0.0,1159,0.9436619718309859,0.01438260862382985,0.00017494678780299923,0.9879824061900393,1.1722733700989383,11.260420255587666,0.18518559222602737,0.8880663219507977,0.754856373658178
sunsched_no_ceiling,105,cct_region,2014,1.0,pvgis,365,0.529264676669618,71.725720549728,10.0,183.19788075032216,0.36,2169,0.21451149425287358,0.4180647347907135,0.21853388658367912,0.16180341361257689,0.9215969215969216,0.6777777777777778,0.0,0.0,0.4661134163208852,0.0,0.5338865836791148,0.349047179960043,0.8833333333333258,0.9166666666666666,0.096360153256705,0.25373563218390804,0.3789750957854406,0.6336774917499987,0.7764901060214768,0.0,22.297233232776282,1.0,0.0,74.28338113827697,72.62629358141425,0.0,0.7698630136986301,0.0,1159,0.9436619718309859,0.0159350384019864,0.00019719556462115587,0.987776301470129,1.199874111707101,10.16128281850489,0.19791580801442532,0.9841277109017008,0.8365085542664457
sunsched_no_ceiling,130,cct_region,2011,1.0,pvgis,365,0.5053064365483766,68.47891018896,10.0,191.883894818735,0.32,1455,0.33414346737369277,0.815861130020422,0.3223367697594502,0.19271472097359413,0.9992576095025983,0.8425925925925926,0.0,0.0,0.3663230240549828,0.0,0.6336769759450172,0.47096219931271477,0.9166666666666666,0.9166666666666666,0.15760789512446605,0.3132272794225954,0.3739873324495508,0.6119021811302349,0.7651162891011876,0.0,19.639202912676332,1.0,0.0,69.18348434531293,71.16352746156744,0.0,0.6246575342465753,0.0,922,0.9408450704225352,0.013059296089713606,0.0001764251441433693,0.9866705303756267,1.1455754542108136,12.384983706794328,0.17434359310178305,0.8074294029562639,0.6863149925128244
sunsched_no_ceiling,130,cct_region,2012,1.0,pvgis,365,0.5053064365483766,68.47891018896,10.0,191.883894818735,0.32,1455,0.33414346737369277,0.815861130020422,0.3223367697594502,0.19271472097359413,0.9992576095025983,0.8425925925925926,0.0,0.0,0.3663230240549828,0.0,0.6336769759450172,0.47096219931271477,0.9166666666666666,0.9166666666666666,0.15760789512446605,0.3132272794225954,0.3739873324495508,0.5862743064296566,0.765337706204406,0.0,20.729461989872192,1.0,0.0,65.43756385190234,71.16352746156744,0.0,0.6246575342465753,0.0,922,0.9464788732394366,0.013658502868182524,0.0001714249048041642,0.987604786690282,1.132645953847373,11.852859575244882,0.17923515332396367,0.8436782648539392,0.7171265251258483
sunsched_no_ceiling,130,cct_region,2013,1.0,pvgis,365,0.5053064365483766,68.47891018896,10.0,191.883894818735,0.32,1455,0.33414346737369277,0.815861130020422,0.3223367697594502,0.19271472097359413,0.9992576095025983,0.8425925925925926,0.0,0.0,0.3663230240549828,0.0,0.6336769759450172,0.47096219931271477,0.9166666666666666,0.9166666666666666,0.15760789512446605,0.3132272794225954,0.3739873324495508,0.6183618920993859,0.7737793684141114,0.0,20.64649507784094,1.0,0.0,69.34472065669041,71.16352746156744,0.0,0.6246575342465753,0.0,922,0.9408450704225352,0.014159855542593,0.00018004330710045274,0.9874445901615059,1.1472096356690618,11.431335293728004,0.1834101633473848,0.8747884427365777,0.7435701763260911
sunsched_no_ceiling,130,cct_region,2014,1.0,pvgis,365,0.5053064365483766,68.47891018896,10.0,191.883894818735,0.32,1455,0.33414346737369277,0.815861130020422,0.3223367697594502,0.19271472097359413,0.9992576095025983,0.8425925925925926,0.0,0.0,0.3663230240549828,0.0,0.6336769759450172,0.47096219931271477,0.9166666666666666,0.9166666666666666,0.15760789512446605,0.3132272794225954,0.3739873324495508,0.6451919684262442,0.7793068704009706,0.0,22.297233232776282,1.0,0.0,70.92079307831544,71.16352746156744,0.0,0.6246575342465753,0.0,922,0.9436619718309859,0.01622164606281059,0.00021102892738855843,0.9871579686499965,1.1540596583276896,9.9755025841355,0.20032198165248738,1.0024557575578659,0.8520873939241859
sunsched_no_ceiling,28,cct_region,2012,1.0,pvgis,365,0.515310481749955,69.834654076896,10.0,188.158732561793,0.32,1333,0.22819126819126823,0.5247666905958367,0.2288072018004501,0.14655733760665246,0.898989898989899,0.7655172413793103,0.0,0.0,0.4951237809452363,0.0,0.5048762190547637,0.4216679169792448,0.8333333333333334,0.9166666666666666,0.1674012474012474,0.18985446985446985,0.28324324324324324,0.5863316537097369,0.7664091298635574,0.0,20.729461989872192,1.0,0.0,66.73309523505122,71.42473552485038,0.0,0.7232876712328767,0.0,673,0.9436619718309859,0.013609255110588902,0.00018018336650162865,0.9869332339528559,1.1540898076351824,11.88766258331189,0.17890276397543858,0.8412082636024828,0.7150270240621104
sunsched_no_ceiling,28,cct_region,2011,1.0,pvgis,365,0.515310481749955,69.834654076896,10.0,188.158732561793,0.32,1333,0.22819126819126823,0.5247666905958367,0.2288072018004501,0.14655733760665246,0.898989898989899,0.7655172413793103,0.0,0.0,0.4951237809452363,0.0,0.5048762190547637,0.4216679169792448,0.8333333333333334,0.9166666666666666,0.1674012474012474,0.18985446985446985,0.28324324324324324,0.6124669084838278,0.7663364448913678,0.0,19.639202912676332,1.0,0.0,70.55317737618083,71.42473552485038,0.0,0.7232876712328767,0.0,673,0.9464788732394366,0.013020579516268086,0.0001780199665582843,0.9865122078452401,1.163661543002697,12.41981712092133,0.17403703779985336,0.80516483476676,0.6843901095517461
sunsched_no_ceiling,130,cct_region,2015,1.0,pvgis,365,0.5053064365483766,68.47891018896,10.0,191.883894818735,0.33,1455,0.33414346737369277,0.815861130020422,0.3223367697594502,0.19271472097359413,0.9992576095025983,0.8425925925925926,0.0,0.0,0.3663230240549828,0.0,0.6336769759450172,0.47096219931271477,0.9166666666666666,0.9166666666666666,0.15760789512446605,0.3132272794225954,0.3739873324495508,0.591748454728325,0.767777249190295,0.0,21.709066091403,1.0,0.0,67.50798901257977,71.16352746156744,0.0,0.6246575342465753,0.0,922,0.9436619718309859,0.014668937091788788,0.00017868346091822092,0.9879655153979778,1.1259923437582722,11.040435148991184,0.18754566064268252,0.9057614002572848,0.769897190218692
sunsched_no_ceiling,28,cct_region,2014,1.0,pvgis,365,0.515310481749955,69.834654076896,10.0,188.158732561793,0.32,1333,0.22819126819126823,0.5247666905958367,0.2288072018004501,0.14655733760665246,0.898989898989899,0.7655172413793103,0.0,0.0,0.4951237809452363,0.0,0.5048762190547637,0.4216679169792448,0.8333333333333334,0.9166666666666666,0.1674012474012474,0.18985446985446985,0.28324324324324324,0.6464157662226009,0.7810069983523803,0.0,22.297233232776282,1.0,0.0,72.32488130749718,71.42473552485038,0.0,0.7232876712328767,0.0,673,0.9436619718309859,0.01618938763079699,0.00022028953973159381,0.9865756323270497,1.1753023719329527,9.989483042566771,0.20013805199106127,1.0010528029717267,0.8508948825259677
sunsched_no_ceiling,28,cct_region,2013,1.0,pvgis,365,0.515310481749955,69.834654076896,10.0,188.158732561793,0.34,1333,0.22819126819126823,0.5247666905958367,0.2288072018004501,0.14655733760665246,0.898989898989899,0.7655172413793103,0.0,0.0,0.4951237809452363,0.0,0.5048762190547637,0.4216679169792448,0.8333333333333334,0.9166666666666666,0.1674012474012474,0.18985446985446985,0.28324324324324324,0.6190545086620899,0.7751020704682298,0.0,20.64649507784094,1.0,0.0,70.71760584034051,71.42473552485038,0.0,0.7232876712328767,0.0,673,0.9464788732394366,0.014123536692061348,0.00018854192960721423,0.9868263768952638,1.1695152087660086,11.453555850427504,0.1831829545323782,0.873091302874884,0.7421276074436514
sunsched_no_ceiling,40,cct_region,2011,1.0,pvgis,365,0.4926895242489614,66.769071679648,10.0,196.7977039286174,0.33,1079,0.22910058323953753,0.7741545893719808,0.24003707136237257,0.19532110154862076,0.9596273291925466,0.6548672566371682,0.0,0.0,0.41797961075069506,0.0,0.5820203892493049,0.5451034908866235,0.8333333333333334,0.9166666666666666,0.16351171595211297,0.1324056072853781,0.24823493297861457,0.6082512358247867,0.7683998242484895,0.0,19.639202912676332,1.0,0.0,67.45605344117615,69.38109753987007,0.0,0.31232876712328766,0.0,629,0.9492957746478873,0.012987123655863879,0.000190564598233568,0.9855388445561145,1.1100912497003528,12.439525709528004,0.1738643005660997,0.8038891701747551,0.6833057946485418
sunsched_no_ceiling,28,cct_region,2015,1.0,pvgis,365,0.515310481749955,69.834654076896,10.0,188.158732561793,0.35,1333,0.22819126819126823,0.5247666905958367,0.2288072018004501,0.14655733760665246,0.898989898989899,0.7655172413793103,0.0,0.0,0.4951237809452363,0.0,0.5048762190547637,0.4216679169792448,0.8333333333333334,0.9166666666666666,0.1674012474012474,0.18985446985446985,0.28324324324324324,0.5919141790704385,0.7688760695651314,0.0,21.709066091403,1.0,0.0,68.84451062540988,71.42473552485038,0.0,0.7232876712328767,0.0,673,0.9408450704225352,0.014637188846765951,0.0001901786297955714,0.9871738101793055,1.1458464836729423,11.055515558518046,0.187381096960344,0.9045258854794164,0.7688470026575039
sunsched_no_ceiling,40,cct_region,2012,1.0,pvgis,365,0.4926895242489614,66.769071679648,10.0,196.7977039286174,0.35,1079,0.22910058323953753,0.7741545893719808,0.24003707136237257,0.19532110154862076,0.9596273291925466,0.6548672566371682,0.0,0.0,0.41797961075069506,0.0,0.5820203892493049,0.5451034908866235,0.8333333333333334,0.9166666666666666,0.16351171595211297,0.1324056072853781,0.24823493297861457,0.5832632592615362,0.7684542122607627,0.0,20.729461989872192,1.0,0.0,63.80366421300925,69.38109753987007,0.0,0.31232876712328766,0.0,629,0.9464788732394366,0.013589565721832278,0.00018619210745750064,0.9864840751583465,1.0988379928871368,11.89946817157729,0.17879042481630636,0.8403736919844618,0.7143176381867925
sunsched_no_ceiling,40,cct_region,2013,1.0,pvgis,365,0.4926895242489614,66.769071679648,10.0,196.7977039286174,0.33,1079,0.22910058323953753,0.7741545893719808,0.24003707136237257,0.19532110154862076,0.9596273291925466,0.6548672566371682,0.0,0.0,0.41797961075069506,0.0,0.5820203892493049,0.5451034908866235,0.8333333333333334,0.9166666666666666,0.16351171595211297,0.1324056072853781,0.24823493297861457,0.6145496553460571,0.7768105690256273,0.0,20.64649507784094,1.0,0.0,67.6132638699357,69.38109753987007,0.0,0.31232876712328766,0.0,629,0.9436619718309859,0.014081073923353315,0.00019731656381114112,0.9861807558780159,1.1147131923240434,11.480579129443885,0.182907737680847,0.8710361983702817,0.7403807686147394
sunsched_no_ceiling,40,cct_region,2014,1.0,pvgis,365,0.4926895242489614,66.769071679648,10.0,196.7977039286174,0.34,1079,0.22910058323953753,0.7741545893719808,0.24003707136237257,0.19532110154862076,0.9596273291925466,0.6548672566371682,0.0,0.0,0.41797961075069506,0.0,0.5820203892493049,0.5451034908866235,0.8333333333333334,0.9166666666666666,0.16351171595211297,0.1324056072853781,0.24823493297861457,0.6407098159633374,0.7827258621990589,0.0,22.297233232776282,1.0,0.0,69.14998360162295,69.38109753987007,0.0,0.31232876712328766,0.0,629,0.9408450704225352,0.016118619670916608,0.00023074078885290629,0.985886861481788,1.1165994956005478,10.026336640650548,0.19965545603475598,0.9973732539017521,0.8477672658164893
sunsched_no_ceiling,40,cct_region,2015,1.0,pvgis,365,0.4926895242489614,66.769071679648,10.0,196.7977039286174,0.34,1079,0.22910058323953753,0.7741545893719808,0.24003707136237257,0.19532110154862076,0.9596273291925466,0.6548672566371682,0.0,0.0,0.41797961075069506,0.0,0.5820203892493049,0.5451034908866235,0.8333333333333334,0.9166666666666666,0.16351171595211297,0.1324056072853781,0.24823493297861457,0.5886007244625755,0.7711537924170765,0.0,21.709066091403,1.0,0.0,65.82239327249897,69.38109753987007,0.0,0.31232876712328766,0.0,629,0.9464788732394366,0.01461081931665457,0.00019971804559892935,0.986515138464325,1.0919483028788979,11.068078613188717,0.18724432074164832,0.9034991844098401,0.767974306748364
sunsched_no_ceiling,46,cct_region,2011,1.0,pvgis,365,0.6498872575545345,88.072440650112,10.0,149.1953658034943,0.36,6276,0.23366414114466613,nan,0.21765455704270237,0.13301664379364128,0.969009009009009,0.9201101928374655,0.0,0.0,0.52868068833652,0.0,0.4713193116634799,0.30174474187380496,0.8333333333333334,0.9166666666666666,0.20872905773129866,0.1088997972468253,0.14310105645075233,0.6868399896737665,0.7712632264784771,0.0,19.639202912676332,1.0,0.0,88.97861111044423,83.10059898794081,0.0,1.9479452054794522,0.0,2959,0.9464788732394366,0.014043078300020911,0.0001679763239842663,0.9881798833071458,1.4694530585762748,11.534977252996494,0.18235735611997794,0.8669284542717458,0.736889186130984
sunsched_no_ceiling,46,cct_region,2012,1.0,pvgis,365,0.6498872575545345,88.072440650112,10.0,149.1953658034943,0.36,6276,0.23366414114466613,nan,0.21765455704270237,0.13301664379364128,0.969009009009009,0.9201101928374655,0.0,0.0,0.52868068833652,0.0,0.4713193116634799,0.30174474187380496,0.8333333333333334,0.9166666666666666,0.20872905773129866,0.1088997972468253,0.14310105645075233,0.6538793384699702,0.770100575518723,0.0,20.729461989872192,1.0,0.0,84.16088899095479,83.10059898794081,0.0,1.9479452054794522,0.0,2959,0.9436619718309859,0.014581137049954594,0.00017050835528431508,0.9884414009013692,1.4420944959358504,11.112264925428198,0.18676553197675083,0.899906550744394,0.7649205681327349
sunsched_no_ceiling,7,cct_region,2011,1.0,pvgis,365,0.5185664617347002,70.275903079136,10.0,186.97731973936163,0.32,1853,0.37415369996436637,nan,0.3545601726929304,0.17636020753257403,0.9987987987987988,0.8404255319148937,0.0,0.0,0.5483000539665407,0.0,0.45169994603345925,0.47926785393056315,0.9166666666666666,0.9166666666666666,0.45064734529041467,0.20602209288514078,0.22146335669319397,0.6137214545609354,0.7688326555810225,0.0,19.639202912676332,1.0,0.0,70.99896635492783,71.81901315693774,0.0,0.6958904109589041,0.0,837,0.9464788732394366,0.013051869205960347,0.0001821013089956717,0.9862398583410871,1.152260874287779,12.386622113426641,0.17432913803907402,0.8073226024357657,0.6862242120704009
sunsched_no_ceiling,7,cct_region,2012,1.0,pvgis,365,0.5185664617347002,70.275903079136,10.0,186.97731973936163,0.32,1853,0.37415369996436637,nan,0.3545601726929304,0.17636020753257403,0.9987987987987988,0.8404255319148937,0.0,0.0,0.5483000539665407,0.0,0.45169994603345925,0.47926785393056315,0.9166666666666666,0.9166666666666666,0.45064734529041467,0.20602209288514078,0.22146335669319397,0.5874210646509318,0.7687512867478046,0.0,20.729461989872192,1.0,0.0,67.1547470936892,71.81901315693774,0.0,0.6958904109589041,0.0,837,0.9436619718309859,0.013638839639326347,0.0001747061201875132,0.9873525506608477,1.1459537889611455,11.866916335806843,0.17910068444049365,0.8426788996418833,0.7162770646956007
sunsched_no_ceiling,7,cct_region,2013,1.0,pvgis,365,0.5185664617347002,70.275903079136,10.0,186.97731973936163,0.32,1853,0.37415369996436637,nan,0.3545601726929304,0.17636020753257403,0.9987987987987988,0.8404255319148937,0.0,0.0,0.5483000539665407,0.0,0.45169994603345925,0.47926785393056315,0.9166666666666666,0.9166666666666666,0.45064734529041467,0.20602209288514078,0.22146335669319397,0.6203506783720997,0.7774507482269561,0.0,20.64649507784094,1.0,0.0,71.1644337573732,71.81901315693774,0.0,0.6958904109589041,0.0,837,0.9464788732394366,0.014153709514711203,0.00018783971736127423,0.9869024110072291,1.1586989453260543,11.430019810021731,0.18342364009426326,0.8748891223471106,0.7436557539950439
sunsched_no_ceiling,46,cct_region,2013,1.0,pvgis,365,0.6498872575545345,88.072440650112,10.0,149.1953658034943,0.36,6276,0.23366414114466613,nan,0.21765455704270237,0.13301664379364128,0.969009009009009,0.9201101928374655,0.0,0.0,0.52868068833652,0.0,0.4713193116634799,0.30174474187380496,0.8333333333333334,0.9166666666666666,0.20872905773129866,0.1088997972468253,0.14310105645075233,0.6951479856593547,0.7801869046230508,0.0,20.64649507784094,1.0,0.0,89.18598116679111,83.10059898794081,0.0,1.9479452054794522,0.0,2959,0.9464788732394366,0.01528435886871081,0.00017333535033118143,0.9887864678990963,1.4672273249091154,10.604698831929008,0.1924871424212169,0.9429782173437723,0.8015314847422065
sunsched_no_ceiling,46,cct_region,2014,1.0,pvgis,365,0.6498872575545345,88.072440650112,10.0,149.1953658034943,0.36,6276,0.23366414114466613,nan,0.21765455704270237,0.13301664379364128,0.969009009009009,0.9201101928374655,0.0,0.0,0.52868068833652,0.0,0.4713193116634799,0.30174474187380496,0.8333333333333334,0.9166666666666666,0.20872905773129866,0.1088997972468253,0.14310105645075233,0.729654818469865,0.7877729144997153,0.0,22.297233232776282,1.0,0.0,91.21300736260577,83.10059898794081,0.0,1.9479452054794522,0.0,2959,0.9436619718309859,0.017641625950855725,0.00020948297276760812,0.9882649882612958,1.4898576082791,9.182857632562014,0.21158481933979012,1.0889856295430775,0.9256377851116158
sunsched_no_ceiling,7,cct_region,2014,1.0,pvgis,365,0.5185664617347002,70.275903079136,10.0,186.97731973936163,0.32,1853,0.37415369996436637,nan,0.3545601726929304,0.17636020753257403,0.9987987987987988,0.8404255319148937,0.0,0.0,0.5483000539665407,0.0,0.45169994603345925,0.47926785393056315,0.9166666666666666,0.9166666666666666,0.45064734529041467,0.20602209288514078,0.22146335669319397,0.6478848175450245,0.7838572080760402,0.0,22.297233232776282,1.0,0.0,72.78186476558025,71.81901315693774,0.0,0.6958904109589041,0.0,837,0.9436619718309859,0.01622478365388299,0.00022196081162642543,0.9865042706724177,1.1691076949422055,9.966968975091513,0.2004344842416219,1.0033140491348007,0.8528169417645807
sunsched_no_ceiling,46,cct_region,2015,1.0,pvgis,365,0.6498872575545345,88.072440650112,10.0,149.1953658034943,0.36,6276,0.23366414114466613,nan,0.21765455704270237,0.13301664379364128,0.969009009009009,0.9201101928374655,0.0,0.0,0.52868068833652,0.0,0.4713193116634799,0.30174474187380496,0.8333333333333334,0.9166666666666666,0.20872905773129866,0.1088997972468253,0.14310105645075233,0.6609197776331186,0.7732827686536103,0.0,21.709066091403,1.0,0.0,86.82371461976584,83.10059898794081,0.0,1.9479452054794522,0.0,2959,0.9408450704225352,0.015660127453253864,0.00017608114538606066,0.9888811046981798,1.4474081323569195,10.351227113986665,0.1955379174086459,0.9660690360554369,0.8211586806471214
sunsched_no_ceiling,7,cct_region,2015,1.0,pvgis,365,0.5185664617347002,70.275903079136,10.0,186.97731973936163,0.33,1853,0.37415369996436637,nan,0.3545601726929304,0.17636020753257403,0.9987987987987988,0.8404255319148937,0.0,0.0,0.5483000539665407,0.0,0.45169994603345925,0.47926785393056315,0.9166666666666666,0.9166666666666666,0.45064734529041467,0.20602209288514078,0.22146335669319397,0.5930388630974288,0.7716385111464914,0.0,21.709066091403,1.0,0.0,69.27950342411204,71.81901315693774,0.0,0.6958904109589041,0.0,837,0.9436619718309859,0.014662159271375838,0.0002014778068809196,0.9864449188432048,1.1357860439805256,11.02853836957487,0.18767577719642436,0.9067384693140875,0.7707276989169743
sunsched_no_ceiling,78,cct_region,2011,1.0,pvgis,365,0.5371243038945545,72.79085383900801,10.0,180.51718460483815,0.33,2359,0.18072399015227503,0.8056371109806225,0.17337855023314963,0.11623452462743855,0.9940229885057471,0.9239130434782609,0.0,0.0,0.39593047901653244,0.0,0.6040695209834676,0.36929489896848944,0.9166666666666666,0.9166666666666666,0.11817269991793561,0.24591957691255584,0.19581471687790647,0.6222034674294515,0.7646703235850666,0.0,19.639202912676332,1.0,0.0,73.53979324666396,74.2338813076426,0.0,1.095890410958904,0.0,1426,0.9436619718309859,0.013191670871072187,0.0001747912667168778,0.9869231465353336,1.1805663398640354,12.263842903168163,0.17542235932827843,0.8154050960173882,0.69309433161478
sunsched_no_ceiling,78,cct_region,2013,1.0,pvgis,365,0.5371243038945545,72.79085383900801,10.0,180.51718460483815,0.33,2359,0.18072399015227503,0.8056371109806225,0.17337855023314963,0.11623452462743855,0.9940229885057471,0.9239130434782609,0.0,0.0,0.39593047901653244,0.0,0.6040695209834676,0.36929489896848944,0.9166666666666666,0.9166666666666666,0.11817269991793561,0.24591957691255584,0.19581471687790647,0.6290699300483903,0.773886623599081,0.0,20.64649507784094,1.0,0.0,73.71118220046938,74.2338813076426,0.0,1.095890410958904,0.0,1426,0.9436619718309859,0.01431205304768557,0.00017807749831198088,0.9877104282983035,1.1888379509380946,11.31281676922292,0.1846360193443074,0.8839531483622626,0.7513601761079233
sunsched_no_ceiling,78,cct_region,2012,1.0,pvgis,365,0.5371243038945545,72.79085383900801,10.0,180.51718460483815,0.34,2359,0.18072399015227503,0.8056371109806225,0.17337855023314963,0.11623452462743855,0.9940229885057471,0.9239130434782609,0.0,0.0,0.39593047901653244,0.0,0.6040695209834676,0.36929489896848944,0.9166666666666666,0.9166666666666666,0.11817269991793561,0.24591957691255584,0.19581471687790647,0.5949618703247942,0.7647887021006227,0.0,20.729461989872192,1.0,0.0,69.55800162095082,74.2338813076426,0.0,1.095890410958904,0.0,1426,0.9464788732394366,0.013777544393783682,0.00017891792258226228,0.9871802811825418,1.1789581345602071,11.745397086535737,0.18027304802595268,0.8513973539015924,0.7236877508163536
sunsched_no_ceiling,78,cct_region,2014,1.0,pvgis,365,0.5371243038945545,72.79085383900801,10.0,180.51718460483815,0.34,2359,0.18072399015227503,0.8056371109806225,0.17337855023314963,0.11623452462743855,0.9940229885057471,0.9239130434782609,0.0,0.0,0.39593047901653244,0.0,0.6040695209834676,0.36929489896848944,0.9166666666666666,0.9166666666666666,0.11817269991793561,0.24591957691255584,0.19581471687790647,0.6575894283729063,0.7795366972965132,0.0,22.297233232776282,1.0,0.0,75.38649591334313,74.2338813076426,0.0,1.095890410958904,0.0,1426,0.9464788732394366,0.016423316488593742,0.0002101750634063156,0.987364344837086,1.1976688916474683,9.85506809057655,0.20192625621924898,1.0147063326292016,0.8625003827348213
sunsched_no_ceiling,78,cct_region,2015,1.0,pvgis,365,0.5371243038945545,72.79085383900801,10.0,180.51718460483815,0.34,2359,0.18072399015227503,0.8056371109806225,0.17337855023314963,0.11623452462743855,0.9940229885057471,0.9239130434782609,0.0,0.0,0.39593047901653244,0.0,0.6040695209834676,0.36929489896848944,0.9166666666666666,0.9166666666666666,0.11817269991793561,0.24591957691255584,0.19581471687790647,0.6007807118864092,0.7670696715737361,0.0,21.709066091403,1.0,0.0,71.758796213616,74.2338813076426,0.0,1.095890410958904,0.0,1426,0.9408450704225352,0.014795385543427938,0.0001815958528769749,0.9878750031083181,1.1689981542188619,10.945075478923503,0.1885959790633045,0.9136529043821217,0.7766049687248033
sunsched_no_ceiling,0,cct_region,2011,2.0,pvgis,365,1.2648912659894127,85.70875921763201,10.0,153.30988477659398,0.35,1861,0.7234470858895703,0.7341673182173568,0.8339602364320258,0.44201992107082266,0.9933993399339934,0.18604651162790697,0.0,0.0,0.09403546480386889,0.0,0.9059645351961311,0.41254701773240193,0.9166666666666666,0.9166666666666666,0.543424079754601,0.5286618098159508,0.788631134969325,0.9832091221834428,0.9999976851851852,0.9261415525114155,19.639202912676332,1.0,0.0,173.18121988878173,83.25129304808047,65.36850070965485,3.158904109589041,0.0,1687,0.9464788732394366,0.019379252592799746,0.00014087518253220617,0.9927830809227471,1.4652786637787059,8.397700758708416,0.22463441432925457,1.1908021358858256,1.0121818155029518
sunsched_no_ceiling,0,cct_region,2012,2.0,pvgis,365,1.2648912659894127,85.70875921763201,10.0,153.30988477659398,0.34,1861,0.7234470858895703,0.7341673182173568,0.8339602364320258,0.44201992107082266,0.9933993399339934,0.18604651162790697,0.0,0.0,0.09403546480386889,0.0,0.9059645351961311,0.42114454594304135,0.9166666666666666,0.9166666666666666,0.543424079754601,0.5286618098159508,0.788631134969325,0.9777212243536283,0.9999976851851852,0.9141457382039574,20.729461989872192,1.0,0.0,163.8043709660343,83.18813515334364,57.66329818559919,3.1452054794520548,0.0,1687,0.9436619718309859,0.020551219141701632,0.000152840314251567,0.9926178576439695,1.5009091486937116,7.917490392535362,0.2337600856891323,1.263026477358032,1.0735725057543273
sunsched_no_ceiling,0,cct_region,2013,2.0,pvgis,365,1.2648912659894127,85.70875921763201,10.0,153.30988477659398,0.35,1861,0.7234470858895703,0.7341673182173568,0.8339602364320258,0.44201992107082266,0.9933993399339934,0.18604651162790697,0.0,0.0,0.09403546480386889,0.0,0.9059645351961311,0.4131291420383307,0.9166666666666666,0.9166666666666666,0.543424079754601,0.5286618098159508,0.788631134969325,0.9818300840394153,0.9999976851851852,0.9098458904109589,20.64649507784094,1.0,0.0,173.58482923801856,83.23866146913299,65.76442174031993,3.1561643835616437,0.0,1687,0.9436619718309859,0.020901945727888338,0.00015153852483072076,0.9928022115953966,1.464665287512482,7.786083759880246,0.23643284559030375,1.2843427207304798,1.0916913126209078
sunsched_no_ceiling,0,cct_region,2014,2.0,pvgis,365,1.2648912659894127,85.70875921763201,10.0,153.30988477659398,0.34,1861,0.7234470858895703,0.7341673182173568,0.8339602364320258,0.44201992107082266,0.9933993399339934,0.18604651162790697,0.0,0.0,0.09403546480386889,0.0,0.9059645351961311,0.42065197922264014,0.9166666666666666,0.9166666666666666,0.543424079754601,0.5286618098159508,0.788631134969325,0.9847560394642825,0.9999976851851852,0.9330289193302892,22.297233232776282,1.0,0.0,177.53007928133889,83.12497725860666,69.9130652990194,3.1315068493150684,0.0,1687,0.9464788732394366,0.023187502747442607,0.00016725845332601542,0.9928383573744051,1.455882319279822,7.01887681144843,0.2538039947505141,1.4247293788785529,1.2110199720467698
sunsched_no_ceiling,0,cct_region,2015,2.0,pvgis,365,1.2648912659894127,85.70875921763201,10.0,153.30988477659398,0.35,1861,0.7234470858895703,0.7341673182173568,0.8339602364320258,0.44201992107082266,0.9933993399339934,0.18604651162790697,0.0,0.0,0.09403546480386889,0.0,0.9059645351961311,0.40945728103170337,0.9166666666666666,0.9166666666666666,0.543424079754601,0.5286618098159508,0.788631134969325,0.982037446435355,0.9999976851851852,0.9055365296803652,21.709066091403,1.0,0.0,168.98709280214536,83.26392462702754,61.37140234752688,3.1616438356164385,0.0,1687,0.9436619718309859,0.02213520807247834,0.00016802738944769115,0.992466232545743,1.4678379583438905,7.349794253341683,0.24591615303023207,1.3605823041173384,1.1564949584997375
sunsched_no_ceiling,100,cct_region,2011,2.0,pvgis,365,1.2210563483151788,82.73851465568,10.0,158.8135834282582,0.36,4890,0.3197097586257959,0.5979148884282405,0.3169734151329243,0.21379324888810383,0.9804629433000637,0.7624309392265194,0.0,0.0,0.40388548057259716,0.0,0.5961145194274029,0.29013292433537835,0.9166666666666666,0.9166666666666666,0.11224640900340586,0.169427344460663,0.4592244716633877,0.9842796586930542,0.9999976851851852,0.9311263318112634,19.639202912676332,1.0,0.0,167.17960953643777,82.8390388215863,60.08731452721674,2.0986301369863014,0.0,2921,0.9436619718309859,0.019393514327664996,0.00014611999128441515,0.9925218666378669,1.6082835934997104,8.389317279598101,0.22478564660491718,1.1919921093363464,1.0131932929358944
sunsched_no_ceiling,100,cct_region,2012,2.0,pvgis,365,1.2210563483151788,82.73851465568,10.0,158.8135834282582,0.36,4890,0.3197097586257959,0.5979148884282405,0.3169734151329243,0.21379324888810383,0.9804629433000637,0.7624309392265194,0.0,0.0,0.40388548057259716,0.0,0.5961145194274029,0.293626448534424,0.9166666666666666,0.9166666666666666,0.11224640900340586,0.169427344460663,0.4592244716633877,0.9781650170199849,0.9999976851851852,0.9172374429223744,20.729461989872192,1.0,0.0,158.12771613486893,82.85167040053372,51.60940150357297,2.1013698630136988,0.0,2921,0.9436619718309859,0.02055266232084536,0.00015698751519241958,0.9924195958678529,1.6515719417232657,7.915353138600085,0.23380292021538962,1.2633675118339203,1.0738623850588325
sunsched_no_ceiling,100,cct_region,2014,2.0,pvgis,365,1.2210563483151788,82.73851465568,10.0,158.8135834282582,0.36,4890,0.3197097586257959,0.5979148884282405,0.3169734151329243,0.21379324888810383,0.9804629433000637,0.7624309392265194,0.0,0.0,0.40388548057259716,0.0,0.5961145194274029,0.29011588275391953,0.9166666666666666,0.9166666666666666,0.11224640900340586,0.169427344460663,0.4592244716633877,0.9854547011517144,0.9999976851851852,0.9460045662100457,22.297233232776282,1.0,0.0,171.37775882562494,82.86430197948106,64.29446792315993,2.1041095890410957,0.0,2921,0.9436619718309859,0.023197791483352898,0.00017111380119512755,0.9926777142912093,1.6046684352439424,7.014628620082612,0.2539095298749914,1.4255922218562482,1.211753388577811
sunsched_no_ceiling,100,cct_region,2013,2.0,pvgis,365,1.2210563483151788,82.73851465568,10.0,158.8135834282582,0.36,4890,0.3197097586257959,0.5979148884282405,0.3169734151329243,0.21379324888810383,0.9804629433000637,0.7624309392265194,0.0,0.0,0.40388548057259716,0.0,0.5961145194274029,0.2928254942058623,0.9166666666666666,0.9166666666666666,0.11224640900340586,0.169427344460663,0.4592244716633877,0.981821598764991,0.9999976851851852,0.9175133181126331,20.64649507784094,1.0,0.0,167.56923176831125,82.83903882158623,60.457321049395425,2.0986301369863014,0.0,2921,0.9464788732394366,0.020900683860279292,0.000154009119643383,0.9926852830487606,1.6109439616947325,7.785636769213645,0.2364420749784384,1.2844164576932873,1.091753989039294
sunsched_no_ceiling,105,cct_region,2011,2.0,pvgis,365,1.058529353339236,71.725720549728,10.0,183.19788075032216,0.33,2169,0.21451149425287358,0.4180647347907135,0.21853388658367912,0.16180341361257689,0.9215969215969216,0.6777777777777778,0.0,0.0,0.4661134163208852,0.0,0.5338865836791148,0.322575687720916,0.8333333333333334,0.9166666666666666,0.096360153256705,0.25373563218390804,0.3789750957854406,0.9809709847207789,0.9999976851851852,0.9136130136986301,19.639202912676332,1.0,0.0,144.92740176838876,72.6641883182566,49.11482684382972,0.7780821917808219,0.0,1159,0.9464788732394366,0.019350433340361125,0.00013574965610637464,0.9930335429914117,1.3790423072904128,8.412329487961133,0.22437117351994784,1.1887313750978228,1.0104216688331493
sunsched_no_ceiling,100,cct_region,2015,2.0,pvgis,365,1.2210563483151788,82.73851465568,10.0,158.8135834282582,0.36,4890,0.3197097586257959,0.5979148884282405,0.3169734151329243,0.21379324888810383,0.9804629433000637,0.7624309392265194,0.0,0.0,0.40388548057259716,0.0,0.5961145194274029,0.29393319700068166,0.9166666666666666,0.9166666666666666,0.11224640900340586,0.169427344460663,0.4592244716633877,0.9825561781408476,0.9999976851851852,0.9067827245053273,21.709066091403,1.0,0.0,163.13083029155143,82.81377566369123,56.2661929474891,2.0931506849315067,0.0,2921,0.9436619718309859,0.022138507931806422,0.00017218810010406638,0.9922822622898994,1.6116370735293801,7.347336523904645,0.24597240988481073,1.3610374272996593,1.1568818132047105
sunsched_no_ceiling,105,cct_region,2012,2.0,pvgis,365,1.058529353339236,71.725720549728,10.0,183.19788075032216,0.34,2169,0.21451149425287358,0.4180647347907135,0.21853388658367912,0.16180341361257689,0.9215969215969216,0.6777777777777778,0.0,0.0,0.4661134163208852,0.0,0.5338865836791148,0.3288765944367604,0.8333333333333334,0.9166666666666666,0.096360153256705,0.25373563218390804,0.3789750957854406,0.9748413471017006,0.9999976851851852,0.9035197869101979,20.729461989872192,1.0,0.0,137.0803479595446,72.65155673930916,41.806465808454725,0.7753424657534247,0.0,1159,0.9408450704225352,0.020514699265146017,0.0001476938816353357,0.9928520437789491,1.4230929162014727,7.933456239289754,0.23344075527541974,1.2604846738141526,1.0714119727420297
sunsched_no_ceiling,105,cct_region,2013,2.0,pvgis,365,1.058529353339236,71.725720549728,10.0,183.19788075032216,0.34,2169,0.21451149425287358,0.4180647347907135,0.21853388658367912,0.16180341361257689,0.9215969215969216,0.6777777777777778,0.0,0.0,0.4661134163208852,0.0,0.5338865836791148,0.32053941908713696,0.8333333333333334,0.9166666666666666,0.096360153256705,0.25373563218390804,0.3789750957854406,0.9783789223274467,0.9999976851851852,0.8839992389649924,20.64649507784094,1.0,0.0,145.26516387880858,72.68945147615156,49.41026966792668,0.7835616438356164,0.0,1159,0.9464788732394366,0.020858089802115353,0.00014445474538648024,0.9931220359961734,1.3837743484660798,7.804968176986368,0.23604378764860912,1.2812352047104913,1.0890499240039175
sunsched_no_ceiling,105,cct_region,2014,2.0,pvgis,365,1.058529353339236,71.725720549728,10.0,183.19788075032216,0.34,2169,0.21451149425287358,0.4180647347907135,0.21853388658367912,0.16180341361257689,0.9215969215969216,0.6777777777777778,0.0,0.0,0.4661134163208852,0.0,0.5338865836791148,0.3184647302904564,0.8333333333333334,0.9166666666666666,0.096360153256705,0.25373563218390804,0.3789750957854406,0.9819110874299138,0.9999976851851852,0.9214802130898021,22.297233232776282,1.0,0.0,148.56676227655393,72.67681989720414,52.7968399163466,0.7808219178082192,0.0,1159,0.9436619718309859,0.023140456591678567,0.00016033373962463573,0.993118957024851,1.3725035159475174,7.035134409529798,0.2534011575809795,1.4214369502953623,1.208221407751058
sunsched_no_ceiling,105,cct_region,2015,2.0,pvgis,365,1.058529353339236,71.725720549728,10.0,183.19788075032216,0.36,2169,0.21451149425287358,0.4180647347907135,0.21853388658367912,0.16180341361257689,0.9215969215969216,0.6777777777777778,0.0,0.0,0.4661134163208852,0.0,0.5338865836791148,0.3336406946365453,0.8333333333333334,0.9166666666666666,0.096360153256705,0.25373563218390804,0.3789750957854406,0.9787185072392829,0.9999976851851852,0.8939307458143074,21.709066091403,1.0,0.0,141.41752961398848,72.65155673930916,45.793024381630104,0.7753424657534247,0.0,1159,0.9408450704225352,0.022075981087397136,0.0001613682222871194,0.9927433697227195,1.3874314792076643,7.371570664566672,0.24541915248949042,1.3565629979059337,1.1530785482200436
sunsched_no_ceiling,130,cct_region,2011,2.0,pvgis,365,1.0106128730967532,68.47891018896,10.0,191.883894818735,0.32,1455,0.33414346737369277,0.815861130020422,0.3223367697594502,0.19271472097359413,0.9992576095025983,0.8425925925925926,0.0,0.0,0.3663230240549828,0.0,0.6336769759450172,0.4578465063001146,0.9166666666666666,0.9166666666666666,0.15760789512446605,0.3132272794225954,0.3739873324495508,0.9797028713497852,0.9999976851851852,0.9108542617960426,19.639202912676332,1.0,0.0,138.36696869062587,71.18879061946228,44.35791055524848,0.6301369863013698,0.0,922,0.9436619718309859,0.019334802531551107,0.00013386285456647962,0.9931241894648859,1.3600998863264324,8.419898774667876,0.22423528998286635,1.1876627341513915,1.0095133240286827
sunsched_no_ceiling,130,cct_region,2012,2.0,pvgis,365,1.0106128730967532,68.47891018896,10.0,191.883894818735,0.33,1455,0.33414346737369277,0.815861130020422,0.3223367697594502,0.19271472097359413,0.9992576095025983,0.8425925925925926,0.0,0.0,0.3663230240549828,0.0,0.6336769759450172,0.4577319587628866,0.9166666666666666,0.9166666666666666,0.15760789512446605,0.3132272794225954,0.3739873324495508,0.9729793229534042,0.9999976851851852,0.8820015220700153,20.729461989872192,1.0,0.0,130.87512770380468,71.18879061946225,37.543204448032974,0.6301369863013698,0.0,922,0.9436619718309859,0.020485851537320517,0.00014691745388823707,0.9928794116799914,1.398925343935113,7.944846951896543,0.23321363493259673,1.258677487501866,1.0698758643765862
sunsched_no_ceiling,130,cct_region,2014,2.0,pvgis,365,1.0106128730967532,68.47891018896,10.0,191.883894818735,0.33,1455,0.33414346737369277,0.815861130020422,0.3223367697594502,0.19271472097359413,0.9992576095025983,0.8425925925925926,0.0,0.0,0.3663230240549828,0.0,0.6336769759450172,0.45589919816723945,0.9166666666666666,0.9166666666666666,0.15760789512446605,0.3132272794225954,0.3739873324495508,0.9802043563395609,0.9999976851851852,0.9089992389649924,22.297233232776282,1.0,0.0,141.84158615663088,71.18879061946222,47.860121174813685,0.6301369863013698,0.0,922,0.9380281690140845,0.023114254901516248,0.00015922323337883915,0.9931585974190893,1.3530291689182725,7.043390372460515,0.25319721718972377,1.4197708022971092,1.206805181952543
sunsched_no_ceiling,130,cct_region,2013,2.0,pvgis,365,1.0106128730967532,68.47891018896,10.0,191.883894818735,0.33,1455,0.33414346737369277,0.815861130020422,0.3223367697594502,0.19271472097359413,0.9992576095025983,0.8425925925925926,0.0,0.0,0.3663230240549828,0.0,0.6336769759450172,0.4563573883161512,0.9166666666666666,0.9166666666666666,0.15760789512446605,0.3132272794225954,0.3739873324495508,0.9765550929688578,0.9999976851851852,0.8793664383561643,20.64649507784094,1.0,0.0,138.68944131338083,71.18879061946225,44.66409912985679,0.6301369863013698,0.0,922,0.9464788732394366,0.020834201959222032,0.00014395343891408837,0.9931379362874355,1.3623212441961075,7.814042212860851,0.23585744250380025,1.279747373714127,1.087785267657008
sunsched_no_ceiling,130,cct_region,2015,2.0,pvgis,365,1.0106128730967532,68.47891018896,10.0,191.883894818735,0.33,1455,0.33414346737369277,0.815861130020422,0.3223367697594502,0.19271472097359413,0.9992576095025983,0.8425925925925926,0.0,0.0,0.3663230240549828,0.0,0.6336769759450172,0.459163802978236,0.9166666666666666,0.9166666666666666,0.15760789512446605,0.3132272794225954,0.3739873324495508,0.9773067330950744,0.9999976851851852,0.8904109589041096,21.709066091403,1.0,0.0,135.01597802515954,71.18879061946225,41.17441644065913,0.6301369863013698,0.0,922,0.9408450704225352,0.02205350553179728,0.00015957668438539997,0.9928160944603561,1.3632095246914158,7.379623873609412,0.24523601542955442,1.3550826127821265,1.1518202208648076
sunsched_no_ceiling,28,cct_region,2012,2.0,pvgis,365,1.03062096349991,69.834654076896,10.0,188.158732561793,0.31,1333,0.22819126819126823,0.5247666905958367,0.2288072018004501,0.14655733760665246,0.898989898989899,0.7655172413793103,0.0,0.0,0.4951237809452363,0.0,0.5048762190547637,0.4021005251312828,0.8333333333333334,0.9166666666666666,0.1674012474012474,0.18985446985446985,0.28324324324324324,0.9749825802383911,0.9999976851851852,0.9038812785388128,20.729461989872192,1.0,0.0,133.46619047010245,71.4373671037978,39.558580704504436,0.726027397260274,0.0,673,0.9436619718309859,0.020513420780978214,0.00014794165711817935,0.9928396949832603,1.4125961361453103,7.9338520061358215,0.23343285424198967,1.2604217966589593,1.0713585271601156
sunsched_no_ceiling,28,cct_region,2011,2.0,pvgis,365,1.03062096349991,69.834654076896,10.0,188.158732561793,0.33,1333,0.22819126819126823,0.5247666905958367,0.2288072018004501,0.14655733760665246,0.898989898989899,0.7655172413793103,0.0,0.0,0.4951237809452363,0.0,0.5048762190547637,0.39784946236559143,0.8333333333333334,0.9166666666666666,0.1674012474012474,0.18985446985446985,0.28324324324324324,0.9812970857750927,0.9999976851851852,0.9135749619482496,19.639202912676332,1.0,0.0,141.10635475236165,71.42473552485032,46.72434172274899,0.7232876712328767,0.0,673,0.9492957746478873,0.019353716163880083,0.00013425881498437223,0.9931106841459935,1.3676244143209089,8.411555947027496,0.22438507252745687,1.1888406928487272,1.010514588921418
sunsched_no_ceiling,28,cct_region,2013,2.0,pvgis,365,1.03062096349991,69.834654076896,10.0,188.158732561793,0.33,1333,0.22819126819126823,0.5247666905958367,0.2288072018004501,0.14655733760665246,0.898989898989899,0.7655172413793103,0.0,0.0,0.4951237809452363,0.0,0.5048762190547637,0.3975993998499625,0.8333333333333334,0.9166666666666666,0.1674012474012474,0.18985446985446985,0.28324324324324324,0.9786846229254753,0.9999976851851852,0.886396499238965,20.64649507784094,1.0,0.0,141.43521168068102,71.43736710379777,47.023960632763796,0.726027397260274,0.0,673,0.9436619718309859,0.02086209382497245,0.00014369164126149303,0.9931594254595967,1.3710782381755444,7.803763972191981,0.23606854644739395,1.2814329130960536,1.0892179761316456
sunsched_no_ceiling,28,cct_region,2015,2.0,pvgis,365,1.03062096349991,69.834654076896,10.0,188.158732561793,0.32,1333,0.22819126819126823,0.5247666905958367,0.2288072018004501,0.14655733760665246,0.898989898989899,0.7655172413793103,0.0,0.0,0.4951237809452363,0.0,0.5048762190547637,0.3992248062015504,0.8333333333333334,0.9166666666666666,0.1674012474012474,0.18985446985446985,0.28324324324324324,0.979053639369516,0.9999976851851852,0.8945490867579908,21.709066091403,1.0,0.0,137.68902125081976,71.42473552485032,43.47782086494379,0.7232876712328767,0.0,673,0.9408450704225352,0.022080504421610313,0.00016206088218052197,0.9927139302518806,1.3732032616806094,7.369841993947187,0.24545851035556576,1.3568811934113307,1.1533490143996312
sunsched_no_ceiling,28,cct_region,2014,2.0,pvgis,365,1.03062096349991,69.834654076896,10.0,188.158732561793,0.33,1333,0.22819126819126823,0.5247666905958367,0.2288072018004501,0.14655733760665246,0.898989898989899,0.7655172413793103,0.0,0.0,0.4951237809452363,0.0,0.5048762190547637,0.3952238059514878,0.8333333333333334,0.9166666666666666,0.1674012474012474,0.18985446985446985,0.28324324324324324,0.9821969219402176,0.9999976851851852,0.9212043378995434,22.297233232776282,1.0,0.0,144.64976261499436,71.42473552485033,50.26990232240566,0.7232876712328767,0.0,673,0.9436619718309859,0.02314513654740261,0.00015841004437139496,0.9932023203529323,1.3608232012167538,7.034302318894863,0.25342173550615676,1.421605092681184,1.2083643287790065
sunsched_no_ceiling,40,cct_region,2013,2.0,pvgis,365,0.9853790484979228,66.769071679648,10.0,196.7977039286174,0.31,1079,0.22910058323953753,0.7741545893719808,0.24003707136237257,0.19532110154862076,0.9596273291925466,0.6548672566371682,0.0,0.0,0.41797961075069506,0.0,0.5820203892493049,0.5207754093296263,0.8333333333333334,0.9166666666666666,0.16351171595211297,0.1324056072853781,0.24823493297861457,0.9777625511571654,0.9999976851851852,0.8814878234398782,20.64649507784094,1.0,0.0,135.2265277398714,69.39372911881757,43.169448053182634,0.3150684931506849,0.0,629,0.9436619718309859,0.020849250659599236,0.0001412346897184667,0.9932714900409362,1.3271879089340979,7.809452192315255,0.23595165509980232,1.2804995476943073,1.0884246155401613
sunsched_no_ceiling,40,cct_region,2012,2.0,pvgis,365,0.9853790484979228,66.769071679648,10.0,196.7977039286174,0.32,1079,0.22910058323953753,0.7741545893719808,0.24003707136237257,0.19532110154862076,0.9596273291925466,0.6548672566371682,0.0,0.0,0.41797961075069506,0.0,0.5820203892493049,0.5244053135619401,0.8333333333333334,0.9166666666666666,0.16351171595211297,0.1324056072853781,0.24823493297861457,0.97367526812776,0.9999976851851852,0.8948439878234399,20.729461989872192,1.0,0.0,127.6073284260185,69.39372911881757,36.02421763120656,0.3150684931506849,0.0,629,0.9464788732394366,0.020491268316174694,0.0001449775485771884,0.9929746161425214,1.3697380983858058,7.943508373729162,0.23324029466139418,1.2588895900295245,1.070056151525096
sunsched_no_ceiling,40,cct_region,2011,2.0,pvgis,365,0.9853790484979228,66.769071679648,10.0,196.7977039286174,0.32,1079,0.22910058323953753,0.7741545893719808,0.24003707136237257,0.19532110154862076,0.9596273291925466,0.6548672566371682,0.0,0.0,0.41797961075069506,0.0,0.5820203892493049,0.5203892493049119,0.8333333333333334,0.9166666666666666,0.16351171595211297,0.1324056072853781,0.24823493297861457,0.980337592481408,0.9999976851851852,0.9111586757990867,19.639202912676332,1.0,0.0,134.9121068823523,69.39372911881759,42.870904650125276,0.3150684931506849,0.0,629,0.9436619718309859,0.019342144746602445,0.00013275402540111105,0.9931833265499714,1.3254223597628858,8.417203793872456,0.22428364488374464,1.188042994430025,1.0098365452655214
sunsched_no_ceiling,40,cct_region,2014,2.0,pvgis,365,0.9853790484979228,66.769071679648,10.0,196.7977039286174,0.33,1079,0.22910058323953753,0.7741545893719808,0.24003707136237257,0.19532110154862076,0.9596273291925466,0.6548672566371682,0.0,0.0,0.41797961075069506,0.0,0.5820203892493049,0.5200030892801977,0.8333333333333334,0.9166666666666666,0.16351171595211297,0.1324056072853781,0.24823493297861457,0.9810597940893067,0.9999976851851852,0.9142503805175038,22.297233232776282,1.0,0.0,138.2999672032459,69.39372911881759,46.26198475990205,0.3150684931506849,0.0,629,0.9436619718309859,0.02312676187146006,0.00015722140891809096,0.9932476583999876,1.3200432862259426,7.04021257252544,0.2532756657878883,1.420411656179983,1.2073499077529857
sunsched_no_ceiling,40,cct_region,2015,2.0,pvgis,365,0.9853790484979228,66.769071679648,10.0,196.7977039286174,0.32,1079,0.22910058323953753,0.7741545893719808,0.24003707136237257,0.19532110154862076,0.9596273291925466,0.6548672566371682,0.0,0.0,0.41797961075069506,0.0,0.5820203892493049,0.5247914735866543,0.8333333333333334,0.9166666666666666,0.16351171595211297,0.1324056072853781,0.24823493297861457,0.9780673218072267,0.9999976851851852,0.8917522831050229,21.709066091403,1.0,0.0,131.64478654499794,69.39372911881757,39.76689867015004,0.3150684931506849,0.0,629,0.9436619718309859,0.022064734089472012,0.0001587192192183541,0.9928580307923482,1.3294425908339809,7.376180000112254,0.24531428864164673,1.3557152889229676,1.1523579955845225
sunsched_no_ceiling,46,cct_region,2011,2.0,pvgis,365,1.299774515109069,88.072440650112,10.0,149.1953658034943,0.35,6276,0.23366414114466613,nan,0.21765455704270237,0.13301664379364128,0.969009009009009,0.9201101928374655,0.0,0.0,0.52868068833652,0.0,0.4713193116634799,0.2714308476736775,0.8333333333333334,0.9166666666666666,0.20872905773129866,0.1088997972468253,0.14310105645075233,0.9856661767106886,0.9999976851851852,0.9382610350076104,19.639202912676332,1.0,0.0,177.95722222088847,83.40375688268082,69.77109858824895,2.0136986301369864,0.0,2959,0.9436619718309859,0.019411941087523834,0.00014481780117693796,0.9925949999178745,1.5779820764535186,8.381971305260617,0.2249183873616838,1.1930367733093874,1.0140812573129792
sunsched_no_ceiling,46,cct_region,2012,2.0,pvgis,365,1.299774515109069,88.072440650112,10.0,149.1953658034943,0.36,6276,0.23366414114466613,nan,0.21765455704270237,0.13301664379364128,0.969009009009009,0.9201101928374655,0.0,0.0,0.52868068833652,0.0,0.4713193116634799,0.27396696409602717,0.8333333333333334,0.9166666666666666,0.20872905773129866,0.1088997972468253,0.14310105645075233,0.9818235569907657,0.9999976851851852,0.9236491628614917,20.729461989872192,1.0,0.0,168.32177798190958,83.39112530373309,60.69938298914869,2.010958904109589,0.0,2959,0.9408450704225352,0.02060542422575734,0.0001561294052777646,0.9924798785267989,1.61822523024817,7.895564789715482,0.2342005023879583,1.2665338410021902,1.0765537648518617
sunsched_no_ceiling,46,cct_region,2013,2.0,pvgis,365,1.299774515109069,88.072440650112,10.0,149.1953658034943,0.37,6276,0.23366414114466613,nan,0.21765455704270237,0.13301664379364128,0.969009009009009,0.9201101928374655,0.0,0.0,0.52868068833652,0.0,0.4713193116634799,0.27461759082217974,0.8333333333333334,0.9166666666666666,0.20872905773129866,0.1088997972468253,0.14310105645075233,0.9844402588469321,0.9999976851851852,0.9371194824961948,20.64649507784094,1.0,0.0,178.37196233358222,83.36586214583816,70.20203392259762,2.0054794520547947,0.0,2959,0.9464788732394366,0.020931541301851445,0.00015530061328676483,0.9926351886208586,1.5725336501784386,7.7737668110135285,0.23668751126641507,1.2863776651793108,1.0934210154024142
sunsched_no_ceiling,46,cct_region,2014,2.0,pvgis,365,1.299774515109069,88.072440650112,10.0,149.1953658034943,0.36,6276,0.23366414114466613,nan,0.21765455704270237,0.13301664379364128,0.969009009009009,0.9201101928374655,0.0,0.0,0.52868068833652,0.0,0.4713193116634799,0.2701959847036329,0.8333333333333334,0.9166666666666666,0.20872905773129866,0.1088997972468253,0.14310105645075233,0.9873605802995056,0.9999976851851852,0.9542047184170472,22.297233232776282,1.0,0.0,182.42601472521153,83.42902004057582,74.21613025896922,2.0191780821917806,0.0,2959,0.9408450704225352,0.023227067905506233,0.00016789356586400598,0.992823516034875,1.567798053917694,7.006816062919951,0.25410390727698173,1.4271817484863016,1.2131044862133562
sunsched_no_ceiling,7,cct_region,2011,2.0,pvgis,365,1.0371329234694004,70.275903079136,10.0,186.97731973936163,0.35,1853,0.37415369996436637,nan,0.3545601726929304,0.17636020753257403,0.9987987987987988,0.8404255319148937,0.0,0.0,0.5483000539665407,0.0,0.45169994603345925,0.42898902680338197,0.8333333333333334,0.9166666666666666,0.45064734529041467,0.20602209288514078,0.22146335669319397,0.9815566692589985,0.9999976851851852,0.9148306697108067,19.639202912676332,1.0,0.0,141.99793270985566,71.84427631483229,47.15178675055015,0.7013698630136986,0.0,837,0.9464788732394366,0.01935726756547855,0.0001336340992420375,0.9931437702810885,1.353261265876563,8.410292897105963,0.22440777200767603,1.189019231832112,1.0106663470572952
sunsched_no_ceiling,7,cct_region,2012,2.0,pvgis,365,1.0371329234694004,70.275903079136,10.0,186.97731973936163,0.34,1853,0.37415369996436637,nan,0.3545601726929304,0.17636020753257403,0.9987987987987988,0.8404255319148937,0.0,0.0,0.5483000539665407,0.0,0.45169994603345925,0.4272800863464652,0.8333333333333334,0.9166666666666666,0.45064734529041467,0.20602209288514078,0.22146335669319397,0.9754129350213856,0.9999976851851852,0.9054128614916286,20.729461989872192,1.0,0.0,134.3094941873784,71.88217105167473,39.98195959832739,0.7095890410958904,0.0,837,0.9408450704225352,0.020520305395205957,0.00014583008086823865,0.9929435243934662,1.3971831827996828,7.932019608541244,0.233469441909808,1.260712970153521,1.0716060246304928
sunsched_no_ceiling,78,cct_region,2011,2.0,pvgis,365,1.074248607789109,72.79085383900801,10.0,180.51718460483815,0.34,2359,0.18072399015227503,0.8056371109806225,0.17337855023314963,0.11623452462743855,0.9940229885057471,0.9239130434782609,0.0,0.0,0.39593047901653244,0.0,0.6040695209834676,0.314610710753144,0.9166666666666666,0.9166666666666666,0.11817269991793561,0.24591957691255584,0.19581471687790647,0.9814356487449418,0.9999976851851852,0.9137081430745815,19.639202912676332,1.0,0.0,147.07958649332792,74.29703920237993,49.53049114121535,1.1095890410958904,0.0,1426,0.9464788732394366,0.01935592776522386,0.00013594624514199727,0.9930254912857686,1.3784363820735925,8.409873352444963,0.22441531340826948,1.1890785486196112,1.0107167663266694
sunsched_no_ceiling,7,cct_region,2013,2.0,pvgis,365,1.0371329234694004,70.275903079136,10.0,186.97731973936163,0.35,1853,0.37415369996436637,nan,0.3545601726929304,0.17636020753257403,0.9987987987987988,0.8404255319148937,0.0,0.0,0.5483000539665407,0.0,0.45169994603345925,0.436184565569347,0.8333333333333334,0.9166666666666666,0.45064734529041467,0.20602209288514078,0.22146335669319397,0.9789173527201965,0.9999976851851852,0.8869292237442923,20.64649507784094,1.0,0.0,142.3288675147464,71.83164473588481,47.47864176754102,0.6986301369863014,0.0,837,0.9436619718309859,0.020864915446137458,0.00014319655042709933,0.9931837496653428,1.3555452608532277,7.802899749191969,0.2360863193376207,1.2815748403067144,1.089338614260707
sunsched_no_ceiling,7,cct_region,2015,2.0,pvgis,365,1.0371329234694004,70.275903079136,10.0,186.97731973936163,0.34,1853,0.37415369996436637,nan,0.3545601726929304,0.17636020753257403,0.9987987987987988,0.8404255319148937,0.0,0.0,0.5483000539665407,0.0,0.45169994603345925,0.4264705882352941,0.8333333333333334,0.9166666666666666,0.45064734529041467,0.20602209288514078,0.22146335669319397,0.9794550157799651,0.9999976851851852,0.8954052511415526,21.709066091403,1.0,0.0,138.55900684822407,71.85690789377976,43.87212123031182,0.7041095890410959,0.0,837,0.9436619718309859,0.022086779594676132,0.0001598005280642821,0.9928168497277955,1.3581738660946863,7.368511965640389,0.24548880322216904,1.3571261126575251,1.1535571957588964
sunsched_no_ceiling,78,cct_region,2013,2.0,pvgis,365,1.074248607789109,72.79085383900801,10.0,180.51718460483815,0.33,2359,0.18072399015227503,0.8056371109806225,0.17337855023314963,0.11623452462743855,0.9940229885057471,0.9239130434782609,0.0,0.0,0.39593047901653244,0.0,0.6040695209834676,0.3046135368093825,0.8333333333333334,0.9166666666666666,0.11817269991793561,0.24591957691255584,0.19581471687790647,0.9787937777005717,0.9999976851851852,0.8855022831050229,20.64649507784094,1.0,0.0,147.42236440093876,74.30967078132731,49.84333271687929,1.1123287671232878,0.0,1426,0.9436619718309859,0.02086335668021416,0.00014424334606651513,0.9931337541705828,1.3801738276366828,7.803089911456802,0.23608240831656935,1.2815436081695801,1.0893120669441432
sunsched_no_ceiling,7,cct_region,2014,2.0,pvgis,365,1.0371329234694004,70.275903079136,10.0,186.97731973936163,0.35,1853,0.37415369996436637,nan,0.3545601726929304,0.17636020753257403,0.9987987987987988,0.8404255319148937,0.0,0.0,0.5483000539665407,0.0,0.45169994603345925,0.4211638783953948,0.8333333333333334,0.9166666666666666,0.45064734529041467,0.20602209288514078,0.22146335669319397,0.9824768877415508,0.9999976851851852,0.9239060121765601,22.297233232776282,1.0,0.0,145.5637295311605,71.85690789377979,50.796034002129716,0.7041095890410959,0.0,837,0.9408450704225352,0.023149373489858908,0.0001576286952278036,0.9932368524284662,1.3475896670697853,7.033259383906499,0.25344753376899476,1.4218158970337418,1.2085435124786805
sunsched_no_ceiling,46,cct_region,2015,2.0,pvgis,365,1.299774515109069,88.072440650112,10.0,149.1953658034943,0.39,6276,0.23366414114466613,nan,0.21765455704270237,0.13301664379364128,0.969009009009009,0.9201101928374655,0.0,0.0,0.52868068833652,0.0,0.4713193116634799,0.2714308476736775,0.8333333333333334,0.9166666666666666,0.20872905773129866,0.1088997972468253,0.14310105645075233,0.9844489111423005,0.9999976851851852,0.931316590563166,21.709066091403,1.0,0.0,173.64742923953168,83.40375688268074,65.67647565746249,2.0136986301369864,0.0,2959,0.9436619718309859,0.022172723199027477,0.0001728017441400948,0.992266829954562,1.577944475880848,7.335884578496434,0.2462349837565655,1.3631621235307936,1.1586878050011746
sunsched_no_ceiling,78,cct_region,2012,2.0,pvgis,365,1.074248607789109,72.79085383900801,10.0,180.51718460483815,0.35,2359,0.18072399015227503,0.8056371109806225,0.17337855023314963,0.11623452462743855,0.9940229885057471,0.9239130434782609,0.0,0.0,0.39593047901653244,0.0,0.6040695209834676,0.31348028825773633,0.9166666666666666,0.9166666666666666,0.11817269991793561,0.24591957691255584,0.19581471687790647,0.9746050408182415,0.9999976851851852,0.9044425418569254,20.729461989872192,1.0,0.0,139.11600324190164,74.28440762343236,42.23921713444257,1.106849315068493,0.0,1426,0.9436619718309859,0.020505250754352174,0.00014712359686600829,0.9928761897124275,1.4238844719896526,7.9373048852042185,0.2333639514244643,1.2598734891286352,1.0708924657593397
sunsched_no_ceiling,78,cct_region,2014,2.0,pvgis,365,1.074248607789109,72.79085383900801,10.0,180.51718460483815,0.35,2359,0.18072399015227503,0.8056371109806225,0.17337855023314963,0.11623452462743855,0.9940229885057471,0.9239130434782609,0.0,0.0,0.39593047901653244,0.0,0.6040695209834676,0.3007630351844002,0.8333333333333334,0.9166666666666666,0.11817269991793561,0.24591957691255584,0.19581471687790647,0.9823822022947172,0.9999976851851852,0.9230783866057839,22.297233232776282,1.0,0.0,150.77299182668625,74.32230236027479,53.18326325807723,1.115068493150685,0.0,1426,0.9436619718309859,0.023148501016854558,0.00016090593481588123,0.9930969528675911,1.3727152946046757,7.032533782127947,0.25346548639737254,1.4219625969538021,1.2086682074107318
sunsched_no_ceiling,78,cct_region,2015,2.0,pvgis,365,1.074248607789109,72.79085383900801,10.0,180.51718460483815,0.34,2359,0.18072399015227503,0.8056371109806225,0.17337855023314963,0.11623452462743855,0.9940229885057471,0.9239130434782609,0.0,0.0,0.39593047901653244,0.0,0.6040695209834676,0.31033630069238377,0.8416666666666591,0.9166666666666666,0.11817269991793561,0.24591957691255584,0.19581471687790647,0.9792380141756999,0.9999976851851852,0.8947583713850837,21.709066091403,1.0,0.0,143.517592427232,74.27177604448475,46.17180361775539,1.104109589041096,0.0,1426,0.9408450704225352,0.0220843432376965,0.00016054043384946886,0.9927830400814899,1.3849198699758145,7.369073907033743,0.24547600319938612,1.3570226226738005,1.1534692292727304
sunsched_no_conformal,0,cct_region,2011,0.5,pvgis,365,0.3162228164973532,85.70875921763201,10.0,153.30988477659398,0.32,1861,0.2757860429447852,-1.0914777169663794,0.3121977431488447,0.1963860077266486,0.3949394939493949,0.06976744186046512,0.6114991939817302,0.0,0.05051047823750672,0.0,0.33799032778076304,0.2763299301450833,0.6666666666666666,0.8333333333333334,0.543424079754601,0.5286618098159508,0.788631134969325,0.17961823907180888,0.6760674532139046,0.0,19.639202912676332,0.31588850837138505,0.9773021308980213,43.29530497219543,73.65992088520082,3.40182035765392,1.3917808219178083,0.23392313546423135,636,0.6676056338028169,0.008165113773179668,6.758866622364624e-05,0.9917902211672132,0.6443615211352584,19.911346612555477,0.1319823746294042,0.5022262027066673,0.4268922723006672
sunsched_no_conformal,0,cct_region,2012,0.5,pvgis,365,0.3162228164973532,85.70875921763201,10.0,153.30988477659398,0.31,1861,0.2828796012269938,-1.0625488663017977,0.3191832348199892,0.25541939086932436,0.4020902090209021,0.06976744186046512,0.6045137023105857,0.0,0.051047823750671684,0.0,0.3444384739387426,0.2314615797958087,0.6666666666666666,0.8333333333333334,0.543424079754601,0.5286618098159508,0.788631134969325,0.1811791659054259,0.6794434818690985,0.0,20.729461989872192,0.31588850837138505,0.9773021308980213,40.951092741508575,73.80239196996747,3.1918133944323217,1.4191780821917808,0.2627378234398782,646,0.6873239436619718,0.008750167861881401,6.472174323287941e-05,0.9926576796610896,0.6157724323894347,18.596284147890376,0.13702253584668744,0.5377418370505181,0.4570805614929404
sunsched_no_conformal,0,cct_region,2013,0.5,pvgis,365,0.3162228164973532,85.70875921763201,10.0,153.30988477659398,0.31,1861,0.2819210122699386,-1.06645817044566,0.3186458893068243,0.1998349816619236,0.4020902090209021,0.06976744186046512,0.6045137023105857,0.0,0.05158516926383665,0.0,0.34390112842557763,0.25094035464803865,0.6666666666666666,0.8333333333333334,0.543424079754601,0.5286618098159508,0.788631134969325,0.1815755645097567,0.6802206451728616,0.0,20.64649507784094,0.31588850837138505,0.9773021308980213,43.39620730950464,73.7892266885863,3.597484064352324,1.4164383561643836,0.23892694063926942,646,0.6535211267605634,0.008773244887659943,7.021813347647843e-05,0.9920598827282194,0.6374207488917712,18.53619916057787,0.13726912795554258,0.5394849242485291,0.4585621856112498
sunsched_no_conformal,0,cct_region,2014,0.5,pvgis,365,0.3162228164973532,85.70875921763201,10.0,153.30988477659398,0.31,1861,0.2871932515337423,-1.0449569976544166,0.323481998925309,0.25778908425551167,0.41254125412541254,0.06976744186046512,0.5937667920472864,0.0,0.05427189682966147,0.0,0.3519613111230521,0.22801361275300017,0.6666666666666666,0.8333333333333334,0.543424079754601,0.5286618098159508,0.788631134969325,0.18692898566674127,0.6832003379134302,0.0,22.297233232776282,0.31588850837138505,0.9773021308980213,44.38251982033472,73.96786432676613,3.470062877217457,1.4493150684931506,0.22443873668188738,660,0.7126760563380281,0.009940342908117275,8.174170513422762e-05,0.9918438420459806,0.6478653173579886,16.356296933698292,0.14737874109113847,0.6113853300986092,0.5196775305838177
sunsched_no_conformal,0,cct_region,2015,0.5,pvgis,365,0.3162228164973532,85.70875921763201,10.0,153.30988477659398,0.32,1861,0.2712806748466257,-1.1098514464425326,0.3062869425040301,0.19490159943249863,0.3866886688668867,0.06976744186046512,0.6195593766792047,0.0,0.04782375067168189,0.0,0.3326168726491134,0.13948593945907217,0.6666666666666666,0.8333333333333334,0.543424079754601,0.5286618098159508,0.788631134969325,0.1797250563595462,0.6796986042216013,0.0,21.709066091403,0.31588850837138505,0.9773021308980213,42.24677320053634,73.55619925829262,3.591338985394719,1.3726027397260274,0.25283485540334855,621,0.6563380281690141,0.009466946991483606,6.786684222640658e-05,0.992882205839566,0.6210327937877334,17.192175399318437,0.14321377987316064,0.5816599567961852,0.49441096327675743
sunsched_no_conformal,100,cct_region,2015,0.5,pvgis,365,0.3052640870787947,82.73851465568,10.0,158.8135834282582,0.31,4890,0.14232827737936576,0.0866967442994757,0.1408997955010225,0.12083700458071049,0.49437247823317054,0.2596685082872928,0.49918200408997954,0.0,0.25214723926380367,0.0,0.24867075664621677,0.3659168370824812,0.5,0.8541666666666667,0.11224640900340586,0.169427344460663,0.4592244716633877,0.17103728791456474,0.7140004223477228,0.0,21.709066091403,0.31588850837138505,0.9773021308980213,40.78270757288786,74.80382406179568,3.181176542137815,1.082191780821918,0.28696727549467277,1247,0.6647887323943662,0.009388774390437121,6.338205277823097e-05,0.9932944346447286,0.5952693374692358,17.342517849104503,0.1425052313992884,0.5766175411787948,0.49012491000197556
sunsched_no_conformal,100,cct_region,2013,0.5,pvgis,365,0.3052640870787947,82.73851465568,10.0,158.8135834282582,0.32,4890,0.14383025533625265,0.09102548469698821,0.1425357873210634,0.12175926816768932,0.5219791887874283,0.30939226519337015,0.4717791411042945,0.0,0.2674846625766871,0.0,0.2607361963190184,0.7633435582822086,0.6666666666666666,0.8333333333333334,0.11224640900340586,0.169427344460663,0.4592244716633877,0.17117972374202828,0.7143729562195293,0.0,20.64649507784094,0.31588850837138505,0.9773021308980213,41.892307942077814,75.15785706027667,3.2163495396098134,1.1205479452054794,0.2758751902587519,1346,0.6704225352112676,0.008666705794576055,6.491526311695422e-05,0.9925654969806826,0.6118646311344331,18.773626425824414,0.13630350673378988,0.5326621385330387,0.45276281775308286
sunsched_no_conformal,100,cct_region,2012,0.5,pvgis,365,0.3052640870787947,82.73851465568,10.0,158.8135834282582,0.32,4890,0.14385140995536375,0.09108645287160108,0.1427402862985685,0.12258532464841988,0.5113612231896368,0.30386740331491713,0.4820040899795501,0.0,0.2588957055214724,0.0,0.2591002044989775,0.4723585548738922,0.5833333333333334,0.9166666666666666,0.11224640900340586,0.169427344460663,0.4592244716633877,0.1702683262943873,0.713749332870721,0.0,20.729461989872192,0.31588850837138505,0.9773021308980213,39.53192903371723,75.0911545550464,2.893788419715749,1.1178082191780823,0.29796423135464234,1308,0.7070422535211267,0.008651209990429365,6.234607227229626e-05,0.9928449335927074,0.5985517046973805,18.812548017068156,0.13614743339937485,0.5315601050387885,0.4518260892829702
sunsched_no_conformal,100,cct_region,2011,0.5,pvgis,365,0.3052640870787947,82.73851465568,10.0,158.8135834282582,0.34,4890,0.142391741236699,0.08687964882331424,0.14151329243353783,0.12274972537066707,0.5026544913994478,0.27071823204419887,0.49243353783231086,0.0,0.2558282208588957,0.0,0.25173824130879346,0.4647239263803681,0.5,0.8333333333333334,0.11224640900340586,0.169427344460663,0.4592244716633877,0.17001781652585965,0.7104249798264167,0.0,19.639202912676332,0.31588850837138505,0.9773021308980213,41.79490238410944,74.91223361869329,3.0146870022949135,1.095890410958904,0.26809360730593607,1272,0.6901408450704225,0.008091375797098314,6.110930626551073e-05,0.9925042112324379,0.609118445444385,20.10726664944816,0.13128552032734941,0.49733263970388775,0.4227327437483046
sunsched_no_conformal,100,cct_region,2014,0.5,pvgis,365,0.3052640870787947,82.73851465568,10.0,158.8135834282582,0.33,4890,0.1456283979606947,0.09620777953908066,0.14335378323108383,0.11998316971211198,0.5449139944786578,0.39226519337016574,0.44826175869120655,0.0,0.2740286298568507,0.0,0.27770961145194273,0.46271301976823453,0.6291666666666819,0.9166666666666666,0.11224640900340586,0.169427344460663,0.4592244716633877,0.17469916765117136,0.717259283228869,0.0,22.297233232776282,0.31588850837138505,0.9773021308980213,42.844439706406234,75.48519421005064,3.1161811145669764,1.1534246575342466,0.2638508371385084,1397,0.7014084507042253,0.009813078035961511,7.308883121989557e-05,0.9926069595828364,0.6141124405203325,16.58116781066694,0.14621903437245665,0.6030938299512797,0.5126297554585877
sunsched_no_conformal,105,cct_region,2011,0.5,pvgis,365,0.264632338334809,71.725720549728,10.0,183.19788075032216,0.33,2169,0.20550766283524904,0.38620572784273854,0.206546795758414,0.16001571649919524,0.8465608465608465,0.5222222222222223,0.08621484555094514,0.0,0.4071000461041955,0.0,0.5066851083448594,0.23620716151836485,0.8333333333333334,0.9166666666666666,0.096360153256705,0.25373563218390804,0.3789750957854406,0.18676259666532144,0.7132164162475089,0.0,19.639202912676332,0.31588850837138505,0.9773021308980213,36.23185044209719,72.45175077666445,2.554556471154794,0.7808219178082192,0.3029775494672755,1101,0.6788732394366197,0.00822707809718957,8.202639091250683e-06,0.9990039636347655,0.4020136020866518,19.90511277980076,0.1320047627922306,0.5023834886355311,0.4270259653402014
sunsched_no_conformal,105,cct_region,2012,0.5,pvgis,365,0.264632338334809,71.725720549728,10.0,183.19788075032216,0.33,2169,0.20550766283524904,0.38620572784273854,0.206546795758414,0.15975595937210907,0.848003848003848,0.5222222222222223,0.08483171968649147,0.0,0.40802213001383125,0.0,0.5071461502996772,0.23712924542800062,0.8333333333333334,0.9166666666666666,0.096360153256705,0.25373563218390804,0.3789750957854406,0.186437405797362,0.7154989325112554,0.0,20.729461989872192,0.31588850837138505,0.9773021308980213,34.27008698988615,72.45372982066482,2.545519568090238,0.7808219178082192,0.3286910197869102,1102,0.7154929577464788,0.008791494350643098,7.963514792387156e-06,0.9990949993835793,0.39999007066276804,18.628896727023278,0.13688932806430265,0.5368004421589762,0.4562803758351297
sunsched_no_conformal,105,cct_region,2013,0.5,pvgis,365,0.264632338334809,71.725720549728,10.0,183.19788075032216,0.33,2169,0.20550766283524904,0.38620572784273854,0.206546795758414,0.15975595937210907,0.848003848003848,0.5222222222222223,0.08483171968649147,0.0,0.40802213001383125,0.0,0.5071461502996772,0.23413247272168436,0.8333333333333334,0.9166666666666666,0.096360153256705,0.25373563218390804,0.3789750957854406,0.18751798665438826,0.7166543378123564,0.0,20.64649507784094,0.31588850837138505,0.9773021308980213,36.316290969702145,72.46636139961232,2.8027501231295826,0.7835616438356164,0.3077720700152207,1102,0.6816901408450704,0.008821812181024275,9.368758698722726e-06,0.9989391273078121,0.40419095989259535,18.561978624133147,0.1371631409015549,0.5387356705065166,0.4579253199305391
sunsched_no_conformal,105,cct_region,2014,0.5,pvgis,365,0.264632338334809,71.725720549728,10.0,183.19788075032216,0.32,2169,0.20550766283524904,0.38620572784273854,0.206546795758414,0.15967131940935067,0.848003848003848,0.5222222222222223,0.08483171968649147,0.0,0.40756108805901337,0.0,0.5076071922544951,0.22667896111879515,0.8333333333333334,0.9166666666666666,0.096360153256705,0.25373563218390804,0.3789750957854406,0.19153162337283935,0.7193754340060851,0.0,22.297233232776282,0.31588850837138505,0.9773021308980213,37.14169056913848,72.47952668099354,2.6976539673444386,0.7863013698630137,0.2944920091324201,1102,0.7070422535211267,0.00998799472865886,9.860649768882038e-06,0.9990137235041269,0.4020356022365714,16.395935490594084,0.1471721232708516,0.609907254498332,0.5184211663235823
sunsched_no_conformal,105,cct_region,2015,0.5,pvgis,365,0.264632338334809,71.725720549728,10.0,183.19788075032216,0.32,2169,0.2060344827586207,0.38806981867480095,0.2074688796680498,0.16280029759022233,0.8451178451178452,0.4777777777777778,0.08898109727985247,0.0,0.40848317196864914,0.0,0.5025357307514984,0.312163823574612,0.8333333333333334,0.9166666666666666,0.096360153256705,0.25373563218390804,0.3789750957854406,0.1861565396933395,0.7160465854868404,0.0,21.709066091403,0.31588850837138505,0.9773021308980213,35.35438240349712,72.41618308741704,2.8807407062848505,0.7753424657534247,0.323677701674277,1095,0.6676056338028169,0.009552932172749322,8.95840795309466e-06,0.9990631133166098,0.40099650103326123,17.143491702343713,0.14344575624375977,0.5833117414833808,0.4958149802608738
sunsched_no_conformal,130,cct_region,2011,0.5,pvgis,365,0.2526532182741883,68.47891018896,10.0,191.883894818735,0.32,1455,0.15760789512446605,0.0,0.15326460481099657,0.10794338692090101,0.5612472160356348,0.5740740740740741,0.4309278350515464,0.0,0.24123711340206186,0.0,0.32783505154639175,0.23717067583046966,0.5833333333333334,0.8333333333333334,0.15760789512446605,0.3132272794225954,0.3739873324495508,0.20862559067196257,0.7198456869112041,0.0,19.639202912676332,0.31588850837138505,0.9773021308980213,34.59174217265647,68.89607980691659,2.51053525875426,0.32602739726027397,0.27251712328767125,479,0.6788732394366197,0.008425291363382168,7.537494363412014e-06,0.9991061724967313,0.39999007066276804,19.43881402009309,0.13371834813736838,0.5144346763986434,0.4372694749388469
sunsched_no_conformal,130,cct_region,2012,0.5,pvgis,365,0.2526532182741883,68.47891018896,10.0,191.883894818735,0.31,1455,0.15760789512446605,0.0,0.15326460481099657,0.10799096139644973,0.5612472160356348,0.5740740740740741,0.4309278350515464,0.0,0.23986254295532647,0.0,0.32920962199312714,0.17233676975945017,0.5833333333333334,0.8333333333333334,0.15760789512446605,0.3132272794225954,0.3739873324495508,0.20788999431592697,0.7218583578727616,0.0,20.729461989872192,0.31588850837138505,0.9773021308980213,32.71878192595117,68.9097787907315,2.579834008948099,0.3287671232876712,0.29829718417047185,479,0.6929577464788732,0.008999681152611993,8.143183128403409e-06,0.9990959877962879,0.39999007066276804,18.197978304104733,0.13868619060573173,0.5495115904025669,0.46708485184218196
sunsched_no_conformal,130,cct_region,2013,0.5,pvgis,365,0.2526532182741883,68.47891018896,10.0,191.883894818735,0.32,1455,0.15760789512446605,0.0,0.15326460481099657,0.10794338692090101,0.5612472160356348,0.5740740740740741,0.4309278350515464,0.0,0.24123711340206186,0.0,0.32783505154639175,0.23717067583046966,0.5833333333333334,0.8333333333333334,0.15760789512446605,0.3132272794225954,0.3739873324495508,0.20884606883238624,0.7231531441010858,0.0,20.64649507784094,0.31588850837138505,0.9773021308980213,34.672360328345206,68.89607980691659,2.826552944259245,0.32602739726027397,0.27712138508371387,479,0.6929577464788732,0.009044133571206503,8.103174305763662e-06,0.9991048428655183,0.39999007066276804,18.10869472788119,0.1390686909797597,0.552220916541457,0.4693877790602385
sunsched_no_conformal,130,cct_region,2015,0.5,pvgis,365,0.2526532182741883,68.47891018896,10.0,191.883894818735,0.31,1455,0.15760789512446605,0.0,0.15326460481099657,0.10868401612350008,0.5501113585746102,0.5740740740740741,0.44123711340206184,0.0,0.23367697594501718,0.0,0.325085910652921,0.20263459335624287,0.5833333333333334,0.8333333333333334,0.15760789512446605,0.3132272794225954,0.3739873324495508,0.20620209923480795,0.7224591719078479,0.0,21.709066091403,0.31588850837138505,0.9773021308980213,33.753994506289885,68.86650776303237,2.8648006549349136,0.3232876712328767,0.2922374429223744,474,0.676056338028169,0.009756637605593163,8.715190171501768e-06,0.999107539650254,0.39999007066276804,16.78630513995214,0.14518686617773036,0.5957237114795181,0.5063651547575904
sunsched_no_conformal,130,cct_region,2014,0.5,pvgis,365,0.2526532182741883,68.47891018896,10.0,191.883894818735,0.32,1455,0.15760789512446605,0.0,0.15326460481099657,0.10799096139644973,0.5657015590200446,0.5740740740740741,0.4268041237113402,0.0,0.24398625429553264,0.0,0.32920962199312714,0.2374570446735395,0.5833333333333334,0.8333333333333334,0.15760789512446605,0.3132272794225954,0.3739873324495508,0.21336824776098848,0.7258074767049325,0.0,22.297233232776282,0.31588850837138505,0.9773021308980213,35.46039653915772,68.92530105281229,2.792732220524276,0.3315068493150685,0.26643835616438355,481,0.7352112676056338,0.010235710473545871,9.153279562537427e-06,0.9991065494102095,0.39999007066276804,16.000621948657336,0.1492761620152857,0.6249757060749211,0.531229350163683
sunsched_no_conformal,40,cct_region,2011,0.5,pvgis,365,0.2463447621244807,66.769071679648,10.0,196.7977039286174,0.31,1079,0.1724137931034483,0.10507246376811595,0.17701575532900835,0.14861961203081556,0.660455486542443,0.336283185840708,0.3262279888785913,0.0,0.283595922150139,0.0,0.3901760889712697,0.24559777571825764,0.75,0.8333333333333334,0.16351171595211297,0.1324056072853781,0.24823493297861457,0.21464399189321767,0.724734312555972,0.0,19.639202912676332,0.31588850837138505,0.9773021308980213,33.728026720588076,68.4860940413892,2.4930836119117177,0.2273972602739726,0.27856735159817353,422,0.6873239436619718,0.008478821180181492,7.584820531288667e-06,0.9991062387858121,0.39999007066276804,19.316091148033955,0.13418248530755417,0.5177030861659517,0.440047623241059
sunsched_no_conformal,28,cct_region,2012,0.5,pvgis,365,0.2576552408749775,69.834654076896,10.0,188.158732561793,0.32,1333,0.17056133056133058,0.027279253409906824,0.17479369842460615,0.12429048011505626,0.6279461279461279,0.46206896551724136,0.27831957989497375,0.0,0.33233308327081773,0.0,0.3893473368342086,0.3140785196299075,0.75,0.9166666666666666,0.1674012474012474,0.18985446985446985,0.28324324324324324,0.20401581902699187,0.7215173460919221,0.0,20.729461989872192,0.31588850837138505,0.9773021308980213,33.36654761752561,70.21832407455474,2.714809205106394,0.5534246575342465,0.3102739726027397,519,0.7014084507042253,0.008956655348804535,8.110439094283782e-06,0.9990952982725737,0.39999007066276804,18.285384772713765,0.13831518519423225,0.5468848549975512,0.46485212674791854
sunsched_no_conformal,28,cct_region,2011,0.5,pvgis,365,0.2576552408749775,69.834654076896,10.0,188.158732561793,0.33,1333,0.17056133056133058,0.027279253409906824,0.17479369842460615,0.12429048011505626,0.6279461279461279,0.46206896551724136,0.27831957989497375,0.0,0.33233308327081773,0.0,0.3893473368342086,0.3132033008252063,0.75,0.9166666666666666,0.1674012474012474,0.18985446985446985,0.28324324324324324,0.20468191991196025,0.7193713986415032,0.0,19.639202912676332,0.31588850837138505,0.9773021308980213,35.27658868809041,70.21832407455476,2.6489736942029194,0.5534246575342465,0.2845509893455099,519,0.6873239436619718,0.008384646329961862,7.506643261315928e-06,0.9991055163930795,0.39999007066276804,19.533031911122553,0.1333658021813412,0.5119532925303713,0.43516029865081557
sunsched_no_conformal,28,cct_region,2013,0.5,pvgis,365,0.2576552408749775,69.834654076896,10.0,188.158732561793,0.33,1333,0.17056133056133058,0.027279253409906824,0.17479369842460615,0.12429048011505626,0.6304713804713805,0.46206896551724136,0.2760690172543136,0.0,0.3345836459114779,0.0,0.3893473368342086,0.4204176044011003,0.75,0.9166666666666666,0.1674012474012474,0.18985446985446985,0.28324324324324324,0.2051030200256255,0.7227437724765257,0.0,20.64649507784094,0.31588850837138505,0.9773021308980213,35.358802920170255,70.21981152138459,2.9646486383375286,0.5534246575342465,0.2896023592085236,522,0.7014084507042253,0.009000166370520698,8.071691822572113e-06,0.9991039655294731,0.39999007066276804,18.197142514942545,0.13868975460980126,0.5495368293010027,0.46710630490585225
sunsched_no_conformal,28,cct_region,2014,0.5,pvgis,365,0.2576552408749775,69.834654076896,10.0,188.158732561793,0.33,1333,0.17056133056133058,0.027279253409906824,0.17479369842460615,0.12429048011505626,0.6304713804713805,0.46206896551724136,0.2760690172543136,0.0,0.33233308327081773,0.0,0.3915978994748687,0.30582645661415353,0.75,0.9166666666666666,0.1674012474012474,0.18985446985446985,0.28324324324324324,0.20936138397464038,0.7254200908303641,0.0,22.297233232776282,0.31588850837138505,0.9773021308980213,36.16244065374859,70.24667578658062,2.9049248348776926,0.5589041095890411,0.27786339421613393,522,0.7323943661971831,0.010186748055628584,9.115215943619943e-06,0.999105988801455,0.39999007066276804,16.077519623673144,0.14885918668697584,0.6219864900849273,0.5286885165721883
sunsched_no_conformal,28,cct_region,2015,0.5,pvgis,365,0.2576552408749775,69.834654076896,10.0,188.158732561793,0.33,1333,0.16390852390852392,-0.03015075376884408,0.16879219804951237,0.12280759126370294,0.6144781144781145,0.46206896551724136,0.291072768192048,0.0,0.33083270817704424,0.0,0.37809452363090773,0.3437734433608402,0.75,0.9166666666666666,0.1674012474012474,0.18985446985446985,0.28324324324324324,0.202992938406893,0.7220644926654485,0.0,21.709066091403,0.31588850837138505,0.9773021308980213,34.42225531270494,70.12700546215316,3.0163965489835465,0.5397260273972603,0.3041856925418569,505,0.6676056338028169,0.009730364968553947,8.686151472399607e-06,0.9991081111121248,0.39999007066276804,16.831638915203364,0.14496199280995248,0.5941192090906483,0.5050013277270511
sunsched_no_conformal,40,cct_region,2013,0.5,pvgis,365,0.2463447621244807,66.769071679648,10.0,196.7977039286174,0.32,1079,0.1724137931034483,0.10507246376811595,0.17701575532900835,0.14861961203081556,0.660455486542443,0.336283185840708,0.3262279888785913,0.0,0.283595922150139,0.0,0.3901760889712697,0.24559777571825764,0.75,0.8333333333333334,0.16351171595211297,0.1324056072853781,0.24823493297861457,0.21486386954993528,0.7279667200663125,0.0,20.64649507784094,0.31588850837138505,0.9773021308980213,33.80663193496785,68.4860940413892,2.797762975792337,0.2273972602739726,0.28279109589041096,422,0.6873239436619718,0.009104327097937534,8.15404715357156e-06,0.9991051781590832,0.39999007066276804,17.988974596375037,0.13958726781919106,0.5558960543540432,0.4725116462009368
sunsched_no_conformal,40,cct_region,2012,0.5,pvgis,365,0.2463447621244807,66.769071679648,10.0,196.7977039286174,0.32,1079,0.1724137931034483,0.10507246376811595,0.17701575532900835,0.14861961203081556,0.660455486542443,0.336283185840708,0.3262279888785913,0.0,0.283595922150139,0.0,0.3901760889712697,0.2466017917825147,0.75,0.8333333333333334,0.16351171595211297,0.1324056072853781,0.24823493297861457,0.21423792293071683,0.7265992932305988,0.0,20.729461989872192,0.31588850837138505,0.9773021308980213,31.901832106504624,68.48609404138918,2.5100002528160714,0.2273972602739726,0.302720700152207,422,0.6816901408450704,0.009058772803961583,8.197121016311902e-06,0.9990959360090377,0.39999007066276804,18.07926939047281,0.13919554182427596,0.5531196965995582,0.4701517421096244
sunsched_no_conformal,40,cct_region,2014,0.5,pvgis,365,0.2463447621244807,66.769071679648,10.0,196.7977039286174,0.31,1079,0.1724137931034483,0.10507246376811595,0.17701575532900835,0.14861961203081556,0.660455486542443,0.336283185840708,0.3262279888785913,0.0,0.283595922150139,0.0,0.3901760889712697,0.24559777571825764,0.75,0.8333333333333334,0.16351171595211297,0.1324056072853781,0.24823493297861457,0.2192244086028601,0.7305937141892501,0.0,22.297233232776282,0.31588850837138505,0.9773021308980213,34.574991800811475,68.4860940413892,2.7887528829594137,0.2273972602739726,0.2727644596651446,422,0.7295774647887324,0.010301153989046897,9.209196869722206e-06,0.9991068018940108,0.39999007066276804,15.898973573782705,0.14983321681196748,0.6289714209280736,0.5346257077888625
sunsched_no_conformal,40,cct_region,2015,0.5,pvgis,365,0.2463447621244807,66.769071679648,10.0,196.7977039286174,0.32,1079,0.1724137931034483,0.10507246376811595,0.17701575532900835,0.14861961203081556,0.660455486542443,0.336283185840708,0.3262279888785913,0.0,0.283595922150139,0.0,0.3901760889712697,0.24559777571825764,0.75,0.8333333333333334,0.16351171595211297,0.1324056072853781,0.24823493297861457,0.21233560933518242,0.7272325619643607,0.0,21.709066091403,0.31588850837138505,0.9773021308980213,32.911196636249485,68.4860940413892,2.83832753382255,0.2273972602739726,0.2983447488584475,422,0.6563380281690141,0.009829126599093,8.770960753718943e-06,0.9991084517092841,0.39999007066276804,16.662522742465356,0.1458067988469589,0.6001492183722246,0.5101268356163908
sunsched_no_conformal,46,cct_region,2011,0.5,pvgis,365,0.32494362877726723,88.072440650112,10.0,149.1953658034943,0.34,6276,0.10303062640059757,nan,0.09560229445506692,0.08374703072362434,0.4518918918918919,0.4132231404958678,0.5361695347355003,0.0,0.2445825366475462,0.0,0.21924792861695347,0.295291586998088,0.5833333333333334,0.9166666666666666,0.20872905773129866,0.1088997972468253,0.14310105645075233,0.1804595468495785,0.707056032658996,0.0,19.639202912676332,0.31588850837138505,0.9773021308980213,44.48930555522212,74.80952536824037,3.903238280559226,1.0602739726027397,0.2419330289193303,1403,0.6929577464788732,0.008175320229019315,7.103608894579523e-05,0.991385760424754,0.6699536372369448,19.878378462967106,0.13210092869070889,0.5030591412991626,0.4276002701042882
sunsched_no_conformal,46,cct_region,2014,0.5,pvgis,365,0.32494362877726723,88.072440650112,10.0,149.1953658034943,0.34,6276,0.10767260697897768,nan,0.09990439770554493,0.08585599143172937,0.4758558558558559,0.4256198347107438,0.5119502868068834,0.0,0.2568514977692798,0.0,0.23119821542383684,0.3354711068621203,0.5833333333333334,0.9166666666666666,0.20872905773129866,0.1088997972468253,0.14310105645075233,0.18528250960046255,0.7141615154903207,0.0,22.297233232776282,0.31588850837138505,0.9773021308980213,45.60650368130288,75.27790649716677,4.132287437356475,1.1205479452054794,0.23719558599695587,1482,0.7014084507042253,0.009921814073216701,8.209135461342823e-05,0.9917940693056677,0.6646199890966178,16.386019741146825,0.147223720536237,0.6102763305532378,0.5187348809702521
sunsched_no_conformal,46,cct_region,2012,0.5,pvgis,365,0.32494362877726723,88.072440650112,10.0,149.1953658034943,0.36,6276,0.10463130935865968,nan,0.09703632887189292,0.08446132424548468,0.4545945945945946,0.4132231404958678,0.5331421287444232,0.0,0.24665391969407266,0.0,0.22020395156150413,0.3190062672615254,0.5833333333333334,0.9166666666666666,0.20872905773129866,0.1088997972468253,0.14310105645075233,0.18036288514571838,0.710744407547299,0.0,20.729461989872192,0.31588850837138505,0.9773021308980213,42.080444495477394,74.90614807943243,3.8937440123428004,1.0767123287671232,0.27413432267884325,1412,0.6676056338028169,0.008737601276452896,6.779629920037338e-05,0.992300597603017,0.6343477976377521,18.616330542784027,0.13694060251875328,0.5371627871033989,0.4565883690378891
sunsched_no_conformal,46,cct_region,2015,0.5,pvgis,365,0.32494362877726723,88.072440650112,10.0,149.1953658034943,0.35,6276,0.10180343613274995,nan,0.09464627151051626,0.08448856541507858,0.4347747747747748,0.38292011019283745,0.5554493307839388,0.0,0.2305608667941364,0.0,0.21398980242192478,0.2755603356702784,0.5833333333333334,0.9166666666666666,0.20872905773129866,0.1088997972468253,0.14310105645075233,0.18007992791893007,0.7109277358327974,0.0,21.709066091403,0.31588850837138505,0.9773021308980213,43.41185730988292,74.53836160438615,4.327304687905811,1.0273972602739727,0.26323249619482497,1368,0.6901408450704225,0.00948471448100003,7.106733437781603e-05,0.9925628969192819,0.6386097924549909,17.15445109527217,0.1433934257603624,0.5829390835336047,0.495498221003564
sunsched_no_conformal,46,cct_region,2013,0.5,pvgis,365,0.32494362877726723,88.072440650112,10.0,149.1953658034943,0.36,6276,0.1071212606267563,nan,0.0992670490758445,0.08589809794323282,0.4594594594594595,0.41735537190082644,0.5289993626513703,0.0,0.248565965583174,0.0,0.2224346717654557,0.2798226046314001,0.5833333333333334,0.9166666666666666,0.20872905773129866,0.1088997972468253,0.14310105645075233,0.18119965249940423,0.7111903596465569,0.0,20.64649507784094,0.31588850837138505,0.9773021308980213,44.592990583395554,74.99604796146858,4.229760694127685,1.0904109589041096,0.250294901065449,1421,0.676056338028169,0.008763062512477183,7.334738577082573e-05,0.9916994133799328,0.6590400579020779,18.550994546042002,0.13720826532831598,0.5390546568908122,0.45819645835719036
sunsched_no_conformal,7,cct_region,2012,0.5,pvgis,365,0.2592832308673501,70.275903079136,10.0,186.97731973936163,0.33,1853,0.2715880745931821,nan,0.25310307609282245,0.13444036482249178,0.6798798798798799,0.31382978723404253,0.34916351861845657,0.0,0.3815434430652995,0.0,0.2692930383162439,0.2447832343946753,0.4166666666666667,0.9166666666666666,0.45064734529041467,0.20602209288514078,0.22146335669319397,0.2027589820533037,0.723897896564393,0.0,20.729461989872192,0.31588850837138505,0.9773021308980213,33.5773735468446,70.03591324523273,2.606076466361199,0.4301369863013699,0.3030346270928463,499,0.704225352112676,0.0089473403199197,8.099844780045999e-06,0.9990955391771839,0.39999007066276804,18.30442600411103,0.13823481137755111,0.5463159564661617,0.46436856299623747
sunsched_no_conformal,7,cct_region,2011,0.5,pvgis,365,0.2592832308673501,70.275903079136,10.0,186.97731973936163,0.33,1853,0.2769331274498159,nan,0.2579600647598489,0.14514976493104267,0.6798798798798799,0.31382978723404253,0.34916351861845657,0.0,0.39287641662169454,0.0,0.2579600647598489,0.781885231156683,0.5,0.9166666666666666,0.45064734529041467,0.20602209288514078,0.22146335669319397,0.2030661072941155,0.7217303158451269,0.0,19.639202912676332,0.31588850837138505,0.9773021308980213,35.499483177463915,69.96154759938764,2.6045084009454387,0.41643835616438357,0.276912100456621,499,0.7154929577464788,0.00837348367954298,7.4940393523153726e-06,0.9991058275533391,0.39999007066276804,19.5590773925357,0.1332689179926636,0.5112715594558813,0.4345808255374991
sunsched_no_conformal,78,cct_region,2011,0.5,pvgis,365,0.26856215194727723,72.79085383900801,10.0,180.51718460483815,0.32,2359,0.07148718883924501,-0.6012918379330587,0.069520983467571,0.06571293755651883,0.5917241379310345,0.358695652173913,0.41670199236964817,0.0,0.2573124205171683,0.0,0.32598558711318354,0.3677405680373039,0.75,0.8333333333333334,0.11817269991793561,0.24591957691255584,0.19581471687790647,0.19784966417468028,0.7144006778703128,0.0,19.639202912676332,0.31588850837138505,0.9773021308980213,36.76989662333198,70.92011208233973,2.856982782756069,0.6164383561643836,0.2771023592085236,780,0.6845070422535211,0.008325073312527903,8.855035783910913e-06,0.9989374715723702,0.4031048512017934,19.66949858192579,0.1328608987768175,0.5084013686647281,0.4321411633650189
sunsched_no_conformal,78,cct_region,2012,0.5,pvgis,365,0.26856215194727723,72.79085383900801,10.0,180.51718460483815,0.31,2359,0.07239901522750068,-0.5895478567234288,0.07036880033912675,0.06640608208233728,0.593103448275862,0.358695652173913,0.41670199236964817,0.0,0.2526494277236117,0.0,0.3306485799067401,0.1469902501059771,0.6666666666666666,0.8333333333333334,0.11817269991793561,0.24591957691255584,0.19581471687790647,0.19780531146296104,0.7167597769701478,0.0,20.729461989872192,0.31588850837138505,0.9773021308980213,34.77900081047541,70.96387754595295,2.840862240310753,0.6246575342465753,0.302796803652968,780,0.6732394366197183,0.008899574407691433,8.342473103578578e-06,0.9990634765439309,0.4009993746911311,18.40207918670661,0.13782510850340068,0.543416855157533,0.4619043268839031
sunsched_no_conformal,78,cct_region,2013,0.5,pvgis,365,0.26856215194727723,72.79085383900801,10.0,180.51718460483815,0.32,2359,0.07239901522750068,-0.5895478567234288,0.07036880033912675,0.06640608208233728,0.593103448275862,0.358695652173913,0.41670199236964817,0.0,0.2526494277236117,0.0,0.3306485799067401,0.14614243323442136,0.6666666666666666,0.8333333333333334,0.11817269991793561,0.24591957691255584,0.19581471687790647,0.19875037723181568,0.7178923111688092,0.0,20.64649507784094,0.31588850837138505,0.9773021308980213,36.85559110023469,70.9765091249004,3.1123674789059277,0.6273972602739726,0.28175418569254185,780,0.7070422535211267,0.00893745976195071,1.1717279321309609e-05,0.9986906863874443,0.4112781577194528,18.317236442300903,0.13818082773398221,0.5459338820842267,0.46404379977159266
sunsched_no_conformal,7,cct_region,2013,0.5,pvgis,365,0.2592832308673501,70.275903079136,10.0,186.97731973936163,0.35,1853,0.2721819693550303,nan,0.25364274150026983,0.1343830054971004,0.6798798798798799,0.31382978723404253,0.34916351861845657,0.0,0.3842417701025364,0.0,0.266594711279007,0.37218924266954495,0.4166666666666667,0.9166666666666666,0.45064734529041467,0.20602209288514078,0.22146335669319397,0.2038913750759884,0.7251139316128831,0.0,20.64649507784094,0.31588850837138505,0.9773021308980213,35.5822168786866,70.00798157516924,2.8513390551572813,0.4246575342465753,0.2811073059360731,499,0.6873239436619718,0.008990373971740769,8.061527002699399e-06,0.9991041190433799,0.39999007066276804,18.216965810543464,0.13860530742682065,0.5489388355887611,0.4665980102504469
sunsched_no_conformal,7,cct_region,2014,0.5,pvgis,365,0.2592832308673501,70.275903079136,10.0,186.97731973936163,0.35,1853,0.2733697588787267,nan,0.2547220723151646,0.1348120919237932,0.6816816816816816,0.31382978723404253,0.3475445223961144,0.0,0.38316243928764165,0.0,0.2692930383162439,0.32222522036337475,0.4166666666666667,0.9166666666666666,0.45064734529041467,0.20602209288514078,0.22146335669319397,0.20823333975974756,0.7277968275284936,0.0,22.297233232776282,0.31588850837138505,0.9773021308980213,36.390932382790126,70.03740069206256,2.818481160242227,0.4301369863013699,0.26995814307458144,502,0.6901408450704225,0.010174524819159925,9.1045285526103e-06,0.9991059642646307,0.39999007066276804,16.09683406886871,0.14875504866767686,0.6212401741371,0.528054148016535
sunsched_no_conformal,7,cct_region,2015,0.5,pvgis,365,0.2592832308673501,70.275903079136,10.0,186.97731973936163,0.35,1853,0.2603040741180663,nan,0.24284943335132217,0.1154960374319802,0.6474474474474474,0.31382978723404253,0.3783054506206152,0.0,0.3734484619535888,0.0,0.248246087425796,0.38900881453498826,0.3333333333333333,0.9166666666666666,0.45064734529041467,0.20602209288514078,0.22146335669319397,0.20073015412652598,0.7244765305137609,0.0,21.709066091403,0.31588850837138505,0.9773021308980213,34.63975171205602,69.84981954422236,3.0391457301620792,0.4054794520547945,0.2968607305936073,466,0.6563380281690141,0.009705988088154335,8.665734423009864e-06,0.9991079729055429,0.39999007066276804,16.873909747357366,0.1447533481681429,0.5926308810301718,0.503736248875646
sunsched_no_conformal,78,cct_region,2015,0.5,pvgis,365,0.26856215194727723,72.79085383900801,10.0,180.51718460483815,0.31,2359,0.06738397009209447,-0.654139753376394,0.06570580754557016,0.06287282056352408,0.5724137931034483,0.30978260869565216,0.43959304790165327,0.0,0.24756252649427724,0.0,0.3128444256040695,0.23523385615373743,0.5833333333333334,0.9166666666666666,0.11817269991793561,0.24591957691255584,0.19581471687790647,0.19571735674574292,0.7172855927854696,0.0,21.709066091403,0.31588850837138505,0.9773021308980213,35.879398106808,70.80388800079965,3.330897983247745,0.6054794520547945,0.29802130898021306,743,0.676056338028169,0.009646476811928182,8.620674826220556e-06,0.9991071374641171,0.39999007066276804,16.97799447948341,0.14424380942559467,0.588997717727157,0.5006480600680835
sunsched_no_conformal,78,cct_region,2014,0.5,pvgis,365,0.26856215194727723,72.79085383900801,10.0,180.51718460483815,0.34,2359,0.07239901522750068,-0.5895478567234288,0.07036880033912675,0.06637878488171227,0.5944827586206897,0.358695652173913,0.41543026706231456,0.0,0.2530733361593896,0.0,0.3314963967782959,0.14656634167019925,0.6666666666666666,0.8333333333333334,0.11817269991793561,0.24591957691255584,0.19581471687790647,0.20281239952819213,0.7206214478443556,0.0,22.297233232776282,0.31588850837138505,0.9773021308980213,37.69324795667156,70.99167450291355,3.1040211651875254,0.6301369863013698,0.26990106544901066,782,0.7070422535211267,0.010115074789724258,1.1184991243810571e-05,0.9988954469383817,0.4051632308905948,16.18802947728833,0.14826653476277152,0.6177404120760909,0.5250793502646772
sunsched_no_conformal,0,cct_region,2011,1.0,pvgis,365,0.6324456329947064,85.70875921763201,10.0,153.30988477659398,0.31,1861,0.7234470858895703,0.7341673182173568,0.8339602364320258,0.44201992107082266,0.9933993399339934,0.18604651162790697,0.0,0.0,0.09403546480386889,0.0,0.9059645351961311,0.38621708758731865,0.9166666666666666,0.9166666666666666,0.543424079754601,0.5286618098159508,0.788631134969325,0.3436690190391364,0.6973944847433252,0.0,19.639202912676332,0.31588850837138505,0.9773021308980213,86.59060994439086,83.66813515334749,15.552691269657585,3.249315068493151,0.0,1687,0.7126760563380281,0.009831755615159086,9.187221582783431e-05,0.9907420736254376,1.2236130775450476,16.51857512402174,0.1465388251730445,0.6053790914119306,0.514572227700141
sunsched_no_conformal,0,cct_region,2012,1.0,pvgis,365,0.6324456329947064,85.70875921763201,10.0,153.30988477659398,0.33,1861,0.6376533742331286,0.384284597341673,0.7125201504567437,0.42837515957702305,0.8553355335533553,0.13953488372093023,0.13648576034390114,0.0,0.09833422890918861,0.0,0.7651800107469102,0.9440712878380799,0.9166666666666666,0.9166666666666666,0.543424079754601,0.5286618098159508,0.788631134969325,0.3228025215136272,0.7078404505718751,0.0,20.729461989872192,0.31588850837138505,0.9773021308980213,81.90218548301715,81.91721005606338,14.967572572733284,2.9342465753424656,0.0,1448,0.7154929577464788,0.01033857343337463,9.676479739378152e-05,0.9907272006662445,1.2048770323001854,15.70856528115809,0.1508950800225345,0.6365953746262666,0.5411060684323266
sunsched_no_conformal,0,cct_region,2015,1.0,pvgis,365,0.6324456329947064,85.70875921763201,10.0,153.30988477659398,0.31,1861,0.7234470858895703,0.7341673182173568,0.8339602364320258,0.44201992107082266,0.9933993399339934,0.18604651162790697,0.0,0.0,0.09403546480386889,0.0,0.9059645351961311,0.42804048002865847,0.9166666666666666,0.9166666666666666,0.543424079754601,0.5286618098159508,0.788631134969325,0.32231588981085757,0.7058162860193977,0.0,21.709066091403,0.31588850837138505,0.9773021308980213,84.49354640107268,83.52918778492597,14.741259616974173,3.219178082191781,0.0,1687,0.704225352112676,0.011060481558337385,0.00010227224615046713,0.9908380810020777,1.208975466873188,14.684924051902552,0.15704930044699617,0.6809704949549548,0.5788249207117115
sunsched_no_conformal,0,cct_region,2013,1.0,pvgis,365,0.6324456329947064,85.70875921763201,10.0,153.30988477659398,0.33,1861,0.7234470858895703,0.7341673182173568,0.8339602364320258,0.44201992107082266,0.9933993399339934,0.18604651162790697,0.0,0.0,0.09403546480386889,0.0,0.9059645351961311,0.38456027225506006,0.9166666666666666,0.9166666666666666,0.543424079754601,0.5286618098159508,0.788631134969325,0.3472456411877388,0.7053664086614393,0.0,20.64649507784094,0.31588850837138505,0.9773021308980213,86.79241461900928,83.69339831124242,15.365622441921202,3.254794520547945,0.0,1687,0.6929577464788732,0.010554984591350932,0.00010012122459470042,0.9906034509347748,1.2220919327405082,15.384567235707197,0.15275913207088931,0.6500020342977376,0.552501729153077
sunsched_no_conformal,105,cct_region,2012,1.0,pvgis,365,0.529264676669618,71.725720549728,10.0,183.19788075032216,0.31,2169,0.2106800766283525,0.40450771055753265,0.21484555094513602,0.16174060702754042,0.9042809042809042,0.6777777777777778,0.016597510373443983,0.0,0.4536652835408022,0.0,0.5297372060857538,0.2319041032733979,0.8333333333333334,0.9166666666666666,0.096360153256705,0.25373563218390804,0.3789750957854406,0.3147769511424607,0.7393474618358468,0.0,20.729461989872192,0.31588850837138505,0.9773021308980213,68.5401739797723,72.94526195018834,10.825106395897537,0.8493150684931506,0.0,1150,0.6563380281690141,0.010170327769392869,8.929078275102548e-05,0.9912968710973794,1.068098126347111,15.977610765532415,0.14940167951908745,0.6258758050091211,0.531994434257753
sunsched_no_conformal,0,cct_region,2014,1.0,pvgis,365,0.6324456329947064,85.70875921763201,10.0,153.30988477659398,0.35,1861,0.7234470858895703,0.7341673182173568,0.8339602364320258,0.44201992107082266,0.9933993399339934,0.18604651162790697,0.0,0.0,0.09403546480386889,0.0,0.9059645351961311,0.3840229267418951,0.9166666666666666,0.9166666666666666,0.543424079754601,0.5286618098159508,0.788631134969325,0.35380016866579655,0.7100816506157823,0.0,22.297233232776282,0.31588850837138505,0.9773021308980213,88.76503964066944,83.7060298901897,17.09330783475947,3.2575342465753425,0.0,1687,0.7014084507042253,0.011900612232097084,0.00010819746786308879,0.9909901588445149,1.2209823831166422,13.650328044546665,0.16415109929116445,0.7325831267472741,0.622695657735183
sunsched_no_conformal,100,cct_region,2014,1.0,pvgis,365,0.6105281741575894,82.73851465568,10.0,158.8135834282582,0.34,4890,0.3197097586257959,0.5979148884282405,0.3169734151329243,0.21379324888810383,0.9804629433000637,0.7624309392265194,0.0,0.0,0.40388548057259716,0.0,0.5961145194274029,0.25661213360599866,0.9166666666666666,0.9166666666666666,0.11224640900340586,0.169427344460663,0.4592244716633877,0.3478564526261413,0.7420769906235558,0.0,22.297233232776282,0.31588850837138505,0.9773021308980213,85.68887941281247,83.14219671632397,13.805118398679857,2.164383561643836,0.0,2921,0.7014084507042253,0.011830771655810535,0.00011791260520306626,0.9901317498540159,1.2951672671514134,13.719016106555381,0.1636483882524027,0.7289152459863126,0.6195779590883658
sunsched_no_conformal,100,cct_region,2012,1.0,pvgis,365,0.6105281741575894,82.73851465568,10.0,158.8135834282582,0.34,4890,0.3101901800258086,0.5704792098524569,0.30777096114519426,0.21224445511385226,0.9532809513697176,0.7292817679558011,0.027607361963190184,0.0,0.4032719836400818,0.0,0.569120654396728,0.6862815269256989,0.9166666666666666,0.9166666666666666,0.11224640900340586,0.169427344460663,0.4592244716633877,0.3177742849322471,0.7406263735700157,0.0,20.729461989872192,0.31588850837138505,0.9773021308980213,79.06385806743447,82.53569709826282,11.469314211317059,2.0767123287671234,0.0,2823,0.7211267605633802,0.010274142875504481,0.00010228048821668586,0.9901429919894859,1.2804546555231984,15.797754783417423,0.15039466976142124,0.6330013433615765,0.5380511418573402
sunsched_no_conformal,105,cct_region,2011,1.0,pvgis,365,0.529264676669618,71.725720549728,10.0,183.19788075032216,0.33,2169,0.21451149425287358,0.4180647347907135,0.21853388658367912,0.16180341361257689,0.9215969215969216,0.6777777777777778,0.0,0.0,0.4661134163208852,0.0,0.5338865836791148,0.23455509451360074,0.8333333333333334,0.9166666666666666,0.096360153256705,0.25373563218390804,0.3789750957854406,0.33586957823986163,0.7309482285972868,0.0,19.639202912676332,0.31588850837138505,0.9773021308980213,72.46370088419438,73.03050410773342,10.88718281489913,0.8575342465753425,0.0,1159,0.6647887323943662,0.009673654357042963,8.025913186672426e-05,0.9917715969125643,1.081618911903629,16.805991975977033,0.14508907001732407,0.5950258701952427,0.5057719896659563
sunsched_no_conformal,100,cct_region,2011,1.0,pvgis,365,0.6105281741575894,82.73851465568,10.0,158.8135834282582,0.35,4890,0.3197097586257959,0.5979148884282405,0.3169734151329243,0.21379324888810383,0.9804629433000637,0.7624309392265194,0.0,0.0,0.40388548057259716,0.0,0.5961145194274029,0.25833333333333336,0.9166666666666666,0.9166666666666666,0.11224640900340586,0.169427344460663,0.4592244716633877,0.33760255671101913,0.7301995162647636,0.0,19.639202912676332,0.31588850837138505,0.9773021308980213,83.58980476821888,83.12956513737662,11.95759095509507,2.1616438356164385,0.0,2921,0.6957746478873239,0.009758973600879817,9.481485997550765e-05,0.9903778267260187,1.2968051626021377,16.63565160549037,0.14594253440387173,0.6011186238535818,0.5109508302755446
sunsched_no_conformal,100,cct_region,2013,1.0,pvgis,365,0.6105281741575894,82.73851465568,10.0,158.8135834282582,0.34,4890,0.3197097586257959,0.5979148884282405,0.3169734151329243,0.21379324888810383,0.9804629433000637,0.7624309392265194,0.0,0.0,0.40388548057259716,0.0,0.5961145194274029,0.25698704839809133,0.9166666666666666,0.9166666666666666,0.11224640900340586,0.169427344460663,0.4592244716633877,0.33426037716437434,0.7377678629126309,0.0,20.64649507784094,0.31588850837138505,0.9773021308980213,83.78461588415563,83.14219671632397,12.419906304679131,2.164383561643836,0.0,2921,0.6845070422535211,0.010392657258961824,0.00010311494103755806,0.9901755736431128,1.2973239303104909,15.618116390616787,0.15140808599929723,0.6402820769096011,0.5442397653731611
sunsched_no_conformal,100,cct_region,2015,1.0,pvgis,365,0.6105281741575894,82.73851465568,10.0,158.8135834282582,0.34,4890,0.31617693723424506,0.587733203267894,0.3141104294478528,0.2144351794096555,0.9679337438946698,0.7458563535911602,0.011656441717791411,0.0,0.4026584867075665,0.0,0.5856850715746421,0.6172972051806408,0.9166666666666666,0.9166666666666666,0.11224640900340586,0.169427344460663,0.4592244716633877,0.29279640228216086,0.7385559510679587,0.0,21.709066091403,0.31588850837138505,0.9773021308980213,81.56541514577572,82.83957956033456,12.898165651937095,2.117808219178082,0.0,2885,0.7126760563380281,0.01071460865210908,0.00010106050783281723,0.9906561021478804,1.2551153045109935,15.156176599420963,0.1541184241230268,0.659797009780293,0.5608274583132491
sunsched_no_conformal,105,cct_region,2013,1.0,pvgis,365,0.529264676669618,71.725720549728,10.0,183.19788075032216,0.33,2169,0.21451149425287358,0.4180647347907135,0.21853388658367912,0.16180341361257689,0.9215969215969216,0.6777777777777778,0.0,0.0,0.4661134163208852,0.0,0.5338865836791148,0.2343629936990933,0.8333333333333334,0.9166666666666666,0.096360153256705,0.25373563218390804,0.3789750957854406,0.3307130494722436,0.7373964313294804,0.0,20.64649507784094,0.31588850837138505,0.9773021308980213,72.63258193940429,73.03050410773342,11.582964659437744,0.8575342465753425,0.0,1159,0.6591549295774648,0.010301954087914652,8.972140498308997e-05,0.9913660309115301,1.0750002864127852,15.774568012735331,0.15052424645828333,0.6339317813284439,0.5388420141291773
sunsched_no_conformal,105,cct_region,2014,1.0,pvgis,365,0.529264676669618,71.725720549728,10.0,183.19788075032216,0.33,2169,0.21451149425287358,0.4180647347907135,0.21853388658367912,0.16180341361257689,0.9215969215969216,0.6777777777777778,0.0,0.0,0.4661134163208852,0.0,0.5338865836791148,0.23132780082987553,0.8333333333333334,0.9166666666666666,0.096360153256705,0.25373563218390804,0.3789750957854406,0.35380673161927795,0.7413386727057435,0.0,22.297233232776282,0.31588850837138505,0.9773021308980213,74.28338113827697,73.03050410773344,11.829836137238011,0.8575342465753425,0.0,1159,0.6366197183098592,0.011832010403584241,0.00010225920442376187,0.991431465202098,1.081914656558386,13.735586442508033,0.16352782185247294,0.7280358972553677,0.6188305126670626
sunsched_no_conformal,105,cct_region,2015,1.0,pvgis,365,0.529264676669618,71.725720549728,10.0,183.19788075032216,0.32,2169,0.21451149425287358,0.4180647347907135,0.21853388658367912,0.16180341361257689,0.9215969215969216,0.6777777777777778,0.0,0.0,0.4661134163208852,0.0,0.5338865836791148,0.2343629936990933,0.8333333333333334,0.9166666666666666,0.096360153256705,0.25373563218390804,0.3789750957854406,0.2925596346654274,0.7379649929233817,0.0,21.709066091403,0.31588850837138505,0.9773021308980213,70.70876480699424,73.03050410773342,12.11001726031597,0.8575342465753425,0.0,1159,0.6563380281690141,0.01069077494596934,8.672087612269201e-05,0.9919535226406742,1.0495856347674168,15.209859000174577,0.15379545566549246,0.6574682907898898,0.5588480471714062
sunsched_no_conformal,130,cct_region,2011,1.0,pvgis,365,0.5053064365483766,68.47891018896,10.0,191.883894818735,0.32,1455,0.33414346737369277,0.815861130020422,0.3223367697594502,0.19271472097359413,0.9992576095025983,0.8425925925925926,0.0,0.0,0.3663230240549828,0.0,0.6336769759450172,0.36059564719358533,0.8333333333333334,0.9124999999999943,0.15760789512446605,0.3132272794225954,0.3739873324495508,0.3349937983495041,0.7368165404532631,0.0,19.639202912676332,0.31588850837138505,0.9773021308980213,69.18348434531293,71.22668535630447,12.219426386391753,0.6383561643835617,0.0,922,0.7154929577464788,0.009704419913251895,9.62603160980081e-05,0.9901782005079873,1.0157097045046566,16.725797392928897,0.14548881400348157,0.5978788194712715,0.5081969965505808
sunsched_no_conformal,130,cct_region,2012,1.0,pvgis,365,0.5053064365483766,68.47891018896,10.0,191.883894818735,0.32,1455,0.2883340698188246,0.6041524846834581,0.27835051546391754,0.17689625725053804,0.8923533778767632,0.7314814814814815,0.10859106529209622,0.0,0.34776632302405497,0.0,0.5436426116838488,0.7177548682703321,0.8333333333333334,0.8333333333333334,0.15760789512446605,0.3132272794225954,0.3739873324495508,0.32205780189482897,0.7446782498640445,0.0,20.729461989872192,0.31588850837138505,0.9773021308980213,65.43756385190234,70.67756831322743,11.799377189191404,0.5643835616438356,0.004556697108066971,803,0.7070422535211267,0.010290874436848193,0.00010026061665904134,0.9903513315780453,0.9995002388702062,15.77538844263817,0.15051965541518508,0.6338988124673821,0.5388139905972749
sunsched_no_conformal,130,cct_region,2014,1.0,pvgis,365,0.5053064365483766,68.47891018896,10.0,191.883894818735,0.32,1455,0.33414346737369277,0.815861130020422,0.3223367697594502,0.19271472097359413,0.9992576095025983,0.8425925925925926,0.0,0.0,0.3663230240549828,0.0,0.6336769759450172,0.36002290950744553,0.8333333333333334,0.9124999999999943,0.15760789512446605,0.3132272794225954,0.3739873324495508,0.3495778573742359,0.7467966981204893,0.0,22.297233232776282,0.31588850837138505,0.9773021308980213,70.92079307831544,71.23931693525192,13.267604476973059,0.6410958904109589,0.0,922,0.7154929577464788,0.011828035138554521,0.00011229823676202978,0.9905950501353524,1.0129018911407597,13.728610975624838,0.1635785422643008,0.7284058101547936,0.6191449386315745
sunsched_no_conformal,130,cct_region,2013,1.0,pvgis,365,0.5053064365483766,68.47891018896,10.0,191.883894818735,0.33,1455,0.33414346737369277,0.815861130020422,0.3223367697594502,0.19271472097359413,0.9992576095025983,0.8425925925925926,0.0,0.0,0.3663230240549828,0.0,0.6336769759450172,0.36059564719358533,0.8333333333333334,0.9124999999999943,0.15760789512446605,0.3132272794225954,0.3739873324495508,0.3374516167653091,0.7430221770263596,0.0,20.64649507784094,0.31588850837138505,0.9773021308980213,69.34472065669041,71.22668535630447,12.478012744783962,0.6383561643835617,0.0,922,0.7154929577464788,0.01042545434760974,0.00010060671805241328,0.9904421304964104,1.0156234913678317,15.573175075312802,0.15166508220349817,0.6421298130689088,0.5458103411085724
sunsched_no_conformal,130,cct_region,2015,1.0,pvgis,365,0.5053064365483766,68.47891018896,10.0,191.883894818735,0.32,1455,0.30306377964354103,0.672226004084411,0.2920962199312715,0.17843864510344967,0.9190794357832219,0.8148148148148148,0.07766323024054983,0.0,0.34776632302405497,0.0,0.5745704467353951,0.5277777777777777,0.8333333333333334,0.8541666666666667,0.15760789512446605,0.3132272794225954,0.3739873324495508,0.3072090923819782,0.7434769260858107,0.0,21.709066091403,0.31588850837138505,0.9773021308980213,67.50798901257977,70.81724399361136,12.677709671397762,0.5835616438356165,0.0,842,0.6985915492957746,0.010901738454595699,9.37756966196222e-05,0.991471458693975,0.9853421316443679,14.908278919442074,0.15563835570615248,0.6707682391801024,0.570153003303087
sunsched_no_conformal,28,cct_region,2013,1.0,pvgis,365,0.515310481749955,69.834654076896,10.0,188.158732561793,0.32,1333,0.22819126819126823,0.5247666905958367,0.2288072018004501,0.14655733760665246,0.898989898989899,0.7655172413793103,0.0,0.0,0.4951237809452363,0.0,0.5048762190547637,0.3332083020755188,0.8333333333333334,0.9166666666666666,0.1674012474012474,0.18985446985446985,0.28324324324324324,0.33247395131758367,0.7429565098543849,0.0,20.64649507784094,0.31588850837138505,0.9773021308980213,70.71760584034051,71.50052499853535,12.680479546542154,0.7397260273972602,0.0,673,0.6901408450704225,0.01034321730020705,0.00010191000949596798,0.9902432965655383,1.03132589209236,15.693843355715991,0.15097819770948961,0.6371925457225756,0.5416136638641892
sunsched_no_conformal,28,cct_region,2011,1.0,pvgis,365,0.515310481749955,69.834654076896,10.0,188.158732561793,0.33,1333,0.22819126819126823,0.5247666905958367,0.2288072018004501,0.14655733760665246,0.898989898989899,0.7655172413793103,0.0,0.0,0.4951237809452363,0.0,0.5048762190547637,0.33339584896224056,0.8333333333333334,0.9166666666666666,0.1674012474012474,0.18985446985446985,0.28324324324324324,0.3380322698249088,0.7365961363439675,0.0,19.639202912676332,0.31588850837138505,0.9773021308980213,70.55317737618083,71.50052499853535,11.974775232494455,0.7397260273972602,0.0,673,0.6732394366197183,0.009708577337806328,9.807519342038805e-05,0.9899991160991894,1.0390214057493483,16.71561129621109,0.1455398493724399,0.5982431526310192,0.5085066797363663
sunsched_no_conformal,40,cct_region,2013,1.0,pvgis,365,0.4926895242489614,66.769071679648,10.0,196.7977039286174,0.31,1079,0.22910058323953753,0.7741545893719808,0.24003707136237257,0.19532110154862076,0.9596273291925466,0.6548672566371682,0.0,0.0,0.41797961075069506,0.0,0.5820203892493049,0.47876119864071676,0.8333333333333334,0.9166666666666666,0.16351171595211297,0.1324056072853781,0.24823493297861457,0.3364668221601801,0.7474222662947093,0.0,20.64649507784094,0.31588850837138505,0.9773021308980213,67.6132638699357,69.43162385565971,12.452479107410328,0.3232876712328767,0.0,629,0.6929577464788732,0.010406543046322806,0.00010867132085336725,0.9896653252079586,0.9777401121973514,15.589239182863343,0.15157305866602588,0.6414681231520662,0.5452479046792563
sunsched_no_conformal,40,cct_region,2012,1.0,pvgis,365,0.4926895242489614,66.769071679648,10.0,196.7977039286174,0.32,1079,0.22746341962549885,0.7548309178743963,0.23354958294717332,0.19376387812952522,0.9399585921325052,0.5132743362831859,0.03892493049119555,0.0,0.40129749768303985,0.0,0.5597775718257646,0.46694470188446097,0.8333333333333334,0.9041666666666686,0.16351171595211297,0.1324056072853781,0.24823493297861457,0.32018284989435486,0.7489382085749762,0.0,20.729461989872192,0.31588850837138505,0.9773021308980213,63.80366421300925,69.32258021531734,11.841297385420829,0.31232876712328766,0.008133561643835616,605,0.6535211267605634,0.01025930355542032,0.00010648523830946271,0.9897272421396551,0.9628061126573736,15.813962168334681,0.15030431047963355,0.6323525940907868,0.5374997049771688
sunsched_no_conformal,28,cct_region,2015,1.0,pvgis,365,0.515310481749955,69.834654076896,10.0,188.158732561793,0.33,1333,0.22652806652806656,0.5104091888011489,0.22730682670667668,0.1453643116471783,0.8838383838383839,0.7034482758620689,0.020255063765941484,0.0,0.47936984246061515,0.0,0.5003750937734434,0.3673418354588647,0.8333333333333334,0.9166666666666666,0.1674012474012474,0.18985446985446985,0.28324324324324324,0.30291897769322873,0.7434113176777893,0.0,21.709066091403,0.31588850837138505,0.9773021308980213,68.84451062540988,71.39850418351769,12.798318865529014,0.726027397260274,0.0,668,0.6901408450704225,0.010837570238931256,9.721205417658544e-05,0.991109831767034,1.0067666762474685,14.991079605883993,0.1551253961932958,0.6670633645408036,0.567003859859683
sunsched_no_conformal,28,cct_region,2012,1.0,pvgis,365,0.515310481749955,69.834654076896,10.0,188.158732561793,0.34,1333,0.22569646569646573,0.5032304379038051,0.22655663915978994,0.144665757730603,0.8762626262626263,0.7034482758620689,0.02700675168792198,0.0,0.47561890472618157,0.0,0.4973743435858965,0.40222555638909735,0.8333333333333334,0.9166666666666666,0.1674012474012474,0.18985446985446985,0.28324324324324324,0.3259575396661136,0.7447288004489693,0.0,20.729461989872192,0.31588850837138505,0.9773021308980213,66.73309523505122,71.36171755960935,11.459547112564954,0.7205479452054795,0.0,665,0.7126760563380281,0.010309367140693635,0.00010261555021535016,0.9901444755277066,1.031558439131477,15.743801799835637,0.15069673845744047,0.6351705977462444,0.5398950080843077
sunsched_no_conformal,40,cct_region,2011,1.0,pvgis,365,0.4926895242489614,66.769071679648,10.0,196.7977039286174,0.34,1079,0.22910058323953753,0.7741545893719808,0.24003707136237257,0.19532110154862076,0.9596273291925466,0.6548672566371682,0.0,0.0,0.41797961075069506,0.0,0.5820203892493049,0.47876119864071676,0.8333333333333334,0.9166666666666666,0.16351171595211297,0.1324056072853781,0.24823493297861457,0.3362679130997152,0.7413695446859321,0.0,19.639202912676332,0.31588850837138505,0.9773021308980213,67.45605344117615,69.43162385565971,12.079281812974159,0.3232876712328767,0.0,629,0.7126760563380281,0.009708163871594918,0.00010219028756543922,0.9895834252354673,0.9813820661496981,16.709304187140603,0.14557147951287253,0.5984689660324665,0.5086986211275965
sunsched_no_conformal,28,cct_region,2014,1.0,pvgis,365,0.515310481749955,69.834654076896,10.0,188.158732561793,0.34,1333,0.22819126819126823,0.5247666905958367,0.2288072018004501,0.14655733760665246,0.898989898989899,0.7655172413793103,0.0,0.0,0.4951237809452363,0.0,0.5048762190547637,0.33170792698174545,0.8333333333333334,0.9166666666666666,0.1674012474012474,0.18985446985446985,0.28324324324324324,0.35379365144636393,0.7467816701524527,0.0,22.297233232776282,0.31588850837138505,0.9773021308980213,72.32488130749718,71.50052499853537,12.99456185648813,0.7397260273972602,0.0,673,0.7211267605633802,0.011851679634344267,0.00011297036237277011,0.9905579885409296,1.0366199200621735,13.70070932906264,0.16378190785524016,0.729889216669059,0.6204058341687003
sunsched_no_conformal,40,cct_region,2014,1.0,pvgis,365,0.4926895242489614,66.769071679648,10.0,196.7977039286174,0.32,1079,0.22910058323953753,0.7741545893719808,0.24003707136237257,0.19532110154862076,0.9596273291925466,0.6548672566371682,0.0,0.0,0.41797961075069506,0.0,0.5820203892493049,0.47713932653691693,0.8333333333333334,0.9166666666666666,0.16351171595211297,0.1324056072853781,0.24823493297861457,0.3488769587208483,0.7511335829771126,0.0,22.297233232776282,0.31588850837138505,0.9773021308980213,69.14998360162295,69.43162385565971,13.206246929529954,0.3232876712328767,0.0,629,0.6985915492957746,0.01181066994340002,0.00011814350861410721,0.9900959547159186,0.9741854369870178,13.741869003854067,0.16348218117829794,0.7277030509601994,0.6185475933161695
sunsched_no_conformal,40,cct_region,2015,1.0,pvgis,365,0.4926895242489614,66.769071679648,10.0,196.7977039286174,0.33,1079,0.2288959377877827,0.7717391304347827,0.2381835032437442,0.195637221082297,0.9596273291925466,0.6106194690265486,0.006487488415199258,0.0,0.4151992585727525,0.0,0.5783132530120482,0.5660333642261353,0.8333333333333334,0.9166666666666666,0.16351171595211297,0.1324056072853781,0.24823493297861457,0.307776440699779,0.7478411620804734,0.0,21.709066091403,0.31588850837138505,0.9773021308980213,65.82239327249897,69.4008604419186,12.591297682749989,0.3178082191780822,0.0,627,0.6507042253521127,0.010913620143559333,0.00010055938422683385,0.9908700067968615,0.9547061300414939,14.883014337604397,0.15579594640147265,0.6719068982372305,0.5711208635016459
sunsched_no_conformal,46,cct_region,2011,1.0,pvgis,365,0.6498872575545345,88.072440650112,10.0,149.1953658034943,0.41,6276,0.23366414114466613,nan,0.21765455704270237,0.13301664379364128,0.969009009009009,0.9201101928374655,0.0,0.0,0.52868068833652,0.0,0.4713193116634799,0.2464281920543871,0.8333333333333334,0.9166666666666666,0.20872905773129866,0.1088997972468253,0.14310105645075233,0.3377754547545919,0.7279608289664016,0.0,19.639202912676332,0.31588850837138505,0.9773021308980213,88.97861111044423,83.46691477741838,14.572042833218338,2.0273972602739727,0.0,2959,0.7211267605633802,0.009659443122968084,9.144660497827932e-05,0.9906217168351119,1.3170350343819164,16.811203531425278,0.1450632175983836,0.5948414092606126,0.5056151978715208
sunsched_no_conformal,78,cct_region,2012,1.0,pvgis,365,0.5371243038945545,72.79085383900801,10.0,180.51718460483815,0.33,2359,0.17425002279565968,0.7222548443922485,0.1665960152607037,0.11048335591443309,0.9264367816091954,0.842391304347826,0.069520983467571,0.0,0.3815175922000848,0.0,0.5489614243323442,0.35534124629080116,0.8333333333333334,0.9166666666666666,0.11817269991793561,0.24591957691255584,0.19581471687790647,0.3181039052095779,0.7408592973292719,0.0,20.729461989872192,0.31588850837138505,0.9773021308980213,69.55800162095082,73.7807862312356,12.110148005949046,1.0493150684931507,0.0,1298,0.6816901408450704,0.010245735561135066,0.00010399327921463559,0.9899520769269621,1.0486970489262923,15.838501119943507,0.15016783479325557,0.6313728757709409,0.5366669444052998
sunsched_no_conformal,7,cct_region,2011,1.0,pvgis,365,0.5185664617347002,70.275903079136,10.0,186.97731973936163,0.35,1853,0.37415369996436637,nan,0.3545601726929304,0.17636020753257403,0.9987987987987988,0.8404255319148937,0.0,0.0,0.5483000539665407,0.0,0.45169994603345925,0.3904479222881813,0.8333333333333334,0.9166666666666666,0.45064734529041467,0.20602209288514078,0.22146335669319397,0.34176440207994296,0.7390054429312374,0.0,19.639202912676332,0.31588850837138505,0.9773021308980213,70.99896635492783,71.93269736746498,11.761082571682412,0.7205479452054795,0.0,837,0.7239436619718309,0.009756773374019714,0.00010347210803213207,0.9895061326596303,1.0273048795024085,16.62475768249118,0.1459976822397856,0.6015125267378649,0.5112856477271852
sunsched_no_conformal,78,cct_region,2013,1.0,pvgis,365,0.5371243038945545,72.79085383900801,10.0,180.51718460483815,0.33,2359,0.18072399015227503,0.8056371109806225,0.17337855023314963,0.11623452462743855,0.9940229885057471,0.9239130434782609,0.0,0.0,0.39593047901653244,0.0,0.6040695209834676,0.32096933728981203,0.9166666666666666,0.9166666666666666,0.11817269991793561,0.24591957691255584,0.19581471687790647,0.32669075137147724,0.7388788396636724,0.0,20.64649507784094,0.31588850837138505,0.9773021308980213,73.71118220046938,74.38546025501225,13.259782379528296,1.1287671232876713,0.0,1426,0.7408450704225352,0.010295531583727967,9.748495049809563e-05,0.9906201486183477,1.0517639863168706,15.772532574075937,0.15053563852282725,0.6340135899567714,0.5389115514632558
sunsched_no_conformal,46,cct_region,2012,1.0,pvgis,365,0.6498872575545345,88.072440650112,10.0,149.1953658034943,0.41,6276,0.23366414114466613,nan,0.21765455704270237,0.13301664379364128,0.969009009009009,0.9201101928374655,0.0,0.0,0.52868068833652,0.0,0.4713193116634799,0.2458705120033992,0.8333333333333334,0.9166666666666666,0.20872905773129866,0.1088997972468253,0.14310105645075233,0.319686362570817,0.7390843068482952,0.0,20.729461989872192,0.31588850837138505,0.9773021308980213,84.16088899095479,83.47954635636589,14.09836971846972,2.03013698630137,0.0,2959,0.6985915492957746,0.010201417912543632,0.00010010619582404426,0.9902823897929114,1.2985128319872739,15.912615463942736,0.1497580642477052,0.6284322035343307,0.5341673730041812
sunsched_no_conformal,46,cct_region,2013,1.0,pvgis,365,0.6498872575545345,88.072440650112,10.0,149.1953658034943,0.41,6276,0.23366414114466613,nan,0.21765455704270237,0.13301664379364128,0.969009009009009,0.9201101928374655,0.0,0.0,0.52868068833652,0.0,0.4713193116634799,0.2458705120033992,0.8333333333333334,0.9166666666666666,0.20872905773129866,0.1088997972468253,0.14310105645075233,0.33279051297779577,0.7358776300263382,0.0,20.64649507784094,0.31588850837138505,0.9773021308980213,89.18598116679111,83.47954635636589,15.36516245899907,2.03013698630137,0.0,2959,0.704225352112676,0.010293214532478534,9.443548381212167e-05,0.9909088693146169,1.3041974557376357,15.780681056053366,0.15049004935855836,0.6336862119245522,0.5386332801358694
sunsched_no_conformal,78,cct_region,2014,1.0,pvgis,365,0.5371243038945545,72.79085383900801,10.0,180.51718460483815,0.33,2359,0.18072399015227503,0.8056371109806225,0.17337855023314963,0.11623452462743855,0.9940229885057471,0.9239130434782609,0.0,0.0,0.39593047901653244,0.0,0.6040695209834676,0.31969761198247837,0.9166666666666666,0.9166666666666666,0.11817269991793561,0.24591957691255584,0.19581471687790647,0.3471223398516753,0.7428481901061013,0.0,22.297233232776282,0.31588850837138505,0.9773021308980213,75.38649591334313,74.38546025501225,13.677859790764785,1.1287671232876713,0.0,1426,0.6788732394366197,0.011786944173336547,0.00010999000446744461,0.9907547606111285,1.0580121759477963,13.778692004098193,0.16321546164874756,0.725758293822498,0.6168945497491233
sunsched_no_conformal,46,cct_region,2014,1.0,pvgis,365,0.6498872575545345,88.072440650112,10.0,149.1953658034943,0.42,6276,0.23366414114466613,nan,0.21765455704270237,0.13301664379364128,0.969009009009009,0.9201101928374655,0.0,0.0,0.52868068833652,0.0,0.4713193116634799,0.24525971956660292,0.8333333333333334,0.9166666666666666,0.20872905773129866,0.1088997972468253,0.14310105645075233,0.3538918765266214,0.7404273724239553,0.0,22.297233232776282,0.31588850837138505,0.9773021308980213,91.21300736260577,83.4795463563659,16.27887169328568,2.03013698630137,0.0,2959,0.7239436619718309,0.011802731092961524,0.00010926380588203354,0.9908274133081907,1.3152796581012753,13.76127115743682,0.1633414785207059,0.7266770551640379,0.6176754968894322
sunsched_no_conformal,7,cct_region,2014,1.0,pvgis,365,0.5185664617347002,70.275903079136,10.0,186.97731973936163,0.38,1853,0.37415369996436637,nan,0.3545601726929304,0.17636020753257403,0.9987987987987988,0.8404255319148937,0.0,0.0,0.5483000539665407,0.0,0.45169994603345925,0.3886490375966901,0.8333333333333334,0.9166666666666666,0.45064734529041467,0.20602209288514078,0.22146335669319397,0.3561897440835761,0.749205052477719,0.0,22.297233232776282,0.31588850837138505,0.9773021308980213,72.78186476558025,71.93269736746498,12.860535589841989,0.7205479452054795,0.0,837,0.676056338028169,0.011886462704701825,0.00011504907659920635,0.9904137846384937,1.0282916044386083,13.65862858080868,0.16409009724497492,0.7321379259152484,0.6223172370279612
sunsched_no_conformal,7,cct_region,2013,1.0,pvgis,365,0.5185664617347002,70.275903079136,10.0,186.97731973936163,0.38,1853,0.37415369996436637,nan,0.3545601726929304,0.17636020753257403,0.9987987987987988,0.8404255319148937,0.0,0.0,0.5483000539665407,0.0,0.45169994603345925,0.38995322899802126,0.8333333333333334,0.9166666666666666,0.45064734529041467,0.20602209288514078,0.22146335669319397,0.33500124693781597,0.7453653312120578,0.0,20.64649507784094,0.31588850837138505,0.9773021308980213,71.1644337573732,71.93269736746498,12.533703928451141,0.7205479452054795,0.0,837,0.676056338028169,0.010377278311835875,0.00010499244566578555,0.9899838071258894,1.021501120448903,15.638232938380995,0.15129350324889712,0.6394584374975608,0.5435396718729266
sunsched_no_conformal,46,cct_region,2015,1.0,pvgis,365,0.6498872575545345,88.072440650112,10.0,149.1953658034943,0.42,6276,0.23366414114466613,nan,0.21765455704270237,0.13301664379364128,0.969009009009009,0.9201101928374655,0.0,0.0,0.52868068833652,0.0,0.4713193116634799,0.24563150626726155,0.8333333333333334,0.9166666666666666,0.20872905773129866,0.1088997972468253,0.14310105645075233,0.2882391521291642,0.7368149762157572,0.0,21.709066091403,0.31588850837138505,0.9773021308980213,86.82371461976584,83.4795463563659,15.872611792998171,2.03013698630137,0.0,2959,0.676056338028169,0.010598115391680348,9.322763824552848e-05,0.9912800816525503,1.2768618495897304,15.332422818176742,0.15306609909161184,0.652212642358447,0.55438074600468
sunsched_no_conformal,7,cct_region,2012,1.0,pvgis,365,0.5185664617347002,70.275903079136,10.0,186.97731973936163,0.41,1853,0.3658391732984916,nan,0.347004856988667,0.17656414841068052,0.9573573573573574,0.7925531914893617,0.042093901780895844,0.0,0.5283324338909876,0.0,0.42957366432811656,0.3794297535527973,0.8333333333333334,0.9166666666666666,0.45064734529041467,0.20602209288514078,0.22146335669319397,0.3259516420548459,0.7471719722522766,0.0,20.729461989872192,0.31588850837138505,0.9773021308980213,67.1547470936892,71.76681563431949,11.439517131494293,0.6986301369863014,0.0,796,0.6901408450704225,0.010318868479164064,0.00010159778358203304,0.9902501691363608,1.0202345792092369,15.730984362478187,0.15076878862020937,0.635688127937637,0.5403349087469914
sunsched_no_conformal,78,cct_region,2011,1.0,pvgis,365,0.5371243038945545,72.79085383900801,10.0,180.51718460483815,0.4,2359,0.18072399015227503,0.8056371109806225,0.17337855023314963,0.11623452462743855,0.9940229885057471,0.9239130434782609,0.0,0.0,0.39593047901653244,0.0,0.6040695209834676,0.32096933728981203,0.9166666666666666,0.9166666666666666,0.11817269991793561,0.24591957691255584,0.19581471687790647,0.33226192364886076,0.7323060248742883,0.0,19.639202912676332,0.31588850837138505,0.9773021308980213,73.53979324666396,74.38546025501225,12.534407002178966,1.1287671232876713,0.0,1426,0.6929577464788732,0.009668783883286966,9.544159298789447e-05,0.9902253800652393,1.056882610140105,16.78824318706013,0.14517722907352648,0.595654940697291,0.5063066995926974
sunsched_no_conformal,7,cct_region,2015,1.0,pvgis,365,0.5185664617347002,70.275903079136,10.0,186.97731973936163,0.4,1853,0.3705903313932772,nan,0.3513221802482461,0.17682874180036703,0.9645645645645645,0.824468085106383,0.032379924446842956,0.0,0.5369670804101457,0.0,0.4306529951430113,0.43128260478503333,0.8333333333333334,0.9166666666666666,0.45064734529041467,0.20602209288514078,0.22146335669319397,0.30493452446674585,0.7458782327490752,0.0,21.709066091403,0.31588850837138505,0.9773021308980213,69.27950342411204,71.80682877279726,12.668755907461307,0.7041095890410959,0.0,800,0.6591549295774648,0.010861327561299034,0.00010466137977799396,0.9904558193209599,0.9976550877406185,14.94841848827275,0.15538901589194087,0.6689670889161381,0.5686220255787174
sunsched_no_conformal,78,cct_region,2015,1.0,pvgis,365,0.5371243038945545,72.79085383900801,10.0,180.51718460483815,0.36,2359,0.1757089450168688,0.7410452143276569,0.16871555743959304,0.11192702973313201,0.9457471264367816,0.8586956521739131,0.04959728698601102,0.0,0.4022891055532005,0.0,0.5481136074607885,1.0862300409778156,0.9166666666666666,0.9166666666666666,0.11817269991793561,0.24591957691255584,0.19581471687790647,0.2959024164151994,0.7393853430249285,0.0,21.709066091403,0.31588850837138505,0.9773021308980213,71.758796213616,73.8179063705615,13.403444040246267,1.0465753424657533,0.0,1332,0.6929577464788732,0.010761912762983054,9.621611366306197e-05,0.9911387942843445,1.0257762219199724,15.096909761456402,0.15447751272168775,0.6623872142053062,0.5630291320745102
sunsched_no_conformal,0,cct_region,2014,2.0,pvgis,365,1.2648912659894127,85.70875921763201,10.0,153.30988477659398,0.33,1861,0.7234470858895703,0.7341673182173568,0.8339602364320258,0.44201992107082266,0.9933993399339934,0.18604651162790697,0.0,0.0,0.09403546480386889,0.0,0.9059645351961311,0.34094572810317036,0.9166666666666666,0.9166666666666666,0.543424079754601,0.5286618098159508,0.788631134969325,0.39125684333366534,0.7620100185260623,0.0,22.297233232776282,0.31588850837138505,0.9773021308980213,177.53007928133889,84.23655620598119,94.00148635165586,3.372602739726027,0.0,1687,0.7070422535211267,0.012262927559305926,6.899666807337684e-05,0.9944050363267567,1.2144283674229268,13.292669400696314,0.1668474989659975,0.7522943434880106,0.6394501919648089
sunsched_no_conformal,0,cct_region,2012,2.0,pvgis,365,1.2648912659894127,85.70875921763201,10.0,153.30988477659398,0.34,1861,0.7234470858895703,0.7341673182173568,0.8339602364320258,0.44201992107082266,0.9933993399339934,0.18604651162790697,0.0,0.0,0.09403546480386889,0.0,0.9059645351961311,0.3400501522478954,0.9166666666666666,0.9166666666666666,0.543424079754601,0.5286618098159508,0.788631134969325,0.3865402065071245,0.7617069829503845,0.0,20.729461989872192,0.31588850837138505,0.9773021308980213,163.8043709660343,84.27445094282339,81.77698239613156,3.3808219178082193,0.0,1687,0.6985915492957746,0.010850925654696596,6.450848092614441e-05,0.9940901589323305,1.2572847576199848,15.017652050505298,0.15496191028592632,0.6658830532475635,0.566000595260429
sunsched_no_conformal,0,cct_region,2011,2.0,pvgis,365,1.2648912659894127,85.70875921763201,10.0,153.30988477659398,0.35,1861,0.7234470858895703,0.7341673182173568,0.8339602364320258,0.44201992107082266,0.9933993399339934,0.18604651162790697,0.0,0.0,0.09403546480386889,0.0,0.9059645351961311,0.3328407666129321,0.9166666666666666,0.9166666666666666,0.543424079754601,0.5286618098159508,0.788631134969325,0.3832030789934608,0.7374264668090602,0.0,19.639202912676332,0.31588850837138505,0.9773021308980213,173.18121988878173,84.35024041650759,89.46955334124006,3.3972602739726026,0.0,1687,0.6901408450704225,0.010133924045628448,5.9619619118461284e-05,0.994151237187059,1.2220620908004067,16.08117816730423,0.14883944263453897,0.6218449852344587,0.52856823744929
sunsched_no_conformal,0,cct_region,2013,2.0,pvgis,365,1.2648912659894127,85.70875921763201,10.0,153.30988477659398,0.35,1861,0.7234470858895703,0.7341673182173568,0.8339602364320258,0.44201992107082266,0.9933993399339934,0.18604651162790697,0.0,0.0,0.09403546480386889,0.0,0.9059645351961311,0.3357961669353395,0.9166666666666666,0.9166666666666666,0.543424079754601,0.5286618098159508,0.788631134969325,0.3881195572759887,0.7532605246736142,0.0,20.64649507784094,0.31588850837138505,0.9773021308980213,173.58482923801856,84.2997141007181,89.9033691087494,3.3863013698630136,0.0,1687,0.6845070422535211,0.010910474047670399,6.337102722447033e-05,0.9942252668238003,1.22075192067126,14.937716972513464,0.1554553679866879,0.6694463429987836,0.569029391548966
sunsched_no_conformal,0,cct_region,2015,2.0,pvgis,365,1.2648912659894127,85.70875921763201,10.0,153.30988477659398,0.37,1861,0.7234470858895703,0.7341673182173568,0.8339602364320258,0.44201992107082266,0.9933993399339934,0.18604651162790697,0.0,0.0,0.09403546480386889,0.0,0.9059645351961311,0.3328407666129321,0.9166666666666666,0.9166666666666666,0.543424079754601,0.5286618098159508,0.788631134969325,0.3892160992889887,0.7555208862569901,0.0,21.709066091403,0.31588850837138505,0.9773021308980213,168.98709280214536,84.33760883756003,85.49771813700647,3.3945205479452056,0.0,1687,0.7183098591549295,0.011751260632247478,6.766675923523267e-05,0.9942747123326947,1.2256356314655017,13.869633546198283,0.16256245509922773,0.7209995827713153,0.612849645355618
sunsched_no_conformal,100,cct_region,2011,2.0,pvgis,365,1.2210563483151788,82.73851465568,10.0,158.8135834282582,0.36,4890,0.3197097586257959,0.5979148884282405,0.3169734151329243,0.21379324888810383,0.9804629433000637,0.7624309392265194,0.0,0.0,0.40388548057259716,0.0,0.5961145194274029,0.22247784594410358,0.8333333333333334,0.9166666666666666,0.11224640900340586,0.169427344460663,0.4592244716633877,0.3796608749696769,0.7669634587044493,0.0,19.639202912676332,0.31588850837138505,0.9773021308980213,167.17960953643777,83.31903882158791,84.8073145272227,2.202739726027397,0.0,2921,0.6985915492957746,0.010110442538628975,6.0739268651126257e-05,0.9940282978121922,1.3163540253670392,16.11653345058294,0.1486490791604762,0.6204808267647841,0.5274087027500665
sunsched_no_conformal,100,cct_region,2012,2.0,pvgis,365,1.2210563483151788,82.73851465568,10.0,158.8135834282582,0.36,4890,0.3197097586257959,0.5979148884282405,0.3169734151329243,0.21379324888810383,0.9804629433000637,0.7624309392265194,0.0,0.0,0.40388548057259716,0.0,0.5961145194274029,0.22396046353101565,0.8333333333333334,0.9166666666666666,0.11224640900340586,0.169427344460663,0.4592244716633877,0.38265312657611694,0.7911600483539833,0.0,20.729461989872192,0.31588850837138505,0.9773021308980213,158.12771613486893,83.344301979483,76.31676992463244,2.208219178082192,0.0,2921,0.7295774647887324,0.01081484415863156,6.716464799584732e-05,0.9938279182465886,1.3594907014270008,15.063780478578234,0.15467940198996089,0.6638439808798801,0.5642673837478981
sunsched_no_conformal,100,cct_region,2014,2.0,pvgis,365,1.2210563483151788,82.73851465568,10.0,158.8135834282582,0.35,4890,0.3197097586257959,0.5979148884282405,0.3169734151329243,0.21379324888810383,0.9804629433000637,0.7624309392265194,0.0,0.0,0.40388548057259716,0.0,0.5961145194274029,0.22065439672801637,0.8333333333333334,0.9166666666666666,0.11224640900340586,0.169427344460663,0.4592244716633877,0.38600841093210697,0.7896748780228824,0.0,22.297233232776282,0.31588850837138505,0.9773021308980213,171.37775882562494,83.35693355843043,89.00183634421906,2.210958904109589,0.0,2921,0.7183098591549295,0.012208746421859748,7.200372275506369e-05,0.9941368628213124,1.3120407494610644,13.348060167226201,0.16642103049908152,0.7491725295450218,0.6367966501132686
sunsched_no_conformal,105,cct_region,2011,2.0,pvgis,365,1.058529353339236,71.725720549728,10.0,183.19788075032216,0.34,2169,0.21451149425287358,0.4180647347907135,0.21853388658367912,0.16180341361257689,0.9215969215969216,0.6777777777777778,0.0,0.0,0.4661134163208852,0.0,0.5338865836791148,0.20070693099738746,0.6666666666666666,0.9166666666666666,0.096360153256705,0.25373563218390804,0.3789750957854406,0.39125128863583797,0.7630303549382021,0.0,19.639202912676332,0.31588850837138505,0.9773021308980213,144.92740176838876,73.08103042352343,73.89798473856835,0.8684931506849315,0.0,1159,0.6140845070422536,0.01020981229305034,5.574784352159644e-05,0.9945694299405066,1.0905010175764702,15.968363113961646,0.14945221869383363,0.6262382642875075,0.5323025246443813
sunsched_no_conformal,105,cct_region,2013,2.0,pvgis,365,1.058529353339236,71.725720549728,10.0,183.19788075032216,0.34,2169,0.21451149425287358,0.4180647347907135,0.21853388658367912,0.16180341361257689,0.9215969215969216,0.6777777777777778,0.0,0.0,0.4661134163208852,0.0,0.5338865836791148,0.20193637621023514,0.6666666666666666,0.9166666666666666,0.096360153256705,0.25373563218390804,0.3789750957854406,0.39464582397584963,0.7757527617870741,0.0,20.64649507784094,0.31588850837138505,0.9773021308980213,145.26516387880858,73.08103042352346,74.2186907205605,0.8684931506849315,0.0,1159,0.6253521126760564,0.010975623950336888,5.822402576928454e-05,0.9947231441020966,1.0947624230942845,14.85648453594509,0.15596197409689805,0.6731067484912139,0.5721407362175317
sunsched_no_conformal,105,cct_region,2014,2.0,pvgis,365,1.058529353339236,71.725720549728,10.0,183.19788075032216,0.34,2169,0.21451149425287358,0.4180647347907135,0.21853388658367912,0.16180341361257689,0.9215969215969216,0.6777777777777778,0.0,0.0,0.4661134163208852,0.0,0.5338865836791148,0.1986706623636084,0.6666666666666666,0.9166666666666666,0.096360153256705,0.25373563218390804,0.3789750957854406,0.3977064978048955,0.782752368466532,0.0,22.297233232776282,0.31588850837138505,0.9773021308980213,148.56676227655393,73.08103042352344,77.59262939003273,0.8684931506849315,0.0,1159,0.6338028169014085,0.012337551225564533,6.398793621736262e-05,0.9948403230129245,1.082694489331749,13.218052186147933,0.1674272972206361,0.7565411196121361,0.6430599516703157
sunsched_no_conformal,105,cct_region,2015,2.0,pvgis,365,1.058529353339236,71.725720549728,10.0,183.19788075032216,0.33,2169,0.21451149425287358,0.4180647347907135,0.21853388658367912,0.16180341361257689,0.9215969215969216,0.6777777777777778,0.0,0.0,0.4661134163208852,0.0,0.5338865836791148,0.21023513139695713,0.75,0.9166666666666666,0.096360153256705,0.25373563218390804,0.3789750957854406,0.39584236902958225,0.7783769775317835,0.0,21.709066091403,0.31588850837138505,0.9773021308980213,141.41752961398848,73.08103042352342,70.56355069742173,0.8684931506849315,0.0,1159,0.6366197183098592,0.011837176630630108,6.226234797628535e-05,0.9947676232393624,1.0964872118547961,13.775791625445892,0.16323642126872184,0.7259110962108736,0.6170244317792425
sunsched_no_conformal,100,cct_region,2015,2.0,pvgis,365,1.2210563483151788,82.73851465568,10.0,158.8135834282582,0.37,4890,0.3197097586257959,0.5979148884282405,0.3169734151329243,0.21379324888810383,0.9804629433000637,0.7624309392265194,0.0,0.0,0.40388548057259716,0.0,0.5961145194274029,0.2258350374914792,0.8333333333333334,0.9166666666666666,0.11224640900340586,0.169427344460663,0.4592244716633877,0.3843410918891441,0.7848654552546644,0.0,21.709066091403,0.31588850837138505,0.9773021308980213,163.13083029155143,83.30640724264039,80.97356136854802,2.2,0.0,2921,0.7154929577464788,0.011694779634262078,6.883508449024511e-05,0.9941484750957956,1.3201092830596082,13.934848747441515,0.16209911545042155,0.7176252990787598,0.6099815042169459
sunsched_no_conformal,100,cct_region,2013,2.0,pvgis,365,1.2210563483151788,82.73851465568,10.0,158.8135834282582,0.38,4890,0.3197097586257959,0.5979148884282405,0.3169734151329243,0.21379324888810383,0.9804629433000637,0.7624309392265194,0.0,0.0,0.40388548057259716,0.0,0.5961145194274029,0.22375596455351054,0.8333333333333334,0.9166666666666666,0.11224640900340586,0.169427344460663,0.4592244716633877,0.38320235247064527,0.7818758594805103,0.0,20.64649507784094,0.31588850837138505,0.9773021308980213,167.56923176831125,83.3316704005354,85.16468947045513,2.2054794520547945,0.0,2921,0.7154929577464788,0.010858449449826403,6.55001309107292e-05,0.9940039881705212,1.3207405048806065,15.005945479467234,0.1550338670503847,0.6664025278302581,0.5664421486557194
sunsched_no_conformal,105,cct_region,2012,2.0,pvgis,365,1.058529353339236,71.725720549728,10.0,183.19788075032216,0.36,2169,0.21451149425287358,0.4180647347907135,0.21853388658367912,0.16180341361257689,0.9215969215969216,0.6777777777777778,0.0,0.0,0.4661134163208852,0.0,0.5338865836791148,0.20504840940525587,0.75,0.9166666666666666,0.096360153256705,0.25373563218390804,0.3789750957854406,0.3944262981748142,0.7834830302404998,0.0,20.729461989872192,0.31588850837138505,0.9773021308980213,137.0803479595446,73.08103042352343,66.57699212424666,0.8684931506849315,0.0,1159,0.6507042253521127,0.010924441678364075,6.040060503530073e-05,0.994501459058126,1.1312573346048893,14.922762439358602,0.15554824050382088,0.6701172145999673,0.5695996324099721
sunsched_no_conformal,130,cct_region,2011,2.0,pvgis,365,1.0106128730967532,68.47891018896,10.0,191.883894818735,0.31,1455,0.33414346737369277,0.815861130020422,0.3223367697594502,0.19271472097359413,0.9992576095025983,0.8425925925925926,0.0,0.0,0.3663230240549828,0.0,0.6336769759450172,0.34140893470790384,0.8333333333333334,0.8333333333333334,0.15760789512446605,0.3132272794225954,0.3739873324495508,0.3997468879520989,0.7674160892039119,0.0,19.639202912676332,0.31588850837138505,0.9773021308980213,138.36696869062587,71.27721167209431,69.46948950261887,0.6493150684931507,0.0,922,0.6957746478873239,0.01029411729091208,5.1211793542521076e-05,0.9950497666024493,1.0603890782518266,15.845237062135697,0.15013044232150297,0.6311044739050532,0.5364388028192952
sunsched_no_conformal,130,cct_region,2013,2.0,pvgis,365,1.0106128730967532,68.47891018896,10.0,191.883894818735,0.31,1455,0.33414346737369277,0.815861130020422,0.3223367697594502,0.19271472097359413,0.9992576095025983,0.8425925925925926,0.0,0.0,0.3663230240549828,0.0,0.6336769759450172,0.33694158075601377,0.8333333333333334,0.8333333333333334,0.15760789512446605,0.3132272794225954,0.3739873324495508,0.4029986620723901,0.7796537371144925,0.0,20.64649507784094,0.31588850837138505,0.9773021308980213,138.68944131338083,71.28984325104182,69.76304649827915,0.6520547945205479,0.0,922,0.7323943661971831,0.011070836342561311,5.581784146431844e-05,0.9949834118557891,1.0633383589663885,14.73256822022328,0.15674494004415596,0.6787682806228638,0.5769530385294341
sunsched_no_conformal,130,cct_region,2014,2.0,pvgis,365,1.0106128730967532,68.47891018896,10.0,191.883894818735,0.31,1455,0.33414346737369277,0.815861130020422,0.3223367697594502,0.19271472097359413,0.9992576095025983,0.8425925925925926,0.0,0.0,0.3663230240549828,0.0,0.6336769759450172,0.33230240549828177,0.8333333333333334,0.8333333333333334,0.15760789512446605,0.3132272794225954,0.3739873324495508,0.40664824146573225,0.7862723919287512,0.0,22.297233232776282,0.31588850837138505,0.9773021308980213,141.84158615663088,71.28984325104179,72.95906854323715,0.6520547945205479,0.0,922,0.7154929577464788,0.012451334003351574,6.082330265257856e-05,0.9951388636535611,1.0548477043609201,13.1011933290136,0.16834776666931306,0.7632892476942715,0.6487958605401307
sunsched_no_conformal,130,cct_region,2012,2.0,pvgis,365,1.0106128730967532,68.47891018896,10.0,191.883894818735,0.32,1455,0.33414346737369277,0.815861130020422,0.3223367697594502,0.19271472097359413,0.9992576095025983,0.8425925925925926,0.0,0.0,0.3663230240549828,0.0,0.6336769759450172,0.3373997709049256,0.8333333333333334,0.8333333333333334,0.15760789512446605,0.3132272794225954,0.3739873324495508,0.4025784158327779,0.7867969252066811,0.0,20.729461989872192,0.31588850837138505,0.9773021308980213,130.87512770380468,71.28984325104182,62.6421518164557,0.6520547945205479,0.0,922,0.7239436619718309,0.011008300200339221,5.833116189521529e-05,0.9947290950619107,1.1004745713554516,14.812474226655077,0.15623863651902004,0.6751066598991936,0.5738406609143145
sunsched_no_conformal,130,cct_region,2015,2.0,pvgis,365,1.0106128730967532,68.47891018896,10.0,191.883894818735,0.32,1455,0.33414346737369277,0.815861130020422,0.3223367697594502,0.19271472097359413,0.9992576095025983,0.8425925925925926,0.0,0.0,0.3663230240549828,0.0,0.6336769759450172,0.33722794959908364,0.8333333333333334,0.8333333333333334,0.15760789512446605,0.3132272794225954,0.3739873324495508,0.40466960968921256,0.7820097837684996,0.0,21.709066091403,0.31588850837138505,0.9773021308980213,135.01597802515954,71.28984325104182,66.27336380908217,0.6520547945205479,0.0,922,0.7126760563380281,0.011938651073819702,6.107516756928239e-05,0.9949102865898204,1.0650544361099643,13.660660962713424,0.16407517154591988,0.7320290011804593,0.6222246510033905
sunsched_no_conformal,28,cct_region,2013,2.0,pvgis,365,1.03062096349991,69.834654076896,10.0,188.158732561793,0.32,1333,0.22819126819126823,0.5247666905958367,0.2288072018004501,0.14655733760665246,0.898989898989899,0.7655172413793103,0.0,0.0,0.4951237809452363,0.0,0.5048762190547637,0.30526381595398855,0.75,0.9166666666666666,0.1674012474012474,0.18985446985446985,0.28324324324324324,0.40431070250347106,0.7803086596548702,0.0,20.64649507784094,0.31588850837138505,0.9773021308980213,141.43521168068102,71.51315657748276,72.1481711590815,0.7424657534246575,0.0,673,0.6929577464788732,0.011080813582482646,5.7005805252984695e-05,0.9948817804214211,1.0687248961803326,14.717799429347446,0.1568390870217985,0.6794494005713854,0.5775319904856776
sunsched_no_conformal,28,cct_region,2011,2.0,pvgis,365,1.03062096349991,69.834654076896,10.0,188.158732561793,0.33,1333,0.22819126819126823,0.5247666905958367,0.2288072018004501,0.14655733760665246,0.898989898989899,0.7655172413793103,0.0,0.0,0.4951237809452363,0.0,0.5048762190547637,0.305951487871968,0.75,0.9166666666666666,0.1674012474012474,0.18985446985446985,0.28324324324324324,0.4007693980778429,0.7677802475908211,0.0,19.639202912676332,0.31588850837138505,0.9773021308980213,141.10635475236165,71.51315657748276,71.83592067012032,0.7424657534246575,0.0,673,0.6619718309859155,0.010302362502552094,5.112924882593571e-05,0.9950616419992675,1.064344076198583,15.832744716986168,0.1501998135631316,0.6316024276745582,0.5368620635233744
sunsched_no_conformal,28,cct_region,2015,2.0,pvgis,365,1.03062096349991,69.834654076896,10.0,188.158732561793,0.31,1333,0.22819126819126823,0.5247666905958367,0.2288072018004501,0.14655733760665246,0.898989898989899,0.7655172413793103,0.0,0.0,0.4951237809452363,0.0,0.5048762190547637,0.3070767691922981,0.75,0.9166666666666666,0.1674012474012474,0.18985446985446985,0.28324324324324324,0.4055142592035111,0.7826942601477427,0.0,21.709066091403,0.31588850837138505,0.9773021308980213,137.68902125081976,71.51315657748277,68.58939981231609,0.7424657534246575,0.0,673,0.6788732394366197,0.011955424654820941,6.13231639799595e-05,0.994896858542374,1.0700606854103187,13.641310802288904,0.16421744760341572,0.7330673822285523,0.6231072748942695
sunsched_no_conformal,40,cct_region,2015,2.0,pvgis,365,0.9853790484979228,66.769071679648,10.0,196.7977039286174,0.3,1079,0.22910058323953753,0.7741545893719808,0.24003707136237257,0.19532110154862076,0.9596273291925466,0.6548672566371682,0.0,0.0,0.41797961075069506,0.0,0.5820203892493049,0.4103336422613531,0.75,0.8333333333333334,0.16351171595211297,0.1324056072853781,0.24823493297861457,0.41055787427962503,0.7854111337857492,0.0,21.709066091403,0.31588850837138505,0.9773021308980213,131.64478654499794,69.46951859250213,64.89110919646687,0.3315068493150685,0.0,629,0.6704225352112676,0.012012931912965532,6.000858639735009e-05,0.9950294970475075,1.025416986237453,13.577818248805338,0.1646869661092959,0.7364953497503078,0.6260210472877616
sunsched_no_conformal,28,cct_region,2014,2.0,pvgis,365,1.03062096349991,69.834654076896,10.0,188.158732561793,0.32,1333,0.22819126819126823,0.5247666905958367,0.2288072018004501,0.14655733760665246,0.898989898989899,0.7655172413793103,0.0,0.0,0.4951237809452363,0.0,0.5048762190547637,0.3061390347586897,0.75,0.9166666666666666,0.1674012474012474,0.18985446985446985,0.28324324324324324,0.40761407903065944,0.7870447661152088,0.0,22.297233232776282,0.31588850837138505,0.9773021308980213,144.64976261499436,71.51315657748277,75.38148126977613,0.7424657534246575,0.0,673,0.7323943661971831,0.012459078045140057,6.031467132768436e-05,0.9951823005561325,1.0602972820091037,13.093621674905044,0.1684079380774005,0.7637306352883089,0.6491710399950625
sunsched_no_conformal,28,cct_region,2012,2.0,pvgis,365,1.03062096349991,69.834654076896,10.0,188.158732561793,0.33,1333,0.22819126819126823,0.5247666905958367,0.2288072018004501,0.14655733760665246,0.898989898989899,0.7655172413793103,0.0,0.0,0.4951237809452363,0.0,0.5048762190547637,0.30988997249312333,0.75,0.9166666666666666,0.1674012474012474,0.18985446985446985,0.28324324324324324,0.40365650941012243,0.787619870045931,0.0,20.729461989872192,0.31588850837138505,0.9773021308980213,133.46619047010245,71.51315657748279,64.68279123082384,0.7424657534246575,0.0,673,0.7154929577464788,0.011016028275902206,5.923247819292234e-05,0.9946518208908968,1.1086235663325077,14.8009329503487,0.1563114457578214,0.6756330856673739,0.5742881228172679
sunsched_no_conformal,40,cct_region,2011,2.0,pvgis,365,0.9853790484979228,66.769071679648,10.0,196.7977039286174,0.32,1079,0.22910058323953753,0.7741545893719808,0.24003707136237257,0.19532110154862076,0.9596273291925466,0.6548672566371682,0.0,0.0,0.41797961075069506,0.0,0.5820203892493049,0.4099474822366389,0.75,0.8333333333333334,0.16351171595211297,0.1324056072853781,0.24823493297861457,0.40572607669358945,0.7711996967889814,0.0,19.639202912676332,0.31588850837138505,0.9773021308980213,134.9121068823523,69.46951859250213,67.99511517644179,0.3315068493150685,0.0,629,0.6732394366197183,0.010351810315812572,5.037072644339407e-05,0.9951576764297048,1.0213682165967157,15.758636690045478,0.1506134863582098,0.6345726598492412,0.539386760871855
sunsched_no_conformal,40,cct_region,2012,2.0,pvgis,365,0.9853790484979228,66.769071679648,10.0,196.7977039286174,0.32,1079,0.22910058323953753,0.7741545893719808,0.24003707136237257,0.19532110154862076,0.9596273291925466,0.6548672566371682,0.0,0.0,0.41797961075069506,0.0,0.5820203892493049,0.40963855421686746,0.75,0.8333333333333334,0.16351171595211297,0.1324056072853781,0.24823493297861457,0.40815320050007864,0.790015617059843,0.0,20.729461989872192,0.31588850837138505,0.9773021308980213,127.6073284260185,69.46951859250214,61.148428157523334,0.3315068493150685,0.0,629,0.6901408450704225,0.011064061516096022,5.74472004004333e-05,0.99483458567854,1.0657274261529095,14.73938437739502,0.15670154900599498,0.6784543875072861,0.5766862293811933
sunsched_no_conformal,40,cct_region,2014,2.0,pvgis,365,0.9853790484979228,66.769071679648,10.0,196.7977039286174,0.32,1079,0.22910058323953753,0.7741545893719808,0.24003707136237257,0.19532110154862076,0.9596273291925466,0.6548672566371682,0.0,0.0,0.41797961075069506,0.0,0.5820203892493049,0.4057769539697251,0.75,0.8333333333333334,0.16351171595211297,0.1324056072853781,0.24823493297861457,0.4125974877445262,0.7895967361520471,0.0,22.297233232776282,0.31588850837138505,0.9773021308980213,138.2999672032459,69.46951859250214,71.38619528621841,0.3315068493150685,0.0,629,0.6929577464788732,0.012523893119039576,5.900237500496941e-05,0.9953109063781945,1.0166506605712609,13.027541387956001,0.1689358556081001,0.7676045465681673,0.6524638645829423
sunsched_no_conformal,40,cct_region,2013,2.0,pvgis,365,0.9853790484979228,66.769071679648,10.0,196.7977039286174,0.33,1079,0.22910058323953753,0.7741545893719808,0.24003707136237257,0.19532110154862076,0.9596273291925466,0.6548672566371682,0.0,0.0,0.41797961075069506,0.0,0.5820203892493049,0.4089434661723818,0.75,0.8333333333333334,0.16351171595211297,0.1324056072853781,0.24823493297861457,0.40924683069093176,0.7831267270484105,0.0,20.64649507784094,0.31588850837138505,0.9773021308980213,135.2265277398714,69.46951859250213,68.29365857950081,0.3315068493150685,0.0,629,0.676056338028169,0.011137833472797787,5.466141685160111e-05,0.9951162437516813,1.0247305162518927,14.645902762983116,0.1572999685991383,0.6827848144174878,0.5803670922548647
sunsched_no_conformal,46,cct_region,2011,2.0,pvgis,365,1.299774515109069,88.072440650112,10.0,149.1953658034943,0.37,6276,0.23366414114466613,nan,0.21765455704270237,0.13301664379364128,0.969009009009009,0.9201101928374655,0.0,0.0,0.52868068833652,0.0,0.4713193116634799,0.21612757595071172,0.8333333333333334,0.9166666666666666,0.20872905773129866,0.1088997972468253,0.14310105645075233,0.3875190697516631,0.7670895863983105,0.0,19.639202912676332,0.31588850837138505,0.9773021308980213,177.95722222088847,83.7827042511059,94.59215121983497,2.095890410958904,0.0,2959,0.7464788732394366,0.010177482154088174,5.9264333290667905e-05,0.9942106280189965,1.293185533868181,16.013309700606232,0.14920710137107263,0.6244805219511504,0.5308084436584779
sunsched_no_conformal,46,cct_region,2012,2.0,pvgis,365,1.299774515109069,88.072440650112,10.0,149.1953658034943,0.37,6276,0.23366414114466613,nan,0.21765455704270237,0.13301664379364128,0.969009009009009,0.9201101928374655,0.0,0.0,0.52868068833652,0.0,0.4713193116634799,0.2184910771191842,0.8333333333333334,0.9166666666666666,0.20872905773129866,0.1088997972468253,0.14310105645075233,0.39226213615177236,0.7927090105973408,0.0,20.729461989872192,0.31588850837138505,0.9773021308980213,168.32177798190958,83.77007267215802,85.52043562073531,2.0931506849315067,0.0,2959,0.7183098591549295,0.010904169422756507,6.658253159672867e-05,0.9939309053860881,1.3348498797394692,14.941928548839774,0.1554292444332932,0.6692576508657238,0.5688690032358652
sunsched_no_conformal,46,cct_region,2013,2.0,pvgis,365,1.299774515109069,88.072440650112,10.0,149.1953658034943,0.37,6276,0.23366414114466613,nan,0.21765455704270237,0.13301664379364128,0.969009009009009,0.9201101928374655,0.0,0.0,0.52868068833652,0.0,0.4713193116634799,0.21931431909921395,0.8333333333333334,0.9166666666666666,0.20872905773129866,0.1088997972468253,0.14310105645075233,0.39181500405043196,0.7828329135784593,0.0,20.64649507784094,0.31588850837138505,0.9773021308980213,178.37196233358222,83.74480951426311,95.0230865541847,2.0876712328767124,0.0,2959,0.7126760563380281,0.010946329979694129,6.471915173108028e-05,0.9941223446595681,1.2918696563977656,14.887245517882176,0.1557695187021927,0.6717159321372282,0.5709585423166441
sunsched_no_conformal,46,cct_region,2014,2.0,pvgis,365,1.299774515109069,88.072440650112,10.0,149.1953658034943,0.38,6276,0.23366414114466613,nan,0.21765455704270237,0.13301664379364128,0.969009009009009,0.9201101928374655,0.0,0.0,0.52868068833652,0.0,0.4713193116634799,0.21535744635649035,0.8333333333333334,0.9166666666666666,0.20872905773129866,0.1088997972468253,0.14310105645075233,0.395179791114106,0.7911532830330228,0.0,22.297233232776282,0.31588850837138505,0.9773021308980213,182.42601472521153,83.80796740900081,99.03718289055637,2.1013698630136988,0.0,2959,0.7352112676056338,0.012310635717225113,6.871481346045502e-05,0.9944492392157306,1.285073000058138,13.241744098178652,0.16724253976628045,0.7551875286107862,0.6419093993191684
sunsched_no_conformal,78,cct_region,2011,2.0,pvgis,365,1.074248607789109,72.79085383900801,10.0,180.51718460483815,0.33,2359,0.18072399015227503,0.8056371109806225,0.17337855023314963,0.11623452462743855,0.9940229885057471,0.9239130434782609,0.0,0.0,0.39593047901653244,0.0,0.6040695209834676,0.2564292779426311,0.8333333333333334,0.9166666666666666,0.11817269991793561,0.24591957691255584,0.19581471687790647,0.39554114539348134,0.7649008063098646,0.0,19.639202912676332,0.31588850837138505,0.9773021308980213,147.07958649332792,74.46124972869708,74.56628061490294,1.1452054794520548,0.0,1426,0.6732394366197183,0.010254071936736522,5.25813994802111e-05,0.9948983052243114,1.08837656208168,15.904696362782888,0.1498016753372794,0.628745105967573,0.534433340072437
sunsched_no_conformal,78,cct_region,2015,2.0,pvgis,365,1.074248607789109,72.79085383900801,10.0,180.51718460483815,0.31,2359,0.18072399015227503,0.8056371109806225,0.17337855023314963,0.11623452462743855,0.9940229885057471,0.9239130434782609,0.0,0.0,0.39593047901653244,0.0,0.6040695209834676,0.2590787056662428,0.8333333333333334,0.9166666666666666,0.11817269991793561,0.24591957691255584,0.19581471687790647,0.40057477769385824,0.7803349123222716,0.0,21.709066091403,0.31588850837138505,0.9773021308980213,143.517592427232,74.435986570802,71.20759309144263,1.1397260273972603,0.0,1426,0.7070422535211267,0.011891261064958605,6.17833304802893e-05,0.9948311636402969,1.0940877416340768,13.714011795316466,0.16368485366980556,0.7291812307916451,0.6198040461728983
sunsched_no_conformal,78,cct_region,2012,2.0,pvgis,365,1.074248607789109,72.79085383900801,10.0,180.51718460483815,0.34,2359,0.18072399015227503,0.8056371109806225,0.17337855023314963,0.11623452462743855,0.9940229885057471,0.9239130434782609,0.0,0.0,0.39593047901653244,0.0,0.6040695209834676,0.26063303659742826,0.8333333333333334,0.9166666666666666,0.11817269991793561,0.24591957691255584,0.19581471687790647,0.39829851769677416,0.785602561389992,0.0,20.729461989872192,0.31588850837138505,0.9773021308980213,139.11600324190164,74.44861814974962,67.27500660813037,1.1424657534246576,0.0,1426,0.6929577464788732,0.010962967549126344,6.00359728913166e-05,0.9945535740080824,1.1330549516359016,14.871100376731581,0.15587043661884115,0.6724451954911647,0.5715784161674899
sunsched_no_conformal,7,cct_region,2013,2.0,pvgis,365,1.0371329234694004,70.275903079136,10.0,186.97731973936163,0.35,1853,0.37415369996436637,nan,0.3545601726929304,0.17636020753257403,0.9987987987987988,0.8404255319148937,0.0,0.0,0.5483000539665407,0.0,0.45169994603345925,0.33337830545062064,0.75,0.9166666666666666,0.45064734529041467,0.20602209288514078,0.22146335669319397,0.4012925509058074,0.7828380482840217,0.0,20.64649507784094,0.31588850837138505,0.9773021308980213,142.3288675147464,71.970592104307,72.53969439912206,0.7287671232876712,0.0,837,0.6704225352112676,0.011047470027310366,5.687299891711982e-05,0.994878310334723,1.0519136798291377,14.762169309955192,0.15655677686780323,0.6774072150260654,0.5757961327721556
sunsched_no_conformal,78,cct_region,2013,2.0,pvgis,365,1.074248607789109,72.79085383900801,10.0,180.51718460483815,0.34,2359,0.18072399015227503,0.8056371109806225,0.17337855023314963,0.11623452462743855,0.9940229885057471,0.9239130434782609,0.0,0.0,0.39593047901653244,0.0,0.6040695209834676,0.25847816871555745,0.8333333333333334,0.9166666666666666,0.11817269991793561,0.24591957691255584,0.19581471687790647,0.3993777024168489,0.7779503340730153,0.0,20.64649507784094,0.31588850837138505,0.9773021308980213,147.42236440093876,74.46124972869704,74.89175376951512,1.1452054794520548,0.0,1426,0.7183098591549295,0.011028037321677253,5.7185050741279595e-05,0.9948413257921138,1.0922031142853788,14.787632247852327,0.15639548763948097,0.6762407823235085,0.5748046649749822
sunsched_no_conformal,7,cct_region,2011,2.0,pvgis,365,1.0371329234694004,70.275903079136,10.0,186.97731973936163,0.35,1853,0.37415369996436637,nan,0.3545601726929304,0.17636020753257403,0.9987987987987988,0.8404255319148937,0.0,0.0,0.5483000539665407,0.0,0.45169994603345925,0.32991545241949993,0.75,0.9166666666666666,0.45064734529041467,0.20602209288514078,0.22146335669319397,0.39784505780466234,0.770284444879039,0.0,19.639202912676332,0.31588850837138505,0.9773021308980213,141.99793270985566,71.98322368325432,72.21283938213077,0.7315068493150685,0.0,837,0.6901408450704225,0.010274333349155111,5.1468343219723546e-05,0.9950155595901351,1.0481813903085924,15.875202401963753,0.1499644637645322,0.6299132286189313,0.5354262443260915
sunsched_no_conformal,78,cct_region,2014,2.0,pvgis,365,1.074248607789109,72.79085383900801,10.0,180.51718460483815,0.33,2359,0.18072399015227503,0.8056371109806225,0.17337855023314963,0.11623452462743855,0.9940229885057471,0.9239130434782609,0.0,0.0,0.39593047901653244,0.0,0.6040695209834676,0.23855447223399745,0.8333333333333334,0.9166666666666666,0.11817269991793561,0.24591957691255584,0.19581471687790647,0.4025970825801155,0.7849363153296673,0.0,22.297233232776282,0.31588850837138505,0.9773021308980213,150.77299182668625,74.49914446553953,78.20642115281633,1.1534246575342466,0.0,1426,0.7098591549295774,0.012399756804245989,6.210707451230211e-05,0.9950162291037246,1.0849757970903515,13.154066953692636,0.16792939410846797,0.7602211570918589,0.6461879835280799
sunsched_no_conformal,46,cct_region,2015,2.0,pvgis,365,1.299774515109069,88.072440650112,10.0,149.1953658034943,0.38,6276,0.23366414114466613,nan,0.21765455704270237,0.13301664379364128,0.969009009009009,0.9201101928374655,0.0,0.0,0.52868068833652,0.0,0.4713193116634799,0.21734916082430425,0.8333333333333334,0.9166666666666666,0.20872905773129866,0.1088997972468253,0.14310105645075233,0.39325917361655416,0.7860353512063573,0.0,21.709066091403,0.31588850837138505,0.9773021308980213,173.64742923953168,83.78270425110576,90.4975282890492,2.095890410958904,0.0,2959,0.7154929577464788,0.011804523413093914,6.856102958249188e-05,0.9942255081303003,1.2968035787691674,13.80636957653431,0.1630158660171782,0.7243033691489962,0.6156578637766468
sunsched_no_conformal,7,cct_region,2012,2.0,pvgis,365,1.0371329234694004,70.275903079136,10.0,186.97731973936163,0.36,1853,0.37415369996436637,nan,0.3545601726929304,0.17636020753257403,0.9987987987987988,0.8404255319148937,0.0,0.0,0.5483000539665407,0.0,0.45169994603345925,0.32789170714157223,0.75,0.8333333333333334,0.45064734529041467,0.20602209288514078,0.22146335669319397,0.4007231801214228,0.7902512715275213,0.0,20.729461989872192,0.31588850837138505,0.9773021308980213,134.3094941873784,71.99585526220181,65.06827538780266,0.7342465753424657,0.0,837,0.676056338028169,0.010986398416624204,5.845057043951919e-05,0.9947078886720879,1.0913490797213035,14.8416870181735,0.15605482290527362,0.6737778520565147,0.5727111742480375
sunsched_no_conformal,7,cct_region,2015,2.0,pvgis,365,1.0371329234694004,70.275903079136,10.0,186.97731973936163,0.36,1853,0.37415369996436637,nan,0.3545601726929304,0.17636020753257403,0.9987987987987988,0.8404255319148937,0.0,0.0,0.5483000539665407,0.0,0.45169994603345925,0.3285213167835942,0.75,0.9166666666666666,0.45064734529041467,0.20602209288514078,0.22146335669319397,0.40253544356590226,0.7853046114392699,0.0,21.709066091403,0.31588850837138505,0.9773021308980213,138.55900684822407,71.98322368325438,68.94580544084029,0.7315068493150685,0.0,837,0.6450704225352113,0.01191857398389431,6.079427417798139e-05,0.9949250851239992,1.053450778067187,13.68387616922371,0.16390497608192345,0.7307870866656128,0.6211690236657709
sunsched_no_conformal,7,cct_region,2014,2.0,pvgis,365,1.0371329234694004,70.275903079136,10.0,186.97731973936163,0.36,1853,0.37415369996436637,nan,0.3545601726929304,0.17636020753257403,0.9987987987987988,0.8404255319148937,0.0,0.0,0.5483000539665407,0.0,0.45169994603345925,0.32173052707321464,0.75,0.8333333333333334,0.45064734529041467,0.20602209288514078,0.22146335669319397,0.40447738157253543,0.7896082485718323,0.0,22.297233232776282,0.31588850837138505,0.9773021308980213,145.5637295311605,71.99585526220176,75.85708663370973,0.7342465753424657,0.0,837,0.6788732394366197,0.012419770724956215,6.0253692014568554e-05,0.9951719892524703,1.0431399798602996,13.134925570023757,0.1680804892389357,0.7613290190864715,0.6471296662235009
sunsched_lite,0,cct_region,2012,0.5,pvgis,365,0.3162228164973532,85.70875921763201,10.0,153.30988477659398,0.34,1861,0.2764570552147239,-1.0887412040656754,0.34551316496507256,0.14116596543976415,0.4845984598459846,0.09302325581395349,0.5137023105857066,0.0,0.4862976894142934,0.0,0.0,0.15475550779150993,0.0,0.0,0.543424079754601,0.5286618098159508,0.788631134969325,0.24641916741385383,0.730906959927513,0.0,20.729461989872192,0.31588850837138505,0.9773021308980213,40.951092741508575,67.0529447058961,4.991166954772323,0.0,0.18841324200913243,6,0.9436619718309859,0.009422068680752394,6.895862897581035e-05,0.992734334574601,0.6084602021814765,17.27149090182996,0.14283851053120855,0.578988812074149,0.4921404902630266
sunsched_lite,0,cct_region,2011,0.5,pvgis,365,0.3162228164973532,85.70875921763201,10.0,153.30988477659398,0.34,1861,0.27674463190184045,-1.087568412822517,0.3460505104782375,0.14123501564291438,0.48514851485148514,0.09302325581395349,0.5131649650725416,0.0,0.48683503492745833,0.0,0.0,0.15475550779150993,0.0,0.0,0.543424079754601,0.5286618098159508,0.788631134969325,0.24535497195162326,0.7275155657495039,0.0,19.639202912676332,0.31588850837138505,0.9773021308980213,43.29530497219543,67.05341946887447,5.107958312517176,0.0,0.1604642313546423,6,0.9436619718309859,0.008803469828142335,6.684251618436956e-05,0.9924644687143266,0.6283478018028401,18.48009241003034,0.13750077532775373,0.5411228352176612,0.4599544099350121
sunsched_lite,0,cct_region,2013,0.5,pvgis,365,0.3162228164973532,85.70875921763201,10.0,153.30988477659398,0.34,1861,0.2764570552147239,-1.0887412040656754,0.34551316496507256,0.14116596543976415,0.4845984598459846,0.09302325581395349,0.5137023105857066,0.0,0.4862976894142934,0.0,0.0,0.15475550779150993,0.0,0.0,0.543424079754601,0.5286618098159508,0.788631134969325,0.24651183153528136,0.7316447391045182,0.0,20.64649507784094,0.31588850837138505,0.9773021308980213,43.39620730950464,67.0529447058961,5.303939382067403,0.0,0.16219558599695585,6,0.9464788732394366,0.00946380207599203,7.181130742701991e-05,0.9924691464995962,0.6277166416538689,17.19073385609667,0.143220630815741,0.5817087323734882,0.49445242251746496
sunsched_lite,0,cct_region,2014,0.5,pvgis,365,0.3162228164973532,85.70875921763201,10.0,153.30988477659398,0.35,1861,0.2789493865030675,-1.0785770132916332,0.3476625470177324,0.14157862972936588,0.488998899889989,0.09302325581395349,0.5094035464803869,0.0,0.4905964535196131,0.0,0.0,0.15475550779150993,0.0,0.0,0.543424079754601,0.5286618098159508,0.788631134969325,0.2519422034567918,0.734614222450736,0.0,22.297233232776282,0.31588850837138505,0.9773021308980213,44.38251982033472,67.06179544130204,5.620114604976699,0.0,0.15273972602739727,6,0.9492957746478873,0.010703860983840179,8.076138000107585e-05,0.9925114318075844,0.6280582166409288,15.19980823608589,0.15385575969929055,0.6579030369777287,0.5592175814310694
sunsched_lite,0,cct_region,2015,0.5,pvgis,365,0.3162228164973532,85.70875921763201,10.0,153.30988477659398,0.35,1861,0.27156825153374226,-1.108678655199374,0.3401397098334229,0.13995153084002526,0.4735973597359736,0.09302325581395349,0.5244492208490059,0.0,0.4755507791509941,0.0,0.0,0.15475550779150993,0.0,0.0,0.543424079754601,0.5286618098159508,0.788631134969325,0.2400513566638116,0.7311861484991393,0.0,21.709066091403,0.31588850837138505,0.9773021308980213,42.24677320053634,67.03250207790758,5.358463581839187,0.0,0.18054604261796042,6,0.9436619718309859,0.010137531109342037,6.469374367052101e-05,0.9936588592583884,0.5974563928491242,16.067494511315942,0.14891333289871966,0.6223745707806059,0.529018385163515
sunsched_lite,105,cct_region,2013,0.5,pvgis,365,0.264632338334809,71.725720549728,10.0,183.19788075032216,0.41,2169,0.09918582375478928,0.00999830537197083,0.11664361456892577,0.13379386246770897,0.7594997594997595,0.37777777777777777,0.06731212540341171,0.0,0.9114799446749654,0.0,0.02120792992162287,0.7259873981865682,0.0,43.75,0.096360153256705,0.25373563218390804,0.3789750957854406,0.21703740302085917,0.7256452253950463,0.0,20.64649507784094,0.31588850837138505,0.9773021308980213,36.316290969702145,68.43256797140513,3.2648930094550668,0.03287671232876712,0.25292998477929984,62,0.9464788732394366,0.009130295025549991,8.560883771240785e-06,0.999063243380114,0.4009987357563387,17.937058364362095,0.13981419886522317,0.557505015419268,0.47387926310637785
sunsched_lite,105,cct_region,2012,0.5,pvgis,365,0.264632338334809,71.725720549728,10.0,183.19788075032216,0.41,2169,0.09918582375478928,0.00999830537197083,0.11664361456892577,0.13379386246770897,0.7594997594997595,0.37777777777777777,0.06731212540341171,0.0,0.9114799446749654,0.0,0.02120792992162287,0.7259873981865682,0.0,43.75,0.096360153256705,0.25373563218390804,0.3789750957854406,0.2169638103444348,0.7244898200939452,0.0,20.729461989872192,0.31588850837138505,0.9773021308980213,34.27008698988615,68.43256797140513,2.92486947179018,0.03287671232876712,0.273677701674277,62,0.9408450704225352,0.009090980398167487,8.220392192889636e-06,0.9990965808555848,0.39999007066276804,18.015229645514626,0.13947297933678116,0.5550859021377931,0.4718230168171241
sunsched_lite,105,cct_region,2015,0.5,pvgis,365,0.264632338334809,71.725720549728,10.0,183.19788075032216,0.41,2169,0.09918582375478928,0.00999830537197083,0.11664361456892577,0.13393068339326228,0.7594997594997595,0.37777777777777777,0.06869525126786538,0.0,0.9100968188105117,0.0,0.02120792992162287,0.7259873981865682,0.0,43.75,0.096360153256705,0.25373563218390804,0.3789750957854406,0.2137451184211767,0.7250374730695303,0.0,21.709066091403,0.31588850837138505,0.9773021308980213,35.35438240349712,68.43114368247004,3.318237501349322,0.03287671232876712,0.2689402587519026,62,0.9436619718309859,0.009840666945856414,8.783827440815623e-06,0.9991081911425326,0.39999007066276804,16.6429779286175,0.14590548526470137,0.6008540083926363,0.5107259071337409
sunsched_lite,105,cct_region,2011,0.5,pvgis,365,0.264632338334809,71.725720549728,10.0,183.19788075032216,0.42,2169,0.09918582375478928,0.00999830537197083,0.11664361456892577,0.13379386246770897,0.7594997594997595,0.37777777777777777,0.06731212540341171,0.0,0.9114799446749654,0.0,0.02120792992162287,0.7259873981865682,0.0,43.75,0.096360153256705,0.25373563218390804,0.3789750957854406,0.2169109976299361,0.7222073038301987,0.0,19.639202912676332,0.31588850837138505,0.9773021308980213,36.23185044209719,68.43256797140513,2.934326767451126,0.03287671232876712,0.248601598173516,62,0.9464788732394366,0.008503997698326835,8.49884578630479e-06,0.9990016036139031,0.40201360208664677,19.256887915255952,0.13440841383401514,0.5192947086781174,0.4414005023763998
sunsched_lite,105,cct_region,2014,0.5,pvgis,365,0.264632338334809,71.725720549728,10.0,183.19788075032216,0.42,2169,0.09918582375478928,0.00999830537197083,0.11664361456892577,0.13379386246770897,0.7594997594997595,0.37777777777777777,0.06731212540341171,0.0,0.9114799446749654,0.0,0.02120792992162287,0.7259873981865682,0.0,43.75,0.096360153256705,0.25373563218390804,0.3789750957854406,0.22213050835244552,0.7283663215887749,0.0,22.297233232776282,0.31588850837138505,0.9773021308980213,37.14169056913848,68.43256797140513,3.261782053210618,0.03287671232876712,0.24138127853881278,62,0.9436619718309859,0.010337033147014332,1.0180620506246366e-05,0.9990161003014936,0.4020356022365714,15.842350947028926,0.15014645999370813,0.6312194467498146,0.5365365297373423
sunsched_lite,130,cct_region,2013,0.5,pvgis,365,0.2526532182741883,68.47891018896,10.0,191.883894818735,0.3,1455,0.10936809544851966,-0.22294077603812112,0.11134020618556702,0.07551764489637781,0.5679287305122495,0.5277777777777778,0.40824742268041236,0.0,0.5752577319587628,0.0,0.016494845360824743,0.3949599083619702,0.0,35.141666666666666,0.15760789512446605,0.3132272794225954,0.3739873324495508,0.22336563045047114,0.7274870767781051,0.0,20.64649507784094,0.31588850837138505,0.9773021308980213,34.672360328345206,67.22981697077314,3.1244752641442317,0.0136986301369863,0.2566495433789954,29,0.9408450704225352,0.009199117861757087,8.22646353816313e-06,0.9991065324324233,0.39999007066276804,17.803634363780986,0.1404031962499792,0.5616830696289521,0.4774306091846092
sunsched_lite,130,cct_region,2011,0.5,pvgis,365,0.2526532182741883,68.47891018896,10.0,191.883894818735,0.33,1455,0.10936809544851966,-0.22294077603812112,0.11134020618556702,0.07521094964612689,0.5746102449888641,0.5277777777777778,0.4020618556701031,0.0,0.5814432989690722,0.0,0.016494845360824743,0.3949599083619702,0.0,35.141666666666666,0.15760789512446605,0.3132272794225954,0.3739873324495508,0.22330203850057248,0.7241811422200259,0.0,19.639202912676332,0.31588850837138505,0.9773021308980213,34.59174217265647,67.23408983757841,2.8176585611913705,0.0136986301369863,0.25235920852359206,29,0.9464788732394366,0.008565639048168995,7.65342545863379e-06,0.9991072944866659,0.39999007066276804,19.120331230182437,0.13493463431478048,0.5230034919172571,0.44455296812966855
sunsched_lite,100,cct_region,2015,0.5,pvgis,365,0.3052640870787947,82.73851465568,10.0,158.8135834282582,0.62,4890,0.0617291785661399,-0.14559200097549074,0.06850715746421268,0.0646377995831086,0.5548948821405819,0.26519337016574585,0.39897750511247443,0.0,0.5421267893660532,0.0,0.05889570552147239,1.0659168370824814,0.5,39.083333333333336,0.11224640900340586,0.169427344460663,0.4592244716633877,0.20342722821102804,0.7254394381446814,0.0,21.709066091403,0.31588850837138505,0.9773021308980213,40.78270757288786,70.5281335823603,4.464801412960338,0.16986301369863013,0.24028729071537291,320,0.9323943661971831,0.009725833285636554,5.837599025226738e-05,0.9940336527351145,0.5716686218825454,16.753953968763522,0.14534804814895486,0.5968740285812079,0.5073429242940267
sunsched_lite,130,cct_region,2012,0.5,pvgis,365,0.2526532182741883,68.47891018896,10.0,191.883894818735,0.33,1455,0.10936809544851966,-0.22294077603812112,0.11134020618556702,0.07471469710471236,0.5857461024498887,0.5277777777777778,0.3917525773195876,0.0,0.5917525773195876,0.0,0.016494845360824743,0.3949599083619702,0.0,35.141666666666666,0.15760789512446605,0.3132272794225954,0.3739873324495508,0.22337133604621537,0.7261928534530708,0.0,20.729461989872192,0.31588850837138505,0.9773021308980213,32.71878192595117,67.25384286120138,2.7854884352337668,0.0136986301369863,0.2763508371385084,29,0.9464788732394366,0.009157016715148838,8.275354387996768e-06,0.9990970986712467,0.39999007066276804,17.885321120734805,0.14004159719609977,0.5591177218734308,0.47525006359241617
sunsched_lite,100,cct_region,2011,0.5,pvgis,365,0.3052640870787947,82.73851465568,10.0,158.8135834282582,0.64,4890,0.06200418861458398,-0.14479941470552365,0.06932515337423313,0.06407452348154277,0.5655128477383733,0.26519337016574585,0.38179959100204497,0.0,0.5593047034764826,0.0,0.05889570552147239,1.105180640763463,0.5,39.083333333333336,0.11224640900340586,0.169427344460663,0.4592244716633877,0.207845316308106,0.7218639956233753,0.0,19.639202912676332,0.31588850837138505,0.9773021308980213,41.79490238410944,70.60346630412225,3.8797876873658423,0.16986301369863013,0.21623858447488584,324,0.9436619718309859,0.008423438703623628,6.188222003156468e-05,0.9927071444217211,0.6052657954027161,19.3185612310792,0.1341730878690799,0.5176368923329683,0.439991358483023
sunsched_lite,100,cct_region,2013,0.5,pvgis,365,0.3052640870787947,82.73851465568,10.0,158.8135834282582,0.64,4890,0.06200418861458398,-0.14479941470552365,0.06932515337423313,0.06480928483818087,0.5642386918666383,0.26519337016574585,0.3848670756646217,0.0,0.556237218813906,0.0,0.05889570552147239,1.0953646898432177,0.5,39.083333333333336,0.11224640900340586,0.169427344460663,0.4592244716633877,0.20857221897239364,0.7258119720164878,0.0,20.64649507784094,0.31588850837138505,0.9773021308980213,41.892307942077814,70.59379749102571,4.211689720108345,0.16986301369863013,0.220367199391172,323,0.9408450704225352,0.009043738221831079,6.465013096047323e-05,0.992902132797109,0.6024206369838706,17.997057819647168,0.13955204758592255,0.5556463784365421,0.4722994216710607
sunsched_lite,100,cct_region,2012,0.5,pvgis,365,0.3052640870787947,82.73851465568,10.0,158.8135834282582,0.65,4890,0.062067652471917235,-0.1446165101816851,0.06993865030674846,0.06490520183090984,0.5657252070503291,0.26519337016574585,0.3805725971370143,0.0,0.5605316973415133,0.0,0.05889570552147239,1.105180640763463,0.5,39.083333333333336,0.11224640900340586,0.169427344460663,0.4592244716633877,0.2082960549182168,0.7251883486676796,0.0,20.729461989872192,0.31588850837138505,0.9773021308980213,39.53192903371723,70.60631488199243,3.8675432659367726,0.16986301369863013,0.2445966514459665,324,0.9436619718309859,0.0090093203445552,6.311106137473702e-05,0.9930436441400389,0.5900561524841464,18.06838591492089,0.13924255966936927,0.5534528677374547,0.47043493757683646
sunsched_lite,130,cct_region,2014,0.5,pvgis,365,0.2526532182741883,68.47891018896,10.0,191.883894818735,0.31,1455,0.10944174399764327,-0.22260040844111625,0.11202749140893471,0.07581784106499917,0.5857461024498887,0.5277777777777778,0.39106529209621993,0.0,0.5924398625429553,0.0,0.016494845360824743,0.3949599083619702,0.0,35.141666666666666,0.15760789512446605,0.3132272794225954,0.3739873324495508,0.22834503090806085,0.7301409334503689,0.0,22.297233232776282,0.31588850837138505,0.9773021308980213,35.46039653915772,67.25431762417975,3.127957345454062,0.0136986301369863,0.2462138508371385,29,0.9464788732394366,0.010411183440751813,9.296965826187685e-06,0.9991078179255231,0.39999007066276804,15.730963010641247,0.15076890873729798,0.6356889907652492,0.5403356421504618
sunsched_lite,130,cct_region,2015,0.5,pvgis,365,0.2526532182741883,68.47891018896,10.0,191.883894818735,0.32,1455,0.10936809544851966,-0.22294077603812112,0.11134020618556702,0.07644425681271211,0.5493689680772086,0.5277777777777778,0.4268041237113402,0.0,0.5567010309278351,0.0,0.016494845360824743,0.3619702176403207,0.0,35.141666666666666,0.15760789512446605,0.3132272794225954,0.3739873324495508,0.22029064668822673,0.7267961968042216,0.0,21.709066091403,0.31588850837138505,0.9773021308980213,33.753994506289885,67.20434573877822,3.1403510123774705,0.0136986301369863,0.2708523592085236,28,0.9408450704225352,0.009910623896741633,8.843826007162617e-06,0.9991084374429808,0.39999007066276804,16.525502820383707,0.14650331777107506,0.6051253089658066,0.5143565126209356
sunsched_lite,100,cct_region,2014,0.5,pvgis,365,0.3052640870787947,82.73851465568,10.0,158.8135834282582,0.67,4890,0.062067652471917235,-0.1446165101816851,0.06993865030674846,0.06385250664643703,0.5680611594818433,0.3149171270718232,0.37382413087934563,0.0,0.567280163599182,0.0,0.05889570552147239,1.1149965916837083,0.5,39.083333333333336,0.11224640900340586,0.169427344460663,0.4592244716633877,0.2141601846257736,0.7286982990258276,0.0,22.297233232776282,0.31588850837138505,0.9773021308980213,42.844439706406234,70.62958206027855,4.229606934050758,0.16986301369863013,0.20690639269406394,325,0.9436619718309859,0.010248464223467849,7.295548057680671e-05,0.9929316428680622,0.6024017728626367,15.881942264662813,0.14992721335406178,0.629645910642171,0.5351990240458454
sunsched_lite,28,cct_region,2014,0.5,pvgis,365,0.2576552408749775,69.834654076896,10.0,188.158732561793,0.43,1333,0.12898128898128897,-0.33165829145728654,0.14403600900225055,0.07783971031183007,0.5993265993265994,0.41379310344827586,0.2288072018004501,0.0,0.735933983495874,0.0,0.035258814703675916,1.519067266816704,0.0,38.94999999999999,0.1674012474012474,0.18985446985446985,0.28324324324324324,0.22776714278797794,0.729502990762695,0.0,22.297233232776282,0.31588850837138505,0.9773021308980213,36.16244065374859,67.60947941074616,3.255838358081397,0.03561643835616438,0.2430079908675799,65,0.9464788732394366,0.010403519595098639,9.291379994560511e-06,0.9991076972378751,0.39999007066276804,15.742549463452946,0.15070377326580675,0.6352211262359672,0.539937957300572
sunsched_lite,28,cct_region,2012,0.5,pvgis,365,0.2576552408749775,69.834654076896,10.0,188.158732561793,0.44,1333,0.12898128898128897,-0.33165829145728654,0.14403600900225055,0.07783971031183007,0.5942760942760943,0.41379310344827586,0.23330832708177043,0.0,0.7314328582145536,0.0,0.035258814703675916,1.519067266816704,0.0,38.94999999999999,0.1674012474012474,0.18985446985446985,0.28324324324324324,0.2228495930391105,0.7256017560161466,0.0,20.729461989872192,0.31588850837138505,0.9773021308980213,33.36654761752561,67.60663083287596,2.8952773999814343,0.03561643835616438,0.27384893455098935,65,0.9464788732394366,0.009150587356444664,8.270865293412252e-06,0.9990969545446415,0.39999007066276804,17.897885070425566,0.1399862601984564,0.5587252326546661,0.4749164477564662
sunsched_lite,28,cct_region,2013,0.5,pvgis,365,0.2576552408749775,69.834654076896,10.0,188.158732561793,0.45,1333,0.12898128898128897,-0.33165829145728654,0.14403600900225055,0.07783971031183007,0.5942760942760943,0.41379310344827586,0.23330832708177043,0.0,0.7314328582145536,0.0,0.035258814703675916,1.519067266816704,0.0,38.94999999999999,0.1674012474012474,0.18985446985446985,0.28324324324324324,0.22265179575005634,0.7268271619579972,0.0,20.64649507784094,0.31588850837138505,0.9773021308980213,35.358802920170255,67.60663083287596,3.2598879483083145,0.03561643835616438,0.25422374429223743,65,0.9436619718309859,0.00919060372653918,8.220358576028446e-06,0.9991063685423304,0.39999007066276804,17.820124649871197,0.1403299448445,0.5611633025289909,0.4769888071496423
sunsched_lite,28,cct_region,2015,0.5,pvgis,365,0.2576552408749775,69.834654076896,10.0,188.158732561793,0.44,1333,0.12898128898128897,-0.33165829145728654,0.14403600900225055,0.07817401699687168,0.5698653198653199,0.41379310344827586,0.2558139534883721,0.0,0.708927231807952,0.0,0.035258814703675916,1.4830582645661414,0.0,38.94999999999999,0.1674012474012474,0.18985446985446985,0.28324324324324324,0.21950926294961684,0.7261502042893081,0.0,21.709066091403,0.31588850837138505,0.9773021308980213,34.42225531270494,67.58984057510395,3.283508950931622,0.03561643835616438,0.26929223744292236,64,0.9436619718309859,0.009903325030162021,8.836642087822517e-06,0.9991085050486453,0.39999007066276804,16.537683428622202,0.14644095549118796,0.6046796120605826,0.5139776702514952
sunsched_lite,28,cct_region,2011,0.5,pvgis,365,0.2576552408749775,69.834654076896,10.0,188.158732561793,0.46,1333,0.12898128898128897,-0.33165829145728654,0.14403600900225055,0.07783971031183007,0.5942760942760943,0.41379310344827586,0.23330832708177043,0.0,0.7314328582145536,0.0,0.035258814703675916,1.519067266816704,0.0,38.94999999999999,0.1674012474012474,0.18985446985446985,0.28324324324324324,0.22266698382295672,0.7234568426467575,0.0,19.639202912676332,0.31588850837138505,0.9773021308980213,35.27658868809041,67.60663083287596,2.9325831004774665,0.03561643835616438,0.2498382800608828,65,0.9492957746478873,0.008558527376107464,7.648372370108234e-06,0.9991071427210133,0.39999007066276804,19.136216281591455,0.13487305239032432,0.5225693445793536,0.4441839428924505
sunsched_lite,40,cct_region,2012,0.5,pvgis,365,0.2463447621244807,66.769071679648,10.0,196.7977039286174,0.36,1079,0.09935536682697227,-0.7572463768115942,0.10750695088044486,0.07414790585618986,0.6594202898550725,0.37168141592920356,0.3262279888785913,0.0,0.6450417052826691,0.0,0.028730305838739572,1.3112449799196786,0.0,41.291666666666664,0.16351171595211297,0.1324056072853781,0.24823493297861457,0.22227977384393544,0.727455731041125,0.0,20.729461989872192,0.31588850837138505,0.9773021308980213,31.901832106504624,67.3309450566241,2.604265299098175,0.024657534246575342,0.28683409436834095,43,0.9464788732394366,0.00914280620579071,8.265965331726526e-06,0.9990967216543423,0.39999007066276804,17.91311321380214,0.13991928818255273,0.5582502539142639,0.4745127158271243
sunsched_lite,40,cct_region,2013,0.5,pvgis,365,0.2463447621244807,66.769071679648,10.0,196.7977039286174,0.36,1079,0.09935536682697227,-0.7572463768115942,0.10750695088044486,0.07414790585618986,0.6594202898550725,0.37168141592920356,0.3262279888785913,0.0,0.6450417052826691,0.0,0.028730305838739572,1.3112449799196786,0.0,41.291666666666664,0.16351171595211297,0.1324056072853781,0.24823493297861457,0.2224408161429444,0.7288231578768387,0.0,20.64649507784094,0.31588850837138505,0.9773021308980213,33.80663193496785,67.3309450566241,2.924585436174366,0.024657534246575342,0.2674467275494673,43,0.9436619718309859,0.009187334014375584,8.218555072753332e-06,0.999106246741489,0.39999007066276804,17.826464542611447,0.14030181682865872,0.5609637276138812,0.47681916847179906
sunsched_lite,40,cct_region,2011,0.5,pvgis,365,0.2463447621244807,66.769071679648,10.0,196.7977039286174,0.39,1079,0.09935536682697227,-0.7572463768115942,0.10750695088044486,0.07414790585618986,0.6594202898550725,0.37168141592920356,0.3262279888785913,0.0,0.6450417052826691,0.0,0.028730305838739572,1.3112449799196786,0.0,41.291666666666664,0.16351171595211297,0.1324056072853781,0.24823493297861457,0.22226715833990213,0.7255907503664982,0.0,19.639202912676332,0.31588850837138505,0.9773021308980213,33.728026720588076,67.3309450566241,2.63656761566643,0.024657534246575342,0.26348934550989345,43,0.952112676056338,0.008553485103280483,7.645192696493028e-06,0.9991069879289087,0.39999007066276804,19.14749409970097,0.134829390714869,0.5222615527614223,0.4439223198472089
sunsched_lite,40,cct_region,2015,0.5,pvgis,365,0.2463447621244807,66.769071679648,10.0,196.7977039286174,0.38,1079,0.09935536682697227,-0.7572463768115942,0.10750695088044486,0.07414790585618986,0.6594202898550725,0.37168141592920356,0.3262279888785913,0.0,0.6450417052826691,0.0,0.028730305838739572,1.3112449799196786,0.0,41.291666666666664,0.16351171595211297,0.1324056072853781,0.24823493297861457,0.21959722427606324,0.7280889997748871,0.0,21.709066091403,0.31588850837138505,0.9773021308980213,32.911196636249485,67.3309450566241,2.942151488215004,0.024657534246575342,0.28218226788432266,43,0.9380281690140845,0.009905597570233817,8.837450498868321e-06,0.999108627926817,0.39999007066276804,16.53389139030095,0.1464603606107333,0.6048182949759887,0.5140955507295903
sunsched_lite,40,cct_region,2014,0.5,pvgis,365,0.2463447621244807,66.769071679648,10.0,196.7977039286174,0.39,1079,0.09935536682697227,-0.7572463768115942,0.10750695088044486,0.07414790585618986,0.6594202898550725,0.37168141592920356,0.3262279888785913,0.0,0.6450417052826691,0.0,0.028730305838739572,1.3112449799196786,0.0,41.291666666666664,0.16351171595211297,0.1324056072853781,0.24823493297861457,0.22720699166713768,0.7314501519997765,0.0,22.297233232776282,0.31588850837138505,0.9773021308980213,34.574991800811475,67.3309450566241,2.9231700388689807,0.024657534246575342,0.2574105783866058,43,0.9464788732394366,0.010396506831780908,9.285968810880613e-06,0.9991076154418189,0.39999007066276804,15.753167007098954,0.15064416444219642,0.6347929908629569,0.5395740422335135
sunsched_lite,46,cct_region,2011,0.5,pvgis,365,0.32494362877726723,88.072440650112,10.0,149.1953658034943,0.56,6276,0.14370575890157578,nan,0.14451880178457616,0.07708952194864717,0.54990990990991,0.4903581267217631,0.31819630337794774,0.0,0.6459528362014022,0.0,0.035850860420650096,0.828978117697047,0.0,36.199999999999996,0.20872905773129866,0.1088997972468253,0.14310105645075233,0.2159824028226053,0.7225683439179426,0.0,19.639202912676332,0.31588850837138505,0.9773021308980213,44.48930555522212,71.16785168038336,4.724798927160153,0.13150684931506848,0.1993911719939117,271,0.9436619718309859,0.008496044818789563,7.055134890032703e-05,0.991764366205749,0.6576007589196411,19.135277141608853,0.13487669045653572,0.5225949917524539,0.4442057429895858
sunsched_lite,46,cct_region,2013,0.5,pvgis,365,0.32494362877726723,88.072440650112,10.0,149.1953658034943,0.56,6276,0.1427987052253406,nan,0.1435627788400255,0.07704968393195075,0.5437837837837838,0.4793388429752066,0.3263224984066284,0.0,0.6378266411727215,0.0,0.035850860420650096,0.7830890163586148,0.0,36.199999999999996,0.20872905773129866,0.1088997972468253,0.14310105645075233,0.21619427285666776,0.7267026709055034,0.0,20.64649507784094,0.31588850837138505,0.9773021308980213,44.592990583395554,71.11067034743378,5.167175224813429,0.13150684931506848,0.2045281582952816,265,0.9464788732394366,0.009122805740914054,7.320742138637926e-05,0.9920392217698756,0.6489354136925527,17.825571683716888,0.140305776995457,0.5609918255320077,0.47684305170220653
sunsched_lite,46,cct_region,2012,0.5,pvgis,365,0.32494362877726723,88.072440650112,10.0,149.1953658034943,0.58,6276,0.1472628321417138,nan,0.1477055449330784,0.07756033926463322,0.5616216216216217,0.5192837465564738,0.3038559592096877,0.0,0.6602931803696622,0.0,0.035850860420650096,0.8672190354790738,0.0,36.199999999999996,0.20872905773129866,0.1088997972468253,0.14310105645075233,0.2168129119972161,0.7262567188062455,0.0,20.729461989872192,0.31588850837138505,0.9773021308980213,42.080444495477394,71.25868561159457,4.664041065033633,0.13150684931506848,0.23047945205479453,276,0.9464788732394366,0.009091665024570476,7.016623686539013e-05,0.9923414615633956,0.6303502479733183,17.8920771569962,0.14001183151830954,0.5589065993989287,0.4750706094890894
sunsched_lite,46,cct_region,2015,0.5,pvgis,365,0.32494362877726723,88.072440650112,10.0,149.1953658034943,0.59,6276,0.13477750506882938,nan,0.13623326959847037,0.0764508901619731,0.5174774774774775,0.3856749311294766,0.3645634161886552,0.0,0.6010197578075207,0.0,0.03441682600382409,0.7873114510303804,0.0,36.270833333333336,0.20872905773129866,0.1088997972468253,0.14310105645075233,0.21246526472593136,0.726440047091744,0.0,21.709066091403,0.31588850837138505,0.9773021308980213,43.41185730988292,70.86674812310066,5.213153666809482,0.12602739726027398,0.2197488584474886,260,0.952112676056338,0.009823846788568727,6.85974915361059e-05,0.9930656681408795,0.6253093247839182,16.570645958417593,0.14627263080007435,0.6034767760468733,0.5129552596398423
sunsched_lite,46,cct_region,2014,0.5,pvgis,365,0.32494362877726723,88.072440650112,10.0,149.1953658034943,0.6,6276,0.15521289083342227,nan,0.15583173996175909,0.0799540736545037,0.5790990990990991,0.559228650137741,0.2789993626513703,0.0,0.6833970681963034,0.0,0.03760356915232632,0.8585351603994051,0.0,36.0625,0.20872905773129866,0.1088997972468253,0.14310105645075233,0.22123772437997746,0.7296738267492673,0.0,22.297233232776282,0.31588850837138505,0.9773021308980213,45.60650368130288,71.46612895137034,5.229360415422278,0.136986301369863,0.19569063926940639,285,0.9436619718309859,0.010328399449358998,8.421889565106254e-05,0.9919118426450901,0.6558426856357589,15.742840695543805,0.15070213721935666,0.6352093750672722,0.5399279688071813
sunsched_lite,7,cct_region,2011,0.5,pvgis,365,0.2592832308673501,70.275903079136,10.0,186.97731973936163,0.47,1853,0.3270578453498041,nan,0.3005936319481921,0.14901875553521682,0.7105105105105105,0.39361702127659576,0.30868861305990286,0.0,0.6297895304910955,0.0,0.06152185644900162,1.6732775679078973,8.166666666666666,42.94583333333333,0.45064734529041467,0.20602209288514078,0.22146335669319397,0.21794999358867773,0.7249631755335477,0.0,19.639202912676332,0.31588850837138505,0.9773021308980213,35.499483177463915,68.19553483272215,2.8126806387386276,0.07123287671232877,0.2535958904109589,139,0.9464788732394366,0.008513956786195593,7.610943861433908e-06,0.9991068610726888,0.39999007066276804,19.23638900982993,0.1344869506278591,0.5198480855679269,0.4418708727327379
sunsched_lite,7,cct_region,2012,0.5,pvgis,365,0.2592832308673501,70.275903079136,10.0,186.97731973936163,0.51,1853,0.3270578453498041,nan,0.3005936319481921,0.14901875553521682,0.7105105105105105,0.39361702127659576,0.30868861305990286,0.0,0.6297895304910955,0.0,0.06152185644900162,1.6732775679078973,8.166666666666666,42.94583333333333,0.45064734529041467,0.20602209288514078,0.22146335669319397,0.21792399937582796,0.7271307562528138,0.0,20.729461989872192,0.31588850837138505,0.9773021308980213,33.5773735468446,68.19553483272215,2.802577552042907,0.07123287671232877,0.278310502283105,139,0.9464788732394366,0.009100211057346872,8.228605148555945e-06,0.9990965955253086,0.39999007066276804,17.996956438538923,0.13955248913699658,0.5556495085238894,0.472302082245306
sunsched_lite,7,cct_region,2013,0.5,pvgis,365,0.2592832308673501,70.275903079136,10.0,186.97731973936163,0.5,1853,0.3234944767787149,nan,0.29735563950350785,0.1484011504815613,0.7069069069069069,0.39361702127659576,0.3119266055045872,0.0,0.6265515380464112,0.0,0.06152185644900162,1.6732775679078973,8.166666666666666,42.94583333333333,0.45064734529041467,0.20602209288514078,0.22146335669319397,0.21790034467294625,0.7283467913013039,0.0,20.64649507784094,0.31588850837138505,0.9773021308980213,35.5822168786866,68.19268625485198,3.156639093027341,0.07123287671232877,0.2583904109589041,139,0.9408450704225352,0.009139452169445382,8.179837798504318e-06,0.999105797238889,0.39999007066276804,17.91984982552654,0.13988969579373156,0.558040390815952,0.4743343321935592
sunsched_lite,7,cct_region,2014,0.5,pvgis,365,0.2592832308673501,70.275903079136,10.0,186.97731973936163,0.52,1853,0.3288395296353487,nan,0.3022126281705343,0.14864410678374373,0.7141141141141141,0.425531914893617,0.3022126281705343,0.0,0.6362655153804642,0.0,0.06152185644900162,1.6728728188523116,8.166666666666666,42.916666666666664,0.45064734529041467,0.20602209288514078,0.22146335669319397,0.22306332318390432,0.7310296872169144,0.0,22.297233232776282,0.31588850837138505,0.9773021308980213,36.390932382790126,68.20628462004154,3.123722067220435,0.07123287671232877,0.2467941400304414,139,0.9436619718309859,0.010347516451831447,9.246037816944054e-06,0.999107246320828,0.39999007066276804,15.827744625102007,0.15022760866491647,0.6318019551655201,0.5370316618906921
sunsched_lite,7,cct_region,2015,0.5,pvgis,365,0.2592832308673501,70.275903079136,10.0,186.97731973936163,0.54,1853,0.3092410024943581,nan,0.28440366972477066,0.14115353229220814,0.6852852852852853,0.34574468085106386,0.3362115488397194,0.0,0.6038855909336212,0.0,0.05990286022665947,1.698776758409786,8.166666666666666,42.125,0.45064734529041467,0.20602209288514078,0.22146335669319397,0.2149982612442756,0.7277093902021817,0.0,21.709066091403,0.31588850837138505,0.9773021308980213,34.63975171205602,68.14992537554531,3.172036844122609,0.0684931506849315,0.27279299847793,139,0.9436619718309859,0.0098559733957264,8.795282589691249e-06,0.9991084147153876,0.39999007066276804,16.61713489433511,0.14603631161626895,0.6017884589363878,0.5115201900959296
sunsched_lite,78,cct_region,2011,0.5,pvgis,365,0.26856215194727723,72.79085383900801,10.0,180.51718460483815,0.47,2359,0.0706209537704021,-0.6124486200822075,0.07672742687579483,0.06872997249662341,0.5163218390804598,0.27717391304347827,0.39762611275964393,0.0,0.56973293768546,0.0,0.032640949554896145,1.427441006076021,0.0,41.400000000000006,0.11817269991793561,0.24591957691255584,0.19581471687790647,0.2215407209380111,0.7243014696500801,0.0,19.639202912676332,0.31588850837138505,0.9773021308980213,36.76989662333198,67.95051092456997,3.2510192600614465,0.052054794520547946,0.23867960426179605,118,0.9380281690140845,0.008549671569026746,9.20989342577515e-06,0.9989239372614075,0.40304338762007835,19.152525075632767,0.13480992932265112,0.5221243653518421,0.4438057105490658
sunsched_lite,78,cct_region,2012,0.5,pvgis,365,0.26856215194727723,72.79085383900801,10.0,180.51718460483815,0.47,2359,0.07153278015865777,-0.6007046388725775,0.07757524374735057,0.0693467058265488,0.5232183908045978,0.27717391304347827,0.3899957609156422,0.0,0.5773632895294616,0.0,0.032640949554896145,1.4477886109933589,0.0,41.400000000000006,0.11817269991793561,0.24591957691255584,0.19581471687790647,0.2218186597969102,0.7266594858118625,0.0,20.729461989872192,0.31588850837138505,0.9773021308980213,34.77900081047541,67.9616040266016,3.212861381937266,0.052054794520547946,0.26343226788432267,119,0.9464788732394366,0.009142006060468463,8.558436319677107e-06,0.9990647094698167,0.40099937469113117,17.914107035312192,0.13991492121829674,0.5582192838464152,0.4744863912694529
sunsched_lite,78,cct_region,2013,0.5,pvgis,365,0.26856215194727723,72.79085383900801,10.0,180.51718460483815,0.46,2359,0.06970912738214642,-0.6241926012918376,0.07587961000423908,0.06833124567036905,0.5154022988505748,0.27717391304347827,0.40016956337431114,0.0,0.5671894870707928,0.0,0.032640949554896145,1.427441006076021,0.0,41.400000000000006,0.11817269991793561,0.24591957691255584,0.19581471687790647,0.22171463332110755,0.7277914677584495,0.0,20.64649507784094,0.31588850837138505,0.9773021308980213,36.85559110023469,67.9476623466998,3.569575767460039,0.052054794520547946,0.242646499238965,118,0.9408450704225352,0.009181238174335088,1.083674172748461e-05,0.9988210777407233,0.408212872004407,17.833208859355917,0.14027191544724438,0.5607515775128521,0.47663884088592423
sunsched_lite,78,cct_region,2015,0.5,pvgis,365,0.26856215194727723,72.79085383900801,10.0,180.51718460483815,0.46,2359,0.06834138779976291,-0.6418085731062827,0.07460788469690546,0.06716330560622714,0.5098850574712643,0.24456521739130435,0.4077999152183128,0.0,0.559559135226791,0.0,0.032640949554896145,1.4263812349865763,0.0,41.400000000000006,0.11817269991793561,0.24591957691255584,0.19581471687790647,0.21820148899941336,0.7271877875260534,0.0,21.709066091403,0.31588850837138505,0.9773021308980213,35.879398106808,67.93406398151023,3.6091250166678894,0.052054794520547946,0.2583904109589041,118,0.9464788732394366,0.009887755941516273,8.824631673722527e-06,0.9991083150782777,0.39999007066276804,16.563720228081987,0.14630794453859886,0.6037291056779677,0.5131697398262726
sunsched_lite,78,cct_region,2014,0.5,pvgis,365,0.26856215194727723,72.79085383900801,10.0,180.51718460483815,0.48,2359,0.07153278015865777,-0.6007046388725775,0.07757524374735057,0.0693467058265488,0.5232183908045978,0.27717391304347827,0.3899957609156422,0.0,0.5773632895294616,0.0,0.032640949554896145,1.4458810230323584,0.0,41.400000000000006,0.11817269991793561,0.24591957691255584,0.19581471687790647,0.22705749293014899,0.7305228190894852,0.0,22.297233232776282,0.31588850837138505,0.9773021308980213,37.69324795667156,67.96160402660162,3.571049464204112,0.052054794520547946,0.230955098934551,119,0.9464788732394366,0.010396338944847199,1.0656245171018286e-05,0.9989760497649466,0.40308011382377607,15.75134693885675,0.1506543772276372,0.634866341197219,0.5396363900176361
sunsched_lite,0,cct_region,2011,1.0,pvgis,365,0.6324456329947064,85.70875921763201,10.0,153.30988477659398,0.32,1861,0.543424079754601,0.0,0.7291778613648576,0.2307638707350733,0.9823982398239824,0.20930232558139536,0.0,0.0,1.0,0.0,0.0,0.15475550779150993,0.0,0.0,0.543424079754601,0.5286618098159508,0.788631134969325,0.39266026920760294,0.7479648554598427,0.0,19.639202912676332,0.31588850837138505,0.9773021308980213,86.59060994439086,67.75187074479253,25.806708609079802,0.0,0.0,6,0.9464788732394366,0.010239720355359118,5.6782313630148165e-05,0.9944852815120261,0.9873866135649939,15.920375791548418,0.14971536745086333,0.6281258766083058,0.5339069951170599
sunsched_lite,0,cct_region,2012,1.0,pvgis,365,0.6324456329947064,85.70875921763201,10.0,153.30988477659398,0.35,1861,0.543424079754601,0.0,0.7291778613648576,0.2307638707350733,0.9823982398239824,0.20930232558139536,0.0,0.0,1.0,0.0,0.0,0.15475550779150993,0.0,0.0,0.543424079754601,0.5286618098159508,0.788631134969325,0.3798497780615829,0.7586877356095794,0.0,20.729461989872192,0.31588850837138505,0.9773021308980213,81.90218548301715,67.75187074479253,23.918690714804587,0.0,0.0,6,0.9408450704225352,0.010818762709077761,5.932665637297016e-05,0.9945462245822879,0.9918599460698916,15.06920804949631,0.15464626897867784,0.6636048800410749,0.5640641480349136
sunsched_lite,0,cct_region,2013,1.0,pvgis,365,0.6324456329947064,85.70875921763201,10.0,153.30988477659398,0.34,1861,0.543424079754601,0.0,0.7291778613648576,0.2307638707350733,0.9823982398239824,0.20930232558139536,0.0,0.0,1.0,0.0,0.0,0.15475550779150993,0.0,0.0,0.543424079754601,0.5286618098159508,0.788631134969325,0.3939778984711804,0.7557045504967042,0.0,20.64649507784094,0.31588850837138505,0.9773021308980213,86.79241461900928,67.75187074479253,26.145197186211632,0.0,0.0,6,0.9408450704225352,0.010994500839115977,6.128986928369677e-05,0.9944563106429709,0.9860044930725068,14.826998461941617,0.15614716116069216,0.6744453387290961,0.5732785379197317
sunsched_lite,0,cct_region,2014,1.0,pvgis,365,0.6324456329947064,85.70875921763201,10.0,153.30988477659398,0.33,1861,0.543424079754601,0.0,0.7291778613648576,0.2307638707350733,0.9823982398239824,0.20930232558139536,0.0,0.0,1.0,0.0,0.0,0.15475550779150993,0.0,0.0,0.543424079754601,0.5286618098159508,0.788631134969325,0.39912272627522133,0.7602971520042066,0.0,22.297233232776282,0.31588850837138505,0.9773021308980213,88.76503964066944,67.75187074479253,28.06269799979314,0.0,0.0,6,0.9436619718309859,0.012374395082247717,6.713489721104828e-05,0.9946039677337201,0.9784918557730128,13.175565392651286,0.1677601841048838,0.7589807117937825,0.6451336050247152
sunsched_lite,0,cct_region,2015,1.0,pvgis,365,0.6324456329947064,85.70875921763201,10.0,153.30988477659398,0.33,1861,0.543424079754601,0.0,0.7291778613648576,0.2307638707350733,0.9823982398239824,0.20930232558139536,0.0,0.0,1.0,0.0,0.0,0.15475550779150993,0.0,0.0,0.543424079754601,0.5286618098159508,0.788631134969325,0.39590220348697813,0.7566312719973726,0.0,21.709066091403,0.31588850837138505,0.9773021308980213,84.49354640107268,67.75187074479253,23.19876855891647,0.0,0.0,6,0.9408450704225352,0.01184184214430623,6.704543608644723e-05,0.9943701344366679,1.0012284626387287,13.764861807821788,0.1633154803540512,0.7264874969044418,0.6175143723687755
sunsched_lite,105,cct_region,2014,1.0,pvgis,365,0.529264676669618,71.725720549728,10.0,183.19788075032216,0.36,2169,0.1006704980842912,0.015251652262328403,0.11848778238819732,0.12979955088076972,0.8273208273208273,0.4222222222222222,0.0,0.0,0.9787920700783771,0.0,0.02120792992162287,0.8366374673428615,0.0,43.75,0.096360153256705,0.25373563218390804,0.3789750957854406,0.3831623143143511,0.7503246066062846,0.0,22.297233232776282,0.31588850837138505,0.9773021308980213,74.28338113827697,68.6055675767726,15.232189420060886,0.03287671232876712,0.0,67,0.9436619718309859,0.012198758576613372,8.897266874148587e-05,0.9927592273166684,0.9976384616264429,13.34047665560384,0.16647922162430673,0.7495984032773949,0.6371586427857857
sunsched_lite,105,cct_region,2012,1.0,pvgis,365,0.529264676669618,71.725720549728,10.0,183.19788075032216,0.42,2169,0.1006704980842912,0.015251652262328403,0.11848778238819732,0.12979955088076972,0.8273208273208273,0.4222222222222222,0.0,0.0,0.9787920700783771,0.0,0.02120792992162287,0.8366374673428615,0.0,43.75,0.096360153256705,0.25373563218390804,0.3789750957854406,0.3543909833634082,0.7483345422290928,0.0,20.729461989872192,0.31588850837138505,0.9773021308980213,68.5401739797723,68.6055675767726,13.449740875678991,0.03287671232876712,0.0,67,0.9464788732394366,0.010593849089413509,8.0200122487163e-05,0.9924864387548685,0.9959136137240089,15.35726401244512,0.15291961631390272,0.6511576535961265,0.5534840055567075
sunsched_lite,130,cct_region,2011,1.0,pvgis,365,0.5053064365483766,68.47891018896,10.0,191.883894818735,0.36,1455,0.15834438061570189,0.003403675970047725,0.16013745704467353,0.09928709478108845,0.9821826280623608,0.8148148148148148,0.0,0.0,0.9780068728522336,0.0,0.021993127147766325,0.7303550973654065,0.0,35.166666666666664,0.15760789512446605,0.3132272794225954,0.3739873324495508,0.36506975671249325,0.7411202792496957,0.0,19.639202912676332,0.31588850837138505,0.9773021308980213,69.18348434531293,67.8740625813729,13.075830527098082,0.019178082191780823,0.0,45,0.9408450704225352,0.009995800344267834,8.967918045718336e-05,0.9911080895819252,0.9723729993884461,16.25348516420292,0.14791911107380795,0.6152526611353636,0.5229647619650591
sunsched_lite,105,cct_region,2013,1.0,pvgis,365,0.529264676669618,71.725720549728,10.0,183.19788075032216,0.43,2169,0.1006704980842912,0.015251652262328403,0.11848778238819732,0.12979955088076972,0.8273208273208273,0.4222222222222222,0.0,0.0,0.9787920700783771,0.0,0.02120792992162287,0.8366374673428615,0.0,43.75,0.096360153256705,0.25373563218390804,0.3789750957854406,0.374151284014713,0.7463824819536702,0.0,20.64649507784094,0.31588850837138505,0.9773021308980213,72.63258193940429,68.6055675767726,13.962683218981601,0.03287671232876712,0.0,67,0.9464788732394366,0.010787017852457198,8.075595408167526e-05,0.992569227560378,1.0058781893269666,15.083511558766636,0.1545590601424499,0.6629755916610767,0.5635292529119151
sunsched_lite,105,cct_region,2011,1.0,pvgis,365,0.529264676669618,71.725720549728,10.0,183.19788075032216,0.44,2169,0.1006704980842912,0.015251652262328403,0.11848778238819732,0.12979955088076972,0.8273208273208273,0.4222222222222222,0.0,0.0,0.9787920700783771,0.0,0.02120792992162287,0.8366374673428615,0.0,43.75,0.096360153256705,0.25373563218390804,0.3789750957854406,0.37477427485994586,0.7399382997864883,0.0,19.639202912676332,0.31588850837138505,0.9773021308980213,72.46370088419438,68.6055675767726,13.597502886625788,0.03287671232876712,0.0,67,0.9436619718309859,0.010079677715415222,7.221073670612529e-05,0.9928869651152407,1.0073695353768317,16.147162432102633,0.14848480306980116,0.6193038586221636,0.5264082798288391
sunsched_lite,130,cct_region,2013,1.0,pvgis,365,0.5053064365483766,68.47891018896,10.0,191.883894818735,0.34,1455,0.15834438061570189,0.003403675970047725,0.16013745704467353,0.09928709478108845,0.9821826280623608,0.8148148148148148,0.0,0.0,0.9780068728522336,0.0,0.021993127147766325,0.7303550973654065,0.0,35.166666666666664,0.15760789512446605,0.3132272794225954,0.3739873324495508,0.36088562619324244,0.7473228705591873,0.0,20.64649507784094,0.31588850837138505,0.9773021308980213,69.34472065669041,67.8740625813729,13.715182320574284,0.019178082191780823,0.0,45,0.9408450704225352,0.01066336428607698,8.990220821744644e-05,0.9916395442942713,0.9663976298912207,15.24412995027761,0.15359039746989145,0.6559902095178538,0.5575916780901757
sunsched_lite,130,cct_region,2012,1.0,pvgis,365,0.5053064365483766,68.47891018896,10.0,191.883894818735,0.35,1455,0.15834438061570189,0.003403675970047725,0.16013745704467353,0.09928709478108845,0.9532293986636972,0.8148148148148148,0.026804123711340205,0.0,0.9512027491408934,0.0,0.021993127147766325,0.7303550973654065,0.0,35.166666666666664,0.15760789512446605,0.3132272794225954,0.3739873324495508,0.34294856137224056,0.748980069203452,0.0,20.729461989872192,0.31588850837138505,0.9773021308980213,65.43756385190234,67.84038893048016,13.141578652100566,0.019178082191780823,0.0,45,0.9464788732394366,0.010491906304201503,9.115400742969092e-05,0.9913868007225181,0.9571640557657473,15.489299597851799,0.15214850010400627,0.6456069841522656,0.5487659365294257
sunsched_lite,130,cct_region,2015,1.0,pvgis,365,0.5053064365483766,68.47891018896,10.0,191.883894818735,0.32,1455,0.15834438061570189,0.003403675970047725,0.16013745704467353,0.09928709478108845,0.9821826280623608,0.8148148148148148,0.0,0.0,0.9780068728522336,0.0,0.021993127147766325,0.7303550973654065,0.0,35.166666666666664,0.15760789512446605,0.3132272794225954,0.3739873324495508,0.3382880683558694,0.7477867433493871,0.0,21.709066091403,0.31588850837138505,0.9773021308980213,67.50798901257977,67.8740625813729,13.464873841231368,0.019178082191780823,0.0,45,0.9436619718309859,0.011235342688628979,8.826468391035786e-05,0.992205250411242,0.9466331023177903,14.476322468272768,0.15840414050877516,0.6907831752101846,0.5871656989286569
sunsched_lite,130,cct_region,2014,1.0,pvgis,365,0.5053064365483766,68.47891018896,10.0,191.883894818735,0.33,1455,0.15834438061570189,0.003403675970047725,0.16013745704467353,0.09928709478108845,0.9821826280623608,0.8148148148148148,0.0,0.0,0.9780068728522336,0.0,0.021993127147766325,0.7303550973654065,0.0,35.166666666666664,0.15760789512446605,0.3132272794225954,0.3739873324495508,0.372349141384091,0.7510964397901508,0.0,22.297233232776282,0.31588850837138505,0.9773021308980213,70.92079307831544,67.8740625813729,14.566835428591997,0.019178082191780823,0.0,45,0.9436619718309859,0.0120848457397563,9.924998610079585e-05,0.9918541360529393,0.9608746587706514,13.453948123627292,0.1656149476064871,0.743276241896488,0.6317848056120148
sunsched_lite,105,cct_region,2015,1.0,pvgis,365,0.529264676669618,71.725720549728,10.0,183.19788075032216,0.44,2169,0.1006704980842912,0.015251652262328403,0.11848778238819732,0.12979955088076972,0.8273208273208273,0.4222222222222222,0.0,0.0,0.9787920700783771,0.0,0.02120792992162287,0.8366374673428615,0.0,43.75,0.096360153256705,0.25373563218390804,0.3789750957854406,0.34632831396701774,0.7469541183751081,0.0,21.709066091403,0.31588850837138505,0.9773021308980213,70.70876480699424,68.6055675767726,13.931338359966881,0.03287671232876712,0.0,67,0.9436619718309859,0.01129958144219588,7.961976218572134e-05,0.9930030446992127,0.9819206091577712,14.405597447900893,0.1588718900212327,0.6941746106793472,0.590048419077445
sunsched_lite,100,cct_region,2011,1.0,pvgis,365,0.6105281741575894,82.73851465568,10.0,158.8135834282582,0.74,4890,0.1106175033318525,-0.004694549445189567,0.12147239263803682,0.08827951348827939,0.8876619239753664,0.56353591160221,0.0,0.0,0.912883435582822,0.0,0.08711656441717791,1.899096796182686,15.962500000000015,41.166666666666664,0.11224640900340586,0.169427344460663,0.4592244716633877,0.37223768057717815,0.7415928942829975,0.0,19.639202912676332,0.31588850837138505,0.9773021308980213,83.58980476821888,72.88710039393295,19.15850128942419,0.25205479452054796,0.0,502,0.9436619718309859,0.010059988372447492,7.26935050475233e-05,0.9928258376285376,1.1062100346404589,16.177769499807432,0.14832123425794974,0.6181321844225208,0.5254123567591428
sunsched_lite,100,cct_region,2014,1.0,pvgis,365,0.6105281741575894,82.73851465568,10.0,158.8135834282582,0.69,4890,0.1106175033318525,-0.004694549445189567,0.12147239263803682,0.08827951348827939,0.8876619239753664,0.56353591160221,0.0,0.0,0.912883435582822,0.0,0.08711656441717791,1.8985003408316294,15.962500000000015,41.166666666666664,0.11224640900340586,0.169427344460663,0.4592244716633877,0.37923212086131103,0.7534740948327835,0.0,22.297233232776282,0.31588850837138505,0.9773021308980213,85.68887941281247,72.88710039393295,21.13118273710557,0.25205479452054796,0.0,502,0.9436619718309859,0.012151563828136844,8.531590497395289e-05,0.9930279689892594,1.1017745951438134,13.395914269341144,0.16605525465290238,0.7464962673646487,0.6345218272599513
sunsched_lite,100,cct_region,2012,1.0,pvgis,365,0.6105281741575894,82.73851465568,10.0,158.8135834282582,0.74,4890,0.1106175033318525,-0.004694549445189567,0.12147239263803682,0.08827951348827939,0.8876619239753664,0.56353591160221,0.0,0.0,0.912883435582822,0.0,0.08711656441717791,1.899096796182686,15.962500000000015,41.166666666666664,0.11224640900340586,0.169427344460663,0.4592244716633877,0.3561415533846161,0.7519958227989948,0.0,20.729461989872192,0.31588850837138505,0.9773021308980213,79.06385806743447,72.88710039393295,17.964789240028324,0.25205479452054796,0.0,502,0.9436619718309859,0.010609470384909019,7.547489431992499e-05,0.9929363330978733,1.104426496534218,15.34160330681821,0.1530119115713653,0.651822355200368,0.5540490019203129
sunsched_lite,100,cct_region,2013,1.0,pvgis,365,0.6105281741575894,82.73851465568,10.0,158.8135834282582,0.74,4890,0.1106175033318525,-0.004694549445189567,0.12147239263803682,0.08827951348827939,0.8876619239753664,0.56353591160221,0.0,0.0,0.912883435582822,0.0,0.08711656441717791,1.8987559645535108,15.962500000000015,41.166666666666664,0.11224640900340586,0.169427344460663,0.4592244716633877,0.3738535069312007,0.7491543102319373,0.0,20.64649507784094,0.31588850837138505,0.9773021308980213,83.78461588415563,72.88710039393295,19.391403778707122,0.25205479452054796,0.0,502,0.9408450704225352,0.01079188680784084,7.513565055331427e-05,0.9930859027078501,1.1074021689683957,15.084554435826005,0.15455270781286468,0.662929756562771,0.5634902930783553
sunsched_lite,100,cct_region,2015,1.0,pvgis,365,0.6105281741575894,82.73851465568,10.0,158.8135834282582,0.74,4890,0.1106175033318525,-0.004694549445189567,0.12147239263803682,0.08827951348827939,0.8876619239753664,0.56353591160221,0.0,0.0,0.912883435582822,0.0,0.08711656441717791,1.8987559645535108,15.962500000000015,41.166666666666664,0.11224640900340586,0.169427344460663,0.4592244716633877,0.3668612810431014,0.7499605752542257,0.0,21.709066091403,0.31588850837138505,0.9773021308980213,81.56541514577572,72.88710039393295,17.046085107295724,0.25205479452054796,0.0,502,0.9436619718309859,0.01152024727606361,7.990772718297481e-05,0.9931114948756624,1.109775226257401,14.13120702120896,0.16072835682776176,0.707653633903417,0.6015055888179044
sunsched_lite,28,cct_region,2011,1.0,pvgis,365,0.515310481749955,69.834654076896,10.0,188.158732561793,0.47,1333,0.17164241164241162,0.03661162957645351,0.18454613653413354,0.09114142638419719,0.8097643097643098,0.696551724137931,0.0,0.0,0.9624906226556639,0.0,0.037509377344336084,1.9901850462615653,18.09999999999968,41.416666666666664,0.1674012474012474,0.18985446985446985,0.28324324324324324,0.37156331830814393,0.7406499962151357,0.0,19.639202912676332,0.31588850837138505,0.9773021308980213,70.55317737618083,67.91492076969176,13.346123112665655,0.038356164383561646,0.0,79,0.9464788732394366,0.01005262258707546,8.283384575514784e-05,0.9918273196373443,0.984559007547664,16.173340876688076,0.1483448651337137,0.6183014428647698,0.5255562264350543
sunsched_lite,28,cct_region,2012,1.0,pvgis,365,0.515310481749955,69.834654076896,10.0,188.158732561793,0.48,1333,0.17164241164241162,0.03661162957645351,0.18454613653413354,0.09114142638419719,0.8097643097643098,0.696551724137931,0.0,0.0,0.9624906226556639,0.0,0.037509377344336084,1.9901850462615653,18.09999999999968,41.416666666666664,0.1674012474012474,0.18985446985446985,0.28324324324324324,0.349856785507889,0.7487808817938045,0.0,20.729461989872192,0.31588850837138505,0.9773021308980213,66.73309523505122,67.91492076969176,13.368607392939403,0.038356164383561646,0.0,79,0.9436619718309859,0.010554910430837507,8.341098109253176e-05,0.9921593851263986,0.9714049013754157,15.408839936454855,0.152616912861535,0.6489781217300854,0.5516314034705725
sunsched_lite,40,cct_region,2011,1.0,pvgis,365,0.4926895242489614,66.769071679648,10.0,196.7977039286174,0.44,1079,0.15553054333367441,-0.09420289855072467,0.16589434661723818,0.12581862767410693,0.968944099378882,0.7345132743362832,0.0,0.0,0.953660797034291,0.0,0.04633920296570899,2.4883379672536297,24.166666666666668,38.92083333333332,0.16351171595211297,0.1324056072853781,0.24823493297861457,0.35540047629940735,0.7422253977011367,0.0,19.639202912676332,0.31588850837138505,0.9773021308980213,67.45605344117615,67.79096255213574,12.451208538913601,0.038356164383561646,0.0,79,0.9492957746478873,0.00990082774451041,0.00010177920200855827,0.9898247324369794,0.9617286582050455,16.388146880652748,0.14721264682758006,0.6101971182480453,0.5186675505108385
sunsched_lite,40,cct_region,2013,1.0,pvgis,365,0.4926895242489614,66.769071679648,10.0,196.7977039286174,0.43,1079,0.15553054333367441,-0.09420289855072467,0.16589434661723818,0.12581862767410693,0.968944099378882,0.7345132743362832,0.0,0.0,0.953660797034291,0.0,0.04633920296570899,2.4883379672536297,24.166666666666668,38.92083333333332,0.16351171595211297,0.1324056072853781,0.24823493297861457,0.35261996475410945,0.7482781193099141,0.0,20.64649507784094,0.31588850837138505,0.9773021308980213,67.6132638699357,67.79096255213574,12.996237888337436,0.038356164383561646,0.0,79,0.9436619718309859,0.010579576767874776,0.00010498148473101432,0.9901744665292632,0.9562295347101755,15.34215902552751,0.15300863343079218,0.651798745102381,0.5540289333370239
sunsched_lite,40,cct_region,2012,1.0,pvgis,365,0.4926895242489614,66.769071679648,10.0,196.7977039286174,0.44,1079,0.15553054333367441,-0.09420289855072467,0.16589434661723818,0.12668442853990777,0.968944099378882,0.6902654867256637,0.004633920296570899,0.0,0.9490268767377201,0.0,0.04633920296570899,2.4883379672536297,24.166666666666668,38.92083333333332,0.16351171595211297,0.1324056072853781,0.24823493297861457,0.3356411127604563,0.7497940615901809,0.0,20.729461989872192,0.31588850837138505,0.9773021308980213,63.80366421300925,67.78858873724394,12.405816673050905,0.038356164383561646,0.0,79,0.9464788732394366,0.0104200003862098,0.00010434080153809374,0.9900857640704803,0.948960139357364,15.575720028900786,0.1516504914036807,0.6420248939660559,0.5457211598711476
sunsched_lite,40,cct_region,2014,1.0,pvgis,365,0.4926895242489614,66.769071679648,10.0,196.7977039286174,0.44,1079,0.15553054333367441,-0.09420289855072467,0.16589434661723818,0.12581862767410693,0.968944099378882,0.7345132743362832,0.0,0.0,0.953660797034291,0.0,0.04633920296570899,2.4849397590361444,23.25,38.92083333333332,0.16351171595211297,0.1324056072853781,0.24823493297861457,0.3635581142273053,0.7519894359923173,0.0,22.297233232776282,0.31588850837138505,0.9773021308980213,69.14998360162295,67.79096255213574,13.840946592673792,0.038356164383561646,0.0,79,0.9408450704225352,0.011984983788691965,0.00011663070831401955,0.9903623844287162,0.9499165914367087,13.545646481264647,0.1649264502925748,0.7382445728102585,0.6275078868887196
sunsched_lite,28,cct_region,2013,1.0,pvgis,365,0.515310481749955,69.834654076896,10.0,188.158732561793,0.48,1333,0.17164241164241162,0.03661162957645351,0.18454613653413354,0.09114142638419719,0.8097643097643098,0.696551724137931,0.0,0.0,0.9624906226556639,0.0,0.037509377344336084,1.9901850462615653,18.09999999999968,41.416666666666664,0.1674012474012474,0.18985446985446985,0.28324324324324324,0.3672532294718903,0.7470074302686311,0.0,20.64649507784094,0.31588850837138505,0.9773021308980213,70.71760584034051,67.91492076969176,14.003697755787382,0.038356164383561646,0.0,79,0.9464788732394366,0.01072207310465984,8.722186271586917e-05,0.9919308462782152,0.9784016271185765,15.16511412851083,0.1540645033691479,0.6594081597579096,0.5604969357942231
sunsched_lite,28,cct_region,2015,1.0,pvgis,365,0.515310481749955,69.834654076896,10.0,188.158732561793,0.48,1333,0.17164241164241162,0.03661162957645351,0.18454613653413354,0.09114142638419719,0.8097643097643098,0.696551724137931,0.0,0.0,0.9624906226556639,0.0,0.037509377344336084,1.9901850462615653,18.09999999999968,41.416666666666664,0.1674012474012474,0.18985446985446985,0.28324324324324324,0.34484955536572637,0.7474890314726081,0.0,21.709066091403,0.31588850837138505,0.9773021308980213,68.84451062540988,67.91492076969176,13.707355016959086,0.038356164383561646,0.0,79,0.9408450704225352,0.011298105386475457,8.611758948234553e-05,0.9924353563994472,0.9592372692953459,14.399242897401063,0.15891412885495992,0.6944809578707025,0.5903088141900971
sunsched_lite,28,cct_region,2014,1.0,pvgis,365,0.515310481749955,69.834654076896,10.0,188.158732561793,0.49,1333,0.17164241164241162,0.03661162957645351,0.18454613653413354,0.09114142638419719,0.8097643097643098,0.696551724137931,0.0,0.0,0.9624906226556639,0.0,0.037509377344336084,1.9901850462615653,18.09999999999968,41.416666666666664,0.1674012474012474,0.18985446985446985,0.28324324324324324,0.37955778397181145,0.7508316114684174,0.0,22.297233232776282,0.31588850837138505,0.9773021308980213,72.32488130749718,67.91492076969176,14.82967035939146,0.038356164383561646,0.0,79,0.9436619718309859,0.012160672182846551,9.939602945302348e-05,0.9918927017589261,0.9743900633206332,13.37057747073038,0.16624861192305995,0.7479108529075178,0.6357242249713901
sunsched_lite,40,cct_region,2015,1.0,pvgis,365,0.4926895242489614,66.769071679648,10.0,196.7977039286174,0.45,1079,0.15553054333367441,-0.09420289855072467,0.16589434661723818,0.12581862767410693,0.968944099378882,0.7345132743362832,0.0,0.0,0.953660797034291,0.0,0.04633920296570899,2.4883379672536297,24.166666666666668,38.92083333333332,0.16351171595211297,0.1324056072853781,0.24823493297861457,0.32991879181698325,0.748697015095678,0.0,21.709066091403,0.31588850837138505,0.9773021308980213,65.82239327249897,67.79096255213574,12.792125474220656,0.038356164383561646,0.0,79,0.9464788732394366,0.01115241249904455,0.00010187710220061597,0.9909477092015346,0.9369522667445325,14.565485484828287,0.15782055718419574,0.6865545271674061,0.5835713480922952
sunsched_lite,46,cct_region,2011,1.0,pvgis,365,0.6498872575545345,88.072440650112,10.0,149.1953658034943,0.73,6276,0.20506527229395652,nan,0.20952836201402167,0.0926034197862886,0.8027027027027027,0.7520661157024794,0.0,0.0,0.9459847036328872,0.0,0.05401529636711281,1.3042675801997026,0.8333333333333334,37.79166666666665,0.20872905773129866,0.1088997972468253,0.14310105645075233,0.3815356610323149,0.7433899454449132,0.0,19.639202912676332,0.31588850837138505,0.9773021308980213,88.97861111044423,73.56851680566591,22.647392007944347,0.2054794520547945,0.0,407,0.9464788732394366,0.010137577956101703,6.43102089374397e-05,0.993696244469938,1.1271852251247334,16.06802477905436,0.14891046728630164,0.6223540315319654,0.5290009268021706
sunsched_lite,46,cct_region,2012,1.0,pvgis,365,0.6498872575545345,88.072440650112,10.0,149.1953658034943,0.73,6276,0.20506527229395652,nan,0.20952836201402167,0.0926034197862886,0.8027027027027027,0.7520661157024794,0.0,0.0,0.9459847036328872,0.0,0.05401529636711281,1.3038692373061398,0.8333333333333334,37.79166666666665,0.20872905773129866,0.1088997972468253,0.14310105645075233,0.36969993180808103,0.7545134620779427,0.0,20.729461989872192,0.31588850837138505,0.9773021308980213,84.16088899095479,73.56851680566591,20.432322572723336,0.2054794520547945,0.0,407,0.9436619718309859,0.010715819440362234,7.027256803868866e-05,0.9934848907292877,1.133262101725933,15.197737206516999,0.153868195138676,0.6579926908929483,0.559293787259006
sunsched_lite,46,cct_region,2014,1.0,pvgis,365,0.6498872575545345,88.072440650112,10.0,149.1953658034943,0.73,6276,0.20506527229395652,nan,0.20952836201402167,0.0926034197862886,0.8027027027027027,0.7520661157024794,0.0,0.0,0.9459847036328872,0.0,0.05401529636711281,1.3040684087529213,0.8333333333333334,37.79166666666665,0.20872905773129866,0.1088997972468253,0.14310105645075233,0.3877881244466019,0.7558429917901589,0.0,22.297233232776282,0.31588850837138505,0.9773021308980213,91.21300736260577,73.56851680566591,24.94640008387863,0.2054794520547945,0.0,407,0.9436619718309859,0.01223967273471133,7.986336609595908e-05,0.9935173398216898,1.1192283857145382,13.306036078602713,0.16674428030140742,0.7515386205874557,0.6388078274993374
sunsched_lite,46,cct_region,2013,1.0,pvgis,365,0.6498872575545345,88.072440650112,10.0,149.1953658034943,0.75,6276,0.20506527229395652,nan,0.20952836201402167,0.0926034197862886,0.8027027027027027,0.7520661157024794,0.0,0.0,0.9459847036328872,0.0,0.05401529636711281,1.304307414489059,0.8333333333333334,37.79166666666665,0.20872905773129866,0.1088997972468253,0.14310105645075233,0.3821633361739909,0.7512912272716025,0.0,20.64649507784094,0.31588850837138505,0.9773021308980213,89.18598116679111,73.56851680566591,22.94129779656333,0.2054794520547945,0.0,407,0.9464788732394366,0.01086675313888379,7.026249390740727e-05,0.9935757160576101,1.1232862509094725,14.988018425932875,0.15514426517846847,0.6671996067670691,0.5671196657520088
sunsched_lite,46,cct_region,2015,1.0,pvgis,365,0.6498872575545345,88.072440650112,10.0,149.1953658034943,0.72,6276,0.20506527229395652,nan,0.20952836201402167,0.0926034197862886,0.8027027027027027,0.7520661157024794,0.0,0.0,0.9459847036328872,0.0,0.05401529636711281,1.304307414489059,0.8333333333333334,37.79166666666665,0.20872905773129866,0.1088997972468253,0.14310105645075233,0.38047346568446594,0.7522681048100258,0.0,21.709066091403,0.31588850837138505,0.9773021308980213,86.82371461976584,73.56851680566591,19.635197904194953,0.2054794520547945,0.0,407,0.9408450704225352,0.011647598839181629,7.693043605266003e-05,0.9934385053551651,1.1426771436437249,13.981302616152554,0.1617715523455331,0.7152409381688822,0.60795479744355
sunsched_lite,7,cct_region,2011,1.0,pvgis,365,0.5185664617347002,70.275903079136,10.0,186.97731973936163,0.59,1853,0.43294928138733824,nan,0.39827307069616835,0.15288087684378676,0.9843843843843844,0.9468085106382979,0.0,0.0,0.926605504587156,0.0,0.07339449541284404,2.203228998021227,20.816666666666645,42.791666666666664,0.45064734529041467,0.20602209288514078,0.22146335669319397,0.37085202325011957,0.7422383026196583,0.0,19.639202912676332,0.31588850837138505,0.9773021308980213,70.99896635492783,68.58270199190885,12.92266981242817,0.0821917808219178,0.0,177,0.9464788732394366,0.010045421351240695,8.24614403812829e-05,0.9918579784069483,0.995083523557857,16.18543531769466,0.14828035890933677,0.6178394219071476,0.5251635086210754
sunsched_lite,78,cct_region,2011,1.0,pvgis,365,0.5371243038945545,72.79085383900801,10.0,180.51718460483815,0.56,2359,0.12733655511990516,0.11802701115678216,0.142433234421365,0.10105793285535364,0.825287356321839,0.657608695652174,0.0,0.0,0.9440440864773209,0.0,0.055955913522679104,2.4186095803306484,25.458333333333297,44.52916666666665,0.11817269991793561,0.24591957691255584,0.19581471687790647,0.3768923042399436,0.7421575845880698,0.0,19.639202912676332,0.31588850837138505,0.9773021308980213,73.53979324666396,68.86396122665779,14.581972330500042,0.09041095890410959,0.0,201,0.9436619718309859,0.010108356854442863,7.236400889640792e-05,0.9928920545148241,1.002555122727159,16.101432701026177,0.14873028908623187,0.6210627455134896,0.5279033336864661
sunsched_lite,7,cct_region,2012,1.0,pvgis,365,0.5185664617347002,70.275903079136,10.0,186.97731973936163,0.59,1853,0.43294928138733824,nan,0.39827307069616835,0.15288087684378676,0.9843843843843844,0.9468085106382979,0.0,0.0,0.926605504587156,0.0,0.07339449541284404,2.202554416261918,20.816666666666645,42.791666666666664,0.45064734529041467,0.20602209288514078,0.22146335669319397,0.3485970372375648,0.7504048319406974,0.0,20.729461989872192,0.31588850837138505,0.9773021308980213,67.1547470936892,68.58270199190885,12.995583732260519,0.0821917808219178,0.0,177,0.9436619718309859,0.010541259952816094,8.727556212768937e-05,0.9917885618385544,0.9812815368757875,15.423027151625169,0.15253398302358667,0.6483811447447443,0.5511239730330326
sunsched_lite,7,cct_region,2013,1.0,pvgis,365,0.5185664617347002,70.275903079136,10.0,186.97731973936163,0.59,1853,0.43294928138733824,nan,0.39827307069616835,0.15288087684378676,0.9843843843843844,0.9468085106382979,0.0,0.0,0.926605504587156,0.0,0.07339449541284404,2.201654973916172,20.816666666666645,42.791666666666664,0.45064734529041467,0.20602209288514078,0.22146335669319397,0.365361239206121,0.7485981909004786,0.0,20.64649507784094,0.31588850837138505,0.9773021308980213,71.1644337573732,68.58270199190885,13.672454789723883,0.0821917808219178,0.0,177,0.9464788732394366,0.01069851384745542,8.650082828712303e-05,0.9919795354120677,0.9884647435592693,15.199255333206516,0.1538590792755592,0.6579269694978107,0.5592379240731391
sunsched_lite,7,cct_region,2014,1.0,pvgis,365,0.5185664617347002,70.275903079136,10.0,186.97731973936163,0.59,1853,0.43294928138733824,nan,0.39827307069616835,0.15288087684378676,0.9843843843843844,0.9468085106382979,0.0,0.0,0.926605504587156,0.0,0.07339449541284404,2.2012502248605865,20.816666666666645,42.791666666666664,0.45064734529041467,0.20602209288514078,0.22146335669319397,0.3792004244350609,0.7524379121661398,0.0,22.297233232776282,0.31588850837138505,0.9773021308980213,72.78186476558025,68.58270199190885,14.405657931115794,0.0821917808219178,0.0,177,0.9436619718309859,0.01215331731826894,9.779977578721975e-05,0.9920170728076161,0.9884821851385464,13.380346508035664,0.16617397828612512,0.7473648006047099,0.6352600805140034
sunsched_lite,78,cct_region,2012,1.0,pvgis,365,0.5371243038945545,72.79085383900801,10.0,180.51718460483815,0.58,2359,0.12733655511990516,0.11802701115678216,0.142433234421365,0.10105793285535364,0.825287356321839,0.657608695652174,0.0,0.0,0.9440440864773209,0.0,0.055955913522679104,2.4186095803306484,25.458333333333297,44.52916666666665,0.11817269991793561,0.24591957691255584,0.19581471687790647,0.3545287234480531,0.7507178277697365,0.0,20.729461989872192,0.31588850837138505,0.9773021308980213,69.55800162095082,68.86396122665779,14.499790918717421,0.09041095890410959,0.0,201,0.9464788732394366,0.010600910740992573,8.252298651763251e-05,0.9922756120716943,0.9906047325120027,15.343773922318627,0.15299910855821686,0.6517301447888435,0.5539706230705169
sunsched_lite,78,cct_region,2013,1.0,pvgis,365,0.5371243038945545,72.79085383900801,10.0,180.51718460483815,0.57,2359,0.12733655511990516,0.11802701115678216,0.142433234421365,0.10105793285535364,0.825287356321839,0.657608695652174,0.0,0.0,0.9440440864773209,0.0,0.055955913522679104,2.4186095803306484,25.458333333333297,44.52916666666665,0.11817269991793561,0.24591957691255584,0.19581471687790647,0.37470746086262097,0.7487218757160676,0.0,20.64649507784094,0.31588850837138505,0.9773021308980213,73.71118220046938,68.86396122665779,14.996742852930815,0.09041095890410959,0.0,201,0.9436619718309859,0.010798051564155779,7.838276725614777e-05,0.9927933397225805,1.0010965988339238,15.071501085200826,0.15463227775126998,0.6635039166615799,0.5639783291623429
sunsched_lite,7,cct_region,2015,1.0,pvgis,365,0.5185664617347002,70.275903079136,10.0,186.97731973936163,0.6,1853,0.43294928138733824,nan,0.39827307069616835,0.15288087684378676,0.9843843843843844,0.9468085106382979,0.0,0.0,0.926605504587156,0.0,0.07339449541284404,2.203228998021227,20.816666666666645,42.791666666666664,0.45064734529041467,0.20602209288514078,0.22146335669319397,0.34067787540703437,0.749111092437496,0.0,21.709066091403,0.31588850837138505,0.9773021308980213,69.27950342411204,68.58270199190885,13.470709832852004,0.0821917808219178,0.0,177,0.9436619718309859,0.011248402357154033,8.22586939038633e-05,0.9927401681567217,0.9659279481045064,14.467310520570683,0.15846350242462892,0.6912134764634564,0.5875314549939379
sunsched_lite,78,cct_region,2015,1.0,pvgis,365,0.5371243038945545,72.79085383900801,10.0,180.51718460483815,0.58,2359,0.12733655511990516,0.11802701115678216,0.142433234421365,0.10105793285535364,0.825287356321839,0.657608695652174,0.0,0.0,0.9440440864773209,0.0,0.055955913522679104,2.4186095803306484,25.458333333333297,44.52916666666665,0.11817269991793561,0.24591957691255584,0.19581471687790647,0.3533257352090376,0.7492524430523088,0.0,21.709066091403,0.31588850837138505,0.9773021308980213,71.758796213616,68.86396122665779,14.553911052186944,0.09041095890410959,0.0,201,0.9408450704225352,0.011386237179137282,8.128790570616435e-05,0.9929114691178133,0.984238061033541,14.294644277312106,0.1596144850710931,0.6995627037653259,0.5946282982005271
sunsched_lite,78,cct_region,2014,1.0,pvgis,365,0.5371243038945545,72.79085383900801,10.0,180.51718460483815,0.59,2359,0.12733655511990516,0.11802701115678216,0.142433234421365,0.10105793285535364,0.825287356321839,0.657608695652174,0.0,0.0,0.9440440864773209,0.0,0.055955913522679104,2.4162074325279073,25.458333333333297,44.52916666666665,0.11817269991793561,0.24591957691255584,0.19581471687790647,0.3849707180332587,0.7526970122790819,0.0,22.297233232776282,0.31588850837138505,0.9773021308980213,75.38649591334313,68.86396122665779,16.161014432605086,0.09041095890410959,0.0,201,0.9464788732394366,0.012225309946917017,8.760579348217177e-05,0.9928850488926247,0.993294714446329,13.313190416072473,0.16668911378952322,0.7511347533891957,0.6384645403808162
sunsched_lite,0,cct_region,2011,2.0,pvgis,365,1.2648912659894127,85.70875921763201,10.0,153.30988477659398,0.35,1861,0.543424079754601,0.0,0.7291778613648576,0.2307638707350733,0.9823982398239824,0.20930232558139536,0.0,0.0,1.0,0.0,0.0,0.15475550779150993,0.0,0.0,0.543424079754601,0.5286618098159508,0.788631134969325,0.41743970167652295,0.7858055648366082,0.0,19.639202912676332,0.31588850837138505,0.9773021308980213,173.18121988878173,67.75187074479253,106.06792301285205,0.0,0.0,6,0.9464788732394366,0.01046715303510502,4.745464741825632e-05,0.9954867885848815,0.956451339636342,15.590138669791259,0.15156791124955304,0.6414311130777064,0.5452164461160504
sunsched_lite,0,cct_region,2012,2.0,pvgis,365,1.2648912659894127,85.70875921763201,10.0,153.30988477659398,0.35,1861,0.543424079754601,0.0,0.7291778613648576,0.2307638707350733,0.9823982398239824,0.20930232558139536,0.0,0.0,1.0,0.0,0.0,0.15475550779150993,0.0,0.0,0.543424079754601,0.5286618098159508,0.788631134969325,0.4245335285192357,0.8067612536797553,0.0,20.729461989872192,0.31588850837138505,0.9773021308980213,163.8043709660343,67.75187074479253,97.1597166392192,0.0,0.0,6,0.9436619718309859,0.011245134357580334,5.2205625465457604e-05,0.9953789453496307,0.9980699184980851,14.509981294268885,0.1581830441457317,0.6891807644128235,0.5858036497509
sunsched_lite,0,cct_region,2014,2.0,pvgis,365,1.2648912659894127,85.70875921763201,10.0,153.30988477659398,0.35,1861,0.543424079754601,0.0,0.7291778613648576,0.2307638707350733,0.9823982398239824,0.20930232558139536,0.0,0.0,1.0,0.0,0.0,0.15475550779150993,0.0,0.0,0.543424079754601,0.5286618098159508,0.788631134969325,0.4276989219392458,0.8062845720058256,0.0,22.297233232776282,0.31588850837138505,0.9773021308980213,177.53007928133889,67.75187074479253,110.32131386645815,0.0,0.0,6,0.9464788732394366,0.012724288224560995,5.31138660763882e-05,0.9958431404365597,0.9504640442072083,12.829226995142111,0.17055076205203823,0.7794701897305722,0.6625496612709865
sunsched_lite,0,cct_region,2013,2.0,pvgis,365,1.2648912659894127,85.70875921763201,10.0,153.30988477659398,0.37,1861,0.543424079754601,0.0,0.7291778613648576,0.2307638707350733,0.9823982398239824,0.20930232558139536,0.0,0.0,1.0,0.0,0.0,0.15475550779150993,0.0,0.0,0.543424079754601,0.5286618098159508,0.788631134969325,0.42317015924075474,0.7994063000001594,0.0,20.64649507784094,0.31588850837138505,0.9773021308980213,173.58482923801856,67.75187074479253,106.4512124645724,0.0,0.0,6,0.9436619718309859,0.011297303607966758,5.009641140228129e-05,0.995585207949242,0.9565655802444759,14.445969257203044,0.1586043564336771,0.6922346172800973,0.5883994246880827
sunsched_lite,0,cct_region,2015,2.0,pvgis,365,1.2648912659894127,85.70875921763201,10.0,153.30988477659398,0.37,1861,0.543424079754601,0.0,0.7291778613648576,0.2307638707350733,0.9823982398239824,0.20930232558139536,0.0,0.0,1.0,0.0,0.0,0.15475550779150993,0.0,0.0,0.543424079754601,0.5286618098159508,0.788631134969325,0.42486367360280247,0.8035245552213399,0.0,21.709066091403,0.31588850837138505,0.9773021308980213,168.98709280214536,67.75187074479253,102.08345622967173,0.0,0.0,6,0.9436619718309859,0.012181774437919188,5.334621172773567e-05,0.995639911264032,0.9589204487595903,13.397840243914622,0.16604058469466243,0.7463889565739567,0.6344306130878631
sunsched_lite,105,cct_region,2011,2.0,pvgis,365,1.058529353339236,71.725720549728,10.0,183.19788075032216,0.46,2169,0.1006704980842912,0.015251652262328403,0.11848778238819732,0.12979955088076972,0.8273208273208273,0.4222222222222222,0.0,0.0,0.9787920700783771,0.0,0.02120792992162287,0.8361764253880436,0.0,43.75,0.096360153256705,0.25373563218390804,0.3789750957854406,0.4049777209771846,0.7719222656310095,0.0,19.639202912676332,0.31588850837138505,0.9773021308980213,144.92740176838876,68.6055675767726,78.37344758528866,0.03287671232876712,0.0,67,0.9464788732394366,0.0103435994124036,4.933780948234991e-05,0.9952527559409816,0.99373134791046,15.772652940093865,0.1505349647735854,0.6340087516019667,0.5389074388616716
sunsched_lite,105,cct_region,2012,2.0,pvgis,365,1.058529353339236,71.725720549728,10.0,183.19788075032216,0.48,2169,0.1006704980842912,0.015251652262328403,0.11848778238819732,0.12979955088076972,0.8273208273208273,0.4222222222222222,0.0,0.0,0.9787920700783771,0.0,0.02120792992162287,0.8340633164284617,0.0,43.75,0.096360153256705,0.25373563218390804,0.3789750957854406,0.40893944501157803,0.7923700876423801,0.0,20.729461989872192,0.31588850837138505,0.9773021308980213,137.0803479595446,68.6055675767726,71.00956743853727,0.03287671232876712,0.0,67,0.9408450704225352,0.011073624569285607,5.45573675180429e-05,0.9950973691994011,1.035630866608848,14.730545632692483,0.1567578229481411,0.6788614793607056,0.5770322574565998
sunsched_lite,105,cct_region,2015,2.0,pvgis,365,1.058529353339236,71.725720549728,10.0,183.19788075032216,0.49,2169,0.1006704980842912,0.015251652262328403,0.11848778238819732,0.12979955088076972,0.8273208273208273,0.4222222222222222,0.0,0.0,0.9787920700783771,0.0,0.02120792992162287,0.8340633164284617,0.0,43.75,0.096360153256705,0.25373563218390804,0.3789750957854406,0.41041610396012573,0.7872779677285907,0.0,21.709066091403,0.31588850837138505,0.9773021308980213,141.41752961398848,68.6055675767726,75.03901354414154,0.03287671232876712,0.0,67,0.9408450704225352,0.01200853330684587,5.722758771727797e-05,0.9952570262068541,0.9980060994436072,13.585897587516001,0.1646269915564884,0.7360573665142993,0.6256487615371544
sunsched_lite,105,cct_region,2013,2.0,pvgis,365,1.058529353339236,71.725720549728,10.0,183.19788075032216,0.51,2169,0.1006704980842912,0.015251652262328403,0.11848778238819732,0.12979955088076972,0.8273208273208273,0.4222222222222222,0.0,0.0,0.9787920700783771,0.0,0.02120792992162287,0.8340633164284617,0.0,43.75,0.096360153256705,0.25373563218390804,0.3789750957854406,0.40903353708291984,0.7846762832162631,0.0,20.64649507784094,0.31588850837138505,0.9773021308980213,145.26516387880858,68.6055675767726,78.69415356728089,0.03287671232876712,0.0,67,0.9464788732394366,0.011134414174301391,5.3128318531454485e-05,0.9952511180569379,0.9980068815606168,14.652386074422179,0.15725823326602495,0.6824826993506826,0.5801102944480803
sunsched_lite,105,cct_region,2014,2.0,pvgis,365,1.058529353339236,71.725720549728,10.0,183.19788075032216,0.51,2169,0.1006704980842912,0.015251652262328403,0.11848778238819732,0.12979955088076972,0.8273208273208273,0.4222222222222222,0.0,0.0,0.9787920700783771,0.0,0.02120792992162287,0.8334485938220378,0.0,43.75,0.096360153256705,0.25373563218390804,0.3789750957854406,0.41267469204867874,0.7916376367161949,0.0,22.297233232776282,0.31588850837138505,0.9773021308980213,148.56676227655393,68.6055675767726,82.0252047043235,0.03287671232876712,0.0,67,0.9436619718309859,0.01252490611104125,5.6564961924264054e-05,0.9955041058715456,0.9869526547428692,13.029016311234315,0.16892401764691478,0.7675176514574984,0.6523900037388737
sunsched_lite,130,cct_region,2011,2.0,pvgis,365,1.0106128730967532,68.47891018896,10.0,191.883894818735,0.37,1455,0.15834438061570189,0.003403675970047725,0.16013745704467353,0.09928709478108845,0.9821826280623608,0.8148148148148148,0.0,0.0,0.9780068728522336,0.0,0.021993127147766325,0.7247422680412371,0.0,35.166666666666664,0.15760789512446605,0.3132272794225954,0.3739873324495508,0.4082052443814887,0.771656394975566,0.0,19.639202912676332,0.31588850837138505,0.9773021308980213,138.36696869062587,67.8740625813729,72.87263859331387,0.019178082191780823,0.0,45,0.9436619718309859,0.010375524435840765,4.860791635398245e-05,0.9953369820420834,0.9834060625156483,15.725451892835663,0.15079992246901341,0.635911773356153,0.5405250073527301
sunsched_lite,130,cct_region,2012,2.0,pvgis,365,1.0106128730967532,68.47891018896,10.0,191.883894818735,0.39,1455,0.15834438061570189,0.003403675970047725,0.16013745704467353,0.09928709478108845,0.9821826280623608,0.8148148148148148,0.0,0.0,0.9780068728522336,0.0,0.021993127147766325,0.7247422680412371,0.0,35.166666666666664,0.15760789512446605,0.3132272794225954,0.3739873324495508,0.4116447123222248,0.7910333920642847,0.0,20.729461989872192,0.31588850837138505,0.9773021308980213,130.87512770380468,67.8740625813729,65.84309902919517,0.019178082191780823,0.0,45,0.9436619718309859,0.011103926144135712,5.4534093146498656e-05,0.9951127582133338,1.0260441442379222,14.690574536555973,0.1570131066108038,0.6807085710035394,0.5786022853530085
sunsched_lite,130,cct_region,2014,2.0,pvgis,365,1.0106128730967532,68.47891018896,10.0,191.883894818735,0.38,1455,0.15834438061570189,0.003403675970047725,0.16013745704467353,0.09928709478108845,0.9821826280623608,0.8148148148148148,0.0,0.0,0.9780068728522336,0.0,0.021993127147766325,0.7247422680412371,0.0,35.166666666666664,0.15760789512446605,0.3132272794225954,0.3739873324495508,0.4158660546134287,0.7905047034468632,0.0,22.297233232776282,0.31588850837138505,0.9773021308980213,141.84158615663088,67.8740625813729,76.34681227965844,0.019178082191780823,0.0,45,0.9380281690140845,0.012568056693144163,5.628903767604407e-05,0.9955412312941792,0.9776635769000628,12.98476731580609,0.16928026296112964,0.7701331688729767,0.6546131935420301
sunsched_lite,130,cct_region,2013,2.0,pvgis,365,1.0106128730967532,68.47891018896,10.0,191.883894818735,0.39,1455,0.15834438061570189,0.003403675970047725,0.16013745704467353,0.09928709478108845,0.9821826280623608,0.8148148148148148,0.0,0.0,0.9780068728522336,0.0,0.021993127147766325,0.7247422680412371,0.0,35.166666666666664,0.15760789512446605,0.3132272794225954,0.3739873324495508,0.412107329198959,0.7838879523589368,0.0,20.64649507784094,0.31588850837138505,0.9773021308980213,138.68944131338083,67.8740625813729,73.17882716792141,0.019178082191780823,0.0,45,0.9464788732394366,0.011171805631342829,5.270059197501863e-05,0.9953048632227992,0.9870634238089656,14.604133898420708,0.1575696877908238,0.68473762768509,0.5820269835323265
sunsched_lite,130,cct_region,2015,2.0,pvgis,365,1.0106128730967532,68.47891018896,10.0,191.883894818735,0.38,1455,0.15834438061570189,0.003403675970047725,0.16013745704467353,0.09928709478108845,0.9821826280623608,0.8148148148148148,0.0,0.0,0.9780068728522336,0.0,0.021993127147766325,0.7247422680412371,0.0,35.166666666666664,0.15760789512446605,0.3132272794225954,0.3739873324495508,0.41347660789881346,0.7862622464744413,0.0,21.709066091403,0.31588850837138505,0.9773021308980213,135.01597802515954,67.8740625813729,69.68914447872429,0.019178082191780823,0.0,45,0.9408450704225352,0.012041691624643136,5.6979778070329125e-05,0.9952904103125282,0.9876532249523862,13.548941563304695,0.1649018728399929,0.7380650328497631,0.6273552779222987
sunsched_lite,100,cct_region,2012,2.0,pvgis,365,1.2210563483151788,82.73851465568,10.0,158.8135834282582,0.88,4890,0.1106175033318525,-0.004694549445189567,0.12147239263803682,0.08830296217211107,0.8878742832873221,0.56353591160221,0.0,0.0,0.9132924335378323,0.0,0.08670756646216769,1.9362985685071574,16.25,41.166666666666664,0.11224640900340586,0.169427344460663,0.4592244716633877,0.4037911765888948,0.8015527296298042,0.0,20.729461989872192,0.31588850837138505,0.9773021308980213,158.12771613486893,72.89894129357099,86.64437216904537,0.2547945205479452,0.0,502,0.9436619718309859,0.011020511136747613,5.78840885462928e-05,0.9947750475254635,1.1312992297468556,14.796745241108828,0.15633789084482652,0.6758243003480019,0.5744506552958016
sunsched_lite,100,cct_region,2011,2.0,pvgis,365,1.2210563483151788,82.73851465568,10.0,158.8135834282582,0.91,4890,0.1106175033318525,-0.004694549445189567,0.12147239263803682,0.08827951348827939,0.8876619239753664,0.56353591160221,0.0,0.0,0.912883435582822,0.0,0.08711656441717791,1.9179447852760736,16.212500000000016,41.166666666666664,0.11224640900340586,0.169427344460663,0.4592244716633877,0.3986223631094526,0.7782101719221103,0.0,19.639202912676332,0.31588850837138505,0.9773021308980213,167.17960953643777,72.89973197288046,95.22649506007323,0.2547945205479452,0.0,502,0.9436619718309859,0.010284359474944212,5.18992433987734e-05,0.994978914052657,1.0882758148470366,15.859141716149807,0.15005335024123112,0.6305511470281346,0.5359684749739144
sunsched_lite,100,cct_region,2014,2.0,pvgis,365,1.2210563483151788,82.73851465568,10.0,158.8135834282582,0.93,4890,0.1106175033318525,-0.004694549445189567,0.12147239263803682,0.08830296217211107,0.8878742832873221,0.56353591160221,0.0,0.0,0.9132924335378323,0.0,0.08670756646216769,1.936042944785276,16.25,41.166666666666664,0.11224640900340586,0.169427344460663,0.4592244716633877,0.40692591753478835,0.799901948178442,0.0,22.297233232776282,0.31588850837138505,0.9773021308980213,171.37775882562494,72.89894129357097,99.37121661093104,0.2547945205479452,0.0,502,0.9436619718309859,0.012454488399989637,6.179640568496032e-05,0.9950627197571484,1.0838472194753075,13.096872943852388,0.16838209247967095,0.7635410408935787,0.6490098847595418
sunsched_lite,100,cct_region,2015,2.0,pvgis,365,1.2210563483151788,82.73851465568,10.0,158.8135834282582,0.93,4890,0.1106175033318525,-0.004694549445189567,0.12147239263803682,0.08830296217211107,0.8878742832873221,0.56353591160221,0.0,0.0,0.9132924335378323,0.0,0.08670756646216769,1.9351908657123382,16.25,41.166666666666664,0.11224640900340586,0.169427344460663,0.4592244716633877,0.40468289065839513,0.7961319026706932,0.0,21.709066091403,0.31588850837138505,0.9773021308980213,163.13083029155143,72.89894129357097,91.38090100176126,0.2547945205479452,0.0,502,0.9436619718309859,0.011940813107693625,5.950732740356446e-05,0.9950411884644743,1.0926452079767128,13.65998455754259,0.16408013856416692,0.7320652492596218,0.6222554618706786
sunsched_lite,100,cct_region,2013,2.0,pvgis,365,1.2210563483151788,82.73851465568,10.0,158.8135834282582,0.94,4890,0.1106175033318525,-0.004694549445189567,0.12147239263803682,0.08830296217211107,0.8878742832873221,0.56353591160221,0.0,0.0,0.9132924335378323,0.0,0.08670756646216769,1.9360088616223587,16.25,41.166666666666664,0.11224640900340586,0.169427344460663,0.4592244716633877,0.4031684255471138,0.7930582867646209,0.0,20.64649507784094,0.31588850837138505,0.9773021308980213,167.56923176831125,72.89894129357097,95.59729226156325,0.2547945205479452,0.0,502,0.9464788732394366,0.011067344020842012,5.737744184027254e-05,0.994842348005499,1.0909907401425998,14.735127740399765,0.15672864192624159,0.6786503772602313,0.5768528206711966
sunsched_lite,28,cct_region,2011,2.0,pvgis,365,1.03062096349991,69.834654076896,10.0,188.158732561793,0.53,1333,0.17164241164241162,0.03661162957645351,0.18454613653413354,0.09114142638419719,0.8097643097643098,0.696551724137931,0.0,0.0,0.9624906226556639,0.0,0.037509377344336084,1.9877469367341833,18.09999999999968,41.416666666666664,0.1674012474012474,0.18985446985446985,0.28324324324324324,0.40830820302729426,0.7717721087844603,0.0,19.639202912676332,0.31588850837138505,0.9773021308980213,141.10635475236165,67.91492076969176,75.43415647788481,0.038356164383561646,0.0,79,0.9492957746478873,0.010376255833335887,4.833125329350111e-05,0.9953637249234082,0.9817325417317522,15.724765927586725,0.15080378416979123,0.6359395138885032,0.5405485868052278
sunsched_lite,28,cct_region,2013,2.0,pvgis,365,1.03062096349991,69.834654076896,10.0,188.158732561793,0.52,1333,0.17164241164241162,0.03661162957645351,0.18454613653413354,0.09114142638419719,0.8097643097643098,0.696551724137931,0.0,0.0,0.9624906226556639,0.0,0.037509377344336084,1.9877469367341833,18.09999999999968,41.416666666666664,0.1674012474012474,0.18985446985446985,0.28324324324324324,0.41230824845442765,0.7842946419346656,0.0,20.64649507784094,0.31588850837138505,0.9773021308980213,141.43521168068102,67.91492076969176,75.74640696684604,0.038356164383561646,0.0,79,0.9436619718309859,0.011173035752020328,5.2111823882596094e-05,0.9953575822918832,0.9856837586243145,14.603299486314745,0.1575750907779735,0.6847767526353441,0.5820602397400424
sunsched_lite,28,cct_region,2012,2.0,pvgis,365,1.03062096349991,69.834654076896,10.0,188.158732561793,0.56,1333,0.17164241164241162,0.03661162957645351,0.18454613653413354,0.09114142638419719,0.8097643097643098,0.696551724137931,0.0,0.0,0.9624906226556639,0.0,0.037509377344336084,1.9877469367341833,18.09999999999968,41.416666666666664,0.1674012474012474,0.18985446985446985,0.28324324324324324,0.41194347293489864,0.7916081741869047,0.0,20.729461989872192,0.31588850837138505,0.9773021308980213,133.46619047010245,67.91492076969176,68.25409961549722,0.038356164383561646,0.0,79,0.9436619718309859,0.01110619517047996,5.4190815201388145e-05,0.9951443601259926,1.0248858873780664,14.688039646594957,0.15702934044273698,0.6808260489900191,0.5787021416415161
sunsched_lite,40,cct_region,2011,2.0,pvgis,365,0.9853790484979228,66.769071679648,10.0,196.7977039286174,0.47,1079,0.15553054333367441,-0.09420289855072467,0.16589434661723818,0.12581862767410693,0.968944099378882,0.7345132743362832,0.0,0.0,0.953660797034291,0.0,0.04633920296570899,2.481696014828545,23.25,38.92083333333332,0.16351171595211297,0.1324056072853781,0.24823493297861457,0.40869854897178726,0.772055549804186,0.0,19.639202912676332,0.31588850837138505,0.9773021308980213,134.9121068823523,67.79096255213574,69.67367121679546,0.038356164383561646,0.0,79,0.9436619718309859,0.010380724213175443,4.8687583092523365e-05,0.9953317038349234,0.9843405638727244,15.717491554763289,0.15084475553708898,0.6362338395511614,0.5407987636184872
sunsched_lite,28,cct_region,2014,2.0,pvgis,365,1.03062096349991,69.834654076896,10.0,188.158732561793,0.54,1333,0.17164241164241162,0.03661162957645351,0.18454613653413354,0.09114142638419719,0.8097643097643098,0.696551724137931,0.0,0.0,0.9624906226556639,0.0,0.037509377344336084,1.9875593898474617,18.09999999999968,41.416666666666664,0.1674012474012474,0.18985446985446985,0.28324324324324324,0.4160494873984967,0.7910287901984411,0.0,22.297233232776282,0.31588850837138505,0.9773021308980213,144.64976261499436,67.91492076969176,78.96597598846262,0.038356164383561646,0.0,79,0.9436619718309859,0.012569301630059863,5.622107209685533e-05,0.9955470301370374,0.9761621871056037,12.983556855114482,0.16929004025563088,0.77020496860695,0.6546742233159075
sunsched_lite,28,cct_region,2015,2.0,pvgis,365,1.03062096349991,69.834654076896,10.0,188.158732561793,0.57,1333,0.17164241164241162,0.03661162957645351,0.18454613653413354,0.09114142638419719,0.8097643097643098,0.696551724137931,0.0,0.0,0.9624906226556639,0.0,0.037509377344336084,1.9877469367341833,18.09999999999968,41.416666666666664,0.1674012474012474,0.18985446985446985,0.28324324324324324,0.4136061627603219,0.7867338291886833,0.0,21.709066091403,0.31588850837138505,0.9773021308980213,137.68902125081976,67.91492076969176,72.18763562008046,0.038356164383561646,0.0,79,0.9408450704225352,0.012044801765022978,5.690963472982478e-05,0.9952973895302951,0.9859224698506298,13.545538016411363,0.16492725950431308,0.7382504842468643,0.6275129116098347
sunsched_lite,40,cct_region,2012,2.0,pvgis,365,0.9853790484979228,66.769071679648,10.0,196.7977039286174,0.48,1079,0.15553054333367441,-0.09420289855072467,0.16589434661723818,0.12581862767410693,0.968944099378882,0.7345132743362832,0.0,0.0,0.953660797034291,0.0,0.04633920296570899,2.4840129749768303,23.25,38.92083333333332,0.16351171595211297,0.1324056072853781,0.24823493297861457,0.4115865401437685,0.7908714700750477,0.0,20.729461989872192,0.31588850837138505,0.9773021308980213,127.6073284260185,67.79096255213574,62.82698419787684,0.038356164383561646,0.0,79,0.9464788732394366,0.011101979529481725,5.501217412239513e-05,0.9950692645845901,1.0273467821819664,14.692508176378476,0.15700072683467237,0.6806189848563268,0.5785261371278777
sunsched_lite,40,cct_region,2013,2.0,pvgis,365,0.9853790484979228,66.769071679648,10.0,196.7977039286174,0.48,1079,0.15553054333367441,-0.09420289855072467,0.16589434661723818,0.12581862767410693,0.968944099378882,0.7345132743362832,0.0,0.0,0.953660797034291,0.0,0.04633920296570899,2.481696014828545,23.25,38.92083333333332,0.16351171595211297,0.1324056072853781,0.24823493297861457,0.41246307322321796,0.7839825800636151,0.0,20.64649507784094,0.31588850837138505,0.9773021308980213,135.2265277398714,67.79096255213574,69.97221461985448,0.038356164383561646,0.0,79,0.9436619718309859,0.01117520681627447,5.3107377773672355e-05,0.9952702269587519,0.9873564127732273,14.599181052119349,0.15760176701096018,0.6849699284021352,0.582224439141815
sunsched_lite,40,cct_region,2014,2.0,pvgis,365,0.9853790484979228,66.769071679648,10.0,196.7977039286174,0.48,1079,0.15553054333367441,-0.09420289855072467,0.16589434661723818,0.12581862767410693,0.968944099378882,0.7345132743362832,0.0,0.0,0.953660797034291,0.0,0.04633920296570899,2.481696014828545,23.25,38.92083333333332,0.16351171595211297,0.1324056072853781,0.24823493297861457,0.41605486332483926,0.7904525891672517,0.0,22.297233232776282,0.31588850837138505,0.9773021308980213,138.2999672032459,67.79096255213574,73.06475132657202,0.038356164383561646,0.0,79,0.9436619718309859,0.012569543680485523,5.680363462734565e-05,0.9955011823126904,0.9787669447751881,12.98270891319332,0.1692968903825326,0.7702552731377791,0.6547169821671122
sunsched_lite,40,cct_region,2015,2.0,pvgis,365,0.9853790484979228,66.769071679648,10.0,196.7977039286174,0.47,1079,0.15553054333367441,-0.09420289855072467,0.16589434661723818,0.12581862767410693,0.968944099378882,0.7345132743362832,0.0,0.0,0.953660797034291,0.0,0.04633920296570899,2.481696014828545,23.25,38.92083333333332,0.16351171595211297,0.1324056072853781,0.24823493297861457,0.41377485120794366,0.7862669868009539,0.0,21.709066091403,0.31588850837138505,0.9773021308980213,131.64478654499794,67.79096255213574,66.56966523682053,0.038356164383561646,0.0,79,0.9436619718309859,0.012047673136835062,5.835761392328519e-05,0.9951794593021639,0.9876491994732183,13.540705058817219,0.16496332857808194,0.7385139811082704,0.6277368839420299
sunsched_lite,7,cct_region,2011,2.0,pvgis,365,1.0371329234694004,70.275903079136,10.0,186.97731973936163,0.62,1853,0.43294928138733824,nan,0.39827307069616835,0.15288087684378676,0.9843843843843844,0.9468085106382979,0.0,0.0,0.926605504587156,0.0,0.07339449541284404,2.1916261917611086,20.69999999999999,42.791666666666664,0.45064734529041467,0.20602209288514078,0.22146335669319397,0.4050361826868117,0.7735173045674598,0.0,19.639202912676332,0.31588850837138505,0.9773021308980213,141.99793270985566,68.58270199190885,75.61336107344853,0.0821917808219178,0.0,177,0.9464788732394366,0.010344438010276647,4.9061778481057385e-05,0.9952795709358531,0.9907503520267943,15.771799216881845,0.15053974370311718,0.6340430703236561,0.5389366097751077
sunsched_lite,7,cct_region,2012,2.0,pvgis,365,1.0371329234694004,70.275903079136,10.0,186.97731973936163,0.64,1853,0.43294928138733824,nan,0.39827307069616835,0.15288087684378676,0.9843843843843844,0.9468085106382979,0.0,0.0,0.926605504587156,0.0,0.07339449541284404,2.1936499370390363,20.69999999999999,42.791666666666664,0.45064734529041467,0.20602209288514078,0.22146335669319397,0.40856882651516224,0.7934841312159422,0.0,20.729461989872192,0.31588850837138505,0.9773021308980213,134.3094941873784,68.58270199190885,68.42925386810575,0.0821917808219178,0.0,177,0.9408450704225352,0.011069158389404244,5.57461058557391e-05,0.9949890710630827,1.0348307123286036,14.734885310596058,0.15673018540413508,0.6786615429445428,0.5768623115028614
sunsched_lite,7,cct_region,2014,2.0,pvgis,365,1.0371329234694004,70.275903079136,10.0,186.97731973936163,0.62,1853,0.43294928138733824,nan,0.39827307069616835,0.15288087684378676,0.9843843843843844,0.9468085106382979,0.0,0.0,0.926605504587156,0.0,0.07339449541284404,2.1945493793847817,20.816666666666645,42.791666666666664,0.45064734529041467,0.20602209288514078,0.22146335669319397,0.41244546888183703,0.7928411082602531,0.0,22.297233232776282,0.31588850837138505,0.9773021308980213,145.5637295311605,68.58270199190885,79.21806511401263,0.0821917808219178,0.0,177,0.9408450704225352,0.01252142905339816,5.65733586765716e-05,0.995502198455435,0.9858187119904752,13.032609349130441,0.16889518988070773,0.7673060499329106,0.652210142442974
sunsched_lite,7,cct_region,2013,2.0,pvgis,365,1.0371329234694004,70.275903079136,10.0,186.97731973936163,0.65,1853,0.43294928138733824,nan,0.39827307069616835,0.15288087684378676,0.9843843843843844,0.9468085106382979,0.0,0.0,0.926605504587156,0.0,0.07339449541284404,2.1921658571685554,20.69999999999999,42.791666666666664,0.45064734529041467,0.20602209288514078,0.22146335669319397,0.408893676979389,0.7860709079724425,0.0,20.64649507784094,0.31588850837138505,0.9773021308980213,142.3288675147464,68.58270199190885,75.92758451149214,0.0821917808219178,0.0,177,0.9436619718309859,0.011132882151243088,5.3146197757240795e-05,0.9952488768936482,0.9937390060919922,14.654369425376963,0.15724547270876743,0.6823903308103456,0.5800317811887937
sunsched_lite,7,cct_region,2015,2.0,pvgis,365,1.0371329234694004,70.275903079136,10.0,186.97731973936163,0.63,1853,0.43294928138733824,nan,0.39827307069616835,0.15288087684378676,0.9843843843843844,0.9468085106382979,0.0,0.0,0.926605504587156,0.0,0.07339449541284404,2.1931102716315887,20.69999999999999,42.791666666666664,0.45064734529041467,0.20602209288514078,0.22146335669319397,0.41020376922082763,0.7885374711276907,0.0,21.709066091403,0.31588850837138505,0.9773021308980213,138.55900684822407,68.58270199190885,72.34632713215815,0.0821917808219178,0.0,177,0.9436619718309859,0.012007078948298288,5.757067929652402e-05,0.9952281515772455,0.9939599557911969,13.587148975636687,0.16461770824557165,0.735989574997017,0.6255911387474644
sunsched_lite,46,cct_region,2011,2.0,pvgis,365,1.299774515109069,88.072440650112,10.0,149.1953658034943,0.84,6276,0.20506527229395652,nan,0.20952836201402167,0.0926034197862886,0.8027027027027027,0.7520661157024794,0.0,0.0,0.9459847036328872,0.0,0.05401529636711281,1.3015854047163797,0.8333333333333334,37.71666666666665,0.20872905773129866,0.1088997972468253,0.14310105645075233,0.4058318737506696,0.7821842645623036,0.0,19.639202912676332,0.31588850837138505,0.9773021308980213,177.95722222088847,73.56851680566591,104.79238051261365,0.2054794520547945,0.0,407,0.9436619718309859,0.010353800268377282,5.3453940998010806e-05,0.9948637805973974,1.096792730990806,15.750954913863886,0.15065657725507153,0.6348821423644649,0.5396498210097952
sunsched_lite,46,cct_region,2012,2.0,pvgis,365,1.299774515109069,88.072440650112,10.0,149.1953658034943,0.84,6276,0.20506527229395652,nan,0.20952836201402167,0.0926034197862886,0.8027027027027027,0.7520661157024794,0.0,0.0,0.9459847036328872,0.0,0.05401529636711281,1.2889313787975356,0.7708333333333334,37.79166666666665,0.20872905773129866,0.1088997972468253,0.14310105645075233,0.41218121558001825,0.804978113245608,0.0,20.729461989872192,0.31588850837138505,0.9773021308980213,168.32177798190958,73.56851680566592,95.63852279168154,0.2054794520547945,0.0,407,0.9408450704225352,0.011108474538004313,5.844290028166383e-05,0.9947664249686945,1.1386045435489793,14.67944871401783,0.15708439748672254,0.6812244924736656,0.5790408186026157
sunsched_lite,46,cct_region,2013,2.0,pvgis,365,1.299774515109069,88.072440650112,10.0,149.1953658034943,0.82,6276,0.20506527229395652,nan,0.20952836201402167,0.0926034197862886,0.8027027027027027,0.7520661157024794,0.0,0.0,0.9459847036328872,0.0,0.05401529636711281,1.300204482685362,0.8333333333333334,37.71666666666665,0.20872905773129866,0.1088997972468253,0.14310105645075233,0.4110939139567618,0.7974748298147246,0.0,20.64649507784094,0.31588850837138505,0.9773021308980213,178.37196233358222,73.5685168056659,105.18624034440384,0.2054794520547945,0.0,407,0.9464788732394366,0.011156491828828765,5.691770808614657e-05,0.994924139005289,1.0967844737500079,14.618586014302478,0.15747619978005223,0.6840606875532447,0.581451584420258
sunsched_lite,46,cct_region,2014,2.0,pvgis,365,1.299774515109069,88.072440650112,10.0,149.1953658034943,0.83,6276,0.20506527229395652,nan,0.20952836201402167,0.0926034197862886,0.8027027027027027,0.7520661157024794,0.0,0.0,0.9459847036328872,0.0,0.05401529636711281,1.2886790949649458,0.7708333333333334,37.71666666666665,0.20872905773129866,0.1088997972468253,0.14310105645075233,0.41513596378811557,0.8044912837339339,0.0,22.297233232776282,0.31588850837138505,0.9773021308980213,182.42601472521153,73.56851680566591,109.1886815139508,0.2054794520547945,0.0,407,0.9408450704225352,0.012558143484719198,6.0311838112114444e-05,0.9952203469783667,1.0909102061242097,12.990828721514962,0.1692313286434407,0.7697738315522816,0.6543077568194394
sunsched_lite,46,cct_region,2015,2.0,pvgis,365,1.299774515109069,88.072440650112,10.0,149.1953658034943,0.82,6276,0.20506527229395652,nan,0.20952836201402167,0.0926034197862886,0.8027027027027027,0.7520661157024794,0.0,0.0,0.9459847036328872,0.0,0.05401529636711281,1.2884533673252603,0.7708333333333334,37.71666666666665,0.20872905773129866,0.1088997972468253,0.14310105645075233,0.4127080947978324,0.8005883781290297,0.0,21.709066091403,0.31588850837138505,0.9773021308980213,173.64742923953168,73.5685168056659,100.69802985945694,0.2054794520547945,0.0,407,0.9436619718309859,0.01203752056687949,6.0820783211010055e-05,0.9949727998697478,1.0991938006733741,13.549311189485008,0.16489911656217793,0.7380448983827707,0.627338163625355
sunsched_lite,78,cct_region,2012,2.0,pvgis,365,1.074248607789109,72.79085383900801,10.0,180.51718460483815,0.66,2359,0.12733655511990516,0.11802701115678216,0.142433234421365,0.10105793285535364,0.825287356321839,0.657608695652174,0.0,0.0,0.9440440864773209,0.0,0.055955913522679104,2.4140525646460365,25.383333333333287,44.52916666666665,0.11817269991793561,0.24591957691255584,0.19581471687790647,0.41145866988627294,0.7953147171000821,0.0,20.729461989872192,0.31588850837138505,0.9773021308980213,139.11600324190164,68.86396122665779,72.64499887058524,0.09041095890410959,0.0,201,0.9436619718309859,0.011101268275322658,5.464235511381644e-05,0.9951019368186103,1.035519006292084,14.693931966589881,0.15699161324412803,0.6805530352758784,0.5784700799844966
sunsched_lite,78,cct_region,2011,2.0,pvgis,365,1.074248607789109,72.79085383900801,10.0,180.51718460483815,0.68,2359,0.12733655511990516,0.11802701115678216,0.142433234421365,0.10105793285535364,0.825287356321839,0.657608695652174,0.0,0.0,0.9440440864773209,0.0,0.055955913522679104,2.4116857425462763,25.383333333333287,44.48333333333331,0.11817269991793561,0.24591957691255584,0.19581471687790647,0.40746094788796033,0.7745573691896483,0.0,19.639202912676332,0.31588850837138505,0.9773021308980213,147.07958649332792,68.86396122665778,80.16354806426718,0.09041095890410959,0.0,201,0.9464788732394366,0.010368775834044252,4.9422862673297843e-05,0.9952561028914846,0.992110389333852,15.734408279296668,0.15074953099971067,0.6355497977739651,0.5402173281078704
sunsched_lite,78,cct_region,2013,2.0,pvgis,365,1.074248607789109,72.79085383900801,10.0,180.51718460483815,0.67,2359,0.12733655511990516,0.11802701115678216,0.142433234421365,0.10105793285535364,0.825287356321839,0.657608695652174,0.0,0.0,0.9440440864773209,0.0,0.055955913522679104,2.411403136922425,25.383333333333287,44.48333333333331,0.11817269991793561,0.24591957691255584,0.19581471687790647,0.4116575135793453,0.7875898496300265,0.0,20.64649507784094,0.31588850837138505,0.9773021308980213,147.42236440093876,68.86396122665779,80.48902121887866,0.09041095890410959,0.0,201,0.9436619718309859,0.011165128538310897,5.228467951012182e-05,0.9953389717847733,0.9948035911504736,14.613368398390215,0.1575099314222128,0.6843049273363685,0.5816591882359132
sunsched_lite,78,cct_region,2015,2.0,pvgis,365,1.074248607789109,72.79085383900801,10.0,180.51718460483815,0.65,2359,0.12733655511990516,0.11802701115678216,0.142433234421365,0.10105793285535364,0.825287356321839,0.657608695652174,0.0,0.0,0.9440440864773209,0.0,0.055955913522679104,2.4120389995760916,25.383333333333287,44.48333333333331,0.11817269991793561,0.24591957691255584,0.19581471687790647,0.4129854703992244,0.7900483778454485,0.0,21.709066091403,0.31588850837138505,0.9773021308980213,143.517592427232,68.86396122665779,76.77959738291253,0.09041095890410959,0.0,201,0.9408450704225352,0.012037040287711959,5.631740739706152e-05,0.9953431124079098,0.9944686858961685,13.554894840767597,0.16485749682693507,0.7377408764488587,0.6270797449815299
sunsched_lite,78,cct_region,2014,2.0,pvgis,365,1.074248607789109,72.79085383900801,10.0,180.51718460483815,0.67,2359,0.12733655511990516,0.11802701115678216,0.142433234421365,0.10105793285535364,0.825287356321839,0.657608695652174,0.0,0.0,0.9440440864773209,0.0,0.055955913522679104,2.410272714427017,25.383333333333287,44.48333333333331,0.11817269991793561,0.24591957691255584,0.19581471687790647,0.4154510230785636,0.7945874031278495,0.0,22.297233232776282,0.31588850837138505,0.9773021308980213,150.77299182668625,68.86396122665778,83.82728749487963,0.09041095890410959,0.0,201,0.9436619718309859,0.012562545753387595,5.684494265811174e-05,0.9954954288976944,0.9864960002240672,12.989865816608413,0.1692390994098113,0.7698308928806894,0.6543562589485861
