tag_value,ratio,policy,n,value_score,value_score_lo,value_score_hi,animal_recall,animal_recall_lo,animal_recall_hi,dropped_frac,dropped_frac_lo,dropped_frac_hi,latency_p95_h,latency_p95_h_lo,latency_p95_h_hi,battery_years_to_eol,battery_years_to_eol_lo,battery_years_to_eol_hi,frac_time_soc_above_90,frac_time_soc_above_90_lo,frac_time_soc_above_90_hi,b_wakes_per_day,b_wakes_per_day_lo,b_wakes_per_day_hi,calendar_share,calendar_share_lo,calendar_share_hi,ceiling_at_floor_frac,ceiling_at_floor_frac_lo,ceiling_at_floor_frac_hi,reserve_coverage,reserve_coverage_lo,reserve_coverage_hi,soc_mean,soc_mean_lo,soc_mean_hi,equiv_full_cycles_per_year,equiv_full_cycles_per_year_lo,equiv_full_cycles_per_year_hi,capacity_wh,capacity_wh_lo,capacity_wh_hi,days_of_autonomy,days_of_autonomy_lo,days_of_autonomy_hi
0.5,0.5,always_now,45,0.06535075170553162,0.04635165095295659,0.08577347191516926,0.2042285530376352,0.17723585162740021,0.23240282700426979,0.7411071408579132,0.7159974978760961,0.7654299397843717,0.0,0.0,0.0,12.755198658127531,12.3975229440022,13.090376533681615,0.0,0.0,0.0,0.2767123287671233,0.20218721461187214,0.3526955859969559,0.6958872259461621,0.6869590373579999,0.7047412631269753,0.0,0.0,0.0,nan,nan,nan,0.0832330247507978,0.07890409298680028,0.08767911500257079,112.93220656355854,108.08963107381842,117.91411700791964,0.028597785723693554,0.027752357023785302,0.029458863435100128,0.5,0.5,0.5
0.5,0.5,ceiling_now,45,0.06273335272355252,0.04336396481907464,0.08426198836895563,0.22611999424947646,0.19824242415769577,0.2565663688708249,0.721526379989743,0.6959524019535156,0.7487488173408693,0.0,0.0,0.0,12.643300225509218,12.296726985106686,12.999689256227738,0.0,0.0,0.0,0.05759512937595128,0.038777777777777786,0.07701978691019785,0.6979141896423465,0.689950561244784,0.7061625641485773,0.0,0.0,0.0,nan,nan,nan,0.09079899942440994,0.08471005577507297,0.09687433366957321,112.97541140198447,108.10314509337171,117.81014494309557,0.02859778572369355,0.027720477829865964,0.02943884945347608,0.5,0.5,0.5
0.5,0.5,ee_now,45,0.06273335272355252,0.04346842921748853,0.08368783950968005,0.22611999424947646,0.19745859747246183,0.2568701270496986,0.721526379989743,0.6946997486133617,0.7490375906308911,0.0,0.0,0.0,12.64330022550922,12.299974635265208,13.005032484923847,0.0,0.0,0.0,0.05759512937595128,0.03883866057838662,0.07732572298325721,0.6979141896423466,0.6897195964410266,0.7060867443718448,0.0,0.0,0.0,nan,nan,nan,0.09079899942440994,0.08478891378139515,0.09687870076456137,112.9754114019845,108.18816759695628,117.87165699550212,0.02859778572369355,0.027749586732848348,0.02945733064944859,0.5,0.5,0.5
0.5,0.5,lazy_defer,45,0.06310876339630903,0.043029051174934,0.08567569465109398,0.22973977562513279,0.20017042238987143,0.26103983039993034,0.716615788800377,0.6899257202919642,0.7438483724493589,48.0,48.0,48.0,12.621882828242356,12.264937458478125,12.97477365617775,0.0,0.0,0.0,0.000243531202435312,6.0882800608828e-05,0.000487062404870624,0.6980087914893984,0.6899601617186079,0.7060623935078681,0.0,0.0,0.0,nan,nan,nan,0.09259349082340584,0.08604261067102338,0.09924736324838195,112.96896774788256,108.12102655854117,117.79230666667351,0.028597785723693554,0.027745797160112558,0.029444896748242314,0.5,0.5,0.5
0.5,0.5,sunsched,45,0.06321009594470664,0.042423869875139165,0.08488175270084439,0.23012665441588886,0.19996348244044054,0.2611505771929009,0.7161272030306222,0.6896335609417954,0.7437696301337997,48.0,48.0,48.0,12.621967013363685,12.284562535102843,12.979289871888188,0.0,0.0,0.0,0.000243531202435312,6.0882800608828e-05,0.000487062404870624,0.6980646251166751,0.6900403707371289,0.7059144861124357,0.0,0.0,0.0,0.9444757433489824,0.9434726134585286,0.9455399061032862,0.09264011836385426,0.08615169881417431,0.09911673565452322,112.9696988352742,108.22613391748354,117.75467658614002,0.02859778572369355,0.027764382525932742,0.029460631157461434,0.5,0.5,0.5
0.5,0.5,sunsched_no_ceiling,45,0.06321009594470664,0.0430976622560293,0.08456224285446405,0.23012665441588886,0.20100015690434278,0.2605990726119418,0.7161272030306222,0.6887037804374878,0.7431848148231079,48.0,48.0,48.0,12.621967013363685,12.262433947125793,12.968808687773057,0.0,0.0,0.0,0.000243531202435312,6.0882800608828e-05,0.000487062404870624,0.698064625116675,0.6898633640020135,0.7060084010780749,0.0,0.0,0.0,0.9444757433489827,0.943411580594679,0.9454773082942095,0.09264011836385426,0.08608222358618911,0.09933363445600554,112.96969883527417,108.15712840830096,117.90579074586446,0.02859778572369355,0.027765029472515117,0.029496681909852617,0.5,0.5,0.5
0.5,0.5,sunsched_no_conformal,45,0.06321009594470663,0.04302892358025087,0.08498366199400446,0.2301266544158889,0.2001459044485675,0.26119600571591484,0.716127203030622,0.6885534258072988,0.7429514167781109,48.0,48.0,48.0,12.621967013363685,12.262759477974027,12.987753319749537,0.0,0.0,0.0,0.000243531202435312,6.0882800608828e-05,0.000487062404870624,0.6980646251166751,0.6902840322834377,0.7061000258493827,0.0,0.0,0.0,0.6888888888888889,0.6834413145539905,0.694773082942097,0.09264011836385426,0.08617670069765071,0.09906114939039681,112.96969883527417,108.21762476107786,117.72257000521296,0.028597785723693554,0.027736863495175176,0.029435106046146606,0.5,0.5,0.5
0.5,1.0,always_now,45,0.19901111835646007,0.16579927655067392,0.23730291839945034,0.561213793206903,0.534134887711688,0.5895025694261412,0.3819801319007673,0.3589070209016994,0.4054378679039303,0.0,0.0,0.0,4.834074267802384,4.710197924823337,4.953105188817836,0.16766742770167428,0.1641945025790631,0.1711648274987316,1.0216133942161338,0.8012770167427702,1.2492572298325724,0.4401549233301712,0.43167212162253965,0.44775616168958693,0.0,0.0,0.0,nan,nan,nan,0.41578216152235115,0.41017176701129776,0.42163662283272385,328.9259152114956,325.2981867232298,332.56406704114045,0.028597785723693554,0.027727231756436505,0.02944693405682284,0.5,0.5,0.5
0.5,1.0,ceiling_now,45,0.1682246898217906,0.1403043264492024,0.1999260945124135,0.56655282429704,0.5379354166134085,0.5962147715916526,0.3626725813718486,0.34017035979311444,0.38615178727062854,0.0,0.0,0.0,4.812747666569275,4.696757275611865,4.922864473858771,0.16909373414510398,0.16553747568915947,0.17273747991713176,0.8166210045662103,0.6508234398782343,0.9788477929984777,0.44012876448508187,0.43249643865385107,0.44776479274555425,0.0,0.0,0.0,nan,nan,nan,0.420306396309933,0.41413953063120285,0.42635341058277365,325.90409085418827,322.6641844286251,329.0002132544345,0.02859778572369355,0.02772596238721222,0.029445677276946105,0.5,0.5,0.5
0.5,1.0,ee_now,45,0.16851809380776392,0.14092539982679073,0.2004544961923698,0.5670709476549499,0.5389429594990964,0.597102101959331,0.3621428863034716,0.3394527168066941,0.3845160603055983,0.0,0.0,0.0,4.86726101017214,4.737624760517035,4.990244712596325,0.17044372568915947,0.16669817034500253,0.17414499830881108,0.8182039573820398,0.6477199391171993,0.9815555555555554,0.4462285456193413,0.43591836249797616,0.45555715603758823,0.0,0.0,0.0,nan,nan,nan,0.42176303133186416,0.41495725138573913,0.4280768334041589,326.1638349279385,322.90003421204693,329.3588665310971,0.028597785723693554,0.027724236183677857,0.029426305959470326,0.5,0.5,0.5
0.5,1.0,lazy_defer,45,0.24278465965836585,0.2001467773277859,0.2909749448032866,0.649351370654273,0.6198452373845839,0.6774832112379179,0.31078884004240204,0.2862268416803422,0.3379042316238659,36.15990740740738,33.52097916666665,38.53174074074072,4.815552313747496,4.6672130843468995,4.965931481922105,0.1571344917977338,0.15377630855741586,0.16065803103331638,0.7674885844748859,0.6521111111111112,0.8779467275494673,0.43993539862112757,0.4260685276064132,0.4539800568018729,0.0,0.0,0.0,nan,nan,nan,0.43116931346183063,0.4215843157382078,0.4410335939731339,339.77672489828933,335.8819788639954,343.66072693552917,0.02859778572369355,0.02774129464282271,0.029446849390764016,0.5,0.5,0.5
0.5,1.0,sunsched,45,0.16733693019553122,0.13241254776112396,0.20650736652889504,0.6331132353277978,0.60242262169002,0.6651432633319301,0.2898922580253533,0.26387788012994123,0.3176333993903339,48.0,48.0,48.0,5.190614469608506,4.979571335458264,5.399015404705923,0.18472581599864707,0.17968835616438353,0.19001444381024862,0.016194824961948254,0.011748858447488585,0.02124809741248097,0.4873953238896813,0.4657961113877594,0.5092126940835492,0.0,0.0,0.0,0.9440375586854458,0.943411580594679,0.9446635367762125,0.4487447265634871,0.4381333619852975,0.4594334729089577,310.6093684405168,306.81278247726266,314.2570922891555,0.028597785723693554,0.027790423302366134,0.02944416909867734,0.5,0.5,0.5
0.5,1.0,sunsched_no_ceiling,45,0.16967375705306362,0.1341350649439237,0.21119041792887705,0.6332696470809485,0.6045651314720006,0.6656678343900124,0.2897247101461807,0.26313442525258723,0.31649953814594006,48.0,48.0,48.0,5.204751784469821,4.982020970211945,5.424125490552377,0.18627409944190765,0.18078153538812786,0.19219177025198717,0.029041095890410956,0.015094368340943689,0.04596651445966514,0.4896915200639698,0.4671498527360204,0.513358821741169,0.0,0.0,0.0,0.9440375586854458,0.943411580594679,0.9446651017214396,0.44983437343839733,0.43902935432289836,0.46130398896773017,311.095250046906,307.71072450049934,314.47203437204195,0.02859778572369355,0.027825096021005986,0.029426382031357293,0.5,0.5,0.5
0.5,1.0,sunsched_no_conformal,45,0.16679942454605018,0.13139812400150225,0.20560288655293,0.6315347098956982,0.6012638020335754,0.6620088841198083,0.29171544689515666,0.26604970869235567,0.318815668519358,48.0,48.0,48.0,5.060812324732985,4.878480942165582,5.245236911423115,0.17589041095890412,0.17090214886690344,0.18065456938102484,0.016194824961948247,0.011809741248097414,0.02112785388127853,0.47079643111483466,0.45441049076442996,0.48749047481633423,0.0,0.0,0.0,0.6933333333333332,0.6859452269170578,0.7000312989045383,0.4435165978574739,0.43452134977801277,0.4526173273971146,310.36288202214655,306.6758400330531,314.08020894368985,0.028597785723693554,0.02775216262440866,0.029433969901360144,0.5,0.5,0.5
0.5,2.0,always_now,45,0.2329363000218525,0.19102675349188297,0.27958085064789995,0.6610228340608617,0.6300955320651431,0.6905994814764735,0.2775484177798738,0.25563521897993025,0.30122723043541283,0.0,0.0,0.0,4.5113253460282285,4.412910500214734,4.6073685244287175,0.3100188144765771,0.3061551084474886,0.3137846218078809,1.2793911719939115,0.9986986301369863,1.57120700152207,0.4807207333178011,0.47581740845147763,0.48528627261416274,0.0,0.0,0.0,nan,nan,nan,0.5471028681193985,0.5418856444914897,0.5520420058097683,363.12425624257855,359.6877911858842,366.81413277010125,0.02859778572369355,0.027747901008458333,0.029438612105579316,0.5,0.5,0.5
0.5,2.0,ceiling_now,45,0.20260480166024586,0.1681622709674677,0.2416437175510864,0.6699935700272804,0.6421794656935796,0.6980580403988974,0.26002247021241703,0.2383900182970208,0.28445488416724446,0.0,0.0,0.0,4.49249280654226,4.395057766808518,4.585984755001627,0.3059641890749197,0.3007295788939625,0.31055633244545916,1.0900456621004566,0.8668477929984779,1.321173515981735,0.47708753026981576,0.47210112856420766,0.4816664270676365,0.0,0.0,0.0,nan,nan,nan,0.5466836366617981,0.5416024934752793,0.5512215472912909,359.32378283671056,356.4614073814803,362.16676905000713,0.02859778572369355,0.027803794799615807,0.029413677991879467,0.5,0.5,0.5
0.5,2.0,ee_now,45,0.20350762298193176,0.16930966884188614,0.24287126759788585,0.6710864376622838,0.6417530750909886,0.7008266714069147,0.2588917335235366,0.2363530921792305,0.2835637898457361,0.0,0.0,0.0,4.565826760596546,4.4631050854534,4.667757731328555,0.3111157618806021,0.3071626553779807,0.31519671169457125,1.0943683409436835,0.8774961948249618,1.3176940639269408,0.4874660527004794,0.48115632452510665,0.49335698646814885,0.0,0.0,0.0,nan,nan,nan,0.5504387645436223,0.5445237619707708,0.5559812029518232,359.8526807865543,356.72425262805683,362.76689907764296,0.028597785723693554,0.027780067943436626,0.02943309300553014,0.5,0.5,0.5
0.5,2.0,lazy_defer,45,0.2880310844212181,0.23955836367993588,0.3431402993413198,0.7655725680442832,0.7363005103866103,0.7923816215989865,0.18758053824027326,0.16571346527782033,0.21333657243212584,17.91620370370369,17.239946759259247,18.679372685185168,4.616159392423317,4.480030659538552,4.745960340937104,0.3079409775071875,0.303837450321326,0.3120797976915271,1.002922374429224,0.8407732115677322,1.1724003044140026,0.4956376821582727,0.48349271369048397,0.5075417965886739,0.0,0.0,0.0,nan,nan,nan,0.5690258057322366,0.5594694218362186,0.5784088625849503,373.7618754462701,370.6533064801059,376.6653145781361,0.028597785723693554,0.027771792990298055,0.029445905630453875,0.5,0.5,0.5
0.5,2.0,sunsched,45,0.1893567915969336,0.15311991107128628,0.22959046777444592,0.7298461568360302,0.7023812825820314,0.7578843655620939,0.1789619170793458,0.155097834007572,0.20542353356493367,48.0,48.0,48.0,5.014970621516462,4.820409280960964,5.1997434721400015,0.31330479452054794,0.3074339379333672,0.3192290715372907,0.024474885844748856,0.014977168949771693,0.03458295281582953,0.5397663945718936,0.5210299947210376,0.5580942737008617,0.0,0.0,0.0,0.9437245696400623,0.9430985915492955,0.9444131455399057,0.5733416371437369,0.5646567645385446,0.5818197211784909,334.7830151734748,330.1329942501623,339.7329407622218,0.02859778572369355,0.027743841442022372,0.029435850357429936,0.5,0.5,0.5
0.5,2.0,sunsched_no_ceiling,45,0.19682178580197188,0.15477018770871928,0.2440395384449128,0.7300204881941336,0.7022104208716488,0.7596981642216969,0.17884069945083603,0.15514607445004483,0.20537366413604305,48.0,48.0,48.0,5.037392272738346,4.836412682093584,5.223902059359496,0.320707128361238,0.3158458692710976,0.3259927965922543,0.07811263318112632,0.030624048706240487,0.13510958904109582,0.5450633302582054,0.5248694496247222,0.5645762705851233,0.0,0.0,0.0,0.9437245696400625,0.9430359937402188,0.944350547730829,0.5767648601188381,0.5666133943877767,0.5870535406804677,336.39951236027485,332.48122528305345,340.3486044010119,0.028597785723693554,0.027768668309290645,0.029451997871991594,0.5,0.5,0.5
0.5,2.0,sunsched_no_conformal,45,0.18870391198196634,0.14916701201843366,0.22984525048692078,0.7276700867935484,0.6999248469743623,0.7564202196475294,0.18121154446569873,0.15789820040313388,0.20788700030019433,48.0,48.0,48.0,4.877624736985193,4.713798375749636,5.045788679921508,0.29542554540842214,0.28266981650600376,0.3064128139269407,0.024474885844748863,0.015156773211567734,0.03500913242009132,0.5179469074039801,0.5040628885206155,0.5314896876273034,0.0,0.0,0.0,0.6931455399061033,0.6840062597809077,0.701848200312989,0.5641865434253607,0.5576795826999583,0.5704787099916931,334.5163779532347,329.85234630323,339.3214694157083,0.02859778572369355,0.027756477624081437,0.029459694377250958,0.5,0.5,0.5
1.0,0.5,always_now,45,0.05273307448263778,0.037068292971833984,0.07073766823917504,0.1707489305160409,0.14763691796367343,0.19506128431496098,0.784702081307519,0.7636480635684905,0.8060272189189887,0.0,0.0,0.0,16.15369920518051,15.819701641825452,16.486149356795504,0.0,0.0,0.0,0.2112024353120244,0.15049467275494674,0.27726027397260267,0.8108034792198625,0.8051952173715387,0.8165023736849519,0.0,0.0,0.0,nan,nan,nan,0.04389052535211449,0.04158291343470152,0.04619217463462423,56.69459843328754,54.28242692276995,59.11532901752452,0.0571955714473871,0.055464031955480636,0.05890274776514665,1.0,1.0,1.0
1.0,0.5,ceiling_now,45,0.05131990902339002,0.03536181936948205,0.07024445274062832,0.1874072897177836,0.16256209635939237,0.21398522303378534,0.7674583348815986,0.7438411169513038,0.7914732593927326,0.0,0.0,0.0,16.14272204358204,15.801767972644843,16.46080420226266,0.0,0.0,0.0,0.004687975646879756,0.003592085235920852,0.00578386605783866,0.8142248519263909,0.8096872720828261,0.8188370382432351,0.0,0.0,0.0,nan,nan,nan,0.04746272087788493,0.04412216960479647,0.05092026221265334,56.70974971076176,54.24558707185483,59.20233674399573,0.05719557144738711,0.055476788160510285,0.058916410985524865,1.0,1.0,1.0
1.0,0.5,ee_now,45,0.05131990902339004,0.03424469200606244,0.0692793527816383,0.18740750115033827,0.1619656496816186,0.21313185592700992,0.7674463938701949,0.7445769766745605,0.7918326969122294,0.0,0.0,0.0,16.142701127029618,15.81342490790531,16.471331090945025,0.0,0.0,0.0,0.004505327245053271,0.003470319634703196,0.005540334855403349,0.8142262524226919,0.8097083300321416,0.8184674784763166,0.0,0.0,0.0,nan,nan,nan,0.04746626374531322,0.04432358294974244,0.05081775438029427,56.70974616801959,54.421964851974096,59.186714798485724,0.0571955714473871,0.05560012590615345,0.058908619943984455,1.0,1.0,1.0
1.0,0.5,lazy_defer,45,0.05115880499046657,0.03420249536548869,0.06896404015756015,0.18677837680863665,0.16135006938125931,0.21269297585552,0.7682384535192238,0.7447428352774067,0.792504266072681,48.0,48.0,48.0,16.137441919434846,15.795581401409132,16.470408278488545,0.0,0.0,0.0,0.000487062404870624,0.00018264840182648405,0.0008523592085235922,0.8140830406882524,0.8097064117157384,0.8185789953621647,0.0,0.0,0.0,nan,nan,nan,0.04770322816457461,0.04435683233775952,0.0509259845998862,56.70567659513046,54.255371195654774,59.023640020728315,0.0571955714473871,0.05548146804480108,0.05883389657369001,1.0,1.0,1.0
1.0,0.5,sunsched,45,0.0510589709296047,0.03540191256391328,0.06909339103080411,0.1871314348045507,0.16276352397689606,0.21324414449212353,0.7678462290835989,0.744983087213805,0.7911624135213968,48.0,48.0,48.0,16.13993247192959,15.798667527806984,16.482111876517397,0.0,0.0,0.0,0.0017656012176560127,0.0014003044140030443,0.0021308980213089806,0.8141516164232774,0.809433555067754,0.8185796256860297,0.0,0.0,0.0,0.9444757433489827,0.943411580594679,0.9454773082942095,0.047601488034316346,0.04435256731144266,0.05116774266798718,56.70632251550957,54.329744341386885,59.26105676877196,0.0571955714473871,0.0555390137068672,0.05899174066483281,1.0,1.0,1.0
1.0,0.5,sunsched_no_ceiling,45,0.05105897092960469,0.03477895721505586,0.06877381949903472,0.1871314348045507,0.16256513703420122,0.21359905840628596,0.7678462290835989,0.7438364125281687,0.7914701381040968,48.0,48.0,48.0,16.13993247192959,15.816820212003464,16.476300545350306,0.0,0.0,0.0,0.0017656012176560127,0.0014003044140030443,0.0021308980213089806,0.8141516164232774,0.8096656476294998,0.8186810056840959,0.0,0.0,0.0,0.9444757433489824,0.943411580594679,0.9454773082942095,0.047601488034316346,0.04429680353530152,0.050981141326410406,56.70632251550957,54.26555109504719,59.114453812226984,0.05719557144738711,0.05546493853715116,0.05893244001501699,1.0,1.0,1.0
1.0,0.5,sunsched_no_conformal,45,0.05105897092960471,0.03475249768147002,0.06978625520855077,0.1871314348045507,0.16205074660994848,0.2133285175262779,0.7678462290835989,0.743445190721652,0.7921019065769394,48.0,48.0,48.0,16.13993247192959,15.817652875745132,16.48130320845281,0.0,0.0,0.0,0.0017656012176560127,0.0014003044140030443,0.0021308980213089806,0.8141516164232772,0.8097177359486674,0.8185420168514504,0.0,0.0,0.0,0.6888888888888888,0.6829420970266041,0.6944600938967136,0.04760148803431634,0.0442389232681799,0.0510210804163533,56.70632251550956,54.315192369510825,59.178907205156534,0.0571955714473871,0.05547895543804577,0.058910387487476026,1.0,1.0,1.0
1.0,1.0,always_now,45,0.24140030263035522,0.2016939137355009,0.28575477638805064,0.6863311397166033,0.6635695674055452,0.7076158021962153,0.25497456355855747,0.2368910303014617,0.2732881615348803,0.0,0.0,0.0,8.142253604389227,7.979898484114459,8.305893913904216,0.09664277862337224,0.09129788178589548,0.10210459474885841,1.3278538812785388,1.0618264840182652,1.6052039573820396,0.707728837958393,0.7023506923033662,0.7134063093254315,0.0,0.0,0.0,nan,nan,nan,0.4436238359852965,0.43601189489151326,0.4511110758700439,194.73708474320293,192.6346623681087,196.89706295509117,0.0571955714473871,0.05551212848948067,0.05897202581622648,1.0,1.0,1.0
1.0,1.0,ceiling_now,45,0.18674250956372151,0.1573876838305653,0.21931265206836775,0.6847681996412656,0.6653352296781816,0.7044979633650309,0.24388824802569026,0.2310475048919409,0.25790508739937656,0.0,0.0,0.0,9.306452405651246,9.128532938134116,9.478696190944602,0.0076530525959749695,0.006849896414679519,0.008513524226281073,0.8982648401826485,0.7289482496194823,1.0689360730593607,0.685387418585892,0.682245807048783,0.6887624500837981,0.0,0.0,0.0,nan,nan,nan,0.3307260602523483,0.3269883182770283,0.3342002844513445,185.13939934297954,183.28288347054394,186.97255464306244,0.0571955714473871,0.05555654534636883,0.0588645124744529,1.0,1.0,1.0
1.0,1.0,ee_now,45,0.1949068682918025,0.1630063923939844,0.23192718835261644,0.7291871640565042,0.7084073349256653,0.7494200544853645,0.19563639326995813,0.18127333215104538,0.21200845047903935,0.0,0.0,0.0,8.058787150923866,7.891607216426367,8.225607170725507,0.10773296127177406,0.10102063250465078,0.11421436876374089,1.0131506849315068,0.8137564687975649,1.2218706240487058,0.7204008723760732,0.7165066167231068,0.7246198786912134,0.0,0.0,0.0,nan,nan,nan,0.47254464146367514,0.46151906457393704,0.48321730548378483,193.38240547156173,191.34738222339817,195.3062454121033,0.05719557144738711,0.055494800468686926,0.05893251640817757,1.0,1.0,1.0
1.0,1.0,lazy_defer,45,0.27057092246275827,0.22426075595637843,0.32372323001999126,0.7822584666031882,0.7596351811262266,0.8024927855176922,0.17563075655834312,0.1579479145529484,0.19603847842625924,47.88296296296296,47.69185185185185,48.0,7.904591512961016,7.718733155704391,8.086557315270081,0.11781752071706408,0.10755506933874515,0.12775354621173685,0.664779299847793,0.5510456621004568,0.7764398782343989,0.7191039497563412,0.715052823621848,0.7235537487646669,0.0,0.0,0.0,nan,nan,nan,0.4935668507908488,0.4762019986470526,0.5103350205709877,189.5431518973689,187.7295296022428,191.30284185119464,0.05719557144738711,0.055479288687759164,0.05889058964776504,1.0,1.0,1.0
1.0,1.0,sunsched,45,0.19302621637849574,0.15702531862286778,0.23484653035549438,0.7669079322877242,0.7457847693713906,0.7903970119238718,0.15056440055398695,0.1348268825868587,0.16797837747254485,48.0,48.0,48.0,8.520637975475946,8.343530184438013,8.712265788143217,0.09119567055640115,0.08322975858278371,0.09913651593945544,0.015403348554033486,0.011750380517503803,0.01972754946727549,0.7489564516586471,0.7447232061440103,0.7531860602940076,0.0,0.0,0.0,0.9440375586854456,0.943411580594679,0.9446635367762125,0.4760204922457,0.46466095647154465,0.48821130631373644,174.1501474645206,171.1614578487972,176.97793503905172,0.0571955714473871,0.055514727716619416,0.05891351423752656,1.0,1.0,1.0
1.0,1.0,sunsched_no_ceiling,45,0.2104952422097913,0.16913827186639527,0.2580591943326559,0.781653297360123,0.7597840367605853,0.8042371201496312,0.14329451008393537,0.12636058416256343,0.16188960228487645,48.0,48.0,48.0,7.931740199602823,7.754899589787677,8.113826856265232,0.15730001691188905,0.1452152460679858,0.16860985857432775,0.26331811263318117,0.1821506849315069,0.3473987823439878,0.7614215258245968,0.758335980251836,0.7643706813244849,0.0,0.0,0.0,0.9440375586854458,0.9433489827856023,0.9446651017214396,0.5440078740036598,0.525440039779531,0.5616155710397993,180.82722744174436,178.82149639525213,182.9198447590169,0.0571955714473871,0.05538365299212034,0.05891421064770724,1.0,1.0,1.0
1.0,1.0,sunsched_no_conformal,45,0.18637734446839913,0.15235869719911357,0.22688706717373835,0.7276406862879643,0.7049328416503708,0.751960836033225,0.19401727685792952,0.1757033941240499,0.21331947250005895,48.0,48.0,48.0,9.959822908872004,9.757009448906803,10.153382756944294,0.010772661931337729,0.009525748351090818,0.011987511626923726,0.016864535768645356,0.01278538812785388,0.02149162861491629,0.7291445829564407,0.7235119108219028,0.7348537538409727,0.0,0.0,0.0,0.6933333333333332,0.6861345852895149,0.7001564945226917,0.3329271547449092,0.3281232125839134,0.33779604204462,169.13285687517205,166.12420803108466,171.9823664361426,0.05719557144738711,0.05555157970014305,0.05890307943437978,1.0,1.0,1.0
1.0,2.0,always_now,45,0.3181735368837113,0.2691260910303883,0.3722636033238302,0.8785325686955512,0.8618880675712812,0.8945938385413706,0.06707525930677777,0.058074164234504455,0.07652586656794355,0.0,0.0,0.0,6.777573917083588,6.638526303086266,6.92260169678271,0.33948482157957044,0.33513152693218334,0.34352942140199555,1.7817351598173514,1.403027397260274,2.1536605783866056,0.7640181434316192,0.7567093301992477,0.7714101853173232,0.0,0.0,0.0,nan,nan,nan,0.7059401811360121,0.700204606733924,0.7114541719715816,221.28581394298368,218.68423659114404,223.71202535713283,0.05719557144738711,0.05547479767950804,0.05887425918727524,1.0,1.0,1.0
1.0,2.0,ceiling_now,45,0.24311088168947442,0.20961975454769272,0.28174498623855854,0.8236675988907245,0.8039201011804891,0.8438018119214503,0.10654806170202735,0.09613182780657092,0.11726907300638326,0.0,0.0,0.0,8.370145876635346,8.204811823430571,8.536120636408437,0.03417998477929985,0.029927257737189246,0.03861048748520209,1.3188432267884322,1.0667701674277017,1.5753911719939113,0.7001695717310165,0.6960576318978983,0.7042139000705058,0.0,0.0,0.0,nan,nan,nan,0.4515516630349399,0.4423687366217625,0.4606509431317243,206.2669842525268,204.93104772391152,207.59094390102726,0.0571955714473871,0.05546212665970311,0.05889966663941625,1.0,1.0,1.0
1.0,2.0,ee_now,45,0.2636740776867415,0.221594561502449,0.31122059183936107,0.8839553481385134,0.8650044378739575,0.9012786632139396,0.044420345062392286,0.03740403087943096,0.05212054979965231,0.0,0.0,0.0,6.81400254449321,6.673979015692168,6.946892461463964,0.34151319127346524,0.33695423220023674,0.34636484758159986,1.6084018264840183,1.3018995433789955,1.9352359208523584,0.7702376113293258,0.7638056459752716,0.7766913065036898,0.0,0.0,0.0,nan,nan,nan,0.7110936471557411,0.7049947166508569,0.7171835736084426,218.53365359618016,216.6340295507413,220.52293152988113,0.05719557144738711,0.05554583783429574,0.05891783358909258,1.0,1.0,1.0
1.0,2.0,lazy_defer,45,0.3345695404116025,0.28111202675353725,0.3910625113845164,0.92619511632284,0.9118600228556772,0.9388281678339634,0.029800924450583945,0.023990270182025267,0.036371315961021555,22.14314814814814,19.990592592592584,24.758370370370372,6.766591795693204,6.626711540569216,6.89922228232932,0.35051813800101467,0.3439169731946558,0.35709952646710635,1.045966514459665,0.8604535768645359,1.2375372907153726,0.7750738293520846,0.770675659768334,0.7800146418268281,0.0,0.0,0.0,nan,nan,nan,0.7405860080250777,0.7319674821429528,0.7495123841405146,207.7445689104817,206.14258754643944,209.23395442077782,0.0571955714473871,0.05554523168087955,0.05889052079500161,1.0,1.0,1.0
1.0,2.0,sunsched,45,0.21669113097939546,0.1774705251894733,0.26175021993727793,0.8712656785237747,0.8509721678376074,0.891410229919924,0.038219075596682764,0.030775346002173805,0.047150865327140815,48.0,48.0,48.0,8.149610684626653,7.93894152754065,8.372072899733912,0.12356629460510739,0.10977686347877555,0.1383480836715711,0.057290715372907135,0.031596651445966524,0.08529832572298324,0.7586456590070683,0.7546839708502223,0.7627097820496166,0.0,0.0,0.0,0.9437245696400625,0.9430985915492955,0.944350547730829,0.5669694402059764,0.553343818774414,0.5803318992753064,183.89652315523728,179.82770495313446,187.79798851577007,0.0571955714473871,0.05544797848825497,0.05890270950656173,1.0,1.0,1.0
1.0,2.0,sunsched_no_ceiling,45,0.2562686770454201,0.21044835530812986,0.30933668670604836,0.9072816733980265,0.8921342643738104,0.921382987767552,0.025378500455189013,0.020319502404876896,0.03162560338588176,46.15157407407407,43.96572685185185,47.76638888888888,6.923756149595145,6.7824329244168124,7.05660546080119,0.3584069000507357,0.3520582138931168,0.36437191886521225,0.6614916286149164,0.5017884322678843,0.8312983257229832,0.7961477504225545,0.7923514536307531,0.7996243626422096,0.0,0.0,0.0,0.9437245696400625,0.9430359937402188,0.9444131455399057,0.7449063147437731,0.7366776513662554,0.7524646777614149,197.51075354522578,195.59765183588968,199.45682420681044,0.0571955714473871,0.055511881592271814,0.05889387144810656,1.0,1.0,1.0
1.0,2.0,sunsched_no_conformal,45,0.211167515377564,0.1738996586489237,0.2527641967095621,0.8339197070297852,0.8143069835080866,0.8554030191947397,0.07587896078800127,0.06247345370577298,0.08993498275143218,48.0,48.0,48.0,9.47875304388768,9.251560788856878,9.71631729704043,0.029288432267884325,0.025871548917639098,0.03273270230847285,0.06197869101978689,0.03263318112633182,0.09656621004566206,0.7536804511676233,0.7482714400649952,0.7588773739810859,0.0,0.0,0.0,0.6931455399061033,0.683942097026604,0.7016588419405321,0.4199157995214068,0.41331141459033943,0.4260996296976831,180.55336495857938,176.68129536437633,184.39398298599122,0.0571955714473871,0.055465391976063545,0.058913233348234596,1.0,1.0,1.0
10.0,0.5,always_now,45,0.01432236854301902,0.011003809313702205,0.01758083754585474,0.03360438043633613,0.02994007472945536,0.037030047951688516,0.9651197521443928,0.9618973848585773,0.968522138641259,0.0,0.0,0.0,20.238649878297167,19.869216637335175,20.61466629119831,0.0,0.0,0.0,0.06922374429223743,0.049678843226788436,0.0919360730593607,0.9527526100717564,0.9518380800854616,0.9537001272274402,0.0,0.0,0.0,nan,nan,nan,0.017945657567205554,0.017395556890059456,0.018483096816510006,5.993017336465452,5.738002413932476,6.236046479677901,0.5719557144738712,0.5548996885417847,0.5894406931339274,10.0,10.0,10.0
10.0,0.5,ceiling_now,45,0.011752331914231586,0.008321383404217897,0.01558214374962242,0.03730221969006692,0.03205468155066739,0.0428701755241629,0.961310525843158,0.9561802491802477,0.9662433090281072,0.0,0.0,0.0,20.2320766905317,19.85623578625725,20.61243648589585,0.0,0.0,0.0,0.05363774733637748,0.04030441400304414,0.06880213089802127,0.9527868927122678,0.9518720587389243,0.9536814516242679,0.9690216472179946,0.9650029595805854,0.9723695987654322,nan,nan,nan,0.01843531420740793,0.018005050707430345,0.01888133174264738,5.989844182438318,5.755723853620529,6.241906733556165,0.5719557144738713,0.5552198069515949,0.589511016972593,10.0,10.0,10.0
10.0,0.5,ee_now,45,0.011407577394811146,0.007337780755418372,0.015868169792423007,0.04088957079226947,0.03496367488343985,0.047321127324456404,0.9576700727822923,0.9516855720521847,0.9633686707773029,0.0,0.0,0.0,20.225195784262972,19.84688115060749,20.61373522828464,0.0,0.0,0.0,0.039086757990867575,0.02855251141552512,0.051270928462709225,0.9527766323901025,0.951815681455879,0.9536824152403122,0.0,0.0,0.0,nan,nan,nan,0.018885748820336296,0.018364785734520144,0.0194225290115275,5.9929227974480455,5.744559247583728,6.255293869658756,0.5719557144738713,0.5546713868322329,0.5895451135416898,10.0,10.0,10.0
10.0,0.5,lazy_defer,45,0.013957785422867706,0.008816558858814483,0.02015665377357892,0.044875776696746666,0.037691740522633514,0.05299301186101603,0.9531611368015965,0.9454615830940393,0.9601305421733006,5.78425925925926,1.7120138888888892,10.667175925925923,20.194404386364194,19.8173802457124,20.559387611095648,0.0,0.0,0.0,0.011750380517503803,0.008706240487062407,0.015159817351598173,0.9528289710440516,0.9519055362456851,0.9537376806851441,0.0,0.0,0.0,nan,nan,nan,0.020712858587314777,0.019854855425259697,0.02156893020572655,5.9917834440629045,5.74227733376778,6.244388155179642,0.5719557144738712,0.5547116163425805,0.5890941561572342,10.0,10.0,10.0
10.0,0.5,sunsched,45,0.013115819484252918,0.008516977399689691,0.018332578465500057,0.04260971557496271,0.036212881564119,0.04955677931552386,0.9563642869432346,0.949837798697386,0.9625908897851416,1.788888888888889,0.13148148148148148,4.472222222222222,20.211615457745886,19.842788550474168,20.574500282734512,0.0,0.0,0.0,0.0289193302891933,0.020455098934550994,0.03872298325722983,0.9528407725883731,0.9519351329441763,0.9537474351993884,0.9710305682394728,0.9654893772196856,0.9750492611618472,0.9444757433489824,0.943411580594679,0.9454773082942095,0.019680045721466026,0.019061008604874596,0.02028642946555648,5.984458704087865,5.73830469336306,6.231479919743883,0.5719557144738712,0.554757307621112,0.588922869570808,10.0,10.0,10.0
10.0,0.5,sunsched_no_ceiling,45,0.013189182108639737,0.008624024099599068,0.01852431443196467,0.042886597565221625,0.036288843413157426,0.05004667918400736,0.9559930834030401,0.949242193825702,0.9623833030852867,1.4407407407407409,0.03884259259259267,3.955879629629628,20.20781772763332,19.834356842472047,20.577231486361605,0.0,0.0,0.0,0.028675799086757988,0.020515981735159818,0.03866362252663621,0.9527763553160689,0.9518449140640297,0.9536998674143948,0.0,0.0,0.0,0.9444757433489824,0.943411580594679,0.9454773082942095,0.019830320511586324,0.019165479423116045,0.02046218603118286,5.991633094609137,5.7510525132943995,6.239736372889018,0.5719557144738713,0.5556335132449522,0.589654358832956,10.0,10.0,10.0
10.0,0.5,sunsched_no_conformal,45,0.01322791589964668,0.009039361410857427,0.017956521339222365,0.041783901372639466,0.03573430864537273,0.048207038266786406,0.9571650050166538,0.9510435336522617,0.9629118239242962,0.33518518518518514,0.03333333333333333,0.7777777777777778,20.212516867492244,19.844309718725725,20.599652792480143,0.0,0.0,0.0,0.03171993911719939,0.022465753424657533,0.04194977168949772,0.952833419626874,0.9519345676913115,0.9537250913482301,0.9773021308980218,0.9773021308980218,0.9773021308980218,0.6888888888888889,0.6832535211267604,0.6944616588419406,0.019609018585883816,0.019017143350741415,0.020214843596884646,5.984394119568152,5.748484648784496,6.23213167519799,0.5719557144738713,0.5555862674483117,0.5894074296549565,10.0,10.0,10.0
10.0,1.0,always_now,45,0.22695901776208288,0.18545987143154735,0.27148620472770346,0.6306772694263676,0.5969410458846409,0.6605239171460409,0.33390923546696316,0.30509314319919745,0.3665772521791151,0.0,0.0,0.0,14.060401760913948,13.357063099539417,14.765380687171062,0.05960975815998647,0.033645875613055994,0.08740299446135631,1.2936986301369862,1.0018082191780822,1.5839284627092844,0.940032466564056,0.9378134352570321,0.9424003928399105,0.0,0.0,0.0,nan,nan,nan,0.28483781023271143,0.2520652765013513,0.3167583732601611,21.15216065102714,20.870655497563124,21.433670525115776,0.5719557144738713,0.5548104079466518,0.5894134260318612,10.0,10.0,10.0
10.0,1.0,ceiling_now,45,0.19655984362084197,0.16183383359830708,0.2378352894133553,0.6805674293384433,0.6500407959952963,0.7111829729532777,0.25879123437415874,0.2284324480082431,0.29032570246970024,0.0,0.0,0.0,16.94182309901184,16.5774532586859,17.27310820687398,0.0,0.0,0.0,0.9858751902587518,0.7533424657534247,1.2157777777777776,0.9448502340404374,0.9430847927656419,0.9467005832104183,0.9748659732792159,0.9727342296634538,0.9765104430914937,nan,nan,nan,0.1553970635109812,0.14919515565141345,0.16130917310322804,20.299059432618193,20.084943884607696,20.51426452945288,0.5719557144738713,0.5545700502805198,0.5888914332476507,10.0,10.0,10.0
10.0,1.0,ee_now,45,0.22070294072877994,0.178640190156082,0.2678667764059845,0.784140147176023,0.7525235937476804,0.8140020022448902,0.1411310342521545,0.1125154387840362,0.17347261704024,0.0,0.0,0.0,12.120878968516783,11.531711662549684,12.743488208957121,0.10200680703534584,0.06963293801792661,0.13590661994757314,0.9197564687975646,0.6694855403348555,1.1930639269406391,0.943648517281021,0.9414624549403942,0.9459159835191674,0.0,0.0,0.0,nan,nan,nan,0.4158015234270572,0.3779396377721634,0.4519338521345383,20.994531408284413,20.739777167729272,21.2460265899859,0.5719557144738713,0.555112449019889,0.5898216427460247,10.0,10.0,10.0
10.0,1.0,lazy_defer,45,0.2511555909823742,0.19678631818534212,0.31500966065604336,0.8361315990322478,0.8035090275063035,0.8672337465293632,0.1094880658039811,0.08126323676801335,0.1413472573837462,48.0,48.0,48.0,10.933779050045466,10.315249972579084,11.601244994898568,0.17434149331980384,0.13031279595805853,0.2175807965499746,0.5842922374429224,0.40996347031963465,0.7656636225266362,0.9449411085334045,0.9429081387089446,0.9469983687012092,0.0,0.0,0.0,nan,nan,nan,0.5185710979670137,0.4685083085446334,0.5672290487711423,20.57783760699073,20.389487531154266,20.755915452850612,0.5719557144738713,0.554845525294534,0.5887760996573671,10.0,10.0,10.0
10.0,1.0,sunsched,45,0.21537554155010066,0.17761764217402806,0.2608922543631557,0.7262573564410827,0.6942842916821641,0.7566271910152504,0.2139264258710056,0.18286480942071515,0.2480259433988095,46.74481481481481,44.997115740740725,47.81274074074072,16.599230793247674,16.23615221125509,16.931485805624884,0.0,0.0,0.0,0.6208219178082192,0.47888127853881285,0.7887442922374428,0.9486449513010387,0.9471016566907897,0.9500942481708914,0.9660954676137329,0.9589085383899882,0.9718228955268057,0.9440375586854458,0.943411580594679,0.9446635367762125,0.17835585651398084,0.16990769723699134,0.18661185242599504,19.656552122694713,19.528219711035373,19.773737820308025,0.5719557144738712,0.5558452317785109,0.5897251218154936,10.0,10.0,10.0
10.0,1.0,sunsched_no_ceiling,45,0.2335650788119309,0.19429676014471986,0.28161359386379864,0.7855843560339565,0.7542870379288273,0.8143993676620171,0.1560451984673963,0.1266399205909932,0.18897770075307263,39.078148148148145,34.32780324074075,43.408122685185184,11.902967362708631,11.191847928256927,12.644966872718443,0.1493968797564688,0.1079803610688314,0.19093900093015384,0.7663318112633181,0.5738127853881277,0.9654794520547945,0.9460558951201954,0.9444843262888241,0.947617872551768,0.0,0.0,0.0,0.9440375586854456,0.943411580594679,0.9447261345852892,0.4352943139660675,0.38577468554410815,0.4805845304764311,20.63267087090535,20.45144066088462,20.7964111215661,0.5719557144738713,0.5550465480825304,0.5894374464383482,10.0,10.0,10.0
10.0,1.0,sunsched_no_conformal,45,0.21524600333194926,0.17782795296004408,0.2591388900190663,0.7111781367503321,0.6789403025489262,0.7413780057029604,0.23385395590725191,0.20373799086072686,0.2679716322688181,41.739259259259256,38.17972916666666,44.89284027777777,16.691149494800364,16.34206532233921,17.02589594752976,0.0,0.0,0.0,0.6864535768645357,0.536185692541857,0.8517001522070013,0.9475126594806712,0.9460145267732745,0.9489323322746473,0.9773021308980218,0.9773021308980218,0.9773021308980218,0.6933333333333332,0.6865101721439748,0.7001580594679185,0.17175008576528422,0.1630032262588505,0.1800690160827574,19.709572080171476,19.585973165900384,19.82871882548304,0.5719557144738713,0.5556641941895102,0.588195370852507,10.0,10.0,10.0
10.0,2.0,always_now,45,0.346896411805173,0.2933802486041782,0.40715003755350027,0.954098175990441,0.9415036182466593,0.9658120971348341,0.0015671156216604386,0.000329334136076553,0.0031826290452014855,0.0,0.0,0.0,7.484596334301057,7.34326150025119,7.623928998167739,0.9190988077118215,0.9081033052173177,0.9288460278200577,1.9470319634703201,1.5500608828006088,2.3607138508371377,0.9509632094702413,0.9480731964258614,0.9538498639678972,0.0,0.0,0.0,nan,nan,nan,0.9561423089247033,0.9514347574882934,0.9603254506969058,23.55596016330196,23.26991338718425,23.844430521469558,0.5719557144738712,0.5552846160993331,0.5891988968710715,10.0,10.0,10.0
10.0,2.0,ceiling_now,45,0.3190079878695639,0.2707964610861373,0.37233309505680107,0.9394409895988471,0.9230954517114937,0.9546761396033789,0.005997932629450939,0.003523933683476291,0.00896671869666617,0.0,0.0,0.0,15.094018152489772,14.806719580500431,15.37669043308897,0.018353627600202944,0.017126220826991376,0.019436522281413838,1.8868797564687978,1.5061217656012176,2.2636392694063927,0.950713817227039,0.947815390309612,0.9536079772896678,0.9764489260950452,0.9752910958904113,0.9773021308980218,nan,nan,nan,0.28738677285525527,0.2856829077836113,0.28899906874430076,22.98132003769641,22.716318886255348,23.25058249091626,0.5719557144738713,0.5552634639183943,0.5885353610867415,10.0,10.0,10.0
10.0,2.0,ee_now,45,0.3425161182628813,0.28992872454339874,0.40061058656161125,0.9519236728723632,0.9384790337704073,0.9650945725561976,0.0010450605140196686,0.0002259748111984981,0.0020723986330598116,0.0,0.0,0.0,7.482618589916515,7.339192103259456,7.626869035241631,0.9185925080331472,0.9082371733891428,0.928427141467952,1.9366818873668195,1.52558295281583,2.3629908675799083,0.9508421085612873,0.9478656978890476,0.9537328095311368,0.0,0.0,0.0,nan,nan,nan,0.9564633396980174,0.9521033528195705,0.9604765965957058,23.60597293823084,23.290524524129875,23.91012918930189,0.5719557144738713,0.5548665042699605,0.5894657869700146,10.0,10.0,10.0
10.0,2.0,lazy_defer,45,0.3466211588157216,0.292559610652375,0.40345037462579647,0.9545674584613579,0.9419072071125318,0.9663674116811001,0.0009759352695396086,0.00019638673488238582,0.002014093415732916,11.392592592592594,10.648148148148147,12.746342592592592,7.4618460857104045,7.319377977340484,7.610885511776322,0.9421207508878742,0.9314588512599357,0.9509671856502623,1.2008523592085238,0.9924429223744292,1.4213713850837137,0.9518551729388379,0.949297574059307,0.9544062464487113,0.0,0.0,0.0,nan,nan,nan,0.9630094695987355,0.9586360312416772,0.9665761787588172,22.091193703544196,21.950106094898143,22.225886771526316,0.5719557144738713,0.5554813146006964,0.588843003322652,10.0,10.0,10.0
10.0,2.0,sunsched,45,0.2930298807579152,0.25050838732691955,0.3430158280202643,0.9343279988142896,0.9222291962406631,0.9467333604859604,0.004802870663617708,0.0025973336492985427,0.007304931451991154,8.109629629629621,5.736881944444429,10.852668981481473,15.125874339921138,14.846882669079845,15.394457830978155,0.01948820395738204,0.018687426010485373,0.02022414066463724,1.0793911719939118,0.8630426179604263,1.3034231354642314,0.9560984272777064,0.9537261390085331,0.9582716602409967,0.9710880686622699,0.9670647144004738,0.9744994239387793,0.9437245696400625,0.9430985915492955,0.944350547730829,0.2923979602197176,0.2908744550172414,0.2938578965632848,21.059066205044783,20.963331143850883,21.150652926259735,0.5719557144738713,0.555721903577269,0.5888100551272794,10.0,10.0,10.0
10.0,2.0,sunsched_no_ceiling,45,0.294994118334498,0.24992123138007394,0.3475359855809201,0.9377767463077794,0.9261482095861617,0.9493750221379688,0.0009834977413654149,0.00020841973728176689,0.0019044919099310065,2.944907407407401,2.118030092592588,3.8426087962962865,7.498292691942425,7.352239198406681,7.64043729258273,0.9421082783696938,0.932354409775072,0.9514615518772198,1.0935768645357686,0.8624642313546421,1.3263622526636223,0.9564414159607743,0.9540098004376616,0.95875834047454,0.0,0.0,0.0,0.9437245696400625,0.9430985915492955,0.9444131455399057,0.9625093080277981,0.9584517804428291,0.9662486364721153,21.58908055601792,21.47602435950097,21.70669713186675,0.5719557144738713,0.5542941079843684,0.5889539348682958,10.0,10.0,10.0
10.0,2.0,sunsched_no_conformal,45,0.2938059076816223,0.2496425662673589,0.3440815158779953,0.934243138971661,0.9225503856001853,0.9468828005979057,0.004842823342545625,0.0026780232375822194,0.007377935552492817,4.493333333333324,3.419715277777776,5.698541666666653,15.131949283276766,14.838676907468637,15.400902350853372,0.01948820395738204,0.01868225731439202,0.020231259512937593,1.0897412480974125,0.8786331811263317,1.317165905631659,0.9563462570039412,0.9539236281033239,0.9585301513947275,0.9773021308980218,0.9773021308980218,0.9773021308980218,0.6931455399061033,0.6842566510172143,0.7020985915492958,0.2921470264479327,0.29060164135980543,0.2935508902191737,21.083839764227484,20.99358528212039,21.174457163780286,0.5719557144738713,0.5554956438129829,0.5886796787732821,10.0,10.0,10.0
100.0,0.5,always_now,45,0.1298848317663204,0.1097625853688122,0.15168313954656515,0.3152048692619519,0.2915346061423972,0.33895899529787665,0.6676399855092509,0.6495400645491484,0.6867224743513918,0.0,0.0,0.0,19.027304742604333,18.65805376676341,19.3978038815399,0.0,0.0,0.0,0.6465144596651444,0.5258356164383563,0.7720821917808218,0.9871018702277891,0.9868265582202665,0.987374202623944,0.0,0.0,0.0,nan,nan,nan,0.12837605476451583,0.12673220455623907,0.13003151044543793,0.8568407356927261,0.836145288959609,0.8778535202861307,5.719557144738713,5.555414628062352,5.894337440764977,100.0,100.0,100.0
100.0,0.5,ceiling_now,45,0.09483825636218746,0.07928789618817805,0.10985771355566513,0.2878652948263452,0.2660834296807708,0.30781948825118716,0.6983831730069048,0.6813916953598727,0.7175393704673925,0.0,0.0,0.0,19.33264285654258,18.94623665835603,19.703124209391426,0.0,0.0,0.0,0.5111111111111113,0.40130898021308986,0.6194840182648403,0.9886147387442015,0.9883603581476244,0.9888753478664388,0.9773021308980218,0.9773021308980218,0.9773021308980218,nan,nan,nan,0.11359698795091674,0.11210558219424142,0.11509390321167101,0.8078091732313029,0.7876906321970621,0.8277018812825084,5.719557144738713,5.550864946406528,5.888206924744145,100.0,100.0,100.0
100.0,0.5,ee_now,45,0.09064599621146459,0.07485946325978123,0.10635619731183317,0.3675712837118157,0.3440648568344018,0.3923820927982615,0.60188066623162,0.5783919993594413,0.624360523589419,0.0,0.0,0.0,18.842119089386212,18.4551539288287,19.20526114761719,0.0,0.0,0.0,0.3377777777777778,0.26489193302891934,0.41382800608828,0.9869624996721553,0.9866646205390157,0.987258422238851,0.0,0.0,0.0,nan,nan,nan,0.1384454715397293,0.1363073633423342,0.14083772821439153,0.8651708112048,0.8427292884929737,0.8888573362282975,5.719557144738713,5.55462412281615,5.896452177270308,100.0,100.0,100.0
100.0,0.5,lazy_defer,45,0.11941198715483713,0.10180548357084533,0.13773234078929364,0.41148198211949366,0.383634509872417,0.4395563103122897,0.5583411049266588,0.529859906628626,0.5864307046442169,48.0,48.0,48.0,18.510600639670766,18.132026111093683,18.91440834699914,0.0,0.0,0.0,0.09406392694063927,0.07299695585996957,0.11708219178082188,0.9869085685622991,0.9866221517463465,0.9872171397962338,0.0,0.0,0.0,nan,nan,nan,0.15580168024449323,0.1495169236037072,0.16230863214718225,0.8674444658854955,0.8437521664861376,0.8904464492770378,5.719557144738711,5.546957497952253,5.889565824161562,100.0,100.0,100.0
100.0,0.5,sunsched,45,0.10214084828163128,0.08552699004495411,0.11894387342202507,0.30870897809530434,0.2849339220423527,0.33162308320467887,0.679816748230484,0.6593257670647256,0.7006434820672603,0.5796296296296296,0.507361111111111,0.6444444444444445,19.193323133914465,18.822562524497965,19.549264916262942,0.0,0.0,0.0,0.36286149162861486,0.29392694063926944,0.4342876712328767,0.9887422386133993,0.9885152179730022,0.9889706574936254,0.9773021308980218,0.9773021308980218,0.9773021308980218,0.9444757433489824,0.943411580594679,0.9455399061032861,0.12128606191390606,0.11993294175061066,0.12278616012893108,0.801943575138774,0.783564370101394,0.8201640798276878,5.719557144738711,5.558857525866696,5.887264390503758,100.0,100.0,100.0
100.0,0.5,sunsched_no_ceiling,45,0.11983930471413075,0.10242450597686317,0.13869949286508432,0.36397518578536747,0.34000119667026096,0.3882046611101575,0.6191715501777265,0.5976701644802497,0.6410487602764642,1.2723148148148087,0.8309074074074012,1.835233796296281,18.768484990649274,18.39848243445399,19.13508287690124,0.0,0.0,0.0,0.39957382039573824,0.323158295281583,0.47440334855403354,0.9870684953348723,0.9867851688876391,0.987338705263847,0.0,0.0,0.0,0.9444757433489824,0.9434741784037556,0.9454773082942095,0.14222324021651286,0.13900705304452396,0.14582048850686394,0.857923466759873,0.8365392365880302,0.8803059966119599,5.719557144738713,5.549085794424472,5.893799146538247,100.0,100.0,100.0
100.0,0.5,sunsched_no_conformal,45,0.102319944861495,0.08560730295441371,0.11873174066679204,0.3082946595201995,0.2845417926924592,0.33182234589273474,0.6803266246008861,0.6597034046003206,0.7010983882345017,0.5666666666666668,0.4925925925925925,0.6314814814814814,19.193626452803034,18.804118085098775,19.548764238644743,0.0,0.0,0.0,0.36487062404870624,0.2964901065449011,0.4358051750380517,0.9887425781058451,0.9885133511622417,0.9889752826450559,0.9773021308980218,0.9773021308980218,0.9773021308980218,0.6888888888888889,0.6830046948356807,0.6949608763693271,0.12126845096443258,0.11984239445000486,0.1227397311085494,0.8018765805342151,0.7834302698115543,0.8209753320326296,5.719557144738713,5.551608778533192,5.893900348422738,100.0,100.0,100.0
100.0,1.0,always_now,45,0.34650707498963773,0.2921087994396832,0.40704974689022094,0.953101013365478,0.9402654760426666,0.9648746008989197,0.00267225010712461,0.0010668199493160853,0.004716910343021341,0.0,0.0,0.0,12.68475803856828,12.311439646247777,13.018626966623492,0.0,0.0,0.0,1.94703196347032,1.546357686453577,2.3687579908675795,0.9830881097258264,0.9828525376503735,0.9833215646999596,0.0,0.0,0.0,nan,nan,nan,0.5003804436610718,0.4849811329971186,0.5170042641814883,2.2300509708678016,2.2113472330505606,2.249516619031177,5.719557144738713,5.556313559616358,5.894537777536759,100.0,100.0,100.0
100.0,1.0,ceiling_now,45,0.27475487021480294,0.2284403167436196,0.3255791550070549,0.8307241508285141,0.8025411984933563,0.856798445327593,0.08988106972256746,0.06659058796052619,0.11513981901238143,0.0,0.0,0.0,16.920811800402173,16.500527556958488,17.33264628063127,0.0,0.0,0.0,1.501917808219178,1.182013698630137,1.816441400304413,0.9862148284339126,0.9860100381031353,0.986434902207652,0.9773021308980218,0.9773021308980218,0.9773021308980218,nan,nan,nan,0.23276852681696966,0.2227537761264355,0.24252861562773784,2.0268728493888344,2.0028472602296596,2.0498107018096796,5.719557144738713,5.546373516967414,5.8877169993712695,100.0,100.0,100.0
100.0,1.0,ee_now,45,0.23605307796458092,0.19633430864776913,0.27984803476592396,0.9080373754880521,0.8881452599955365,0.9275909465898249,0.0,0.0,0.0,0.0,0.0,0.0,12.537782934144694,12.199243520783105,12.853941791378965,0.0,0.0,0.0,1.6833485540334854,1.3270578386605785,2.0498264840182645,0.9835416588821171,0.983313000394384,0.9837606104097972,0.0,0.0,0.0,nan,nan,nan,0.5135807401176263,0.5000296843053429,0.5278802585745748,2.2055929715476834,2.1881133589043404,2.2234399368518067,5.719557144738713,5.546842387106699,5.900629558677019,100.0,100.0,100.0
100.0,1.0,lazy_defer,45,0.3090309010010021,0.2566525729356171,0.36890733811666715,0.9335963195487221,0.9170775876053507,0.9502049015882559,0.0,0.0,0.0,43.898148148148145,40.5574074074074,47.16111111111111,11.180308115918573,10.8725351573668,11.480824609217427,0.004905716218501607,0.0,0.01471714865550482,0.8046270928462709,0.5891902587519027,1.0461187214611865,0.9858054892409284,0.9855101838648169,0.9860856851563724,0.0,0.0,0.0,nan,nan,nan,0.6225632935228181,0.6043263956480163,0.6432453917786609,2.1187901486045067,2.1030746891893943,2.1335844992851385,5.719557144738713,5.546262130618625,5.897388548579465,100.0,100.0,100.0
100.0,1.0,sunsched,45,0.2740117120219355,0.2323864301893375,0.3227438007255156,0.8764040808114335,0.8534986597466178,0.8971818705139237,0.064825195779989,0.04237726679309661,0.08935273354286986,5.229814814814801,3.45112962962961,7.416981481481466,16.211468344393925,15.823467056686416,16.6136158719483,0.0,0.0,0.0,1.02648401826484,0.8278660578386607,1.2372922374429216,0.9876113546625763,0.987383664902534,0.987852837097476,0.9773021308980218,0.9773021308980218,0.9773021308980218,0.9440375586854458,0.9433489827856023,0.9446635367762125,0.27350011385748285,0.26199065280999906,0.2849433662837756,1.9487238387027161,1.9288176927776597,1.9666724375286424,5.719557144738711,5.558725883704355,5.89137367541578,100.0,100.0,100.0
100.0,1.0,sunsched_no_ceiling,45,0.2952611542721467,0.2509960167640563,0.3452003927093704,0.9386704904428137,0.9266203077751913,0.9509746571425063,0.0,0.0,0.0,2.710185185185177,2.0074398148148096,3.550949074074064,11.30272620788947,10.907654419757767,11.67522075514819,0.00551010485371216,0.0,0.01653031456113648,1.0563165905631657,0.8562313546423134,1.2747031963470317,0.9855006949495798,0.9851946146683312,0.9858116298911743,0.0,0.0,0.0,0.9440375586854458,0.9433489827856023,0.9446635367762125,0.6133384785541625,0.588165955497059,0.6389880392309121,2.140651656015807,2.1258165100855058,2.1543194788119577,5.719557144738713,5.550329724291066,5.897042236148405,100.0,100.0,100.0
100.0,1.0,sunsched_no_conformal,45,0.27450029601106074,0.23292527440597788,0.322407649093683,0.8755187543559511,0.8536499950127486,0.8960498839847122,0.06568115042833858,0.04389961226427975,0.08989250954980471,3.5802777777777655,2.5633310185184968,4.762905092592574,16.211859903793133,15.809468271323901,16.60018460688985,0.0,0.0,0.0,1.0307458143074582,0.8163774733637751,1.250138508371385,0.9876079168834418,0.9873601534460512,0.9878543533562788,0.9773021308980218,0.9773021308980218,0.9773021308980218,0.6933333333333332,0.6863849765258216,0.7002190923317684,0.2734593807956739,0.2612569444326598,0.28454898441194243,1.9486819186238988,1.9287157805187678,1.9671354600251585,5.719557144738711,5.549301684439574,5.892996616973239,100.0,100.0,100.0
100.0,2.0,always_now,45,0.3474940794066018,0.29293005024177177,0.40800955325466715,0.9556503763412387,0.9429426895142726,0.9677969808336959,0.0,0.0,0.0,0.0,0.0,0.0,7.6581776652801254,7.516088500251811,7.798939314032416,0.944336842550313,0.938932326018941,0.9492645547945205,1.9519025875190263,1.5367366818873671,2.3990943683409434,0.9899721126724553,0.9898635585396992,0.9900796822709723,0.0,0.0,0.0,nan,nan,nan,0.9850868272561647,0.9840130459850677,0.9860484539756714,2.467727592704135,2.442503721397818,2.493631754257242,5.719557144738713,5.546164397475544,5.899825232599101,100.0,100.0,100.0
100.0,2.0,ceiling_now,45,0.3462673213813155,0.29217396998403655,0.4046963197234602,0.9556667425733419,0.9429278205399989,0.9677202390293468,0.0,0.0,0.0,0.0,0.0,0.0,14.924484470499104,14.648176266441457,15.21688437391252,0.0,0.0,0.0,1.9519025875190263,1.5422648401826486,2.3706362252663626,0.991206339359522,0.9910855366657199,0.9913372309133593,0.9773021308980218,0.9773021308980218,0.9773021308980218,nan,nan,nan,0.3620114038919503,0.3605110733869596,0.3635488021380427,2.160891351180128,2.1368337655480842,2.186132350851056,5.719557144738713,5.548642434741302,5.893865575653865,100.0,100.0,100.0
100.0,2.0,ee_now,45,0.3469395501618738,0.2933006731932068,0.4063545084342305,0.9555565788877055,0.9428581812339913,0.9675621800071477,0.0,0.0,0.0,0.0,0.0,0.0,7.658128261238361,7.519042381992474,7.80143178398048,0.9441842127515644,0.9389438419583966,0.9490863563335025,1.9519025875190263,1.5584733637747334,2.376456621004566,0.9899316386838245,0.9898202991530389,0.9900346319873207,0.0,0.0,0.0,nan,nan,nan,0.9850399677796496,0.984041984245414,0.9859890927991227,2.4736781492552917,2.447656990876638,2.4998294009499697,5.719557144738713,5.556619904960414,5.891342170845314,100.0,100.0,100.0
100.0,2.0,lazy_defer,45,0.3472898117549255,0.2928336169823326,0.4061604429495284,0.9556703963612588,0.9426548816541395,0.9673201338739793,0.0,0.0,0.0,10.670370370370373,10.52037037037037,10.822222222222223,7.654336108039501,7.517047192459951,7.79893628821598,0.9504838914256724,0.9466499238964992,0.9540923600541182,1.1956164383561645,0.9743607305936072,1.422111111111111,0.9906055500598053,0.9905146718269343,0.9907072575682018,0.0,0.0,0.0,nan,nan,nan,0.9867985801186098,0.9860370434374652,0.9875423452751232,2.317734348332981,2.2831772723135333,2.348803064664627,5.719557144738713,5.54830032433624,5.887398702192635,100.0,100.0,100.0
100.0,2.0,sunsched,45,0.2952611542721467,0.25211451976993543,0.3459149214944136,0.9386704904428135,0.9276541635446419,0.9506955981634008,0.0,0.0,0.0,2.990370370370366,2.1120231481481446,4.034243055555549,14.868465785807038,14.590126553378353,15.158549392742977,0.0,0.0,0.0,1.1250532724505327,0.9012952815829528,1.365089802130898,0.992020321416877,0.9919380452582971,0.9921017356077252,0.9773021308980218,0.9773021308980218,0.9773021308980218,0.9437245696400625,0.9430359937402188,0.944350547730829,0.36731903931639714,0.36630714700038447,0.36832586346059687,1.991188989372822,1.9680858722899426,2.014204231661902,5.719557144738713,5.551555290774107,5.8812766896244595,100.0,100.0,100.0
100.0,2.0,sunsched_no_ceiling,45,0.2952611542721467,0.25149270588941186,0.3457801999300203,0.9386704904428137,0.9273370182774298,0.9510304941355838,0.0,0.0,0.0,2.7694444444444377,2.0413935185185155,3.589884259259248,7.654988996186083,7.510442704987271,7.794953475720105,0.950658295281583,0.94692120116692,0.9542047342719432,1.091019786910198,0.8758538812785388,1.3083759512937596,0.9907383645760758,0.990649992544091,0.990822329530338,0.0,0.0,0.0,0.9437245696400625,0.9430970266040685,0.9444131455399057,0.9868077486432267,0.9860784284203407,0.9875518339688293,2.2968358962290174,2.267942442231316,2.325440076557089,5.719557144738711,5.553109106131706,5.888049451065806,100.0,100.0,100.0
100.0,2.0,sunsched_no_conformal,45,0.2952611542721467,0.2516934831478229,0.34479760370888657,0.9386704904428137,0.9274849804779656,0.9509260996430167,0.0,0.0,0.0,2.990370370370366,2.1401666666666626,4.049111111111105,14.868465785807034,14.578084311694392,15.153360964423381,0.0,0.0,0.0,1.1250532724505327,0.9028858447488587,1.3594185692541854,0.992020321416877,0.9919382937479851,0.9921019533878921,0.9773021308980218,0.9773021308980218,0.9773021308980218,0.6931455399061033,0.6843802816901406,0.7017214397496088,0.36731903931639714,0.3663381030108758,0.36836828776948305,1.991188989372822,1.967750662299177,2.0135830222796858,5.719557144738713,5.558165683889839,5.88426935336112,100.0,100.0,100.0
175.0,0.5,always_now,45,0.21197928327778984,0.18083696901464272,0.24560389788330458,0.6054265788235449,0.5747992028840849,0.6355839129981692,0.36602910657670823,0.32896710103824683,0.4035514872442159,0.0,0.0,0.0,17.6009425728699,17.237457120025017,17.960443561278186,0.0,0.0,0.0,1.1491628614916287,0.9414170471841705,1.3571248097412478,0.9965933361996747,0.9958177530304452,0.9973146501473573,0.0,0.0,0.0,nan,nan,nan,0.2122497147049456,0.20932888607412903,0.21518094466777699,0.474202674694309,0.45171623896936547,0.49827004790053536,10.009225003292745,9.711744435525032,10.318792778299015,175.0,175.0,175.0
175.0,0.5,ceiling_now,45,0.17492491915186456,0.15263793038642445,0.19839638334135387,0.5431041059702056,0.5168411401264774,0.5695628726603194,0.40265127333234524,0.36437044056713674,0.43944503068540586,0.0,0.0,0.0,18.146452417349128,17.792994630243598,18.500173421986783,0.0,0.0,0.0,0.8989954337899544,0.7531050228310504,1.048226788432268,0.9972390864505593,0.9965211473474614,0.9978942467023371,0.9773021308980218,0.9773021308980218,0.9773021308980218,nan,nan,nan,0.18488673873203817,0.18291260190323264,0.1868615988826644,0.45715234200506116,0.4367034937584818,0.4796947697591335,10.009225003292745,9.72439720507176,10.304603530799769,175.0,175.0,175.0
175.0,0.5,ee_now,45,0.15792857597748186,0.14139091322975975,0.17520381409502894,0.6172785956807557,0.5983725839963776,0.6366941887384481,0.3080787332283072,0.27442491806540975,0.34248989360516835,0.0,0.0,0.0,17.280822482101332,16.917142601263365,17.616938542879296,0.0,0.0,0.0,0.6286757990867581,0.5061141552511416,0.754351598173516,0.9964326989282379,0.9955915903930452,0.9972209129323135,0.0,0.0,0.0,nan,nan,nan,0.22767350190646607,0.2240173632650411,0.23179685371977676,0.479182392766557,0.4542878298933513,0.505323054098657,10.009225003292745,9.706881114010104,10.319706367166972,175.0,175.0,175.0
175.0,0.5,lazy_defer,45,0.18608396270143807,0.15842978764371124,0.2135556549941116,0.6655714169128154,0.6452458661220739,0.6839946954738567,0.26518343352292323,0.23491878697406826,0.29494423513768675,48.0,48.0,48.0,16.658311655333115,16.25735020031979,17.035095410556348,0.0,0.0,0.0,0.14094368340943686,0.1117199391171994,0.17193302891933027,0.996248241005395,0.9954068110429337,0.9970473678205604,0.0,0.0,0.0,nan,nan,nan,0.25940141509321285,0.2501549217595264,0.26971190932644773,0.48448735438313945,0.45954676873878225,0.5109929380458905,10.009225003292745,9.723040657378261,10.311646673169559,175.0,175.0,175.0
175.0,0.5,sunsched,45,0.1802718645764938,0.16067766735293237,0.20180868197318666,0.5938659103423285,0.5668474113455864,0.6217727661914324,0.37050559776871955,0.3351981869615927,0.4057101142006984,1.1906481481481435,0.9339421296296296,1.5177870370370294,17.910973311156205,17.529526249437193,18.26321992355552,0.0,0.0,0.0,0.6536377473363775,0.5399680365296803,0.764882800608828,0.9974731581736523,0.9968759605694606,0.9980557379460465,0.9773021308980218,0.9773021308980218,0.9773021308980218,0.9444757433489824,0.943411580594679,0.9455399061032862,0.1971706081700135,0.19475608587836868,0.19962485427665572,0.45026441277082435,0.4317556221115403,0.46911051560032047,10.009225003292745,9.711322053232934,10.300160354035459,175.0,175.0,175.0
175.0,0.5,sunsched_no_ceiling,45,0.19680875642999116,0.17440685556750088,0.2213344429672894,0.6438742761194277,0.6182509750865605,0.6677020300604813,0.31510279540300445,0.2818830246353141,0.34911143525672256,1.2218518518518449,0.9914259259259232,1.5241388888888747,17.137226912224534,16.774220553043122,17.497688759364763,0.0,0.0,0.0,0.6820700152207001,0.5645479452054795,0.8046057838660579,0.9966111623801706,0.9958742600463899,0.9972834155982422,0.0,0.0,0.0,0.9444757433489824,0.9434741784037556,0.9454773082942095,0.23559629510379285,0.23018883089220443,0.24182740393359756,0.47398201706515763,0.4529190143248956,0.497289280250419,10.009225003292745,9.723548729328625,10.315441110689331,175.0,175.0,175.0
175.0,0.5,sunsched_no_conformal,45,0.18019842417501764,0.16049084920774961,0.2013739291770256,0.5936911522401777,0.5661832399677991,0.6221053440144949,0.3708195369958169,0.3338553217544893,0.4066355338662541,1.1781481481481426,0.9211018518518501,1.5111944444444398,17.911161737411685,17.537549030275564,18.263480402697276,0.0,0.0,0.0,0.654916286149163,0.5426879756468799,0.7717534246575343,0.9974723037516701,0.9968312487765114,0.9980650244820066,0.9773021308980218,0.9773021308980218,0.9773021308980218,0.6888888888888889,0.6828169014084507,0.6948356807511737,0.1971607821777024,0.19469330217286446,0.19972417245784937,0.45028671381972546,0.4315773271947033,0.4705855908314316,10.009225003292746,9.714037810765877,10.310718220575849,175.0,175.0,175.0
175.0,1.0,always_now,45,0.3474940794066018,0.2945146233916539,0.4062223003241767,0.9556503763412387,0.9428788782288428,0.9678028920757725,0.0,0.0,0.0,0.0,0.0,0.0,11.773195115589145,11.492121363812299,12.029965056187296,0.0,0.0,0.0,1.9519025875190263,1.5668660578386606,2.386870624048706,0.9866589662818273,0.9863953445025808,0.9869299820744045,0.0,0.0,0.0,nan,nan,nan,0.5766410863168445,0.5671985764562236,0.5865982709560918,1.272952352873057,1.2625097448563372,1.2832738688515082,10.009225003292745,9.724882863880431,10.319143730729214,175.0,175.0,175.0
175.0,1.0,ceiling_now,45,0.30525186772590407,0.2568673832338235,0.3578379556357864,0.914152579342706,0.8967890519260221,0.9333955398560924,0.026911905290770408,0.015948372029685107,0.03857339383795211,0.0,0.0,0.0,15.829065285695984,15.484746136997448,16.139085116521116,0.0,0.0,0.0,1.684931506849315,1.366869101978691,2.032006088280061,0.9899774723168879,0.989750313977784,0.9902108141746624,0.9773021308980218,0.9773021308980218,0.9773021308980218,nan,nan,nan,0.301310823157124,0.2942930136115433,0.30835132757221445,1.136573094267316,1.1256854786763104,1.1483226296980804,10.009225003292745,9.720124919445771,10.324284098697111,175.0,175.0,175.0
175.0,1.0,ee_now,45,0.2430084766868898,0.20062221024238663,0.2871443752371414,0.9102516287268257,0.8903829998027138,0.9300483585752513,0.0,0.0,0.0,0.0,0.0,0.0,11.732784423199092,11.462909678447401,11.996396976866,0.0,0.0,0.0,1.8817656012176565,1.521426179604262,2.270351598173516,0.9867054369774755,0.9864367732957086,0.9869806971810299,0.0,0.0,0.0,nan,nan,nan,0.5800843818398267,0.571307179151084,0.5896852655781794,1.267873059444786,1.2575100855036951,1.2782147711817369,10.009225003292745,9.732139615806945,10.315444126220502,175.0,175.0,175.0
175.0,1.0,lazy_defer,45,0.31711694223464565,0.26457087584321337,0.375850524841664,0.9394447294808715,0.925065531420642,0.9537230158959833,0.0,0.0,0.0,43.92407407407408,40.60925925925926,46.39629629629629,11.079062379549024,10.825206789375912,11.31846285658144,0.0,0.0,0.0,0.8804870624048706,0.6849162861491628,1.0999269406392695,0.987858165442525,0.9874988707863596,0.9881987831912228,0.0,0.0,0.0,nan,nan,nan,0.6361941318592329,0.6246530212458339,0.6491569114329138,1.221365600821644,1.2119279170863602,1.230095219320958,10.009225003292746,9.723653543105216,10.304087696021153,175.0,175.0,175.0
175.0,1.0,sunsched,45,0.29032880269012973,0.247781701877554,0.3404596888786193,0.9260851860949251,0.914188207944893,0.9384051707339528,0.01377424178969115,0.006322182375688917,0.022716219760028605,3.569537037037025,2.537995370370364,4.745006944444431,15.32188554661651,15.004532306803888,15.611264679368015,0.0,0.0,0.0,1.100456621004566,0.8897321156773211,1.3260273972602739,0.9908891355573631,0.9906013784899245,0.9911828161888163,0.9773021308980218,0.9773021308980218,0.9773021308980218,0.9440375586854458,0.9433489827856023,0.9446635367762125,0.3339472417506608,0.3273930158565368,0.3402519645308505,1.088613677077815,1.07971136345015,1.0969515610974419,10.009225003292745,9.732014555307007,10.302465949027058,175.0,175.0,175.0
175.0,1.0,sunsched_no_ceiling,45,0.2952611542721467,0.25038500674466263,0.3454345901188137,0.9386704904428135,0.9266716846145635,0.9509494570614289,0.0,0.0,0.0,2.710185185185177,2.010365740740736,3.5716620370370253,11.011146683806553,10.725964024346057,11.278312887200004,0.0,0.0,0.0,1.0563165905631657,0.8550380517503803,1.2754581430745813,0.9879031463384264,0.9875075356295613,0.988281940618774,0.0,0.0,0.0,0.9440375586854458,0.943411580594679,0.9446635367762125,0.6411929202833158,0.6262504862978433,0.6559335969233596,1.230445478280952,1.2222956868570736,1.2384588588404388,10.009225003292746,9.715761392602134,10.30235547774791,175.0,175.0,175.0
175.0,1.0,sunsched_no_conformal,45,0.2907031251321893,0.24744207419789663,0.3397662014659509,0.925698072637656,0.9140150002785999,0.9377150327915709,0.014139772658364254,0.006788756085266153,0.02370515446290635,3.2495370370370247,2.32915046296295,4.34936342592591,15.32192221450931,15.015848515636728,15.618707879175298,0.0,0.0,0.0,1.1014307458143073,0.887523592085236,1.3269573820395737,0.9908889056864026,0.9905788130418832,0.9911648177878619,0.9773021308980218,0.9773021308980218,0.9773021308980218,0.6933333333333334,0.6861971830985916,0.6999702660406886,0.33394093415060216,0.32678700411405603,0.3401154578762645,1.0886639313568638,1.0799165588321846,1.096499045449734,10.009225003292745,9.712672117162299,10.312878020788943,175.0,175.0,175.0
175.0,2.0,always_now,45,0.3474940794066018,0.2933614278279973,0.40858846166067014,0.9556503763412387,0.9431569646586687,0.9676657650995969,0.0,0.0,0.0,0.0,0.0,0.0,7.710599197946357,7.574216699016402,7.843529739591696,0.9046594368340943,0.900791286149163,0.9085746554202604,1.9519025875190263,1.5591476407914766,2.366462709284627,0.9925997688137983,0.9925399839729439,0.9926565588417601,0.0,0.0,0.0,nan,nan,nan,0.9786546522280337,0.977767880998514,0.9795376856397723,1.5041248979609145,1.4888574894199478,1.518960866964713,10.009225003292746,9.725773338588754,10.305348896370958,175.0,175.0,175.0
175.0,2.0,ceiling_now,45,0.34711581811329634,0.2934892694262836,0.40657958308441294,0.9555858523043865,0.9429339490276717,0.9676175386782225,0.0,0.0,0.0,0.0,0.0,0.0,14.583590099692954,14.294919357910228,14.869747784072901,0.0,0.0,0.0,1.9519025875190263,1.5472724505327242,2.3821400304413998,0.9943050579276907,0.9942361502107848,0.9943763110758168,0.9773021308980218,0.9773021308980218,0.9773021308980218,nan,nan,nan,0.39168214713218397,0.39004621482681884,0.39323843281856485,1.2099868490507895,1.1957173520098001,1.224726110541153,10.009225003292745,9.71810786738412,10.31980560233996,175.0,175.0,175.0
175.0,2.0,ee_now,45,0.34674144177741567,0.29270726081728865,0.4058637197444893,0.9555076851094387,0.9425507274498339,0.9673658051227596,0.0,0.0,0.0,0.0,0.0,0.0,7.710870811276984,7.568562837609502,7.843209104633324,0.9043590394047015,0.9004388846609166,0.9083339992389652,1.9519025875190263,1.5591796042617967,2.3712054794520547,0.992590528198332,0.9925316930243656,0.9926489923184547,0.0,0.0,0.0,nan,nan,nan,0.9785918579717069,0.9776305342692557,0.9794474465630055,1.5069521475064804,1.4917677283203263,1.5216083487693468,10.009225003292745,9.716104104793995,10.3231284239526,175.0,175.0,175.0
175.0,2.0,lazy_defer,45,0.3472898117549255,0.29317401941670274,0.4056700646148767,0.9556703963612588,0.9435963363382197,0.9667762900979706,0.0,0.0,0.0,10.67962962962963,10.542592592592593,10.83148148148148,7.702742189871006,7.558803651626057,7.846430400481884,0.9117778623372228,0.9080483732876711,0.9153648792913915,1.1909284627092847,0.9800334855403351,1.4127442922374427,0.9928779491237497,0.9928077954864267,0.9929464272221008,0.0,0.0,0.0,nan,nan,nan,0.9806006761658883,0.9798060643021207,0.9813754980890496,1.4250768954651967,1.405040679615944,1.4434042320368636,10.009225003292745,9.716125904893858,10.301286914905234,175.0,175.0,175.0
175.0,2.0,sunsched,45,0.2952611542721467,0.25242076856519746,0.3466264145088947,0.9386704904428135,0.92746117195265,0.9501822511360106,0.0,0.0,0.0,3.1407407407407315,2.306768518518513,4.127046296296282,14.492749811652317,14.194891638030184,14.778878068235207,0.0,0.0,0.0,1.1435007610350076,0.917187214611872,1.3772983257229832,0.9947304157022894,0.9946651576475554,0.9947926894339872,0.9773021308980218,0.9773021308980218,0.9773021308980218,0.9437245696400625,0.9430970266040686,0.944350547730829,0.3987433477234309,0.3976021363477411,0.39993495267018636,1.1222471051145715,1.1099095602261917,1.1344051320264494,10.009225003292746,9.71327366335445,10.30752290500956,175.0,175.0,175.0
175.0,2.0,sunsched_no_ceiling,45,0.2952611542721467,0.25084047095811063,0.34507764995115914,0.9386704904428137,0.9267605011389108,0.9512268842333719,0.0,0.0,0.0,2.7694444444444377,2.038856481481479,3.574435185185174,7.702366907274346,7.556088668003786,7.845195108071432,0.9121953745983427,0.9088194338745137,0.9158976936411297,1.0881582952815831,0.875724505327245,1.3176362252663618,0.9929313342428624,0.9928636729964746,0.9929995956592195,0.0,0.0,0.0,0.9437245696400625,0.9430985915492955,0.944350547730829,0.9807132025589436,0.9799494767092646,0.9814645157710064,1.4138929827534692,1.3958004032162028,1.4303123032013791,10.009225003292746,9.725438032843797,10.310086370825344,175.0,175.0,175.0
175.0,2.0,sunsched_no_conformal,45,0.2952611542721467,0.25098717191704784,0.3446183217512932,0.9386704904428137,0.9270401985097376,0.9503511292316155,0.0,0.0,0.0,3.1407407407407315,2.282370370370363,4.149708333333325,14.492749811652317,14.211839029801686,14.789993391011008,0.0,0.0,0.0,1.1435007610350079,0.9131674277016741,1.3811308980213084,0.9947304157022894,0.9946682550020439,0.9947905824602439,0.9773021308980218,0.9773021308980218,0.9773021308980218,0.6931455399061033,0.6839436619718311,0.7019107981220657,0.3987433477234308,0.3975630020775539,0.39989673234464845,1.1222471051145715,1.109916608943645,1.134228195452916,10.009225003292746,9.718289967188369,10.301929078523504,175.0,175.0,175.0
2.0,0.5,always_now,45,0.033939386697911966,0.023313108373185037,0.04550179622593136,0.102158372887045,0.08266106876754054,0.12207779501406528,0.8671466388829537,0.8489018249381607,0.8859390477670526,0.0,0.0,0.0,18.220786140125707,17.88014610478647,18.549358257719827,0.0,0.0,0.0,0.10270928462709286,0.06721461187214614,0.1440578386605783,0.8792122237001843,0.8758972526268199,0.8822122677751754,0.0,0.0,0.0,nan,nan,nan,0.025125195891158948,0.023712691340183063,0.02664779859448718,28.569231454941093,27.405684486509077,29.84850871731261,0.1143911428947742,0.11111898247685421,0.11794282309749618,2.0,2.0,2.0
2.0,0.5,ceiling_now,45,0.032040750376898734,0.020458439483965304,0.04458125796979727,0.11037497227636243,0.08851618631333379,0.13367940277831014,0.8610547940018836,0.839075220067966,0.8818792510877289,0.0,0.0,0.0,18.229921410991146,17.88245933970241,18.56828288657278,0.0,0.0,0.0,0.008340943683409437,0.007000000000000001,0.009741248097412482,0.8805939378310187,0.8778759379711196,0.8832707048982229,0.0,0.0,0.0,nan,nan,nan,0.02605405641676147,0.024337823216178608,0.027890065979145312,28.57028399972697,27.38902061789688,29.825474029517313,0.11439114289477421,0.11109524787691201,0.11793631641772263,2.0,2.0,2.0
2.0,0.5,ee_now,45,0.03204075037689873,0.020547643960306238,0.04462227403219967,0.11037497227636243,0.08818100868664472,0.13367290529407294,0.8610547940018836,0.8399023304444675,0.8825819043235092,0.0,0.0,0.0,18.229921410991146,17.876811232117003,18.588974894084025,0.0,0.0,0.0,0.008340943683409437,0.006940639269406394,0.009680365296803653,0.8805939378310184,0.8777915512613721,0.8832787240692737,0.0,0.0,0.0,nan,nan,nan,0.026054056416761475,0.024228255869598585,0.02790798046184489,28.57028399972697,27.361385894232733,29.83927787574212,0.1143911428947742,0.11079535140194485,0.11792496955313275,2.0,2.0,2.0
2.0,0.5,lazy_defer,45,0.03230030153110409,0.021103793354712106,0.04481560234049606,0.11082986742273032,0.08865978324727615,0.1342054663748276,0.8608975778718739,0.838796399499792,0.8827045271480178,44.8,40.53333333333333,48.0,18.22128502551594,17.87656758343086,18.55094491152808,0.0,0.0,0.0,0.0020091324200913244,0.0015220700152207003,0.0024961948249619488,0.8804691588556717,0.8777634681629556,0.883226724157008,0.0,0.0,0.0,nan,nan,nan,0.02646414612769196,0.02469468847199823,0.028250046419635168,28.569865999951578,27.34954916081903,29.77784425991547,0.1143911428947742,0.11104012919726924,0.1178099378302749,2.0,2.0,2.0
2.0,0.5,sunsched,45,0.032023694294323786,0.021193692170912548,0.04469256411578986,0.11094938209696761,0.0897611165439003,0.1342531694596106,0.8607728266529489,0.8390368700347349,0.8808106696987295,29.29777777777764,22.443777777777772,35.74333333333319,18.22466278307931,17.888287585665665,18.557788192847223,0.0,0.0,0.0,0.004383561643835615,0.0033485540334855395,0.005540334855403348,0.8805167256633478,0.877851565368051,0.8832092252340927,0.0,0.0,0.0,0.9444757433489824,0.943411580594679,0.9455399061032862,0.026301301427885542,0.024589975592743913,0.028073785142064416,28.569348219645008,27.394974987780074,29.77177910355652,0.1143911428947742,0.1111894163999903,0.1178241381212475,2.0,2.0,2.0
2.0,0.5,sunsched_no_ceiling,45,0.032023694294323786,0.020766483288707855,0.044660900704278764,0.11094938209696761,0.08877119456040297,0.13404851950694788,0.860772826652949,0.8395108157901028,0.8819310870799985,29.29777777777764,22.284444444444166,35.69777777777764,18.22466278307931,17.870671686770386,18.58060500086276,0.0,0.0,0.0,0.004383561643835614,0.00334855403348554,0.005540334855403348,0.8805167256633478,0.8778415404887541,0.8832340300848228,0.0,0.0,0.0,0.9444757433489824,0.9434741784037557,0.9454162754303598,0.026301301427885542,0.024568622815148506,0.02799189503141115,28.569348219645008,27.340641545926044,29.741503792891532,0.1143911428947742,0.11108732507444596,0.11765686061264825,2.0,2.0,2.0
2.0,0.5,sunsched_no_conformal,45,0.032023694294323786,0.020762175334165276,0.044987876350952284,0.11094938209696764,0.08969201892643351,0.13437555599114837,0.860772826652949,0.8397428331793966,0.8816896853087423,29.29777777777764,22.284444444444166,35.653333333333194,18.22466278307931,17.86378231341187,18.57882666289126,0.0,0.0,0.0,0.004383561643835616,0.0033470319634703216,0.005541856925418562,0.880516725663348,0.8777421773058967,0.883201942709625,0.0,0.0,0.0,0.6888888888888889,0.6830672926447575,0.6950876369327074,0.026301301427885542,0.024575174897114187,0.028136495747931926,28.569348219645008,27.385664241936563,29.789596188938038,0.1143911428947742,0.11097415001520436,0.11791827450051102,2.0,2.0,2.0
2.0,1.0,always_now,45,0.2413352960529169,0.20126873724987718,0.28229641437854064,0.6935931899057564,0.6712580674366672,0.7161653872571928,0.25687531783310347,0.23842956672346846,0.275097335390197,0.0,0.0,0.0,10.196622014100075,9.928192912683205,10.46982253889611,0.09095361914425841,0.08078054709961102,0.1013974399627938,1.3383257229832572,1.0767610350076102,1.614751902587519,0.8331195520504602,0.8286899980373937,0.8375341519514696,0.0,0.0,0.0,nan,nan,nan,0.4005559426468516,0.38586022835815975,0.41475948821488096,100.49077540627422,99.39254899820092,101.58841452751984,0.1143911428947742,0.11114655944964774,0.11788671616301644,2.0,2.0,2.0
2.0,1.0,ceiling_now,45,0.18546515408961767,0.15473462279002884,0.22020149986236964,0.6863251010363408,0.6656201586845799,0.7071589620067845,0.24577374907305408,0.23160323379254216,0.2613071050054587,0.0,0.0,0.0,13.542753916013485,13.280283109659873,13.798487316097363,0.0004473194655843058,0.00026803758667343146,0.0006528042026044308,0.9327853881278542,0.7478158295281584,1.1365068493150683,0.8234962671601791,0.8201223151666941,0.8268872915065832,0.0,0.0,0.0,nan,nan,nan,0.20713893799583158,0.20494109865385973,0.20932093999054532,95.05705592851656,94.09493347592996,96.01756292409794,0.1143911428947742,0.11099988028314729,0.11788126155672876,2.0,2.0,2.0
2.0,1.0,ee_now,45,0.2049925142858589,0.16505464122563146,0.2491989382244099,0.7784733493826593,0.755559602571676,0.8025513560138258,0.1490587252496015,0.13043065692898959,0.1682888742695722,0.0,0.0,0.0,9.759833488959057,9.497945852989929,10.027338305143674,0.10010696769829192,0.0890863457635718,0.11102439011500083,0.936925418569254,0.7338721461187215,1.163910197869102,0.8419916952172839,0.8380925542306368,0.8458086592644841,0.0,0.0,0.0,nan,nan,nan,0.4600074707709047,0.44224351723156663,0.4779109375468073,100.06105360939723,99.05488965944056,101.12061372972593,0.1143911428947742,0.11108300639447057,0.11789949252034487,2.0,2.0,2.0
2.0,1.0,lazy_defer,45,0.2588904093594219,0.20953805892719146,0.3143206552200774,0.8248266106405608,0.8026083463282709,0.846318047594561,0.12319068801730113,0.10609884813495797,0.14191102043831821,48.0,48.0,48.0,9.272069334475288,8.976140338598762,9.577133536332774,0.12653665651953325,0.11010267102147808,0.14280264882462368,0.6017656012176561,0.4704383561643837,0.7405783866057838,0.8410784561105179,0.8377855211580235,0.8444917982061751,0.0,0.0,0.0,nan,nan,nan,0.5130961351785446,0.48545460661401146,0.539610413407697,98.16004049434943,97.3045646216737,98.94441189081722,0.1143911428947742,0.11099658146836727,0.1178763930687135,2.0,2.0,2.0
2.0,1.0,sunsched,45,0.21254584374085117,0.16835828953877663,0.26365707502164926,0.7738799368103716,0.7513290987440495,0.7971542802866513,0.1546365799329696,0.13753528936173579,0.17370341508342335,48.0,48.0,48.0,12.27891331553484,11.997569961681736,12.554224305303693,0.0006012176560121767,0.00033379312531709793,0.0009225752579063081,0.3696194824961948,0.25804870624048715,0.48511567732115674,0.8245841173033936,0.8187531523128765,0.830506178234025,0.014126289531540673,0.0029834686284457967,0.028191252325384733,0.9440375586854458,0.943411580594679,0.9446635367762125,0.2914396742581309,0.28432989303499356,0.29867049626764514,91.82513138352874,90.95852203862738,92.62181897740598,0.11439114289477421,0.11104148507526643,0.11783352222114944,2.0,2.0,2.0
2.0,1.0,sunsched_no_ceiling,45,0.22763498455969022,0.18783610526257077,0.2763491097670135,0.8126321019034964,0.7914876367186898,0.832183453832035,0.12049714714038402,0.10395007798274197,0.1397607177093239,47.49259259259259,46.477777777777774,48.0,9.231158005212254,8.95670779455457,9.495360501459688,0.13955479452054798,0.1254366808303738,0.15346293125317098,0.565296803652968,0.4326834094368342,0.7035677321156774,0.8518415559917052,0.8493006271360932,0.8543813135875774,0.0,0.0,0.0,0.9440375586854458,0.943411580594679,0.9446635367762125,0.5239702026989739,0.5007920315499271,0.5467078940666058,96.91999715454234,96.2288905807558,97.59743424209414,0.1143911428947742,0.11110634307162823,0.1177449201045054,2.0,2.0,2.0
2.0,1.0,sunsched_no_conformal,45,0.20682196334181002,0.16447486829964464,0.25721319264953213,0.7323569213517509,0.710847944180398,0.7537696428723288,0.2033070056769287,0.1850518218118675,0.22331350634128452,48.0,48.0,48.0,13.794749464705744,13.496446673463941,14.075920480612771,0.0005589379333671572,0.00030017546084897684,0.0008623319381024859,0.41424657534246584,0.29521917808219184,0.5298158295281582,0.8245633923385894,0.8191929588074723,0.8297077300273465,0.0678344326061221,0.034102951124640624,0.10376681675968205,0.6933333333333332,0.6863834115805946,0.6997824726134585,0.19773231285544576,0.19452676929556054,0.20075555629216946,89.5685716652596,88.54345442532973,90.50087126410416,0.1143911428947742,0.11102639114291775,0.11762179381265549,2.0,2.0,2.0
2.0,2.0,always_now,45,0.3409477344210935,0.2884057249821598,0.3987651428304687,0.9380622969136593,0.9239730261160726,0.9510086209928882,0.01893939736329708,0.013749999510904618,0.024147121241765202,0.0,0.0,0.0,7.265229728185952,7.111901171348926,7.408197902094095,0.4327145695924235,0.4269435301454423,0.43845333375613066,1.8934550989345518,1.5203074581430749,2.2925662100456616,0.8658388571662288,0.8601379554759018,0.8716371869531653,0.0,0.0,0.0,nan,nan,nan,0.8279752671204068,0.8219292657804455,0.8333080200200853,114.95904830277601,113.6008297062847,116.39466787732057,0.1143911428947742,0.11110078351743029,0.11781415920968055,2.0,2.0,2.0
2.0,2.0,ceiling_now,45,0.2547173770736664,0.21499935967249542,0.2979155552487945,0.8470606286886417,0.8257847174674582,0.8671358826049104,0.08200028029487091,0.07262921794464773,0.09254068189938543,0.0,0.0,0.0,12.267737633058417,12.045314378131147,12.499268914802569,0.008636690343311347,0.008176015770336545,0.009076642567224758,1.492420091324201,1.2063089802130897,1.7915144596651447,0.8267589929968762,0.8225062326879166,0.8310546433075848,0.0,0.0,0.0,nan,nan,nan,0.3076285503424148,0.3016996708929677,0.31339020610901164,107.09399857169291,106.33303555965472,107.86822725330084,0.1143911428947742,0.11107689255256274,0.11786949541250825,2.0,2.0,2.0
2.0,2.0,ee_now,45,0.29667280676990054,0.24896131509593986,0.3501915386702812,0.930643576207635,0.9134066721752869,0.9476177648278455,0.007167511034163158,0.004517079774603289,0.010073742502184397,0.0,0.0,0.0,7.262448872287495,7.115216634396835,7.408922894989138,0.4342588364620328,0.428666735371216,0.44016411402841205,1.8308066971080665,1.4528873668188738,2.2190365296803654,0.8668436269306098,0.8612175307809459,0.8726132573378369,0.0,0.0,0.0,nan,nan,nan,0.8315108569804803,0.8259881135536616,0.8370416236494644,114.52684890704356,113.17506414866035,115.85453559672308,0.1143911428947742,0.11093684774213394,0.11801259117354038,2.0,2.0,2.0
2.0,2.0,lazy_defer,45,0.34362453085081585,0.2888974301831069,0.39969678763756933,0.9502656183764265,0.9377019271518323,0.9623605699910116,0.005902326120735985,0.0034449180310238553,0.00857777628103249,17.054537037037033,14.430907407407409,20.185280092592592,7.215893769488438,7.07255698227517,7.359362176284668,0.4582959157787925,0.44859507652629793,0.46756991480635895,1.162496194824962,0.9471948249619481,1.3805875190258752,0.869960684967749,0.865264353696031,0.875028025462886,0.0,0.0,0.0,nan,nan,nan,0.8509795229637731,0.8437435632189305,0.857463991047445,107.98819776505614,107.27557886340192,108.60112475133212,0.1143911428947742,0.1109622576835735,0.11777164706110892,2.0,2.0,2.0
2.0,2.0,sunsched,45,0.2776932242505316,0.23543009213097457,0.3266712106132791,0.903600160863903,0.8909302366098436,0.9162444942171909,0.03312573498332852,0.026303803506381,0.04069753709118538,40.85342592592592,37.88442824074074,43.6220324074074,11.404514781821515,11.1711580695208,11.64407565104539,0.014317605276509387,0.012394084009808896,0.016472724293928633,0.9657229832572299,0.8162435312024351,1.1053850837138504,0.8083636295390109,0.8059399839126408,0.8107633876509538,0.03403581092508033,0.009135141848469475,0.06472482242516488,0.9437245696400625,0.9430985915492955,0.9443521126760561,0.36713245946521855,0.35662157723825944,0.37889502256893975,101.10842927945538,99.83964380895385,102.33583553171634,0.1143911428947742,0.11092281721084443,0.11774312892285245,2.0,2.0,2.0
2.0,2.0,sunsched_no_ceiling,45,0.2901580053361199,0.2491493152656535,0.3381555975159673,0.9328501572292479,0.9207926149264005,0.9457110541818683,0.006090535716051959,0.003516197224938759,0.008935690557528,16.84379629629628,12.989969907407396,21.22349305555554,7.300062193976924,7.148966877068167,7.437047819469524,0.4561221038389987,0.44817503805175035,0.46419786910197874,1.0381735159817354,0.8371948249619485,1.2490715372907153,0.8803568136181329,0.8760010165484351,0.884320097890959,0.0,0.0,0.0,0.9437245696400623,0.9430970266040686,0.944350547730829,0.849697174384502,0.8430971509229604,0.8556188412241404,105.3184972945137,104.76885358966923,105.8447841579596,0.1143911428947742,0.11118549828209096,0.11768038637000475,2.0,2.0,2.0
2.0,2.0,sunsched_no_conformal,45,0.27228148002867264,0.23192257970942015,0.32086656242258726,0.8696070970557029,0.8552866033005638,0.8841609348008619,0.0675762803770104,0.056122967359970674,0.0807343942420933,37.789259259259254,34.5856712962963,41.08268749999999,12.869696310138657,12.642643181305703,13.091137208633564,0.009074074074074076,0.008711520167427702,0.009440269321833249,0.9597564687975648,0.8172207001522073,1.0946149162861494,0.8202075673730059,0.8178153479836252,0.8227374230422342,0.11550820226619311,0.06606886309825809,0.16617024458819543,0.6931455399061033,0.6843161189358372,0.7016588419405321,0.2630210709783921,0.2599400125430817,0.2661008899244019,99.3359362210705,98.17901209791285,100.55128151395049,0.1143911428947742,0.11102082965468062,0.11758795413084822,2.0,2.0,2.0
3.0,0.5,always_now,45,0.017658181072976297,0.011012563432176558,0.02539340183633167,0.049786415721692505,0.03661442041186019,0.06395506144322236,0.9365687023584776,0.9233268065609356,0.949507378167296,0.0,0.0,0.0,19.033482059515446,18.683062965711972,19.375521285773264,0.0,0.0,0.0,0.04663622526636226,0.028675799086757995,0.06806697108066971,0.906964398362626,0.9049459158703352,0.9089337467014243,0.0,0.0,0.0,nan,nan,nan,0.019486745777971083,0.018438173016991185,0.02063061773610572,19.19664784663387,18.39762956765073,20.045126529400655,0.17158671434216136,0.1666596110374623,0.1768981292616136,3.0,3.0,3.0
3.0,0.5,ceiling_now,45,0.0174497699846098,0.009799554210929136,0.026292216735709473,0.05467688689442874,0.03914824871041635,0.0718448667085039,0.9323776577245982,0.9159883843339971,0.947228173989644,0.0,0.0,0.0,19.031297102659998,18.662828798362753,19.383905050589583,0.0,0.0,0.0,0.011872146118721456,0.009741248097412482,0.01418721461187214,0.9071797560528683,0.9052806429132226,0.9090123371320717,0.0,0.0,0.0,nan,nan,nan,0.019892995606558172,0.018722893243052256,0.02109697592286809,19.19510462582087,18.420167110214948,20.013261316893594,0.17158671434216136,0.1667105096224782,0.17673834882676584,3.0,3.0,3.0
3.0,0.5,ee_now,45,0.017449769984609797,0.009730712133982035,0.026196227579642604,0.05467688689442874,0.039026736146226836,0.0717135967531069,0.9323776577245982,0.9160889277592608,0.9480540659940616,0.0,0.0,0.0,19.03129710266,18.680230981408876,19.379998669463667,0.0,0.0,0.0,0.011872146118721456,0.00974124809741248,0.014065449010654483,0.9071797560528683,0.9052171281729243,0.9091418168536205,0.0,0.0,0.0,nan,nan,nan,0.01989299560655817,0.01862548100468757,0.021204699278784118,19.195104625820875,18.350766133792654,20.026024793028316,0.17158671434216136,0.1663783299621395,0.17701763371736726,3.0,3.0,3.0
3.0,0.5,lazy_defer,45,0.01701569847542098,0.009217181642269956,0.0260131790791832,0.056100696944555294,0.0400131870500194,0.07344833809746962,0.9307200431906376,0.9140424865115206,0.9463375450465374,22.60185185185185,15.138796296296297,29.13518518518519,19.02037778904316,18.68182817446822,19.383249371762474,0.0,0.0,0.0,0.0027397260273972607,0.00213089802130898,0.003409436834094368,0.9071527361314987,0.9052103982368616,0.9090798159268993,0.0,0.0,0.0,nan,nan,nan,0.020514001122019957,0.019203092240836248,0.02187751808043158,19.19400634834167,18.37708032109772,20.028885607653116,0.17158671434216136,0.16656572467801686,0.17678545398380163,3.0,3.0,3.0
3.0,0.5,sunsched,45,0.016625847557594838,0.00910048672936378,0.025521555279317886,0.05584597311910275,0.03996145158349714,0.07380757362891216,0.9310724997100774,0.9147912122086528,0.9470295609029576,6.566666666666666,2.1333333333333333,11.9,19.024510424092004,18.657795041939135,19.388112872274355,0.0,0.0,0.0,0.0059056316590563145,0.004748858447488583,0.0071232876712328756,0.9071715671653591,0.9052503188769675,0.9091131338735657,0.002861280230001691,0.000243531202435312,0.0062730477338068585,0.9444757433489827,0.9434741784037556,0.9454147104851328,0.020292076063767137,0.01897816438305017,0.021580080494601916,19.19382698171313,18.355320679035135,20.016337819205884,0.17158671434216136,0.16646686877491854,0.17671445224070076,3.0,3.0,3.0
3.0,0.5,sunsched_no_ceiling,45,0.016625847557594838,0.00897156846606588,0.025548364688032683,0.055845973119102735,0.03953553493999488,0.07309179419294488,0.9310724997100774,0.9149299475404676,0.9470483858375076,6.566666666666666,2.1333333333333333,11.733333333333333,19.024510424092007,18.67790419796109,19.36373516561981,0.0,0.0,0.0,0.005905631659056316,0.004808219178082193,0.007062404870624048,0.9071715671653593,0.9053136368615596,0.9091691861659551,0.0,0.0,0.0,0.9444757433489824,0.9435367762128323,0.9454773082942095,0.020292076063767137,0.01893493328384255,0.021578735169729968,19.19382698171313,18.329698071349238,20.0068929111107,0.17158671434216136,0.16626946544788515,0.1766521267931197,3.0,3.0,3.0
3.0,0.5,sunsched_no_conformal,45,0.01662584755759484,0.008387215402860724,0.025308176245225335,0.055845973119102735,0.03905817920135067,0.0725114238289546,0.9310724997100774,0.9146007838090643,0.9472956128676613,6.566666666666666,2.1333333333333333,11.733333333333333,19.024510424092004,18.651540671429093,19.374369540019245,0.0,0.0,0.0,0.0059056316590563145,0.004748858447488584,0.007062404870624048,0.9071715671653591,0.9052167005445771,0.9091130182934072,0.05863669034331136,0.027885073143920185,0.09346773000169112,0.6888888888888889,0.6832550860719875,0.6948982785602503,0.020292076063767137,0.018941777063633987,0.02164917405094209,19.19382698171313,18.342649653302484,20.039699967523084,0.17158671434216133,0.16620883569388084,0.1768145172966462,3.0,3.0,3.0
3.0,1.0,always_now,45,0.23957072122077988,0.20071564438603431,0.28322898000680147,0.6833036532240048,0.6584398730019532,0.7060706170805133,0.2729825916931262,0.2524144349510772,0.2946765004705303,0.0,0.0,0.0,10.991119422391007,10.638651428290565,11.335039866272762,0.09846376627769324,0.08348157132589211,0.11402696389311684,1.32779299847793,1.0611856925418572,1.6157914764079144,0.8743648366926959,0.8704296343900378,0.8782204673721147,0.0,0.0,0.0,nan,nan,nan,0.3793468154170921,0.35969224574001407,0.39801861681147654,67.87373070758578,67.10956378688748,68.632451847204,0.17158671434216136,0.16668940678849073,0.17683613332610276,3.0,3.0,3.0
3.0,1.0,ceiling_now,45,0.18304247722633285,0.15205102519494898,0.21873526717960595,0.6760091694971441,0.6551230083214986,0.6969438792569354,0.25833068479875315,0.24290185839216497,0.27622989949357246,0.0,0.0,0.0,15.185387637246249,14.881393311920958,15.48271096535019,0.00016742770167427703,6.531688652122443e-05,0.0002877187975646879,0.9671232876712329,0.7647199391171994,1.188566210045662,0.8694957241111567,0.8668660883875171,0.8722197623455031,0.080987020125148,0.04280039214442753,0.1256795461271774,nan,nan,nan,0.16686066749305678,0.1644555065347184,0.16917148528268486,64.43723322575457,63.75526377183397,65.09654884180046,0.17158671434216136,0.16637299708134576,0.17709801900064182,3.0,3.0,3.0
3.0,1.0,ee_now,45,0.21194972331526662,0.17199561044708753,0.2566923441885486,0.7895528922024856,0.7644530802792824,0.8135591895185657,0.13729653277326948,0.11909417957187111,0.15954387437352252,0.0,0.0,0.0,10.375656620716258,10.060458781086055,10.698806920403266,0.11148909183155757,0.09586499556062912,0.1277254143412819,0.9126331811263317,0.7116392694063925,1.1389482496194825,0.8818076072244617,0.8784629570640238,0.8852531803602345,0.0,0.0,0.0,nan,nan,nan,0.4515927989938339,0.428260408029511,0.47337106862728123,67.5286793830356,66.82597326068809,68.24517426062947,0.17158671434216136,0.16670395208694444,0.17665034624228176,3.0,3.0,3.0
3.0,1.0,lazy_defer,45,0.25420963829672455,0.20438894286983314,0.30737343740090917,0.8297054414342641,0.8066964196298718,0.8519674412536703,0.11637608001542735,0.0970323839724148,0.13914239108084503,48.0,48.0,48.0,9.743325801916157,9.374518425482426,10.09579173140974,0.1476473448334179,0.12582960214780992,0.16949705627431083,0.5909284627092846,0.45423439878234395,0.7406529680365297,0.8814746708975908,0.8786561386976065,0.8846926733182824,0.0,0.0,0.0,nan,nan,nan,0.5166783622048926,0.48487332865688415,0.5490997377594898,66.21850524341737,65.63346346967361,66.7746650058785,0.17158671434216136,0.1665965892728922,0.17672208524150235,3.0,3.0,3.0
3.0,1.0,sunsched,45,0.21346759731960357,0.1724266074341418,0.25935205999241107,0.7664693995828159,0.7430428240513582,0.7890347808917246,0.16902059644743284,0.14948283488813568,0.18974727464873023,48.0,48.0,48.0,14.361963725050174,14.081436344447681,14.656767058347185,0.00030462540165736513,9.448989514628786e-05,0.000553024057162185,0.3616438356164383,0.28656012176560125,0.44803957382039566,0.8730092017718348,0.8700424091047863,0.8755983948743439,0.15162502113986132,0.1226355276509386,0.18231030145442242,0.9440375586854456,0.9434115805946789,0.9446635367762125,0.2194906775143466,0.2140261518666539,0.2254366040225321,61.80243637689419,61.20336078814666,62.356238854358686,0.17158671434216133,0.1667458063854046,0.17686856128970027,3.0,3.0,3.0
3.0,1.0,sunsched_no_ceiling,45,0.2302276311195228,0.1904231152584135,0.2785675391035234,0.811010801698394,0.7884315258172545,0.8313731099479418,0.12422566545543821,0.1061694773399228,0.14539413408529722,46.96370370370369,45.26925925925926,48.0,9.849833715647868,9.51373672679585,10.193024333501425,0.15634069000507358,0.13614229240656184,0.17649573503297816,0.6257534246575341,0.47719939117199395,0.7870045662100454,0.888840480963832,0.8865090420313244,0.8913072222192454,0.0,0.0,0.0,0.9440375586854458,0.943411580594679,0.9446651017214396,0.5049262972152532,0.47621665440385896,0.5329716750069701,65.67236645833728,65.19792295558086,66.15458097787405,0.1715867143421613,0.1667057940056171,0.17692403182549488,3.0,3.0,3.0
3.0,1.0,sunsched_no_conformal,45,0.21533396498602433,0.17672205103595795,0.263864442858345,0.7417993972950018,0.7179784664476841,0.7640648497367637,0.20176903358981785,0.18123587266628513,0.22438412510278605,48.0,48.0,48.0,15.248726192601005,14.946029223077133,15.549138417746283,0.00030462540165736513,0.00010101154236428215,0.0005492241670894638,0.4484627092846272,0.3442922374429224,0.554601217656012,0.8786315486521359,0.8763193287673321,0.8811053552293876,0.6004299847792998,0.5771781297564688,0.6239362791730085,0.6933333333333334,0.6865712050078246,0.7000328638497653,0.1746936276562677,0.16973727969822375,0.17965253600867184,61.296258824215705,60.70279446551765,61.87169047386761,0.17158671434216133,0.16639575876927123,0.17682254883891002,3.0,3.0,3.0
3.0,2.0,always_now,45,0.34338427775403757,0.2905823786289371,0.4007786204542365,0.9466361669470834,0.9340854924114644,0.9586679612366015,0.009538976463458398,0.00567601952340977,0.014332084802521364,0.0,0.0,0.0,7.361275601512205,7.215653090532932,7.49749166546339,0.5353411973617453,0.5283019247843735,0.5421214062235751,1.9195738203957384,1.53544901065449,2.322872146118722,0.8985434759194242,0.8935570778770949,0.9036269086469952,0.0,0.0,0.0,nan,nan,nan,0.8772704950741858,0.8713707588012157,0.8826877964207468,77.31611413426546,76.40669163491978,78.27855681887404,0.17158671434216136,0.16664819663571515,0.1768986057468716,3.0,3.0,3.0
3.0,2.0,ceiling_now,45,0.2620701890384842,0.22346870666197993,0.306745717507383,0.863181156375245,0.8448635296235174,0.882623820356617,0.06664364995421362,0.05740079462502278,0.07658226671597057,0.0,0.0,0.0,13.853830783846243,13.600185657864333,14.111199723420956,0.010572678843226787,0.00990845383054287,0.011180032343987822,1.6164992389649926,1.3065312024353122,1.9457321156773215,0.8705789197064786,0.8673719976258081,0.8738465834888903,0.147474632166413,0.09621458016235415,0.20507357728733297,nan,nan,nan,0.2595185106143433,0.2561422039664639,0.2628601798498041,72.97534985138337,72.34792474230568,73.60715481578427,0.17158671434216136,0.16646213222092715,0.1767863397206158,3.0,3.0,3.0
3.0,2.0,ee_now,45,0.31785885972733935,0.2685404894878499,0.3730716678883011,0.9414253221125073,0.9266040602854393,0.9565619998451764,0.003843608122283809,0.0017925018263065182,0.006355414606965582,0.0,0.0,0.0,7.355889633612731,7.211822371945032,7.491038259088567,0.5362400642651783,0.5289619006849314,0.5432183007779467,1.8823135464231358,1.4981872146118722,2.2756955859969556,0.8988303209685083,0.8937398549749588,0.9038499509689524,0.0,0.0,0.0,nan,nan,nan,0.8797298305024775,0.8739886126195318,0.8845987873170694,77.21485031291812,76.2805669201497,78.20421011211882,0.17158671434216133,0.1665065613701103,0.17688752624571372,3.0,3.0,3.0
3.0,2.0,lazy_defer,45,0.34489312260936067,0.29123345238673226,0.40296662228421987,0.9522154384967197,0.9397127040494931,0.9640088427273743,0.0036147820062148585,0.0015757272920894974,0.005960895683527254,13.14833333333333,11.572356481481481,15.4379537037037,7.313255663004437,7.168930172317676,7.452001556645131,0.574835743277524,0.5629684223321494,0.5869973522323694,1.182709284627093,0.9664170471841707,1.4074977168949772,0.9012045676046208,0.8969904091185952,0.9055957040735971,0.0,0.0,0.0,nan,nan,nan,0.8953987677833332,0.8899241614967274,0.9008811374138,72.48180319987183,72.00594432908221,72.89163282405174,0.17158671434216133,0.16664124172809694,0.17664762426499278,3.0,3.0,3.0
3.0,2.0,sunsched,45,0.2811018228026381,0.23807390867326567,0.3323651734749011,0.9100749559464268,0.8974809054258687,0.9218779028932521,0.028388308272186732,0.023476321075249957,0.03430637335494857,32.89740740740739,29.451071759259236,36.44305787037036,13.516167420354577,13.275649036118727,13.750193888592294,0.011380221545746659,0.01089766721630306,0.011839189074919668,0.7789345509893456,0.63037899543379,0.9439330289193304,0.8727442035795879,0.8701350376495772,0.8753666985346932,0.37776044309149326,0.33337715098088955,0.4229161487400642,0.9437245696400623,0.9430985915492955,0.944350547730829,0.2923643995552018,0.2873613494421964,0.2981417847148081,66.83781864542934,66.14697786497325,67.53590605611254,0.17158671434216136,0.16674045738831023,0.17665909511420405,3.0,3.0,3.0
3.0,2.0,sunsched_no_ceiling,45,0.2939318067669032,0.2518795001845881,0.34336140704052126,0.9354590069315804,0.9238700232900906,0.9474976289802477,0.0034452186319037094,0.0014637236994564148,0.00575790277896994,4.978333333333319,3.821520833333324,6.333671296296272,7.383238472004657,7.240884862527371,7.53150259333648,0.5666579993235245,0.5564716725858277,0.5767732221376628,1.0796955859969561,0.8655525114155251,1.3109132420091323,0.9096237619080948,0.9056533050815505,0.9133107962831396,0.0,0.0,0.0,0.9437245696400623,0.9430985915492955,0.944350547730829,0.8935758050423149,0.8881919456327221,0.8985032220918276,70.859647759887,70.53315433149476,71.19067065526649,0.17158671434216136,0.1667312103256619,0.176702237395201,3.0,3.0,3.0
3.0,2.0,sunsched_no_conformal,45,0.27882396309198376,0.23754174855078553,0.32808579983523684,0.89384070718852,0.8811929761994501,0.907296268409501,0.0445581322969958,0.03612525018940727,0.05436576879067854,26.941018518518494,23.850516203703688,30.10321527777776,14.41822008769388,14.154374096137703,14.685626731708764,0.011348088956536447,0.010873594199222052,0.011805418146456956,0.8102283105022828,0.6443698630136987,0.9828432267884322,0.8895100474823234,0.8865546411900556,0.8923231451889297,0.7970042702519872,0.7783834136648065,0.8168180333587011,0.6931455399061032,0.6838810641627543,0.7022237871674492,0.24395030697026654,0.24286870973420835,0.24504944293165293,66.45187711378345,65.88018964683634,67.0128716569133,0.17158671434216136,0.16650572830111587,0.1766521373779057,3.0,3.0,3.0
30.0,0.5,always_now,45,0.03781875520199074,0.029465036516868368,0.0463016525251518,0.08467639207690385,0.07628994229608305,0.09214688202304168,0.9114813342278711,0.904855407229434,0.918909818792386,0.0,0.0,0.0,20.330793361332663,19.9449763521222,20.71707031042495,0.0,0.0,0.0,0.18727549467275495,0.1398447488584475,0.2405494672754947,0.9737340715481925,0.9732320492129048,0.9742518682281974,0.0,0.0,0.0,nan,nan,nan,0.04036695364756726,0.03887480901358936,0.04167871477484284,2.207633499748126,2.125486763506217,2.28760613995171,1.7158671434216126,1.665443776006924,1.767639109805054,30.0,30.0,30.0
30.0,0.5,ceiling_now,45,0.03219967224992838,0.0245436754671792,0.03973597898851438,0.08042743604235769,0.07264355973634175,0.08754038774346094,0.9156173195366879,0.9087152310647909,0.9230992341979599,0.0,0.0,0.0,20.40193515920657,20.019116400068693,20.794242331437992,0.0,0.0,0.0,0.17211567732115676,0.1267503805175038,0.22264992389649926,0.9745881681852335,0.9740640473058847,0.975087224992421,0.9773021308980218,0.9773021308980218,0.9773021308980218,nan,nan,nan,0.037413364929597716,0.03623265973752908,0.038456496724327195,2.157755034427462,2.0780283584437385,2.23909074161449,1.7158671434216126,1.6653297644519915,1.7668162672455974,30.0,30.0,30.0
30.0,0.5,ee_now,45,0.02856291964092554,0.021289237246712927,0.03592524458584571,0.08950413258189038,0.08022157806449128,0.0978199738039151,0.9049638167127171,0.8977543140018661,0.9132436442052135,0.0,0.0,0.0,20.294375496517493,19.914384704940325,20.645613454912386,0.0,0.0,0.0,0.12255707762557078,0.09132267884322678,0.15836377473363772,0.9737825231497185,0.9732822327535335,0.9742806678462465,0.0,0.0,0.0,nan,nan,nan,0.04266560186697468,0.04172296660718179,0.04360994654939627,2.208099765957902,2.1290679940917197,2.290260534427423,1.7158671434216126,1.6632663523610365,1.7673767509300948,30.0,30.0,30.0
30.0,0.5,lazy_defer,45,0.027288071306081813,0.02038723932392752,0.035189279827450244,0.1000863588434639,0.09004851838457711,0.109451309155235,0.8955100183546553,0.8864153614966741,0.9050652961697938,40.422222222222224,35.2962962962963,45.01018518518518,20.186718406091448,19.83359352008604,20.576173241245126,0.0,0.0,0.0,0.03433789954337899,0.025203957382039576,0.04541856925418568,0.9738574633409934,0.9733654020938382,0.9743576632868441,0.0,0.0,0.0,nan,nan,nan,0.04861565843553624,0.04709112748897319,0.05021740570190147,2.2074713537117163,2.1274599198778548,2.288576087245092,1.7158671434216126,1.6642033004591363,1.768370171546606,30.0,30.0,30.0
30.0,0.5,sunsched,45,0.02995586236011693,0.023014842046699287,0.03768137229432499,0.08483939257992949,0.07654545593999378,0.09235065723574434,0.9124070511058165,0.905143908960957,0.920640999286274,0.037037037037037035,0.007407407407407407,0.06666666666666667,20.355630426203483,19.968504215200294,20.724042347877624,0.0,0.0,0.0,0.11567732115677322,0.0846255707762557,0.15008066971080664,0.974708207944515,0.9742039270053551,0.9752093727725692,0.9773021308980218,0.9773021308980218,0.9773021308980218,0.9444757433489824,0.9434741784037557,0.9454773082942094,0.040072200932649626,0.039256517144889966,0.040846420053852715,2.1503131055551687,2.068314538433252,2.2303250485405215,1.7158671434216126,1.66147663444549,1.7683764199279486,30.0,30.0,30.0
30.0,0.5,sunsched_no_ceiling,45,0.031550540617941616,0.024381712978900412,0.03965188605427919,0.09253671922510688,0.08367359831940514,0.10035570340781313,0.9043144456706045,0.8968237410237947,0.9129235409027366,0.15398148148148127,0.091546296296296,0.21584722222222208,20.25496985093703,19.88618073969895,20.615501836697,0.0,0.0,0.0,0.11214611872146117,0.08572298325722984,0.14180060882800602,0.9737697417029014,0.9732333380111693,0.9742971061834903,0.0,0.0,0.0,0.9444757433489824,0.9434726134585286,0.9454773082942095,0.04458682183687979,0.04359370525993062,0.04559275366170538,2.206335749766186,2.1257977188423314,2.290332698832496,1.7158671434216126,1.6643222762462866,1.7691558190486294,30.0,30.0,30.0
30.0,0.5,sunsched_no_conformal,45,0.03003222195338803,0.023069391338970048,0.03762684622258829,0.08480306999699405,0.07602096601327579,0.09250055527944906,0.9124550325527585,0.904865072502336,0.9209941953069528,0.037037037037037035,0.007407407407407407,0.06666666666666667,20.35586327431253,19.989569193231716,20.743704852327227,0.0,0.0,0.0,0.1167732115677321,0.08578234398782345,0.1517199391171994,0.97470908921422,0.9742073745914314,0.9752004478710323,0.9773021308980218,0.9773021308980218,0.9773021308980218,0.6888888888888888,0.6829405320813771,0.694773082942097,0.04005768376646258,0.03923898864682038,0.04082585028619139,2.150279814442583,2.0695138315407355,2.2323579261399416,1.7158671434216126,1.6631836752158193,1.769339920745588,30.0,30.0,30.0
30.0,1.0,always_now,45,0.2712898829865444,0.22655068536763995,0.3225350605992592,0.7317108253405741,0.696164099075297,0.7646275324861677,0.23349243945459483,0.20090917954983387,0.2689343877872028,0.0,0.0,0.0,16.0622929765125,15.441007950364906,16.6525352192953,0.003128699475731439,0.0,0.009386098427194317,1.521765601217656,1.1851613394216138,1.87989802130898,0.9660463237613366,0.9647253255714409,0.9674051995138119,0.0,0.0,0.0,nan,nan,nan,0.2550379519148799,0.2300166938241781,0.28221029871357683,7.311784225168547,7.201289542557216,7.415232032420844,1.7158671434216126,1.6642702151281064,1.7693498209756109,30.0,30.0,30.0
30.0,1.0,ceiling_now,45,0.20743964090840963,0.16994382165534005,0.2490352480613784,0.7019635680928916,0.66013035886302,0.7422202366241729,0.22610380478298325,0.18323309903978974,0.27267496675616937,0.0,0.0,0.0,17.492366903706447,17.088118901252216,17.866275097493734,0.0,0.0,0.0,1.0553424657534247,0.7791674277016745,1.3408949771689498,0.9708480258697152,0.9696453347583388,0.9720114566073368,0.9773021308980218,0.9773021308980218,0.9773021308980218,nan,nan,nan,0.1665130552653915,0.15729417488485675,0.17523403767177634,6.925074209538365,6.847570995778033,7.005025765197151,1.7158671434216126,1.6654046531120674,1.7671324851393269,30.0,30.0,30.0
30.0,1.0,ee_now,45,0.23253048444759103,0.19063492715195676,0.27970589899677756,0.8567138588611327,0.8315021166264778,0.8809039475671125,0.053681557207997395,0.03306939662767159,0.07700342364617294,0.0,0.0,0.0,13.492617007387356,12.937607216033333,13.99366617889021,0.010292787079316761,0.00018962455606291224,0.02656655885337392,1.154337899543379,0.8543044140030442,1.481462709284627,0.9689966910724805,0.9677022771208326,0.9702084076542035,0.0,0.0,0.0,nan,nan,nan,0.40959440591253915,0.380268588684073,0.44147662181455627,7.260324078692574,7.169962379782504,7.356896758495053,1.7158671434216128,1.6642459633105737,1.767911134959402,30.0,30.0,30.0
30.0,1.0,lazy_defer,45,0.28478724147821094,0.22916941579944683,0.3451580074349802,0.9171440353687337,0.8958915597263517,0.9372044309148538,0.02085699155259733,0.0077178387298504295,0.037767608944067325,46.7925925925926,44.67407407407408,48.0,11.245989505216121,10.685302343516208,11.846194284580843,0.08475139523084728,0.04562673346862846,0.12762817097919837,0.6611263318112633,0.46222070015220706,0.8840821917808217,0.970497432796078,0.9692173930337667,0.9717915859246659,0.0,0.0,0.0,nan,nan,nan,0.5838309772042658,0.5396108178238744,0.6244468384208625,7.076728362505042,7.013980219403777,7.137566319465628,1.7158671434216128,1.6661545079250402,1.7658930121506018,30.0,30.0,30.0
30.0,1.0,sunsched,45,0.21841232801012045,0.17999740247858403,0.26226645888704997,0.7163738209808337,0.6720890234163953,0.7567028421401293,0.22758698943819605,0.18396344719642874,0.27576743721723884,31.019166666666596,25.656534722222155,36.268365740740585,17.140635180739668,16.715564788287402,17.534586397716588,0.0,0.0,0.0,0.7792998477929983,0.5903515981735161,0.97303500761035,0.9723768690741279,0.9715362436717978,0.9731866908225932,0.9773021308980218,0.9773021308980218,0.9773021308980218,0.9440375586854456,0.943411580594679,0.9447261345852892,0.18738739576300079,0.17424688458082044,0.20038756849139133,6.746101558339021,6.693554081834824,6.795836813465237,1.7158671434216128,1.6639357818264777,1.7666526720217985,30.0,30.0,30.0
30.0,1.0,sunsched_no_ceiling,45,0.27165300041588036,0.2271617928785833,0.322979293003271,0.8659193844650936,0.8371882124219502,0.891702112033736,0.07569264721002954,0.05024019808636441,0.1061569761102062,10.504074074074063,6.379259259259251,15.263324074074063,13.081956412010127,12.186909167867544,13.97624801407914,0.07485180957212921,0.03314047966345341,0.12022067372738032,0.9909284627092846,0.7745007610350078,1.212117199391172,0.9697856187549746,0.9689539143070668,0.9705453043612728,0.0,0.0,0.0,0.9440375586854458,0.943411580594679,0.9447261345852892,0.4613773348789023,0.40081100117970053,0.5211804135932895,7.1344909859171555,7.069504937310442,7.190309019238025,1.7158671434216126,1.663324014069303,1.7661134725082408,30.0,30.0,30.0
30.0,1.0,sunsched_no_conformal,45,0.21529235036007507,0.17835953886400263,0.25780079942377765,0.6983181196750856,0.6524496761418154,0.7394797288529577,0.24906231962489467,0.20552506162445536,0.3008404651821405,20.945925925925913,16.287784722222217,26.312458333333304,17.20932181508829,16.782800789889453,17.64114590346631,0.0,0.0,0.0,0.803226788432268,0.6041339421613394,0.9975083713850833,0.9721459857431575,0.9712784814611419,0.9729537593839416,0.9773021308980218,0.9773021308980218,0.9773021308980218,0.6933333333333332,0.6862597809076683,0.7000312989045383,0.18383955359495316,0.16990600110196732,0.19689206135197843,6.7508631037230655,6.700946812462597,6.800519974417775,1.7158671434216126,1.6626122298808734,1.7673148992281715,30.0,30.0,30.0
30.0,2.0,always_now,45,0.3474940794066018,0.2936066098480282,0.40745575981461357,0.9556503763412387,0.9433096749442468,0.9672474229188144,0.0,0.0,0.0,0.0,0.0,0.0,7.549076200664127,7.406781324022826,7.687039531159976,0.9662102570607135,0.9567775240994421,0.9745921697953662,1.9519025875190263,1.5577321156773212,2.3786073059360735,0.9736608522367338,0.9720769704165444,0.9751910523504594,0.0,0.0,0.0,nan,nan,nan,0.981838289178111,0.979684770704499,0.9837504182581919,8.007546752334346,7.91351384237063,8.106214388473983,1.7158671434216126,1.665274754257516,1.7684383494442193,30.0,30.0,30.0
30.0,2.0,ceiling_now,45,0.34211198234308215,0.2894839583979922,0.39863090337287854,0.9511481834243387,0.9378755739809149,0.9635224231579962,0.0017800508445758195,0.0005220927850087064,0.003315277058807492,0.0,0.0,0.0,15.094885751141145,14.799365939198893,15.382472756125509,0.014751606629460512,0.012045847074243192,0.01726862950279046,1.9331506849315072,1.5392876712328776,2.333153729071537,0.9742258068627188,0.9726417191606918,0.9758290579782323,0.9773021308980218,0.9773021308980218,0.9773021308980218,nan,nan,nan,0.3240296922727877,0.3218719705689736,0.3261117930927731,7.657044864307262,7.562737938928766,7.751202102417188,1.7158671434216126,1.664361674734711,1.7656085846027878,30.0,30.0,30.0
30.0,2.0,ee_now,45,0.3462004922786163,0.2926121787967473,0.4036565844103615,0.955580463369558,0.9434308224499438,0.9670822182021459,0.0,0.0,0.0,0.0,0.0,0.0,7.548834692271384,7.415975123256653,7.692088882782043,0.9660796127177402,0.9570930101048535,0.9739545070184339,1.9519025875190263,1.5358858447488586,2.359803652968037,0.9735862724089571,0.9720325038477664,0.9751533073942116,0.0,0.0,0.0,nan,nan,nan,0.9817760238408283,0.9797559496938637,0.9836080342838235,8.028339331180009,7.9363335953433545,8.124005497262939,1.715867143421613,1.6640199846174626,1.767299215880606,30.0,30.0,30.0
30.0,2.0,lazy_defer,45,0.3472898117549255,0.292544902368285,0.4065790261189817,0.9556703963612588,0.9428833359624322,0.9673801461917558,0.0,0.0,0.0,10.65740740740741,10.50921296296296,10.805601851851849,7.538410221461516,7.393630556277429,7.6792338818579955,0.9752528327414173,0.9696446917808218,0.9804860952562151,1.2015829528158295,0.9781369863013699,1.4222891933028918,0.9740309139311224,0.9726525401491533,0.9755169094052589,0.0,0.0,0.0,nan,nan,nan,0.9846599387127601,0.9830278774928712,0.986199273757762,7.52204288063131,7.4665817495910805,7.571399901953129,1.7158671434216126,1.664411947996582,1.7656030776020968,30.0,30.0,30.0
30.0,2.0,sunsched,45,0.29471433238883527,0.2540264363550683,0.34406217202230166,0.9371184596842422,0.925308150878303,0.9491402512675593,0.0017381570170236203,0.0005079610841281576,0.0031438565947580267,3.1424074074074024,2.243490740740737,4.173055555555548,15.084545419062922,14.788586888860134,15.373442980196153,0.017341451040081172,0.014686902798917637,0.019730413918484693,1.1044140030441403,0.8860273972602741,1.3381506849315068,0.9771877749822033,0.975919074790154,0.9783889233155217,0.9773021308980218,0.9773021308980218,0.9773021308980218,0.9437245696400625,0.9430985915492955,0.9443505477308293,0.3286380969016948,0.32706190171360533,0.3302059477790222,7.003968710557681,6.968748491754202,7.039016937332194,1.7158671434216126,1.6664949658260804,1.765243883321276,30.0,30.0,30.0
30.0,2.0,sunsched_no_ceiling,45,0.2952611542721467,0.25161239180016454,0.3448736701633311,0.9386704904428137,0.9272258221021893,0.9501810310778757,0.0,0.0,0.0,2.8014814814814737,2.059976851851849,3.7138981481481377,7.557502177956122,7.415188940870894,7.7057437418685515,0.9753390833756128,0.9696695786825639,0.9804197319465584,1.0940030441400306,0.8884124809741252,1.3169375951293756,0.9765666729094619,0.9752272057678865,0.9777326360200002,0.0,0.0,0.0,0.9437245696400625,0.9430359937402188,0.944350547730829,0.9845884080791586,0.9829396986254574,0.986037922636298,7.3568318979601806,7.31410541990856,7.402470630376788,1.7158671434216126,1.6671521554325104,1.7656712553830394,30.0,30.0,30.0
30.0,2.0,sunsched_no_conformal,45,0.2947224474013528,0.25036505458793284,0.3438865113794546,0.9371251128020066,0.9257750989746187,0.9492102258900522,0.0017381570170236203,0.0005423034752472582,0.0032515353859085667,3.0732407407407347,2.204854166666661,4.06732870370369,15.084591215014083,14.790437907560277,15.373943683133282,0.017341451040081172,0.014801718670725524,0.01971656202435312,1.105205479452055,0.8901308980213091,1.3385357686453576,0.9771836325686682,0.975879992803642,0.9783993299895071,0.9773021308980218,0.9773021308980218,0.9773021308980218,0.6931455399061033,0.684319248826291,0.7018466353677619,0.32863042351834254,0.3270834029208364,0.33017124219015137,7.004194633180784,6.969912956683622,7.039425921045512,1.7158671434216126,1.6676892490843787,1.767269806764885,30.0,30.0,30.0
5.0,0.5,always_now,45,0.007882669778847263,0.005890990706472783,0.010013931910151538,0.016929524723087286,0.013931994008777225,0.02010578692221112,0.9825229051946285,0.9794616348481017,0.9853659555174121,0.0,0.0,0.0,19.712381405915828,19.362511823327587,20.065462150955184,0.0,0.0,0.0,0.03263318112633182,0.023439878234398786,0.04401978691019786,0.9308719103133786,0.9295437842156151,0.9321900383895253,0.0,0.0,0.0,nan,nan,nan,0.016216287354328448,0.015562284356890716,0.01687529298311549,11.666861638677393,11.18939588876695,12.16453005769509,0.28597785723693564,0.2779697100497727,0.29472906355968176,5.0,5.0,5.0
5.0,0.5,ceiling_now,45,0.007533821567722522,0.004697356042027452,0.010501275353057766,0.019850117190541892,0.014741281522229394,0.025266352085927493,0.978750425929075,0.9734913432961106,0.9836797886984777,0.0,0.0,0.0,19.70695208699793,19.35707060852661,20.072579194282195,0.0,0.0,0.0,0.0197869101978691,0.015038051750380517,0.024840182648401828,0.9309080979900187,0.9295602317643171,0.9322465058116808,0.11976577033654659,0.06794965013529512,0.17626629883307965,nan,nan,nan,0.01661006146630755,0.015889372945343015,0.01735404967212554,11.665631574348803,11.179610734199475,12.158683874809581,0.28597785723693564,0.27790263494243617,0.29461858495889237,5.0,5.0,5.0
5.0,0.5,ee_now,45,0.007533821567722522,0.004753429473805675,0.010668544098256948,0.019850117190541892,0.014768263254516434,0.02532985241257214,0.978750425929075,0.9732337051378919,0.9837065230310312,0.0,0.0,0.0,19.70695208699793,19.344098757291196,20.056303286827802,0.0,0.0,0.0,0.0197869101978691,0.015098934550989348,0.02526636225266362,0.9309080979900187,0.92958065277535,0.9322509455546644,0.0,0.0,0.0,nan,nan,nan,0.01661006146630755,0.015881730476137935,0.017384419538663806,11.665631574348799,11.189254382173909,12.172355848241603,0.28597785723693564,0.27762958622562345,0.29480024519720743,5.0,5.0,5.0
5.0,0.5,lazy_defer,45,0.007742377298566676,0.004340456844222541,0.011941971086870172,0.022633377075876294,0.016556622065788347,0.029858759228657702,0.9759083915686213,0.9687854253495329,0.9818763286084127,5.333333333333333,1.0666666666666667,9.6,19.689871257975717,19.329872361530416,20.047203310906895,0.0,0.0,0.0,0.005418569254185691,0.004383561643835616,0.006514459665144596,0.9309486194464875,0.9295590655528809,0.9322579647134663,0.0,0.0,0.0,nan,nan,nan,0.017626879980125174,0.01668355579914232,0.01862233470652377,11.664413491876841,11.179528313126179,12.177458580230455,0.28597785723693564,0.2778156779808179,0.2947268888768379,5.0,5.0,5.0
5.0,0.5,sunsched,45,0.007562823614829529,0.004473864703545672,0.011273086237550193,0.021566250634756978,0.01589916292299272,0.027761200344302364,0.9770619534134651,0.9708944438057947,0.9824889897638911,5.333333333333333,1.0666666666666667,9.6,19.695012834710177,19.354251582622798,20.06062556287093,0.0,0.0,0.0,0.009436834094368336,0.0072435312024353125,0.01199543378995433,0.9309470683660297,0.9295788405258552,0.9323274556638318,0.23005855741586329,0.1826215383477084,0.28036808198038216,0.9444757433489824,0.9434741784037556,0.9454773082942095,0.017335241733026772,0.016405047597710214,0.01827181762696636,11.664228119115592,11.17211229022613,12.174373414937428,0.2859778572369356,0.27748042666085465,0.29459210711005207,5.0,5.0,5.0
5.0,0.5,sunsched_no_ceiling,45,0.007562823614829531,0.004625870661678857,0.011107617876277972,0.021566250634756978,0.016092342383369908,0.02780499637714545,0.977061953413465,0.9708826707681656,0.9824917454639677,5.333333333333333,1.0666666666666667,10.666666666666666,19.69501283471018,19.333763745606156,20.04199525404658,0.0,0.0,0.0,0.009436834094368338,0.007243531202435313,0.012054794520547942,0.9309470683660297,0.9296037377464599,0.9322672663515802,0.0,0.0,0.0,0.9444757433489824,0.9434726134585284,0.9454788732394364,0.01733524173302677,0.01642697428203302,0.018237607063407706,11.664228119115592,11.176138379856004,12.15610233860801,0.2859778572369356,0.27751490873381157,0.29464733506293544,5.0,5.0,5.0
5.0,0.5,sunsched_no_conformal,45,0.007562823614829529,0.004483888097611062,0.011253007333175705,0.021566250634756978,0.0160694385607873,0.028016870327146167,0.9770619534134655,0.9708244115027008,0.9825001794289174,5.333333333333333,1.0666666666666667,9.6,19.695012834710177,19.340501105450954,20.040815031589386,0.0,0.0,0.0,0.009436834094368336,0.007184170471841705,0.012054794520547942,0.9309470683660296,0.9296216695784056,0.9323052698609332,0.6951940639269405,0.6558661635379672,0.7346028031456112,0.6888888888888889,0.6826291079812207,0.6952754303599374,0.01733524173302677,0.016453844804442508,0.018239202211660335,11.66422811911559,11.171943560126383,12.148734771431705,0.28597785723693564,0.2772966557032293,0.2943942812214342,5.0,5.0,5.0
5.0,1.0,always_now,45,0.23335394148354716,0.19476830562328762,0.2754519365365525,0.6631080205873445,0.6377817486579609,0.6868834087377617,0.2977115651342603,0.27477657173886794,0.3221379547917814,0.0,0.0,0.0,12.037723323069038,11.546141904977922,12.540084623625498,0.10793759512937595,0.08448703598004398,0.1319512884745476,1.306240487062405,1.0370517503805177,1.5992100456621001,0.9093598327767569,0.9062555139094448,0.9124894753294823,0.0,0.0,0.0,nan,nan,nan,0.34825849022491145,0.3222417055983519,0.37492223772223465,41.35941634234652,40.88181428162985,41.86947633287938,0.28597785723693564,0.2778156779808179,0.2947268888768379,5.0,5.0,5.0
5.0,1.0,ceiling_now,45,0.18605974749682908,0.15301008493546406,0.22223453904431692,0.6791607730756469,0.6551716380218084,0.7031482516483,0.25909108560632005,0.23912602353055884,0.2815487157203325,0.0,0.0,0.0,16.319760880208833,16.002304564677075,16.64980058973235,0.0,0.0,0.0,1.001400304414003,0.7820228310502282,1.2280304414003043,0.9151419310585021,0.9124415335864978,0.9179388709394842,0.6765759766615932,0.6540152629798748,0.6990776784204297,nan,nan,nan,0.15501401262076178,0.15075481340947852,0.15900854420788435,39.71824996199262,39.30910966289331,40.125470264394856,0.28597785723693564,0.27724389409588035,0.2947228257116317,5.0,5.0,5.0
5.0,1.0,ee_now,45,0.21744765811899916,0.17600329480450608,0.2633357489364591,0.7941731101057354,0.7685782989752854,0.8194623776454114,0.13588317651388057,0.11481338047026587,0.16085975586669682,0.0,0.0,0.0,10.985568378924375,10.58064679163292,11.409335422839876,0.13371955859969561,0.10884425735667175,0.158618478352782,0.906179604261796,0.683261796042618,1.1430837138508372,0.9147695530826793,0.9119247203256348,0.917695075194761,0.0,0.0,0.0,nan,nan,nan,0.44149917801657496,0.41367769617132555,0.46869812542584816,41.099160980205895,40.63448798110656,41.56309057842926,0.2859778572369356,0.27793335578595363,0.29456973148517557,5.0,5.0,5.0
5.0,1.0,lazy_defer,45,0.25048638252083527,0.19871050984662836,0.3070434973540792,0.8303504224791095,0.8050839847554749,0.8553086011807944,0.11673665283189083,0.09297348975006518,0.14152722323218098,48.0,48.0,48.0,10.144288963419847,9.712801951695749,10.582620562035231,0.19546169457128365,0.16217175608828005,0.2305322224336208,0.5898325722983258,0.4434414003044141,0.7576362252663622,0.9156980580474965,0.9130126329553201,0.9183359187188592,0.0,0.0,0.0,nan,nan,nan,0.5216709648222175,0.4848723405398189,0.5608212941753613,40.25785341045911,39.92637806864554,40.59296847850262,0.28597785723693564,0.2778096752541857,0.29459854233985233,5.0,5.0,5.0
5.0,1.0,sunsched,45,0.21482118139633496,0.1755581583515423,0.25912267435204456,0.7536483018111217,0.7265582238142904,0.7793155580922991,0.18530220457773372,0.1622925653517908,0.21113433284184935,48.0,48.0,48.0,15.913412952670923,15.567068144954867,16.23112826694052,2.684762387958735e-05,5.919161170302722e-06,5.36952477591747e-05,0.470076103500761,0.3562222222222221,0.5919802130898021,0.9180265770935818,0.91610941914083,0.9199046139006468,0.5346442161339422,0.48922921423135474,0.582045075469305,0.9440375586854456,0.9434115805946789,0.9446635367762125,0.18243244327258898,0.17610846952732115,0.18872177529528086,38.023225182210055,37.74817211782115,38.312894290034315,0.28597785723693564,0.27790633379233104,0.29441272339333874,5.0,5.0,5.0
5.0,1.0,sunsched_no_ceiling,45,0.23082191400419644,0.18933093371825596,0.27579825308671535,0.8020565752252592,0.7777038732662804,0.8240945669167501,0.13669107072392156,0.11486274770342496,0.1607570581431695,44.447314814814824,41.38180092592594,46.91564814814815,10.515310309265214,10.061080202644101,10.964440941666618,0.19586969389480807,0.16214034225435484,0.22651986089971252,0.6859056316590563,0.5280867579908676,0.8489923896499236,0.9195830636133738,0.9176530737209707,0.9216545519272954,0.0,0.0,0.0,0.9440375586854456,0.943411580594679,0.9446635367762125,0.48075728883315727,0.4456807510583627,0.5134976625796617,40.090776501833055,39.77573742688859,40.386495300983334,0.2859778572369356,0.2776638617532717,0.29422476373868195,5.0,5.0,5.0
5.0,1.0,sunsched_no_conformal,45,0.21825120073488166,0.18052541571600006,0.2619907118572906,0.7422293483235509,0.7165830575533364,0.7688452508894105,0.20371474224978312,0.1796780961152544,0.23014689692112952,47.12527777777778,46.07425231481482,47.90833333333333,16.116231280224454,15.78219093671707,16.43731687033775,2.684762387958735e-05,5.919161170302722e-06,5.284965330627431e-05,0.5951293759512938,0.46312785388127864,0.7383515981735158,0.9205538490259795,0.9187748834511378,0.9222418030498634,0.8665115000845595,0.8461665028327415,0.8864254925587689,0.6933333333333332,0.6863849765258216,0.6997809076682315,0.17277953934497148,0.1666491581120738,0.17875544604991805,38.366702674325715,38.096215386589954,38.61929442767061,0.28597785723693564,0.27806247066905,0.29456517447704955,5.0,5.0,5.0
5.0,2.0,always_now,45,0.3451792364861874,0.29189792022524647,0.40201567648603764,0.9512229141114834,0.9397898210288625,0.9628520392434701,0.004456260415759648,0.0016226132574098172,0.0083975202525667,0.0,0.0,0.0,7.425002942849445,7.284936130568467,7.5592531973806905,0.7575260020294268,0.7478470795281582,0.7667714516742771,1.9344901065449016,1.5311278538812783,2.3473652968036527,0.9266287894365194,0.9225034953928751,0.930692653194304,0.0,0.0,0.0,nan,nan,nan,0.9213647822112867,0.9163315816650358,0.9262969182764867,46.66941010384744,46.10729709411843,47.231985398328355,0.2859778572369356,0.27736105537574374,0.2945101912020941,5.0,5.0,5.0
5.0,2.0,ceiling_now,45,0.27783746960714645,0.23178094438289557,0.32870988967756887,0.9028557599559781,0.886053167428805,0.9194448544272086,0.03028941728714314,0.02511342357170257,0.03594602449097552,0.0,0.0,0.0,14.842259818003274,14.571552161317818,15.114927840372971,0.0148408168442415,0.013946621850160663,0.015617083121934718,1.782648401826484,1.4308614916286153,2.1517853881278537,0.9202097841348954,0.9166905044264912,0.9237149269337378,0.8520799509555218,0.8358745454929815,0.8688781604092677,nan,nan,nan,0.25868290926260296,0.2573020183129268,0.26017348222485387,45.10152851208266,44.612867658174444,45.60523341413291,0.28597785723693564,0.2773716106997032,0.29452262504541865,5.0,5.0,5.0
5.0,2.0,ee_now,45,0.33309736112954624,0.2819297198026807,0.38995942411677514,0.9472799202102509,0.9323945886876999,0.960995622605762,0.002472311051657235,0.0008750545760838311,0.004335858554418081,0.0,0.0,0.0,7.420751014969023,7.281653503158733,7.562249129718603,0.7572217994249957,0.7471769670640961,0.7673569994080837,1.917625570776256,1.5346849315068491,2.3201704718417044,0.9265215457846221,0.9225836939366775,0.9305346472661339,0.0,0.0,0.0,nan,nan,nan,0.9226280202150853,0.9177949543643606,0.9269229940383834,46.71827765414475,46.16316113791817,47.312708894062865,0.2859778572369356,0.2777889425260864,0.29479287831714845,5.0,5.0,5.0
5.0,2.0,lazy_defer,45,0.34599272692911154,0.2917549881427674,0.40504634009142504,0.9529847930140422,0.9403089994775955,0.9646281316531454,0.0024298211430105387,0.0008304843252738502,0.0043328227777604846,10.911111111111111,10.744444444444444,11.081481481481482,7.38748706791852,7.253081669077644,7.531800096772549,0.813369482496195,0.8006030251141554,0.8262524416539827,1.1979299847793,0.977709284627093,1.4257625570776256,0.9281317191083228,0.9246275236140578,0.9317006017247067,0.0,0.0,0.0,nan,nan,nan,0.9336065857473714,0.9288884169706576,0.9380885947489964,43.74880813675781,43.47900722606435,43.98600460898161,0.28597785723693564,0.27747170637904683,0.29458826880591404,5.0,5.0,5.0
5.0,2.0,sunsched,45,0.2857572649568102,0.24466157602366137,0.3359152205176135,0.9229201393034354,0.910817889317885,0.9360530785138546,0.01617765082314219,0.012356829033785604,0.02028569973799217,24.880462962962955,21.359550925925916,28.70829398148145,14.771623653269511,14.514268460496059,15.025429648121403,0.016147683071199053,0.015552315871807882,0.016681263740909856,0.9356468797564687,0.7416560121765602,1.1387792998477928,0.924064096086584,0.9214017475684466,0.9266168518001107,0.7968355741586335,0.7668855699306611,0.8243403676221885,0.9437245696400621,0.9430985915492955,0.944350547730829,0.27089790010666553,0.2697331121081832,0.27212586845400244,41.20009304940155,40.936268077346575,41.479701242324595,0.28597785723693564,0.2774965142015254,0.29432593018297787,5.0,5.0,5.0
5.0,2.0,sunsched_no_ceiling,45,0.2946402687202587,0.25066398723397554,0.34695588753958506,0.9363510163225153,0.9241934751863872,0.9476801253181513,0.0024723110516572345,0.0009059032534443249,0.004392094106776685,3.0905555555555453,2.263342592592587,3.9770439814814607,7.441097995598919,7.29770445266618,7.5751006876494875,0.8038893116861154,0.7920793167596822,0.8152331462455605,1.091993911719939,0.8666560121765603,1.321456621004566,0.9346927639011954,0.9314031307502797,0.9378496635824048,0.0,0.0,0.0,0.9437245696400623,0.9430985915492955,0.944350547730829,0.9323487059725486,0.927552574448411,0.9368455787030203,42.75714987687793,42.57040825942329,42.94457906679306,0.28597785723693564,0.27759363915949686,0.2943330479716622,5.0,5.0,5.0
5.0,2.0,sunsched_no_conformal,45,0.2868265641435189,0.24284774047113228,0.3372150568274181,0.9201454223175779,0.9075137136222682,0.9331445681766614,0.019067460099001284,0.01469176777120181,0.02366225694904424,17.672962962962956,14.405844907407396,21.41967824074072,14.988403495487523,14.696556051928603,15.258226284439782,0.016147683071199053,0.015579702562151193,0.016694587138508372,1.0146118721461188,0.8022496194824961,1.2287382039573818,0.9313313085034106,0.9283064708030905,0.9342065707902435,0.9414654151868764,0.9313851207086082,0.9503684202181637,0.6931455399061032,0.6837543035993738,0.7016588419405321,0.26268775925898347,0.26080649473102974,0.26444311573979695,41.5586833403334,41.340492553429506,41.78560571936131,0.28597785723693564,0.2775126471407539,0.29428441266428446,5.0,5.0,5.0
