policy,location,site,year,ratio,solar_source,days,panel_area_cm2,demand_always_now_kj,sim_seconds,n_frames,value_score,gain_captured,accuracy,macro_f1,animal_recall,empty_false_alarm,dropped_frac,unclassified_frac,triage_final_frac,refined_now_frac,refined_later_frac,latency_mean_h,latency_p95_h,latency_refined_later_p95_h,ref_value_triage,ref_value_lite,ref_value_full,soc_mean,soc_p95,frac_time_soc_above_90,battery_temp_mean_c,ceiling_mean,harvested_kj,consumed_kj,curtailed_kj,b_wakes_per_day,dead_frac,deferred,reserve_coverage,f_calendar_per_year,f_cycle_per_year,calendar_share,equiv_full_cycles_per_year,battery_years_to_eol,fade_after_deployment,replacements_per_deployment,battery_kgco2e_per_deployment
always_now,0,cct_region,2015,0.5,pvgis,365,0.3162228164973532,85.70875921763201,0.27,1861,0.3156633435582822,-0.6290849673202616,0.34282643739924773,0.29834920502258394,0.4075907590759076,0.06976744186046512,0.5980655561526061,0.0,0.0,0.40193444384739385,0.0,0.0,0.0,0.0,0.500191717791411,0.6087039877300612,0.7935199386503067,0.19915581623972692,0.6687678065734366,0.0,21.709066091403,1.0,42.24677320053634,76.11541994674208,0.0,1.917808219178082,0.23702435312024353,0,nan,0.009668694044615293,8.14630546117885e-05,0.9916449495343778,0.6530006157845321,16.812466728560207,0.1450569536829639,0.5947967161185505,0.5055772087007678
always_now,0,cct_region,2013,0.5,pvgis,365,0.3162228164973532,85.70875921763201,0.26,1861,0.32505751533742333,-0.5970588235294118,0.35034927458355725,0.3051969893049421,0.41694169416941695,0.06976744186046512,0.5889306824288018,0.0,0.0,0.4110693175711983,0.0,0.0,0.0,0.0,0.500191717791411,0.6087039877300612,0.7935199386503067,0.20204573110847496,0.672568840549649,0.0,20.64649507784094,1.0,43.39620730950464,76.35312446706483,0.0,1.9643835616438357,0.2224410197869102,0,nan,0.00898284646061287,8.25682282700568e-05,0.9908919524253742,0.6719375449843787,18.082371017181753,0.1391821523318233,0.5530248212747136,0.4700710980835066
always_now,100,cct_region,2014,0.5,pvgis,365,0.3052640870787947,82.73851465568,0.26,4890,0.25468045947832707,0.34963281389933737,0.25337423312883434,0.20062654640899116,0.5374814185602038,0.2541436464088398,0.43803680981595094,0.0,0.0,0.561963190184049,0.0,0.0,0.0,0.0,0.13079900996382557,0.2012227369846206,0.4851177254553531,0.18729017149078409,0.7223455930566215,0.0,22.297233232776282,1.0,42.844439706406234,78.22114060360119,0.0,1.610958904109589,0.258162100456621,0,nan,0.009946310399450332,8.734895468381286e-05,0.9912944069954077,0.6508659862707908,16.337428453901925,0.14747742837399058,0.6120914333743671,0.520277718368212
always_now,100,cct_region,2011,0.5,pvgis,365,0.3052640870787947,82.73851465568,0.28,4890,0.24939180470055636,0.33470654964475505,0.24642126789366053,0.19132927006504463,0.5109365045657253,0.2541436464088398,0.4656441717791411,0.0,0.0,0.5343558282208589,0.0,0.0,0.0,0.0,0.13079900996382557,0.2012227369846206,0.4851177254553531,0.18231165188156948,0.7129740881412285,0.0,19.639202912676332,1.0,41.79490238410944,77.74698551189046,0.0,1.5561643835616439,0.2652777777777778,0,nan,0.008191438024557778,7.137099943693534e-05,0.9913623806105553,0.641484910841462,19.838797115238187,0.13224376198361898,0.5040628190264115,0.42845339617244976
always_now,0,cct_region,2014,0.5,pvgis,365,0.3162228164973532,85.70875921763201,0.27,1861,0.3299463190184049,-0.5803921568627453,0.35572272971520685,0.30834565437687006,0.42244224422442245,0.06976744186046512,0.5835572272971521,0.0,0.0,0.4164427727028479,0.0,0.0,0.0,0.0,0.500191717791411,0.6087039877300612,0.7935199386503067,0.20700278550570797,0.6768756091847575,0.0,22.297233232776282,1.0,44.38251982033472,76.49235622824538,0.0,1.9917808219178081,0.20974124809741249,0,nan,0.010162960102518707,9.474290247229406e-05,0.9907637311758591,0.6754077466416935,15.98059446147263,0.14938538521376943,0.6257589493375134,0.5318951069368864
always_now,105,cct_region,2011,0.5,pvgis,365,0.264632338334809,71.725720549728,0.27,2169,0.40138888888888885,0.903051828466193,0.39511295527893037,0.24027581500451176,0.8364598364598365,0.5222222222222223,0.08483171968649147,0.0,0.0,0.9151682803135085,0.0,0.0,0.0,0.0,0.07260536398467432,0.2796455938697318,0.43668582375478926,0.19982140131839157,0.7159948120572157,0.0,19.639202912676332,1.0,36.23185044209719,74.6025572256142,0.0,1.1726027397260275,0.2969463470319635,0,nan,0.008339816606808381,1.1032923821522805e-05,0.9986788261743844,0.4111707261522673,19.629642616327395,0.13300766478582549,0.509433625229747,0.43301858144528493
always_now,0,cct_region,2011,0.5,pvgis,365,0.3162228164973532,85.70875921763201,0.28,1861,0.32045628834355827,-0.6127450980392158,0.34551316496507256,0.3020715572407383,0.411991199119912,0.06976744186046512,0.5937667920472864,0.0,0.0,0.4062332079527136,0.0,0.0,0.0,0.0,0.500191717791411,0.6087039877300612,0.7935199386503067,0.19915734367817256,0.6671676749579585,0.0,19.639202912676332,1.0,43.29530497219543,76.22832114516022,0.0,1.9397260273972603,0.2213660578386606,0,nan,0.00833299853425406,8.112920180548984e-05,0.9903579783489852,0.6867923088534014,19.482018454090916,0.13355628026748367,0.5132938367533554,0.4362997612403521
always_now,100,cct_region,2012,0.5,pvgis,365,0.3052640870787947,82.73851465568,0.27,4890,0.2504495356561105,0.33769180249567154,0.2474437627811861,0.1919279111369683,0.5173072839244001,0.2541436464088398,0.45950920245398774,0.0,0.0010224948875255625,0.5394683026584867,0.0,0.0,0.0,0.0,0.13079900996382557,0.2012227369846206,0.4851177254553531,0.18046763798416257,0.7130454932017576,0.0,20.729461989872192,1.0,39.53192903371723,77.83638609815169,0.0,1.5643835616438355,0.2957096651445967,0,nan,0.008739532790347058,7.231854713036461e-05,0.991793035951164,0.6293625784944015,18.60269602277665,0.13699631098458354,0.5375564911535544,0.4569230174805213
always_now,0,cct_region,2012,0.5,pvgis,365,0.3162228164973532,85.70875921763201,0.27,1861,0.3218941717791411,-0.607843137254902,0.3481998925308974,0.3024505720020156,0.4152915291529153,0.06976744186046512,0.5905427189682966,0.0,0.0005373455131649651,0.40891993551853845,0.0,0.0,0.0,0.0,0.500191717791411,0.6087039877300612,0.7935199386503067,0.1976520178403175,0.6672416434013789,0.0,20.729461989872192,1.0,40.951092741508575,76.2975696834657,0.0,1.9534246575342467,0.25212138508371384,0,nan,0.008902160406144874,7.675813625216295e-05,0.991451293840152,0.6494671991454231,18.25656297637251,0.1384371475374856,0.5477482269221164,0.4655859928837989
always_now,100,cct_region,2015,0.5,pvgis,365,0.3052640870787947,82.73851465568,0.27,4890,0.24875716612722387,0.33291539793420516,0.2458077709611452,0.1867137637887819,0.5105117859418136,0.2541436464088398,0.4656441717791411,0.0,0.00245398773006135,0.5319018404907976,0.0,0.0,0.0,0.0,0.13079900996382557,0.2012227369846206,0.4851177254553531,0.18320908667546035,0.7145187670553372,0.0,21.709066091403,1.0,40.78270757288786,77.71596244895248,0.0,1.5506849315068494,0.2826769406392694,0,nan,0.009515434802444492,7.755228850643258e-05,0.9919157309635507,0.6293233125850735,17.08791956820418,0.14371209320099343,0.5852087470382991,0.49742743498255426
always_now,105,cct_region,2012,0.5,pvgis,365,0.264632338334809,71.725720549728,0.27,2169,0.40138888888888885,0.903051828466193,0.39511295527893037,0.24027581500451176,0.8364598364598365,0.5222222222222223,0.08483171968649147,0.0,0.0,0.9151682803135085,0.0,0.0,0.0,0.0,0.07260536398467432,0.2796455938697318,0.43668582375478926,0.19844385142360146,0.7160567128471812,0.0,20.729461989872192,1.0,34.27008698988615,74.6025572256142,0.0,1.1726027397260275,0.3228215372907154,0,nan,0.008901027370101818,1.2285450669143346e-05,0.9986216740154666,0.4124240414078001,18.39093893877402,0.13787163742199693,0.5437460280462777,0.46218412383933605
always_now,100,cct_region,2013,0.5,pvgis,365,0.3052640870787947,82.73851465568,0.28,4890,0.2519303589938863,0.34187115648695465,0.25071574642126787,0.1940698446119243,0.5332342323210872,0.2541436464088398,0.44212678936605315,0.0,0.003067484662576687,0.5548057259713701,0.0,0.0,0.0,0.0,0.13079900996382557,0.2012227369846206,0.4851177254553531,0.18404942084745377,0.7181880758659945,0.0,20.64649507784094,1.0,41.892307942077814,78.10221404204361,0.0,1.5945205479452054,0.2714421613394216,0,nan,0.008788813045298619,7.550862849879948e-05,0.9914817364173504,0.6491415890473298,18.492581594093515,0.13744909524427662,0.5407573815001565,0.4596437742751331
always_now,105,cct_region,2013,0.5,pvgis,365,0.264632338334809,71.725720549728,0.27,2169,0.40311302681992334,0.90778742436201,0.3992623328722914,0.24321454755094807,0.8379028379028379,0.5444444444444444,0.07976025818349469,0.0,0.0,0.9202397418165053,0.0,0.0,0.0,0.0,0.07260536398467432,0.2796455938697318,0.43668582375478926,0.2019612462969635,0.7205147992488249,0.0,20.64649507784094,1.0,36.316290969702145,74.66358584712228,0.0,1.1835616438356165,0.2984493911719939,0,nan,0.0089662796149921,1.5107187859700018e-05,0.9983179448573685,0.4198762014451557,18.251545716407694,0.1384584161425756,0.5478988002101238,0.46571398017860527
always_now,105,cct_region,2014,0.5,pvgis,365,0.264632338334809,71.725720549728,0.27,2169,0.4032088122605364,0.9080505130228888,0.4001844167819272,0.2445740306430112,0.8379028379028379,0.5555555555555556,0.07837713231904103,0.0,0.0,0.9216228676809589,0.0,0.0,0.0,0.0,0.07260536398467432,0.2796455938697318,0.43668582375478926,0.20520579690178067,0.7241189359370035,0.0,22.297233232776282,1.0,37.14169056913848,74.67908169126562,0.0,1.1863013698630136,0.2870053272450533,0,nan,0.010139691374062105,1.4516778278047685e-05,0.998570368259124,0.4126807104731095,16.143473658378,0.1485045561800008,0.6194453691699919,0.5265285637944932
always_now,105,cct_region,2015,0.5,pvgis,365,0.264632338334809,71.725720549728,0.28,2169,0.40138888888888885,0.903051828466193,0.39511295527893037,0.24027581500451176,0.8364598364598365,0.5222222222222223,0.08483171968649147,0.0,0.0,0.9151682803135085,0.0,0.0,0.0,0.0,0.07260536398467432,0.2796455938697318,0.43668582375478926,0.20043327769617314,0.7173338886480147,0.0,21.709066091403,1.0,35.35438240349712,74.6025572256142,0.0,1.1726027397260275,0.31276636225266363,0,nan,0.009706981124082003,1.4323795662102207e-05,0.9985265562822734,0.4143022968091173,16.862364999585402,0.14481023315127628,0.5930366232877696,0.5040811297946042
always_now,130,cct_region,2011,0.5,pvgis,365,0.2526532182741883,68.47891018896,0.26,1455,0.17469435852113716,0.16340075853350192,0.170446735395189,0.16891653131991144,0.6028210838901262,0.5648148148148148,0.39106529209621993,0.0,0.0006872852233676976,0.6082474226804123,0.0,0.0,0.0,0.0,0.13661805862424511,0.29496243923994697,0.36964206805125943,0.23341084899116646,0.7254076772825585,0.0,19.639202912676332,1.0,34.59174217265647,69.7532224693968,0.0,0.4657534246575342,0.24786910197869103,0,nan,0.008662319259788788,7.734311606924194e-06,0.9991079280487445,0.39999007066276804,18.906941056259438,0.1357714729770121,0.528906287391706,0.44957034428295006
always_now,130,cct_region,2012,0.5,pvgis,365,0.2526532182741883,68.47891018896,0.26,1455,0.17469435852113716,0.16340075853350192,0.170446735395189,0.16891653131991144,0.6028210838901262,0.5648148148148148,0.39106529209621993,0.0,0.0,0.60893470790378,0.0,0.0,0.0,0.0,0.13661805862424511,0.29496243923994697,0.36964206805125943,0.23239428433814563,0.7254667760075889,0.0,20.729461989872192,1.0,32.71878192595117,69.76633404043122,0.0,0.4684931506849315,0.27213660578386606,0,nan,0.00924999442102783,8.353374700094082e-06,0.9990977467163257,0.39999007066276804,17.705555618101734,0.1408415581618827,0.5647944755699302,0.4800753042344406
always_now,130,cct_region,2013,0.5,pvgis,365,0.2526532182741883,68.47891018896,0.27,1455,0.17469435852113716,0.16340075853350192,0.170446735395189,0.16891653131991144,0.6028210838901262,0.5648148148148148,0.39106529209621993,0.0,0.0,0.60893470790378,0.0,0.0,0.0,0.0,0.13661805862424511,0.29496243923994697,0.36964206805125943,0.23595029595005834,0.7297230580773022,0.0,20.64649507784094,1.0,34.672360328345206,69.76633404043122,0.0,0.4684931506849315,0.24789764079147641,0,nan,0.009338550538844467,8.334839590382725e-06,0.9991082762596392,0.39999007066276804,17.537841237167257,0.14160197861076795,0.5701956053067349,0.48466626451072464
always_now,130,cct_region,2014,0.5,pvgis,365,0.2526532182741883,68.47891018896,0.27,1455,0.17911327146855208,0.1823640960809102,0.17457044673539518,0.16937110312644565,0.6161841128433556,0.5648148148148148,0.37869415807560136,0.0,0.002061855670103093,0.6192439862542956,0.0,0.0,0.0,0.0,0.13661805862424511,0.29496243923994697,0.36964206805125943,0.2406922784292622,0.7331640462010405,0.0,22.297233232776282,1.0,35.46039653915772,69.83513228692499,0.0,0.4767123287671233,0.23793759512937596,0,nan,0.01056227142373793,9.417119244194322e-06,0.9991092133289866,0.39999007066276804,15.50596114920632,0.15205207674128596,0.6449132629557669,0.5481762735124018
always_now,130,cct_region,2015,0.5,pvgis,365,0.2526532182741883,68.47891018896,0.27,1455,0.17462070997201357,0.16308470290771174,0.1697594501718213,0.16894745747162732,0.585003711952487,0.5648148148148148,0.40824742268041236,0.0,0.0,0.5917525773195876,0.0,0.0,0.0,0.0,0.13661805862424511,0.29496243923994697,0.36964206805125943,0.2325953345336854,0.7266861378528295,0.0,21.709066091403,1.0,33.753994506289885,69.6793072690618,0.0,0.4575342465753425,0.26076864535768646,0,nan,0.010044979949927093,8.957726577618074e-06,0.9991090330111603,0.39999007066276804,16.30447662432489,0.14765029549903608,0.6133284882681147,0.5213292150278975
always_now,28,cct_region,2011,0.5,pvgis,365,0.2576552408749775,69.834654076896,0.26,1333,0.22444906444906443,0.3707592891760904,0.2288072018004501,0.16147016041630533,0.6220538720538721,0.42758620689655175,0.26481620405101275,0.0,0.0,0.7351837959489872,0.0,0.0,0.0,0.0,0.1862785862785863,0.19176715176715176,0.2892307692307692,0.22363309221657232,0.7199146071536037,0.0,19.639202912676332,1.0,35.27658868809041,71.62955470078869,0.0,0.8164383561643835,0.2660863774733638,0,nan,0.008559902338245747,7.656060955038786e-06,0.9991063894054397,0.39999007066276804,19.133128038471476,0.13488501699563915,0.5226536915392371,0.44425563780835153
always_now,40,cct_region,2011,0.5,pvgis,365,0.2463447621244807,66.769071679648,0.26,1079,0.19942699273508646,0.5237467018469657,0.20481927710843373,0.1520126102464135,0.6459627329192547,0.30973451327433627,0.3253012048192771,0.0,0.0,0.6746987951807228,0.0,0.0,0.0,0.0,0.15880487056175177,0.08216514887956615,0.23636549677683413,0.23963397733991015,0.7301431087472522,0.0,19.639202912676332,1.0,33.728026720588076,69.10769326642595,0.0,0.336986301369863,0.2507039573820396,0,nan,0.008720614582891927,7.784530820718602e-06,0.9991081376184449,0.39999007066276804,18.780556399106366,0.13627567272204177,0.5324655876795976,0.45259574952765796
always_now,28,cct_region,2015,0.5,pvgis,365,0.2576552408749775,69.834654076896,0.26,1333,0.22029106029106027,0.33037156704361864,0.2250562640660165,0.16094393172231602,0.6144781144781145,0.42758620689655175,0.27156789197299325,0.0,0.0,0.7284321080270068,0.0,0.0,0.0,0.0,0.1862785862785863,0.19176715176715176,0.2892307692307692,0.2233971013776805,0.7212143347245878,0.0,21.709066091403,1.0,34.42225531270494,71.59064611572718,0.0,0.810958904109589,0.2800228310502283,0,nan,0.009951716694696855,9.310516966973392e-06,0.9990653055383615,0.40099202545307966,16.456554966243235,0.14685797006877477,0.6076605960671997,0.5165115066571198
always_now,28,cct_region,2012,0.5,pvgis,365,0.2576552408749775,69.834654076896,0.27,1333,0.22528066528066526,0.37883683360258474,0.22955738934733683,0.1615543822402001,0.627104377104377,0.42758620689655175,0.2603150787696924,0.0,0.0,0.7396849212303076,0.0,0.0,0.0,0.0,0.1862785862785863,0.19176715176715176,0.2892307692307692,0.22248822731004442,0.7201684341250199,0.0,20.729461989872192,1.0,33.36654761752561,71.66307270486487,0.0,0.821917808219178,0.29136225266362253,0,nan,0.009138906458142883,9.329538054539403e-06,0.9989801817466868,0.4030504716965671,17.918666713137647,0.1398948913989062,0.5580772364423843,0.47436565097602656
always_now,28,cct_region,2014,0.5,pvgis,365,0.2576552408749775,69.834654076896,0.27,1333,0.22777546777546775,0.4030694668820678,0.231807951987997,0.16094332124948021,0.6515151515151515,0.42758620689655175,0.23780945236309078,0.0,0.0,0.7621905476369092,0.0,0.0,0.0,0.0,0.1862785862785863,0.19176715176715176,0.2892307692307692,0.23022966358706773,0.727820492553188,0.0,22.297233232776282,1.0,36.16244065374859,71.78518904103471,0.0,0.8410958904109589,0.2567446727549467,0,nan,0.010431123056963514,1.1617033306688859e-05,0.9988875493207464,0.40508426141621034,15.697430981905141,0.150957928918936,0.6370469162455483,0.541489878808716
always_now,28,cct_region,2013,0.5,pvgis,365,0.2576552408749775,69.834654076896,0.27,1333,0.2261122661122661,0.3869143780290791,0.23030757689422354,0.1619614986347773,0.6296296296296297,0.42758620689655175,0.25806451612903225,0.0,0.0,0.7419354838709677,0.0,0.0,0.0,0.0,0.1862785862785863,0.19176715176715176,0.2892307692307692,0.22609113319296498,0.7245758838023123,0.0,20.64649507784094,1.0,35.358802920170255,71.67856854900819,0.0,0.8246575342465754,0.2664193302891933,0,nan,0.009225305201858904,8.626374009267026e-06,0.9990657961954351,0.4010012984409179,17.752372375964704,0.14063173521329353,0.5633049931703327,0.47880924419478277
always_now,40,cct_region,2013,0.5,pvgis,365,0.2463447621244807,66.769071679648,0.26,1079,0.19942699273508646,0.5237467018469657,0.20481927710843373,0.1520126102464135,0.6459627329192547,0.30973451327433627,0.3253012048192771,0.0,0.0,0.6746987951807228,0.0,0.0,0.0,0.0,0.15880487056175177,0.08216514887956615,0.23636549677683413,0.24213688041228554,0.7345120109897676,0.0,20.64649507784094,1.0,33.80663193496785,69.10769326642595,0.0,0.336986301369863,0.2503805175038052,0,nan,0.00940276788697561,8.388639236204368e-06,0.9991086494828941,0.39999007066276804,17.418070921722652,0.14215355587964051,0.5741163900951092,0.4879989315808428
always_now,40,cct_region,2012,0.5,pvgis,365,0.2463447621244807,66.769071679648,0.27,1079,0.19942699273508646,0.5237467018469657,0.20481927710843373,0.15131480059337996,0.6459627329192547,0.336283185840708,0.32252085264133457,0.0,0.0,0.6774791473586654,0.0,0.0,0.0,0.0,0.15880487056175177,0.08216514887956615,0.23636549677683413,0.23863805661015203,0.7302951280095954,0.0,20.729461989872192,1.0,31.901832106504624,69.12571542635878,0.0,0.33972602739726027,0.27456240487062405,0,nan,0.009310548939316153,8.407794027559509e-06,0.9990977751836237,0.39999007066276804,17.590401642542357,0.14136218217335483,0.5684918515910983,0.48321807385243354
always_now,40,cct_region,2014,0.5,pvgis,365,0.2463447621244807,66.769071679648,0.26,1079,0.19942699273508646,0.5237467018469657,0.20481927710843373,0.15100941152303118,0.6490683229813664,0.336283185840708,0.31974050046339203,0.0,0.0,0.680259499536608,0.0,0.0,0.0,0.0,0.15880487056175177,0.08216514887956615,0.23636549677683413,0.2468555718506183,0.7377058101813596,0.0,22.297233232776282,1.0,34.574991800811475,69.14373758629162,0.0,0.3424657534246575,0.24073439878234398,0,nan,0.0106344448694318,9.477675201259535e-06,0.999109569318875,0.39999007066276804,15.400731369625117,0.1526643755726459,0.6493198121566495,0.5519218403331521
always_now,40,cct_region,2015,0.5,pvgis,365,0.2463447621244807,66.769071679648,0.26,1079,0.19942699273508646,0.5237467018469657,0.20481927710843373,0.15244551067931392,0.6459627329192547,0.3008849557522124,0.3262279888785913,0.0,0.0,0.6737720111214087,0.0,0.0,0.0,0.0,0.15880487056175177,0.08216514887956615,0.23636549677683413,0.2387087375838525,0.731389647648366,0.0,21.709066091403,1.0,32.911196636249485,69.09410693241315,0.0,0.33424657534246577,0.26420281582952815,0,nan,0.010121099501172907,9.014860693473393e-06,0.9991100929000951,0.39999007066276804,16.181869816402433,0.14829936615166472,0.6179755561908982,0.5252792227622635
always_now,46,cct_region,2011,0.5,pvgis,365,0.32494362877726723,88.072440650112,0.28,6276,0.0680823818162416,nan,0.06787762906309751,0.08235988408476079,0.412972972972973,0.349862258953168,0.5560866794136392,0.0,0.0009560229445506692,0.4429572976418101,0.0,0.0,0.0,0.0,0.21456265784512504,0.11135417778252053,0.1368583929143101,0.18967297008439774,0.7061434617234227,0.0,19.639202912676332,1.0,44.48930555522212,78.93917292251615,0.0,1.8547945205479452,0.24534817351598173,0,nan,0.008252839924984465,8.581928560189202e-05,0.9897082632309833,0.7214074303069375,19.65833927124401,0.13290193454895216,0.5086899692807665,0.43238647388865153
always_now,46,cct_region,2012,0.5,pvgis,365,0.32494362877726723,88.072440650112,0.29,6276,0.0679045281542347,nan,0.0677182919056724,0.08200912285784136,0.41477477477477476,0.35399449035812675,0.5532186105799872,0.0,0.0,0.4467813894200127,0.0,0.0,0.0,0.0,0.21456265784512504,0.11135417778252053,0.1368583929143101,0.1876927048680193,0.7064400034952104,0.0,20.729461989872192,1.0,42.080444495477394,79.04008057147665,0.0,1.8712328767123287,0.27784436834094367,0,nan,0.008801486483124479,8.402427126776302e-05,0.9905436756996518,0.6899659838024077,18.448482744558063,0.13763187419836354,0.5420499961141684,0.4607424966970432
always_now,7,cct_region,2011,0.5,pvgis,365,0.2592832308673501,70.275903079136,0.27,1853,0.13754602684404327,nan,0.13275769023205614,0.12870716543889604,0.6936936936936937,0.31382978723404253,0.3264975715056665,0.0,0.0,0.6735024284943335,0.0,0.0,0.0,0.0,0.4600308825276162,0.19622282931464546,0.18612661836322605,0.22177867300851048,0.7264569469278312,0.0,19.639202912676332,1.0,35.499483177463915,71.48963958459528,0.0,0.6712328767123288,0.2608162100456621,0,nan,0.008546718528774835,7.641309735829177e-06,0.9991067350590713,0.39999007066276804,19.162648628717257,0.13477079785006552,0.5218485290709731,0.44357124971032713
always_now,46,cct_region,2014,0.5,pvgis,365,0.32494362877726723,88.072440650112,0.28,6276,0.07014548429552164,nan,0.07058636073932441,0.08366156337692082,0.4345945945945946,0.3746556473829201,0.5293180369662205,0.0,0.0,0.47068196303377946,0.0,0.0,0.0,0.0,0.21456265784512504,0.11135417778252053,0.1368583929143101,0.19450893389722,0.715944277198921,0.0,22.297233232776282,1.0,45.60650368130288,79.66582014706287,0.0,1.9643835616438357,0.24101027397260275,0,nan,0.010022401347967214,0.00010141499246886047,0.9899825333591056,0.7211430521808605,16.19193655007865,0.1482457221020722,0.6175913528978981,0.5249526499632133
always_now,46,cct_region,2013,0.5,pvgis,365,0.32494362877726723,88.072440650112,0.29,6276,0.06918507452068437,nan,0.0691523263224984,0.08275035896197283,0.42702702702702705,0.359504132231405,0.5393562778840025,0.0,0.0,0.46064372211599747,0.0,0.0,0.0,0.0,0.21456265784512504,0.11135417778252053,0.1368583929143101,0.19133828121897517,0.7119877179565035,0.0,20.64649507784094,1.0,44.592990583395554,79.39851268321134,0.0,1.926027397260274,0.25321537290715374,0,nan,0.008862564432070258,9.077687460206677e-05,0.9898611175992569,0.720959156194269,18.30871695987158,0.13821672110666416,0.546187918133076,0.4642597304131146
always_now,46,cct_region,2015,0.5,pvgis,365,0.32494362877726723,88.072440650112,0.28,6276,0.06737096716821399,nan,0.06724028043339707,0.08191499693668598,0.4117117117117117,0.349862258953168,0.5572020395156151,0.0,0.00031867431485022306,0.44247928616953475,0.0,0.0,0.0,0.0,0.21456265784512504,0.11135417778252053,0.1368583929143101,0.19060306505939736,0.7076938460561312,0.0,21.709066091403,1.0,43.41185730988292,78.91588328961718,0.0,1.8520547945205479,0.26390791476407915,0,nan,0.009596076417582493,9.63630552935116e-05,0.9900579151860396,0.706521701883739,16.912583492290793,0.1445633273821263,0.5912757210959678,0.5025843629315727
always_now,7,cct_region,2013,0.5,pvgis,365,0.2592832308673501,70.275903079136,0.28,1853,0.14110939541513248,nan,0.13599568267674042,0.1286990054994269,0.7027027027027027,0.32978723404255317,0.3167835941716136,0.0,0.0032379924446842958,0.6799784133837021,0.0,0.0,0.0,0.0,0.4600308825276162,0.19622282931464546,0.18612661836322605,0.22425781488825214,0.7311450378984685,0.0,20.64649507784094,1.0,35.5822168786866,71.5443662758808,0.0,0.6794520547945205,0.26129185692541856,0,nan,0.00920670906054665,1.2149032354586505e-05,0.998682154315409,0.4110862000405287,17.781398756448624,0.140502173975259,0.5623854533026198,0.47802763530722686
always_now,7,cct_region,2015,0.5,pvgis,365,0.2592832308673501,70.275903079136,0.28,1853,0.13754602684404327,nan,0.13275769023205614,0.12878475654540342,0.6792792792792792,0.2978723404255319,0.3410685375067458,0.0,0.0,0.6589314624932542,0.0,0.0,0.0,0.0,0.4600308825276162,0.19622282931464546,0.18612661836322605,0.2215077707321637,0.7277511784771272,0.0,21.709066091403,1.0,34.63975171205602,71.37544014520026,0.0,0.6520547945205479,0.2736491628614916,0,nan,0.009930072502985332,9.296060115147923e-06,0.9990647232712891,0.4010092727571999,16.492415065233878,0.14667316219733817,0.606339336018778,0.5153884356159613
always_now,78,cct_region,2011,0.5,pvgis,365,0.26856215194727723,72.79085383900801,0.28,2359,0.06875170967447798,-0.46791443850267367,0.06697753285290377,0.07656761061219058,0.5954022988505747,0.358695652173913,0.4141585417549809,0.0,0.0,0.5858414582450191,0.0,0.0,0.0,0.0,0.10864411416066382,0.24491656788547456,0.19389988146256956,0.21889549985372406,0.7210179752902797,0.0,19.639202912676332,1.0,36.76989662333198,72.35947150019095,0.0,0.8767123287671232,0.2559265601217656,0,nan,0.008517916707855492,1.4238417821220098e-05,0.9983312049990312,0.41868852448579674,19.21251892569042,0.13457860521040077,0.5204939570223814,0.44241986346902423
always_now,78,cct_region,2013,0.5,pvgis,365,0.26856215194727723,72.79085383900801,0.27,2359,0.06875170967447798,-0.46791443850267367,0.06697753285290377,0.0764974188624919,0.5981609195402299,0.358695652173913,0.4116150911403137,0.0,0.0,0.5883849088596863,0.0,0.0,0.0,0.0,0.10864411416066382,0.24491656788547456,0.19389988146256956,0.22148493037498024,0.7258648842887189,0.0,20.64649507784094,1.0,36.85559110023469,72.39046318847761,0.0,0.8821917808219178,0.2556126331811263,0,nan,0.009177849679798933,2.0006944296829686e-05,0.9978248253789457,0.4349078652890927,17.82199902959519,0.14032162685257077,0.56110428372227,0.4769386411639294
always_now,7,cct_region,2014,0.5,pvgis,365,0.2592832308673501,70.275903079136,0.29,1853,0.13932771112958786,nan,0.13437668645439826,0.13178945854583696,0.7117117117117117,0.34574468085106386,0.30706961683756073,0.0,0.0,0.6929303831624393,0.0,0.0,0.0,0.0,0.4600308825276162,0.19622282931464546,0.18612661836322605,0.228540189216058,0.734399077194822,0.0,22.297233232776282,1.0,36.390932382790126,71.64527392484132,0.0,0.6958904109589041,0.2514269406392694,0,nan,0.01041142838919029,1.1913400200481633e-05,0.9988570459991433,0.4061507468027691,15.726644596441993,0.15079320880091707,0.635863546014285,0.5404840141121422
always_now,7,cct_region,2012,0.5,pvgis,365,0.2592832308673501,70.275903079136,0.3,1853,0.13754602684404327,nan,0.13275769023205614,0.12870716543889604,0.6954954954954955,0.31382978723404253,0.3248785752833243,0.0,0.0,0.6751214247166757,0.0,0.0,0.0,0.0,0.4600308825276162,0.19622282931464546,0.18612661836322605,0.22066691913284656,0.7267103487443879,0.0,20.729461989872192,1.0,33.5773735468446,71.50766174452814,0.0,0.673972602739726,0.28590182648401824,0,nan,0.00912394003050345,9.693461616900455e-06,0.9989387069641821,0.4041024555842155,17.947314392504246,0.13976926950363655,0.5571864280806565,0.47360846386855804
always_now,78,cct_region,2012,0.5,pvgis,365,0.26856215194727723,72.79085383900801,0.28,2359,0.06875170967447798,-0.46791443850267367,0.06697753285290377,0.0764974188624919,0.5981609195402299,0.358695652173913,0.4116150911403137,0.0,0.0,0.5883849088596863,0.0,0.0,0.0,0.0,0.10864411416066382,0.24491656788547456,0.19389988146256956,0.21771383552356097,0.7212734143788978,0.0,20.729461989872192,1.0,34.77900081047541,72.39046318847761,0.0,0.8821917808219178,0.28175418569254185,0,nan,0.009094665866639385,1.556483141309522e-05,0.9982914997513265,0.4223575145859929,17.993418307621223,0.13956790193835267,0.5557587685139537,0.47239495323686065
always_now,78,cct_region,2014,0.5,pvgis,365,0.26856215194727723,72.79085383900801,0.28,2359,0.06966353606273366,-0.4572192513368982,0.06782534972445951,0.07717426074214787,0.6036781609195402,0.391304347826087,0.403984739296312,0.0,0.001271725307333616,0.5947435353963544,0.0,0.0,0.0,0.0,0.10864411416066382,0.24491656788547456,0.19389988146256956,0.2259352912919085,0.7291644383244343,0.0,22.297233232776282,1.0,37.69324795667156,72.44662985602388,0.0,0.8904109589041096,0.2446537290715373,0,nan,0.010384181796284937,1.8532972900842996e-05,0.9982184484231231,0.4233426661289587,15.757828169484716,0.15061801987648438,0.6346052192246364,0.5394144363409409
always_now,78,cct_region,2015,0.5,pvgis,365,0.26856215194727723,72.79085383900801,0.28,2359,0.0678398832862223,-0.47860962566844917,0.06612971598134802,0.07617415040305545,0.5944827586206897,0.358695652173913,0.41543026706231456,0.0,0.0,0.5845697329376854,0.0,0.0,0.0,0.0,0.10864411416066382,0.24491656788547456,0.19389988146256956,0.21858706432957092,0.7222972902530183,0.0,21.709066091403,1.0,35.879398106808,72.3439756560476,0.0,0.873972602739726,0.27038622526636225,0,nan,0.009890581057413458,1.915732507056915e-05,0.9980668182820617,0.42534621676591683,16.541727490882586,0.14642026999623436,0.6045317821558701,0.5138520148324897
always_now,0,cct_region,2011,1.0,pvgis,365,0.6324456329947064,85.70875921763201,0.28,1861,0.7935199386503067,1.0,0.8790972595378829,0.5145236624754218,0.9911991199119912,0.13953488372093023,0.0,0.0,0.0,1.0,0.0,0.0,0.0,0.0,0.500191717791411,0.6087039877300612,0.7935199386503067,0.622085382636109,0.7194587524955874,0.0,19.639202912676332,1.0,86.59060994439086,90.2197465449583,0.0,4.67945205479452,0.0,0,nan,0.013312402336069926,0.00016884068261257735,0.9874758816840112,1.4244533457857733,12.15942710934161,0.1763682745387788,0.8224071668900743,0.6990460918565632
always_now,0,cct_region,2013,1.0,pvgis,365,0.6324456329947064,85.70875921763201,0.28,1861,0.7935199386503067,1.0,0.8790972595378829,0.5145236624754218,0.9911991199119912,0.13953488372093023,0.0,0.0,0.0,1.0,0.0,0.0,0.0,0.0,0.500191717791411,0.6087039877300612,0.7935199386503067,0.6301704092602621,0.726579047860747,0.0,20.64649507784094,1.0,86.79241461900928,90.2197465449583,0.0,4.67945205479452,0.0,0,nan,0.014461669274160429,0.00018161143365033407,0.9875976267016815,1.4150922983176315,11.194499040201613,0.1858837951051916,0.8932958914988571,0.7593015077740286
always_now,0,cct_region,2014,1.0,pvgis,365,0.6324456329947064,85.70875921763201,0.28,1861,0.7935199386503067,1.0,0.8790972595378829,0.5145236624754218,0.9911991199119912,0.13953488372093023,0.0,0.0,0.0,1.0,0.0,0.0,0.0,0.0,0.500191717791411,0.6087039877300612,0.7935199386503067,0.6637511503285057,0.7336208059657615,0.0,22.297233232776282,1.0,88.76503964066944,90.2197465449583,0.0,4.67945205479452,0.0,0,nan,0.016679727199748366,0.00020711027726676867,0.9877354017560322,1.4421220710027929,9.70721676288467,0.20394558453200418,1.0301613989124854,0.8756371890756125
always_now,0,cct_region,2015,1.0,pvgis,365,0.6324456329947064,85.70875921763201,0.28,1861,0.7935199386503067,1.0,0.8790972595378829,0.5145236624754218,0.9911991199119912,0.13953488372093023,0.0,0.0,0.0,1.0,0.0,0.0,0.0,0.0,0.500191717791411,0.6087039877300612,0.7935199386503067,0.5968608152656281,0.7186159467690248,0.0,21.709066091403,1.0,84.49354640107268,90.2197465449583,0.0,4.67945205479452,0.0,0,nan,0.01484315479179675,0.00019211509681755153,0.9872223712483515,1.3978671273700234,10.902643786469346,0.18906879647353247,0.9172087244022806,0.7796274157419385
always_now,0,cct_region,2012,1.0,pvgis,365,0.6324456329947064,85.70875921763201,0.29,1861,0.7935199386503067,1.0,0.8790972595378829,0.5145236624754218,0.9911991199119912,0.13953488372093023,0.0,0.0,0.0,1.0,0.0,0.0,0.0,0.0,0.500191717791411,0.6087039877300612,0.7935199386503067,0.5900093268707717,0.7154936406413622,0.0,20.729461989872192,1.0,81.90218548301715,90.2197465449583,0.0,4.67945205479452,0.0,0,nan,0.01386060410669027,0.00016594980702379928,0.9881688825320419,1.403614119093376,11.686704577431389,0.18084740664326593,0.8556732082807463,0.7273222270386345
always_now,100,cct_region,2011,1.0,pvgis,365,0.6105281741575894,82.73851465568,0.28,4890,0.4851177254553531,1.0,0.4840490797546012,0.31731063722233166,0.9556169038012317,0.5469613259668509,0.0,0.0,0.0,1.0,0.0,0.0,0.0,0.0,0.13079900996382557,0.2012227369846206,0.4851177254553531,0.5560919200635008,0.7607105449978505,0.0,19.639202912676332,1.0,83.58980476821888,87.09317332185395,0.0,2.863013698630137,0.0,0,nan,0.012302762654644132,0.00016853301543953434,0.9864863266898712,1.4675293626534558,13.144118796109872,0.1680078697537456,0.7607965322832898,0.6466770524407963
always_now,100,cct_region,2012,1.0,pvgis,365,0.6105281741575894,82.73851465568,0.28,4890,0.4851177254553531,1.0,0.4840490797546012,0.31731063722233166,0.9556169038012317,0.5469613259668509,0.0,0.0,0.0,1.0,0.0,0.0,0.0,0.0,0.13079900996382557,0.2012227369846206,0.4851177254553531,0.5251274628217542,0.760832493953692,0.0,20.729461989872192,1.0,79.06385806743447,87.09317332185395,0.0,2.863013698630137,0.0,0,nan,0.012812659593753455,0.00017478976783597412,0.9865416400888601,1.4498683932272503,12.621738669780578,0.17229117152880757,0.7922838732148971,0.6734412922326625
always_now,100,cct_region,2013,1.0,pvgis,365,0.6105281741575894,82.73851465568,0.28,4890,0.4851177254553531,1.0,0.4840490797546012,0.31731063722233166,0.9556169038012317,0.5469613259668509,0.0,0.0,0.0,1.0,0.0,0.0,0.0,0.0,0.13079900996382557,0.2012227369846206,0.4851177254553531,0.563896759381447,0.7714090374198072,0.0,20.64649507784094,1.0,83.78461588415563,87.09317332185395,0.0,2.863013698630137,0.0,0,nan,0.013340523693528734,0.00018007731997013739,0.9866812636664339,1.4706261053005047,12.12403144396685,0.17669237590490094,0.8248081544671506,0.7010869312970781
always_now,100,cct_region,2015,1.0,pvgis,365,0.6105281741575894,82.73851465568,0.28,4890,0.4851177254553531,1.0,0.4840490797546012,0.31731063722233166,0.9556169038012317,0.5469613259668509,0.0,0.0,0.0,1.0,0.0,0.0,0.0,0.0,0.13079900996382557,0.2012227369846206,0.4851177254553531,0.5317415122858494,0.7632485803428105,0.0,21.709066091403,1.0,81.56541514577572,87.09317332185395,0.0,2.863013698630137,0.0,0,nan,0.013771252319686284,0.00019303653818016658,0.9861764147000279,1.4412465955140141,11.738814163576084,0.18033720181040125,0.8518748027401793,0.7240935823291523
always_now,105,cct_region,2013,1.0,pvgis,365,0.529264676669618,71.725720549728,0.28,2169,0.43668582375478926,1.0,0.43614568925772246,0.24900730762706702,0.9095719095719096,0.5777777777777777,0.0,0.0,0.0,1.0,0.0,0.0,0.0,0.0,0.07260536398467432,0.2796455938697318,0.43668582375478926,0.5553438586755604,0.7659933508032165,0.0,20.64649507784094,1.0,72.63258193940429,75.50075847341449,0.0,1.3068493150684932,0.0,0,nan,0.013127260352676171,0.00015845328458849214,0.9880734081047741,1.2265669641084913,12.338380632351187,0.17475625579587506,0.8104791299581112,0.6889072604643945
always_now,105,cct_region,2012,1.0,pvgis,365,0.529264676669618,71.725720549728,0.28,2169,0.43668582375478926,1.0,0.43614568925772246,0.24900730762706702,0.9095719095719096,0.5777777777777777,0.0,0.0,0.0,1.0,0.0,0.0,0.0,0.0,0.07260536398467432,0.2796455938697318,0.43668582375478926,0.5217348950324258,0.756592811113048,0.0,20.729461989872192,1.0,68.5401739797723,75.50075847341449,0.0,1.3068493150684932,0.0,0,nan,0.01265199279262164,0.00015373367427999433,0.9879949275289189,1.2081751467672563,12.80085063917909,0.17078566547685503,0.7811980845548943,0.66401837187166
always_now,105,cct_region,2011,1.0,pvgis,365,0.529264676669618,71.725720549728,0.29,2169,0.43668582375478926,1.0,0.43614568925772246,0.24900730762706702,0.9095719095719096,0.5777777777777777,0.0,0.0,0.0,1.0,0.0,0.0,0.0,0.0,0.07260536398467432,0.2796455938697318,0.43668582375478926,0.5485778715632159,0.7569552776894671,0.0,19.639202912676332,1.0,72.46370088419438,75.50075847341449,0.0,1.3068493150684932,0.0,0,nan,0.012112571468956279,0.00014559212496050033,0.9881228436996263,1.2228256800273258,13.372654930983233,0.16623273194214683,0.7477946639325078,0.6356254643426317
always_now,100,cct_region,2014,1.0,pvgis,365,0.6105281741575894,82.73851465568,0.3,4890,0.4851177254553531,1.0,0.4840490797546012,0.31731063722233166,0.9556169038012317,0.5469613259668509,0.0,0.0,0.0,1.0,0.0,0.0,0.0,0.0,0.13079900996382557,0.2012227369846206,0.4851177254553531,0.5963137569250374,0.7771242800701957,0.0,22.297233232776282,1.0,85.68887941281247,87.09317332185395,0.0,2.863013698630137,0.0,0,nan,0.015401471188410884,0.00021108687098983495,0.9864796742348872,1.49000180965414,10.49950887005909,0.19373672009554288,0.9524255013981164,0.809561676188399
always_now,105,cct_region,2014,1.0,pvgis,365,0.529264676669618,71.725720549728,0.28,2169,0.43668582375478926,1.0,0.43614568925772246,0.24900730762706702,0.9095719095719096,0.5777777777777777,0.0,0.0,0.0,1.0,0.0,0.0,0.0,0.0,0.07260536398467432,0.2796455938697318,0.43668582375478926,0.5834460371658168,0.771606382541131,0.0,22.297233232776282,1.0,74.28338113827697,75.50075847341449,0.0,1.3068493150684932,0.0,0,nan,0.015083471807543089,0.00019487873674366269,0.9872447790631079,1.2328563085261877,10.729181226326087,0.19103761965902244,0.932037570160815,0.7922319346366928
always_now,105,cct_region,2015,1.0,pvgis,365,0.529264676669618,71.725720549728,0.28,2169,0.43668582375478926,1.0,0.43614568925772246,0.24900730762706702,0.9095719095719096,0.5777777777777777,0.0,0.0,0.0,1.0,0.0,0.0,0.0,0.0,0.07260536398467432,0.2796455938697318,0.43668582375478926,0.5274685907065305,0.7591521841590813,0.0,21.709066091403,1.0,70.70876480699424,75.50075847341449,0.0,1.3068493150684932,0.0,0,nan,0.013640336617375055,0.00017139431061760426,0.9875906711829844,1.2049190784341364,11.868475622904018,0.17908578635886507,0.8425681880073801,0.7161829598062731
always_now,130,cct_region,2011,1.0,pvgis,365,0.5053064365483766,68.47891018896,0.28,1455,0.36964206805125943,1.0,0.35670103092783506,0.25420072013863915,0.9985152190051967,0.8240740740740741,0.0,0.0,0.0,1.0,0.0,0.0,0.0,0.0,0.13661805862424511,0.29496243923994697,0.36964206805125943,0.5974178515076998,0.76452451924773,0.0,19.639202912676332,1.0,69.18348434531293,72.08306335679444,0.0,0.7835616438356164,0.0,0,nan,0.012854679744638125,0.00017483799830897865,0.9865813914407062,1.1523593418049538,12.580986884009791,0.17263930242723402,0.7948502046933871,0.6756226739893791
always_now,130,cct_region,2013,1.0,pvgis,365,0.5053064365483766,68.47891018896,0.28,1455,0.36964206805125943,1.0,0.35670103092783506,0.25420072013863915,0.9985152190051967,0.8240740740740741,0.0,0.0,0.0,1.0,0.0,0.0,0.0,0.0,0.13661805862424511,0.29496243923994697,0.36964206805125943,0.6038775624768508,0.7732031437769448,0.0,20.64649507784094,1.0,69.34472065669041,72.08306335679444,0.0,0.7835616438356164,0.0,0,nan,0.013937573885482878,0.00017979529171401542,0.9872642494888899,1.155687530226693,11.611525474149193,0.18159098478953273,0.861213285219333,0.732031292436433
always_now,130,cct_region,2012,1.0,pvgis,365,0.5053064365483766,68.47891018896,0.28,1455,0.36964206805125943,1.0,0.35670103092783506,0.25420072013863915,0.9985152190051967,0.8240740740740741,0.0,0.0,0.0,1.0,0.0,0.0,0.0,0.0,0.13661805862424511,0.29496243923994697,0.36964206805125943,0.5717899768071213,0.7646927387257842,0.0,20.729461989872192,1.0,65.43756385190234,72.08306335679444,0.0,0.7835616438356164,0.0,0,nan,0.013446909686376742,0.00017056306135173675,0.9874746904575089,1.1404378669776811,12.037783725789682,0.17748954259670302,0.8307176991871066,0.7061100443090407
always_now,130,cct_region,2014,1.0,pvgis,365,0.5053064365483766,68.47891018896,0.28,1455,0.36964206805125943,1.0,0.35670103092783506,0.25420072013863915,0.9985152190051967,0.8240740740740741,0.0,0.0,0.0,1.0,0.0,0.0,0.0,0.0,0.13661805862424511,0.29496243923994697,0.36964206805125943,0.630707638803709,0.7785018771239475,0.0,22.297233232776282,1.0,70.92079307831544,72.08306335679444,0.0,0.7835616438356164,0.0,0,nan,0.015970500132531054,0.00021267729788887753,0.9868581248149018,1.161778882088848,10.129295840312414,0.19832431343362933,0.9872354562103078,0.8391501377787618
always_now,130,cct_region,2015,1.0,pvgis,365,0.5053064365483766,68.47891018896,0.28,1455,0.36964206805125943,1.0,0.35670103092783506,0.25420072013863915,0.9985152190051967,0.8240740740740741,0.0,0.0,0.0,1.0,0.0,0.0,0.0,0.0,0.13661805862424511,0.29496243923994697,0.36964206805125943,0.5772641251057895,0.7669801230070334,0.0,21.709066091403,1.0,67.50798901257977,72.08306335679444,0.0,0.7835616438356164,0.0,0,nan,0.014448064153212837,0.0001817031288705838,0.9875799029904522,1.1358414313376997,11.204839329860206,0.18577377266380102,0.8924715210641724,0.7586007929045465
always_now,28,cct_region,2012,1.0,pvgis,365,0.515310481749955,69.834654076896,0.28,1333,0.2892307692307692,1.0,0.2933233308327082,0.1927165890127566,0.8712121212121212,0.6689655172413793,0.0,0.0,0.0,1.0,0.0,0.0,0.0,0.0,0.1862785862785863,0.19176715176715176,0.2892307692307692,0.5541663987873294,0.7600230175226688,0.0,20.729461989872192,1.0,66.73309523505122,73.51016218621105,0.0,1.1178082191780823,0.0,0,nan,0.013149714999110836,0.0001839872125025312,0.9862013408142352,1.1750313559590566,12.293974263668192,0.17515218383152986,0.8134066157558613,0.691395623392482
always_now,28,cct_region,2011,1.0,pvgis,365,0.515310481749955,69.834654076896,0.28,1333,0.2892307692307692,1.0,0.2933233308327082,0.1927165890127566,0.8712121212121212,0.6689655172413793,0.0,0.0,0.0,1.0,0.0,0.0,0.0,0.0,0.1862785862785863,0.19176715176715176,0.2892307692307692,0.5803016535614198,0.7599409014308344,0.0,19.639202912676332,1.0,70.55317737618083,73.51016218621105,0.0,1.1178082191780823,0.0,0,nan,0.01257634985049458,0.000180014606325881,0.9858882515519826,1.1808967670691444,12.85038479292937,0.1703762469186465,0.778186813946791,0.6614587918547725
always_now,28,cct_region,2014,1.0,pvgis,365,0.515310481749955,69.834654076896,0.28,1333,0.2892307692307692,1.0,0.2933233308327082,0.1927165890127566,0.8712121212121212,0.6689655172413793,0.0,0.0,0.0,1.0,0.0,0.0,0.0,0.0,0.1862785862785863,0.19176715176715176,0.2892307692307692,0.614250511300193,0.7744745140788264,0.0,22.297233232776282,1.0,72.32488130749718,73.51016218621105,0.0,1.1178082191780823,0.0,0,nan,0.015642569459117,0.00022808083553513945,0.9856287655955727,1.1937122028750546,10.328763395676809,0.19581494009636402,0.9681701106819413,0.82294459407965
always_now,28,cct_region,2013,1.0,pvgis,365,0.515310481749955,69.834654076896,0.28,1333,0.2892307692307692,1.0,0.2933233308327082,0.1927165890127566,0.8712121212121212,0.6689655172413793,0.0,0.0,0.0,1.0,0.0,0.0,0.0,0.0,0.1862785862785863,0.19176715176715176,0.2892307692307692,0.5868892537396819,0.7686847487053743,0.0,20.64649507784094,1.0,70.71760584034051,73.51016218621105,0.0,1.1178082191780823,0.0,0,nan,0.01364073413689525,0.00019450153163458396,0.985941581604063,1.1880211996016607,11.848312219347209,0.17927871752821378,0.8440020666969693,0.7174017566924239
always_now,40,cct_region,2014,1.0,pvgis,365,0.4926895242489614,66.769071679648,0.27,1079,0.23636549677683413,1.0,0.247451343836886,0.20203634497041997,0.9513457556935818,0.6460176991150443,0.0,0.0,0.0,1.0,0.0,0.0,0.0,0.0,0.15880487056175177,0.08216514887956615,0.23636549677683413,0.6270776221821592,0.7822363399330847,0.0,22.297233232776282,1.0,69.14998360162295,70.28323334697701,0.0,0.4712328767123288,0.0,0,nan,0.015883257751239468,0.00023342689110156004,0.9855164448345468,1.1255536023825568,10.171086390704458,0.19779107964195697,0.983179142902491,0.8357022714671173
always_now,28,cct_region,2015,1.0,pvgis,365,0.515310481749955,69.834654076896,0.28,1333,0.2892307692307692,1.0,0.2933233308327082,0.1927165890127566,0.8712121212121212,0.6689655172413793,0.0,0.0,0.0,1.0,0.0,0.0,0.0,0.0,0.1862785862785863,0.19176715176715176,0.2892307692307692,0.5597489241480309,0.7623435852915775,0.0,21.709066091403,1.0,68.84451062540988,73.51016218621105,0.0,1.1178082191780823,0.0,0,nan,0.01415814787720591,0.00019436060808124283,0.9864580739819466,1.1663759986844733,11.42129210353926,0.18351312588350333,0.8755576785310634,0.744224026751404
always_now,40,cct_region,2012,1.0,pvgis,365,0.4926895242489614,66.769071679648,0.28,1079,0.23636549677683413,1.0,0.247451343836886,0.20203634497041997,0.9513457556935818,0.6460176991150443,0.0,0.0,0.0,1.0,0.0,0.0,0.0,0.0,0.15880487056175177,0.08216514887956615,0.23636549677683413,0.5696310654803585,0.7682139901786454,0.0,20.729461989872192,1.0,63.80366421300925,70.28323334697701,0.0,0.4712328767123288,0.0,0,nan,0.013391090521984615,0.00018792045904283277,0.9861609612581215,1.1085805947225806,12.07188005503676,0.1771731295086435,0.8283713849383131,0.7041156771975662
always_now,40,cct_region,2013,1.0,pvgis,365,0.4926895242489614,66.769071679648,0.29,1079,0.23636549677683413,1.0,0.247451343836886,0.20203634497041997,0.9513457556935818,0.6460176991150443,0.0,0.0,0.0,1.0,0.0,0.0,0.0,0.0,0.15880487056175177,0.08216514887956615,0.23636549677683413,0.6009174615648789,0.7766101382298684,0.0,20.64649507784094,1.0,67.6132638699357,70.28323334697701,0.0,0.4712328767123288,0.0,0,nan,0.013872703130620008,0.00020029007895570414,0.9857677698004274,1.1235886869849738,11.64813976584961,0.1812277271563777,0.8585061821904233,0.7297302548618597
always_now,40,cct_region,2011,1.0,pvgis,365,0.4926895242489614,66.769071679648,0.29,1079,0.23636549677683413,1.0,0.247451343836886,0.20203634497041997,0.9513457556935818,0.6460176991150443,0.0,0.0,0.0,1.0,0.0,0.0,0.0,0.0,0.15880487056175177,0.08216514887956615,0.23636549677683413,0.5946190420436087,0.768187550547726,0.0,19.639202912676332,1.0,67.45605344117615,70.28323334697701,0.0,0.4712328767123288,0.0,0,nan,0.012795336534902807,0.0001890052592228742,0.98544360105274,1.119021975780367,12.624759454742035,0.17226544948674294,0.7920942997645679,0.6732801547998827
always_now,40,cct_region,2015,1.0,pvgis,365,0.4926895242489614,66.769071679648,0.29,1079,0.23636549677683413,1.0,0.247451343836886,0.20203634497041997,0.9513457556935818,0.6460176991150443,0.0,0.0,0.0,1.0,0.0,0.0,0.0,0.0,0.15880487056175177,0.08216514887956615,0.23636549677683413,0.5749685306813976,0.7706642701511023,0.0,21.709066091403,1.0,65.82239327249897,70.28323334697701,0.0,0.4712328767123288,0.0,0,nan,0.014406019762648409,0.00020091028835788328,0.9862455500467026,1.101930277468133,11.222357556076433,0.18558780467183134,0.8910783629938276,0.7574166085447535
always_now,46,cct_region,2011,1.0,pvgis,365,0.6498872575545345,88.072440650112,0.28,6276,0.1368583929143101,nan,0.13623326959847037,0.12472297578710727,0.9401801801801801,0.8691460055096418,0.0,0.0,0.0,1.0,0.0,0.0,0.0,0.0,0.21456265784512504,0.11135417778252053,0.1368583929143101,0.5383204723234248,0.7566261040378123,0.0,19.639202912676332,1.0,88.97861111044423,92.7078322634352,0.0,3.734246575342466,0.0,0,nan,0.011945369266500333,0.00017394981234902747,0.9856468988713561,1.5728869167698676,13.52585824025963,0.16507428401394664,0.7393246197298641,0.6284259267703844
always_now,46,cct_region,2012,1.0,pvgis,365,0.6498872575545345,88.072440650112,0.29,6276,0.1368583929143101,nan,0.13623326959847037,0.12472297578710727,0.9401801801801801,0.8691460055096418,0.0,0.0,0.0,1.0,0.0,0.0,0.0,0.0,0.21456265784512504,0.11135417778252053,0.1368583929143101,0.505359821119631,0.7566262938540762,0.0,20.729461989872192,1.0,84.16088899095479,92.7078322634352,0.0,3.734246575342466,0.0,0,nan,0.012436406877032192,0.0001848186892550846,0.9853565180113129,1.5493534034060825,12.987977353550392,0.16925434268405537,0.7699428269534518,0.654451402910434
always_now,46,cct_region,2013,1.0,pvgis,365,0.6498872575545345,88.072440650112,0.29,6276,0.1368583929143101,nan,0.13623326959847037,0.12472297578710727,0.9401801801801801,0.8691460055096418,0.0,0.0,0.0,1.0,0.0,0.0,0.0,0.0,0.21456265784512504,0.11135417778252053,0.1368583929143101,0.5466284683090161,0.767202827323327,0.0,20.64649507784094,1.0,89.18598116679111,92.7078322634352,0.0,3.734246575342466,0.0,0,nan,0.013005920429350571,0.00018624219423612912,0.9858823606447104,1.5750134540569267,12.4258771291907,0.17398386996376447,0.8047721618386309,0.6840563375628362
always_now,7,cct_region,2012,1.0,pvgis,365,0.5185664617347002,70.275903079136,0.28,1853,0.18612661836322605,nan,0.18564490016189963,0.1763299368752884,0.9891891891891892,0.8191489361702128,0.0,0.0,0.0,1.0,0.0,0.0,0.0,0.0,0.4600308825276162,0.19622282931464546,0.18612661836322605,0.5542051976688044,0.766402731439361,0.0,20.729461989872192,1.0,67.1547470936892,73.97463482015193,0.0,1.0712328767123287,0.0,0,nan,0.013163352253563408,0.0001806313276165058,0.9864634629893232,1.1619193271775845,12.284501912920948,0.17523698519383113,0.8140338184555868,0.6919287456872487
always_now,46,cct_region,2014,1.0,pvgis,365,0.6498872575545345,88.072440650112,0.29,6276,0.1368583929143101,nan,0.13623326959847037,0.12472297578710727,0.9401801801801801,0.8691460055096418,0.0,0.0,0.0,1.0,0.0,0.0,0.0,0.0,0.21456265784512504,0.11135417778252053,0.1368583929143101,0.5811353011195292,0.7748820402214885,0.0,22.297233232776282,1.0,91.21300736260577,92.7078322634352,0.0,3.734246575342466,0.0,0,nan,0.015036360725429715,0.0002290069256119633,0.9849982698846866,1.5967511626455597,10.738306182740677,0.19093258611028951,0.9312455642280594,0.7915587295938505
always_now,46,cct_region,2015,1.0,pvgis,365,0.6498872575545345,88.072440650112,0.29,6276,0.1368583929143101,nan,0.13623326959847037,0.12472297578710727,0.9401801801801801,0.8691460055096418,0.0,0.0,0.0,1.0,0.0,0.0,0.0,0.0,0.21456265784512504,0.11135417778252053,0.1368583929143101,0.5124002602827786,0.7593948913636376,0.0,21.709066091403,1.0,86.82371461976584,92.7078322634352,0.0,3.734246575342466,0.0,0,nan,0.013413018033133595,0.00018556380618561444,0.9863541795476738,1.5527575003574028,12.054506401176091,0.17733414813021187,0.8295652818289063,0.7051304895545705
always_now,7,cct_region,2013,1.0,pvgis,365,0.5185664617347002,70.275903079136,0.28,1853,0.18612661836322605,nan,0.18564490016189963,0.1763299368752884,0.9891891891891892,0.8191489361702128,0.0,0.0,0.0,1.0,0.0,0.0,0.0,0.0,0.4600308825276162,0.19622282931464546,0.18612661836322605,0.587134811389973,0.7751764561463317,0.0,20.64649507784094,1.0,71.1644337573732,73.97463482015193,0.0,1.0712328767123287,0.0,0,nan,0.013652539130235722,0.0001890423480604468,0.9863424314369807,1.1775231159245017,11.842880243563659,0.17933079731045665,0.844389185260467,0.7177308074713971
always_now,7,cct_region,2011,1.0,pvgis,365,0.5185664617347002,70.275903079136,0.28,1853,0.18612661836322605,nan,0.18564490016189963,0.1763299368752884,0.9891891891891892,0.8191489361702128,0.0,0.0,0.0,1.0,0.0,0.0,0.0,0.0,0.4600308825276162,0.19622282931464546,0.18612661836322605,0.580505587578809,0.766470800733376,0.0,19.639202912676332,1.0,70.99896635492783,73.97463482015193,0.0,1.0712328767123287,0.0,0,nan,0.012592688230602302,0.00018746692386499732,0.9853314046974251,1.1677009878281122,12.826463360399089,0.17057359704126196,0.7796381371091256,0.6626924165427568
always_now,7,cct_region,2014,1.0,pvgis,365,0.5185664617347002,70.275903079136,0.28,1853,0.18612661836322605,nan,0.18564490016189963,0.1763299368752884,0.9891891891891892,0.8191489361702128,0.0,0.0,0.0,1.0,0.0,0.0,0.0,0.0,0.4600308825276162,0.19622282931464546,0.18612661836322605,0.6146689505628982,0.7813609215402552,0.0,22.297233232776282,1.0,72.78186476558025,73.97463482015193,0.0,1.0712328767123287,0.0,0,nan,0.01565841024225957,0.00022312947217974493,0.9859503879225968,1.1858041114433493,10.321681321613442,0.1959025064189961,0.9688344067608592,0.8235092457467303
always_now,7,cct_region,2015,1.0,pvgis,365,0.5185664617347002,70.275903079136,0.27,1853,0.18612661836322605,nan,0.18564490016189963,0.1763299368752884,0.9891891891891892,0.8191489361702128,0.0,0.0,0.0,1.0,0.0,0.0,0.0,0.0,0.4600308825276162,0.19622282931464546,0.18612661836322605,0.5598229961153026,0.7691422246107064,0.0,21.709066091403,1.0,69.27950342411204,73.97463482015193,0.0,1.0712328767123287,0.0,0,nan,0.014165421197088919,0.00020339261894912174,0.9858448566768886,1.1532029095642304,11.408331538545172,0.18364624594770496,0.876552365805038,0.7450695109342823
always_now,78,cct_region,2011,1.0,pvgis,365,0.5371243038945545,72.79085383900801,0.28,2359,0.19389988146256956,1.0,0.18524798643493007,0.12349561387102369,0.9940229885057471,0.9293478260869565,0.0,0.0,0.0,1.0,0.0,0.0,0.0,0.0,0.10864411416066382,0.24491656788547456,0.19389988146256956,0.586117917723593,0.7631469437643752,0.0,19.639202912676332,1.0,73.53979324666396,76.62195140951128,0.0,1.5397260273972602,0.0,0,nan,0.012692157207502929,0.00017585225913938673,0.9863341521782956,1.203144611870356,12.738892697734668,0.17130196501052353,0.7849975847412766,0.6672479470300852
always_now,78,cct_region,2012,1.0,pvgis,365,0.5371243038945545,72.79085383900801,0.28,2359,0.19389988146256956,1.0,0.18524798643493007,0.12349561387102369,0.9940229885057471,0.9293478260869565,0.0,0.0,0.0,1.0,0.0,0.0,0.0,0.0,0.10864411416066382,0.24491656788547456,0.19389988146256956,0.5588763206189352,0.7633033092611374,0.0,20.729461989872192,1.0,69.55800162095082,76.62195140951128,0.0,1.5397260273972602,0.0,0,nan,0.01326280072254703,0.00018805504838226793,0.9860191015661098,1.2030654793375228,12.186896850330669,0.17611795731958269,0.8205534290485661,0.6974704146912812
always_now,78,cct_region,2014,1.0,pvgis,365,0.5371243038945545,72.79085383900801,0.28,2359,0.19389988146256956,1.0,0.18524798643493007,0.12349561387102369,0.9940229885057471,0.9293478260869565,0.0,0.0,0.0,1.0,0.0,0.0,0.0,0.0,0.10864411416066382,0.24491656788547456,0.19389988146256956,0.6215038786670479,0.7778694471477576,0.0,22.297233232776282,1.0,75.38649591334313,76.62195140951128,0.0,1.5397260273972602,0.0,0,nan,0.015806507621770084,0.00021873330052773858,0.9863507012725536,1.222990087330302,10.229124955051574,0.1970571744360471,0.9776007277202706,0.83096061856223
always_now,78,cct_region,2015,1.0,pvgis,365,0.5371243038945545,72.79085383900801,0.29,2359,0.19389988146256956,1.0,0.18524798643493007,0.12349561387102369,0.9940229885057471,0.9293478260869565,0.0,0.0,0.0,1.0,0.0,0.0,0.0,0.0,0.10864411416066382,0.24491656788547456,0.19389988146256956,0.5646951621805508,0.7653965026891939,0.0,21.709066091403,1.0,71.758796213616,76.62195140951128,0.0,1.5397260273972602,0.0,0,nan,0.014254004504634633,0.0001873965747195347,0.9870236569367606,1.1975560584990008,11.350989486978586,0.18423859991887392,0.8809804653128797,0.7488333955159477
always_now,78,cct_region,2013,1.0,pvgis,365,0.5371243038945545,72.79085383900801,0.3,2359,0.19389988146256956,1.0,0.18524798643493007,0.12349561387102369,0.9940229885057471,0.9293478260869565,0.0,0.0,0.0,1.0,0.0,0.0,0.0,0.0,0.10864411416066382,0.24491656788547456,0.19389988146256956,0.5929843803425318,0.7724432889941246,0.0,20.64649507784094,1.0,73.71118220046938,76.62195140951128,0.0,1.5397260273972602,0.0,0,nan,0.013766895149369091,0.00018593365667539881,0.9866741247054611,1.2114176272424855,11.748455750992727,0.1802432626097772,0.8511756959339115,0.7234993415438248
always_now,0,cct_region,2011,2.0,pvgis,365,1.2648912659894127,85.70875921763201,0.29,1861,0.7935199386503067,1.0,0.8790972595378829,0.5145236624754218,0.9911991199119912,0.13953488372093023,0.0,0.0,0.0,1.0,0.0,0.0,0.0,0.0,0.500191717791411,0.6087039877300612,0.7935199386503067,0.9783794485234046,0.9999976851851852,0.9109398782343988,19.639202912676332,1.0,173.18121988878173,90.2197465449583,59.781524503278035,4.67945205479452,0.0,0,nan,0.019314177645884275,0.00015178997928767032,0.9922022895439635,1.5780775724178735,8.421065676540824,0.22421436142317852,1.1874981604593975,1.0093734363904878
always_now,0,cct_region,2012,2.0,pvgis,365,1.2648912659894127,85.70875921763201,0.28,1861,0.7935199386503067,1.0,0.8790972595378829,0.5145236624754218,0.9911991199119912,0.13953488372093023,0.0,0.0,0.0,1.0,0.0,0.0,0.0,0.0,0.500191717791411,0.6087039877300612,0.7935199386503067,0.9711773935516267,0.9999976851851852,0.9026445966514459,20.729461989872192,1.0,163.8043709660343,90.2197465449583,52.55978746385142,4.67945205479452,0.0,0,nan,0.02046827425825504,0.00016648606145070816,0.9919317666466075,1.6088032619514074,7.944080245625451,0.23322890401596796,1.2587989661240744,1.069979121205463
always_now,0,cct_region,2014,2.0,pvgis,365,1.2648912659894127,85.70875921763201,0.28,1861,0.7935199386503067,1.0,0.8790972595378829,0.5145236624754218,0.9911991199119912,0.13953488372093023,0.0,0.0,0.0,1.0,0.0,0.0,0.0,0.0,0.500191717791411,0.6087039877300612,0.7935199386503067,0.9792841240530273,0.9999976851851852,0.9109684170471841,22.297233232776282,1.0,177.53007928133889,90.2197465449583,64.70423572860028,4.67945205479452,0.0,0,nan,0.02310920758883509,0.00018034260995180662,0.9922565009451664,1.5628663942041183,7.038529745307353,0.25331723416526275,1.420751259404293,1.207638570493649
always_now,0,cct_region,2013,2.0,pvgis,365,1.2648912659894127,85.70875921763201,0.28,1861,0.7935199386503067,1.0,0.8790972595378829,0.5145236624754218,0.9911991199119912,0.13953488372093023,0.0,0.0,0.0,1.0,0.0,0.0,0.0,0.0,0.500191717791411,0.6087039877300612,0.7935199386503067,0.9767586036161654,0.9999976851851852,0.8855783866057839,20.64649507784094,1.0,173.58482923801856,90.2197465449583,59.25677944514287,4.67945205479452,0.0,0,nan,0.02084072568260684,0.00016407306258080042,0.9921887819744815,1.5795416709754262,7.804130561667327,0.23606100853777268,1.2813727193543432,1.0891668114511917
always_now,0,cct_region,2015,2.0,pvgis,365,1.2648912659894127,85.70875921763201,0.28,1861,0.7935199386503067,1.0,0.8790972595378829,0.5145236624754218,0.9911991199119912,0.13953488372093023,0.0,0.0,0.0,1.0,0.0,0.0,0.0,0.0,0.500191717791411,0.6087039877300612,0.7935199386503067,0.9772482346316544,0.9999976851851852,0.8944634703196347,21.709066091403,1.0,168.98709280214536,90.2197465449583,55.609975866963204,4.67945205479452,0.0,0,nan,0.02206132860784634,0.00017968028239269635,0.9919212170958865,1.5808639039659957,7.370357731430617,0.24544676647817543,1.356786246257135,1.1532683093185647
always_now,100,cct_region,2012,2.0,pvgis,365,1.2210563483151788,82.73851465568,0.28,4890,0.4851177254553531,1.0,0.4840490797546012,0.31731063722233166,0.9556169038012317,0.5469613259668509,0.0,0.0,0.0,1.0,0.0,0.0,0.0,0.0,0.13079900996382557,0.2012227369846206,0.4851177254553531,0.9751306428213811,0.9999976851851852,0.9108066971080669,20.729461989872192,1.0,158.12771613486893,87.09317332185395,47.403752321374505,2.863013698630137,0.0,0,nan,0.020508221048680275,0.00016537266451539237,0.9920007780548654,1.7608492938081257,7.929158041079227,0.23352660944457437,1.2611679510223148,1.0719927583689675
always_now,100,cct_region,2013,2.0,pvgis,365,1.2210563483151788,82.73851465568,0.29,4890,0.4851177254553531,1.0,0.4840490797546012,0.31731063722233166,0.9556169038012317,0.5469613259668509,0.0,0.0,0.0,1.0,0.0,0.0,0.0,0.0,0.13079900996382557,0.2012227369846206,0.4851177254553531,0.9795765745108173,0.9999976851851852,0.9041095890410958,20.64649507784094,1.0,167.56923176831125,87.09317332185395,56.21857176482787,2.863013698630137,0.0,0,nan,0.020871000559899572,0.00016226283073893878,0.9922854182099408,1.7175173629142884,7.793569109297123,0.23627843011756222,1.2831091711332585,1.0906427954632698
always_now,100,cct_region,2014,2.0,pvgis,365,1.2210563483151788,82.73851465568,0.28,4890,0.4851177254553531,1.0,0.4840490797546012,0.31731063722233166,0.9556169038012317,0.5469613259668509,0.0,0.0,0.0,1.0,0.0,0.0,0.0,0.0,0.13079900996382557,0.2012227369846206,0.4851177254553531,0.9836657141396896,0.9999976851851852,0.9361111111111111,22.297233232776282,1.0,171.37775882562494,87.09317332185395,60.101013676583655,2.863013698630137,0.0,0,nan,0.023168858377536967,0.00018122175123665014,0.9922389237965253,1.7148624638337395,7.020283910160608,0.25376906396072296,1.4244438156591908,1.2107772433103123
always_now,100,cct_region,2015,2.0,pvgis,365,1.2210563483151788,82.73851465568,0.28,4890,0.4851177254553531,1.0,0.4840490797546012,0.31731063722233166,0.9556169038012317,0.5469613259668509,0.0,0.0,0.0,1.0,0.0,0.0,0.0,0.0,0.13079900996382557,0.2012227369846206,0.4851177254553531,0.9801603520288122,0.9999976851851852,0.9011700913242009,21.709066091403,1.0,163.13083029155143,87.09317332185395,52.00218050502686,2.863013698630137,0.0,0,nan,0.0221001292160775,0.00018556528172146227,0.9916733453498706,1.718035723170896,7.355579241435814,0.24578386785143613,1.3595122385015586,1.1555854027263248
always_now,100,cct_region,2011,2.0,pvgis,365,1.2210563483151788,82.73851465568,0.29,4890,0.4851177254553531,1.0,0.4840490797546012,0.31731063722233166,0.9556169038012317,0.5469613259668509,0.0,0.0,0.0,1.0,0.0,0.0,0.0,0.0,0.13079900996382557,0.2012227369846206,0.4851177254553531,0.9825841852987728,0.9999976851851852,0.9246099695585996,19.639202912676332,1.0,167.17960953643777,87.09317332185395,55.848565242649364,2.863013698630137,0.0,0,nan,0.0193714363930582,0.00015577595107719902,0.9920226221576381,1.7154005774798047,8.394654031517288,0.2246893436918993,1.19123432156412,1.0125491733295018
always_now,105,cct_region,2011,2.0,pvgis,365,1.058529353339236,71.725720549728,0.28,2169,0.43668582375478926,1.0,0.43614568925772246,0.24900730762706702,0.9095719095719096,0.5777777777777777,0.0,0.0,0.0,1.0,0.0,0.0,0.0,0.0,0.07260536398467432,0.2796455938697318,0.43668582375478926,0.9797885447601183,0.9999976851851852,0.9109493911719939,19.639202912676332,1.0,144.92740176838876,75.50075847341449,46.27825668869811,1.3068493150684932,0.0,0,nan,0.019335317754338843,0.0001405447413111596,0.9927836448145723,1.4465834024623234,8.416787285574816,0.22429112060966938,1.1881017852427596,1.0098865174563456
always_now,105,cct_region,2012,2.0,pvgis,365,1.058529353339236,71.725720549728,0.29,2169,0.43668582375478926,1.0,0.43614568925772246,0.24900730762706702,0.9095719095719096,0.5777777777777777,0.0,0.0,0.0,1.0,0.0,0.0,0.0,0.0,0.07260536398467432,0.2796455938697318,0.43668582375478926,0.9733768173936395,0.9999976851851852,0.8921423135464231,20.729461989872192,1.0,137.0803479595446,75.50075847341449,38.98734846442294,1.3068493150684932,0.0,0,nan,0.020493581045508507,0.00015280536754627081,0.99259892920295,1.4883362210171467,7.939606890498793,0.2333180443575018,1.2595082020958555,1.070581971781477
always_now,105,cct_region,2014,2.0,pvgis,365,1.058529353339236,71.725720549728,0.28,2169,0.43668582375478926,1.0,0.43614568925772246,0.24900730762706702,0.9095719095719096,0.5777777777777777,0.0,0.0,0.0,1.0,0.0,0.0,0.0,0.0,0.07260536398467432,0.2796455938697318,0.43668582375478926,0.9806993561684011,0.9999976851851852,0.9115201674277017,22.297233232776282,1.0,148.56676227655393,75.50075847341449,49.98230830718211,1.3068493150684932,0.0,0,nan,0.023120295899109303,0.0001649523693000915,0.9929160141477265,1.4370511642881914,7.039830107862018,0.2532851117015974,1.4204888252675432,1.2074155014774117
always_now,105,cct_region,2015,2.0,pvgis,365,1.058529353339236,71.725720549728,0.28,2169,0.43668582375478926,1.0,0.43614568925772246,0.24900730762706702,0.9095719095719096,0.5777777777777777,0.0,0.0,0.0,1.0,0.0,0.0,0.0,0.0,0.07260536398467432,0.2796455938697318,0.43668582375478926,0.9773549153575076,0.9999976851851852,0.8911244292237442,21.709066091403,1.0,141.41752961398848,75.50075847341449,42.94382264755116,1.3068493150684932,0.0,0,nan,0.022052259220313716,0.00016626158500143213,0.992516982275361,1.453083800109912,7.377817509335553,0.2452770628253862,1.3554143874318465,1.1521022293170695
always_now,105,cct_region,2013,2.0,pvgis,365,1.058529353339236,71.725720549728,0.3,2169,0.43668582375478926,1.0,0.43614568925772246,0.24900730762706702,0.9095719095719096,0.5777777777777777,0.0,0.0,0.0,1.0,0.0,0.0,0.0,0.0,0.07260536398467432,0.2796455938697318,0.43668582375478926,0.9771377351737461,0.9999976851851852,0.8807553272450532,20.64649507784094,1.0,145.26516387880858,75.50075847341449,46.59896267068975,1.3068493150684932,0.0,0,nan,0.020840849596353378,0.00014968228496541714,0.9928690570676472,1.452097071797748,7.809434880250939,0.2359520106267039,1.2805023863235891,1.0884270283750506
always_now,130,cct_region,2011,2.0,pvgis,365,1.0106128730967532,68.47891018896,0.28,1455,0.36964206805125943,1.0,0.35670103092783506,0.25420072013863915,0.9985152190051967,0.8240740740740741,0.0,0.0,0.0,1.0,0.0,0.0,0.0,0.0,0.13661805862424511,0.29496243923994697,0.36964206805125943,0.9792481696322148,0.9999976851851852,0.9096746575342466,19.639202912676332,1.0,138.36696869062587,72.08306335679444,43.463637817922546,0.7835616438356164,0.0,0,nan,0.019329145639056276,0.0001349117252939901,0.9930686740812278,1.3791252381237726,8.421892145120195,0.2241995417525101,1.1873816272741264,1.0092743831830076
always_now,130,cct_region,2012,2.0,pvgis,365,1.0106128730967532,68.47891018896,0.28,1455,0.36964206805125943,1.0,0.35670103092783506,0.25420072013863915,0.9985152190051967,0.8240740740740741,0.0,0.0,0.0,1.0,0.0,0.0,0.0,0.0,0.13661805862424511,0.29496243923994697,0.36964206805125943,0.9724204812430192,0.9999976851851852,0.8749619482496195,20.729461989872192,1.0,130.87512770380468,72.08306335679444,36.68405356920071,0.7835616438356164,0.0,0,nan,0.02047766397772851,0.00014867574845624367,0.9927919470720488,1.4161379148122204,7.947323374146295,0.23316433462020525,1.258285277849815,1.0695424861723426
always_now,130,cct_region,2014,2.0,pvgis,365,1.0106128730967532,68.47891018896,0.28,1455,0.36964206805125943,1.0,0.35670103092783506,0.25420072013863915,0.9985152190051967,0.8240740740740741,0.0,0.0,0.0,1.0,0.0,0.0,0.0,0.0,0.13661805862424511,0.29496243923994697,0.36964206805125943,0.9797147827833996,0.9999976851851852,0.9054033485540335,22.297233232776282,1.0,141.84158615663088,72.08306335679444,46.96739459094353,0.7835616438356164,0.0,0,nan,0.023106387946932892,0.00016015107501152494,0.9931166782106924,1.3705030533675338,7.045491023584606,0.2531453939030883,1.4193474899797967,1.206445366482827
always_now,130,cct_region,2013,2.0,pvgis,365,1.0106128730967532,68.47891018896,0.28,1455,0.36964206805125943,1.0,0.35670103092783506,0.25420072013863915,0.9985152190051967,0.8240740740740741,0.0,0.0,0.0,1.0,0.0,0.0,0.0,0.0,0.13661805862424511,0.29496243923994697,0.36964206805125943,0.9760443165028255,0.9999976851851852,0.8770262557077626,20.64649507784094,1.0,138.68944131338083,72.08306335679444,43.76982639253073,0.7835616438356164,0.0,0,nan,0.020827459850405208,0.00014481791226516474,0.993094793331274,1.3811210352260423,7.816232155801761,0.23581252766987593,1.2793888155659874,1.0874804932310893
always_now,28,cct_region,2011,2.0,pvgis,365,1.03062096349991,69.834654076896,0.27,1333,0.2892307692307692,1.0,0.2933233308327082,0.1927165890127566,0.8712121212121212,0.6689655172413793,0.0,0.0,0.0,1.0,0.0,0.0,0.0,0.0,0.1862785862785863,0.19176715176715176,0.2892307692307692,0.9801057567970254,0.9999976851851852,0.9104832572298326,19.639202912676332,1.0,141.10635475236165,73.51016218621105,44.638915061407225,1.1178082191780823,0.0,0,nan,0.01933898704438201,0.0001365266745949492,0.992989829353671,1.4086720880885983,8.416938017366006,0.22428841511332787,1.1880805085374024,1.0098684322567921
always_now,28,cct_region,2013,2.0,pvgis,365,1.03062096349991,69.834654076896,0.28,1333,0.2892307692307692,1.0,0.2933233308327082,0.1927165890127566,0.8712121212121212,0.6689655172413793,0.0,0.0,0.0,1.0,0.0,0.0,0.0,0.0,0.1862785862785863,0.19176715176715176,0.2892307692307692,0.9774253586062586,0.9999976851851852,0.8808504566210046,20.64649507784094,1.0,141.43521168068102,73.51016218621105,44.95116555036933,1.1178082191780823,0.0,0,nan,0.02084601334711375,0.00014684563468218655,0.993004972080767,1.4105400943562136,7.808569188748329,0.23596979058423206,1.2806443483153596,1.0885476960680556
always_now,28,cct_region,2014,2.0,pvgis,365,1.03062096349991,69.834654076896,0.28,1333,0.2892307692307692,1.0,0.2933233308327082,0.1927165890127566,0.8712121212121212,0.6689655172413793,0.0,0.0,0.0,1.0,0.0,0.0,0.0,0.0,0.1862785862785863,0.19176715176715176,0.2892307692307692,0.9809402752533474,0.9999976851851852,0.9080384322678843,22.297233232776282,1.0,144.64976261499436,73.51016218621105,48.18480612719397,1.1178082191780823,0.0,0,nan,0.023125664561015415,0.00016095150399298306,0.993088239890946,1.401379027964274,7.039416606147032,0.253295325172594,1.4205722660692786,1.207486426158887
always_now,130,cct_region,2015,2.0,pvgis,365,1.0106128730967532,68.47891018896,0.29,1455,0.36964206805125943,1.0,0.35670103092783506,0.25420072013863915,0.9985152190051967,0.8240740740740741,0.0,0.0,0.0,1.0,0.0,0.0,0.0,0.0,0.13661805862424511,0.29496243923994697,0.36964206805125943,0.9767547248414705,0.9999976851851852,0.8891076864535769,21.709066091403,1.0,135.01597802515954,72.08306335679444,40.28014370333317,0.7835616438356164,0.0,0,nan,0.02204440364112662,0.0001604461595459474,0.9927742740443537,1.3805580302924738,7.3823598583416326,0.24517387756453424,1.3545804040831995,1.1513933434707195
always_now,28,cct_region,2015,2.0,pvgis,365,1.03062096349991,69.834654076896,0.29,1333,0.2892307692307692,1.0,0.2933233308327082,0.1927165890127566,0.8712121212121212,0.6689655172413793,0.0,0.0,0.0,1.0,0.0,0.0,0.0,0.0,0.1862785862785863,0.19176715176715176,0.2892307692307692,0.9777089830983164,0.9999976851851852,0.8913717656012177,21.709066091403,1.0,137.68902125081976,73.51016218621105,41.392394203602045,1.1178082191780823,0.0,0,nan,0.022058839857056912,0.0001644254000144448,0.9926012042734303,1.4148447560820778,7.376242416799229,0.24531286944161368,1.3557038170580213,1.152348244499318
always_now,28,cct_region,2012,2.0,pvgis,365,1.03062096349991,69.834654076896,0.3,1333,0.2892307692307692,1.0,0.2933233308327082,0.1927165890127566,0.8712121212121212,0.6689655172413793,0.0,0.0,0.0,1.0,0.0,0.0,0.0,0.0,0.1862785862785863,0.19176715176715176,0.2892307692307692,0.973501412890918,0.9999976851851852,0.89191400304414,20.729461989872192,1.0,133.46619047010245,73.51016218621105,37.50107286464376,1.1178082191780823,0.0,0,nan,0.020492526910184144,0.0001504897649354536,0.9927098947162682,1.4532342736803179,7.940902941117286,0.2332922087495034,1.2593026352483032,1.0704072399610578
always_now,40,cct_region,2014,2.0,pvgis,365,0.9853790484979228,66.769071679648,0.27,1079,0.23636549677683413,1.0,0.247451343836886,0.20203634497041997,0.9513457556935818,0.6460176991150443,0.0,0.0,0.0,1.0,0.0,0.0,0.0,0.0,0.15880487056175177,0.08216514887956615,0.23636549677683413,0.9808933364230448,0.9999976851851852,0.9131944444444444,22.297233232776282,1.0,138.2999672032459,70.28323334697701,45.37248053174878,0.4712328767123288,0.0,0,nan,0.023124089716896026,0.0001583671912690892,0.9931980034627037,1.339549651886907,7.04067412110199,0.2532642679081559,1.4203185416618633,1.207270760412584
always_now,40,cct_region,2011,2.0,pvgis,365,0.9853790484979228,66.769071679648,0.29,1079,0.23636549677683413,1.0,0.247451343836886,0.20203634497041997,0.9513457556935818,0.6460176991150443,0.0,0.0,0.0,1.0,0.0,0.0,0.0,0.0,0.15880487056175177,0.08216514887956615,0.23636549677683413,0.980179163401041,0.9999976851851852,0.9109779299847793,19.639202912676332,1.0,134.9121068823523,70.28323334697701,41.981400421972005,0.4712328767123288,0.0,0,nan,0.01933998999052528,0.00013362257842503206,0.9931382747832784,1.3447854252330216,8.417759737623577,0.22427366753213107,1.1879645311453266,1.0097698514735276
always_now,40,cct_region,2015,2.0,pvgis,365,0.9853790484979228,66.769071679648,0.27,1079,0.23636549677683413,1.0,0.247451343836886,0.20203634497041997,0.9513457556935818,0.6460176991150443,0.0,0.0,0.0,1.0,0.0,0.0,0.0,0.0,0.15880487056175177,0.08216514887956615,0.23636549677683413,0.977863454632439,0.9999976851851852,0.8916761796042618,21.709066091403,1.0,131.64478654499794,70.28323334697701,38.87739444199681,0.4712328767123288,0.0,0,nan,0.022061149219075326,0.00015988618167351936,0.9928047375475524,1.3486151031334785,7.376982614566473,0.2452960408152911,1.3555677873300336,1.1522326192305286
always_now,40,cct_region,2012,2.0,pvgis,365,0.9853790484979228,66.769071679648,0.3,1079,0.23636549677683413,1.0,0.247451343836886,0.20203634497041997,0.9513457556935818,0.6460176991150443,0.0,0.0,0.0,1.0,0.0,0.0,0.0,0.0,0.15880487056175177,0.08216514887956615,0.23636549677683413,0.9733377832682031,0.9999976851851852,0.8922754946727549,20.729461989872192,1.0,127.6073284260185,70.28323334697701,35.14974494243519,0.4712328767123288,0.0,0,nan,0.020484989959099136,0.00014589439502365334,0.9929283499185289,1.3890169195495246,7.945572715899232,0.23319918365621206,1.2585625174620607,1.0697781398427517
always_now,40,cct_region,2013,2.0,pvgis,365,0.9853790484979228,66.769071679648,0.3,1079,0.23636549677683413,1.0,0.247451343836886,0.20203634497041997,0.9513457556935818,0.6460176991150443,0.0,0.0,0.0,1.0,0.0,0.0,0.0,0.0,0.15880487056175177,0.08216514887956615,0.23636549677683413,0.9775992068673522,0.9999976851851852,0.880802891933029,20.64649507784094,1.0,135.2265277398714,70.28323334697701,42.27994382502939,0.4712328767123288,0.0,0,nan,0.02084695027987003,0.00014257680596556032,0.9932072406690012,1.3461909859603576,7.8098087278779955,0.23594433346844668,1.280441089972392,1.0883749264765332
always_now,7,cct_region,2012,2.0,pvgis,365,1.0371329234694004,70.275903079136,0.27,1853,0.18612661836322605,nan,0.18564490016189963,0.1763299368752884,0.9891891891891892,0.8191489361702128,0.0,0.0,0.0,1.0,0.0,0.0,0.0,0.0,0.4600308825276162,0.19622282931464546,0.18612661836322605,0.9743128943949179,0.9999976851851852,0.8965658295281583,20.729461989872192,1.0,134.3094941873784,73.97463482015193,37.93278420198602,1.0712328767123287,0.0,0,nan,0.020504968423518358,0.0001494717190408645,0.9927632161409754,1.4408616087445376,7.936511021241319,0.23337978836199558,1.2599995102679185,1.0709995837277306
always_now,46,cct_region,2012,2.0,pvgis,365,1.299774515109069,88.072440650112,0.3,6276,0.1368583929143101,nan,0.13623326959847037,0.12472297578710727,0.9401801801801801,0.8691460055096418,0.0,0.0,0.0,1.0,0.0,0.0,0.0,0.0,0.21456265784512504,0.11135417778252053,0.1368583929143101,0.9782105075448814,0.9999976851851852,0.9153253424657535,20.729461989872192,1.0,168.32177798190958,92.7078322634352,51.49976881981358,3.734246575342466,0.0,0,nan,0.02055453880235613,0.0001714551627713107,0.9917275300253492,1.8397235560895482,7.9091112399627885,0.2339281382220304,1.264364565954322,1.0747098810611735
always_now,46,cct_region,2013,2.0,pvgis,365,1.299774515109069,88.072440650112,0.29,6276,0.1368583929143101,nan,0.13623326959847037,0.12472297578710727,0.9401801801801801,0.8691460055096418,0.0,0.0,0.0,1.0,0.0,0.0,0.0,0.0,0.21456265784512504,0.11135417778252053,0.1368583929143101,0.9812817138996301,0.9999976851851852,0.9124143835616438,20.64649507784094,1.0,178.37196233358222,92.7078322634352,60.87368678241372,3.734246575342466,0.0,0,nan,0.020890348485687774,0.00017195194826512692,0.9918360319280255,1.7959032243042952,7.782824689213003,0.23650016008715613,1.2848805413618019,1.0921484601575318
always_now,46,cct_region,2011,2.0,pvgis,365,1.299774515109069,88.072440650112,0.3,6276,0.1368583929143101,nan,0.13623326959847037,0.12472297578710727,0.9401801801801801,0.8691460055096418,0.0,0.0,0.0,1.0,0.0,0.0,0.0,0.0,0.21456265784512504,0.11135417778252053,0.1368583929143101,0.9835066197654303,0.9999976851851852,0.9273592085235921,19.639202912676332,1.0,177.95722222088847,92.7078322634352,60.480646184907215,3.734246575342466,0.0,0,nan,0.019382744005469316,0.00015890564792997154,0.9918683606170204,1.8010387433790243,8.388452087537841,0.2248012696094206,1.192115052413106,1.01329779455114
always_now,7,cct_region,2011,2.0,pvgis,365,1.0371329234694004,70.275903079136,0.28,1853,0.18612661836322605,nan,0.18564490016189963,0.1763299368752884,0.9891891891891892,0.8191489361702128,0.0,0.0,0.0,1.0,0.0,0.0,0.0,0.0,0.4600308825276162,0.19622282931464546,0.18612661836322605,0.980679991104536,0.9999976851851852,0.9125475646879756,19.639202912676332,1.0,141.99793270985566,73.97463482015193,45.02142824524645,1.0712328767123287,0.0,0,nan,0.01934663962809547,0.00013870198804781744,0.9928817266445611,1.3955283678477253,8.41269273376156,0.2243646475041553,1.188680047693684,1.0103780405396314
always_now,7,cct_region,2013,2.0,pvgis,365,1.0371329234694004,70.275903079136,0.28,1853,0.18612661836322605,nan,0.18564490016189963,0.1763299368752884,0.9891891891891892,0.8191489361702128,0.0,0.0,0.0,1.0,0.0,0.0,0.0,0.0,0.4600308825276162,0.19622282931464546,0.18612661836322605,0.9780030077201521,0.9999976851851852,0.8816019786910197,20.64649507784094,1.0,142.3288675147464,73.97463482015193,45.33565168329002,1.0712328767123287,0.0,0,nan,0.020852813001419116,0.00014701288183385195,0.9929993285348575,1.3977377122119021,7.805978618123561,0.23602301796185754,1.2810693558373913,1.0889089524617825
always_now,7,cct_region,2014,2.0,pvgis,365,1.0371329234694004,70.275903079136,0.28,1853,0.18612661836322605,nan,0.18564490016189963,0.1763299368752884,0.9891891891891892,0.8191489361702128,0.0,0.0,0.0,1.0,0.0,0.0,0.0,0.0,0.4600308825276162,0.19622282931464546,0.18612661836322605,0.9815151470212525,0.9999976851851852,0.9198059360730594,22.297233232776282,1.0,145.5637295311605,73.97463482015193,48.72159544789373,1.0712328767123287,0.0,0,nan,0.023134659354876665,0.00016147828698771604,0.9930684523988419,1.3908781832996961,7.036539461992619,0.2533664198473745,1.4211531185200208,1.2079801507420178
always_now,7,cct_region,2015,2.0,pvgis,365,1.0371329234694004,70.275903079136,0.27,1853,0.18612661836322605,nan,0.18564490016189963,0.1763299368752884,0.9891891891891892,0.8191489361702128,0.0,0.0,0.0,1.0,0.0,0.0,0.0,0.0,0.4600308825276162,0.19622282931464546,0.18612661836322605,0.9784868477068396,0.9999976851851852,0.8917237442922374,21.709066091403,1.0,138.55900684822407,73.97463482015193,41.75439430395543,1.0712328767123287,0.0,0,nan,0.022070676441622413,0.0001626882169174288,0.9926826992038319,1.3996022021109893,7.372891793326794,0.24538908447606522,1.3563199190107473,1.1528719311591353
always_now,46,cct_region,2015,2.0,pvgis,365,1.299774515109069,88.072440650112,0.3,6276,0.1368583929143101,nan,0.13623326959847037,0.12472297578710727,0.9401801801801801,0.8691460055096418,0.0,0.0,0.0,1.0,0.0,0.0,0.0,0.0,0.21456265784512504,0.11135417778252053,0.1368583929143101,0.9816016430279421,0.9999976851851852,0.9058219178082192,21.709066091403,1.0,173.64742923953168,92.7078322634352,56.38602325412064,3.734246575342466,0.0,0,nan,0.02212018438190262,0.00019194586094838356,0.9913972418205167,1.801795507804915,7.3468642413250995,0.24598322415345286,1.3611249196291633,1.1569561816847889
always_now,46,cct_region,2014,2.0,pvgis,365,1.299774515109069,88.072440650112,0.31,6276,0.1368583929143101,nan,0.13623326959847037,0.12472297578710727,0.9401801801801801,0.8691460055096418,0.0,0.0,0.0,1.0,0.0,0.0,0.0,0.0,0.21456265784512504,0.11135417778252053,0.1368583929143101,0.984953479086415,0.9999976851851852,0.9419520547945206,22.297233232776282,1.0,182.42601472521153,92.7078322634352,65.03945405007256,3.734246575342466,0.0,0,nan,0.02318943080713392,0.00018492749102778526,0.9920884462936324,1.7874555901438833,7.012992174500993,0.2539502131806547,1.4259248764542571,1.2120361449861186
always_now,78,cct_region,2011,2.0,pvgis,365,1.074248607789109,72.79085383900801,0.28,2359,0.19389988146256956,1.0,0.18524798643493007,0.12349561387102369,0.9940229885057471,0.9293478260869565,0.0,0.0,0.0,1.0,0.0,0.0,0.0,0.0,0.10864411416066382,0.24491656788547456,0.19389988146256956,0.9804926506718489,0.9999976851851852,0.9124619482496195,19.639202912676332,1.0,147.07958649332792,76.62195140951128,47.21962943667913,1.5397260273972602,0.0,0,nan,0.01934429415026386,0.00013917456663378906,0.9928567870200092,1.4273004019593543,8.413501425791909,0.22435012049944425,1.1885657937068412,1.010280924650815
always_now,78,cct_region,2013,2.0,pvgis,365,1.074248607789109,72.79085383900801,0.28,2359,0.19389988146256956,1.0,0.18524798643493007,0.12349561387102369,0.9940229885057471,0.9293478260869565,0.0,0.0,0.0,1.0,0.0,0.0,0.0,0.0,0.10864411416066382,0.24491656788547456,0.19389988146256956,0.9777840970205912,0.9999976851851852,0.882134703196347,20.64649507784094,1.0,147.42236440093876,76.62195140951128,47.54510259129038,1.5397260273972602,0.0,0,nan,0.02084928795882505,0.00014727900872660654,0.9929855671665653,1.4274360423444143,7.807190198393897,0.23599812019033695,1.2808705495681674,1.0887399671329425
always_now,78,cct_region,2012,2.0,pvgis,365,1.074248607789109,72.79085383900801,0.29,2359,0.19389988146256956,1.0,0.18524798643493007,0.12349561387102369,0.9940229885057471,0.9293478260869565,0.0,0.0,0.0,1.0,0.0,0.0,0.0,0.0,0.10864411416066382,0.24491656788547456,0.19389988146256956,0.9731581326658784,0.9999976851851852,0.8985445205479452,20.729461989872192,1.0,139.11600324190164,76.62195140951128,40.01074544735857,1.5397260273972602,0.0,0,nan,0.02048273466503431,0.00014980936764899096,0.992739171310543,1.4716342356527035,7.944933575293658,0.23321190997935604,1.2586637641750684,1.069864199548808
always_now,78,cct_region,2014,2.0,pvgis,365,1.074248607789109,72.79085383900801,0.28,2359,0.19389988146256956,1.0,0.18524798643493007,0.12349561387102369,0.9940229885057471,0.9293478260869565,0.0,0.0,0.0,1.0,0.0,0.0,0.0,0.0,0.10864411416066382,0.24491656788547456,0.19389988146256956,0.9813413867289534,0.9999976851851852,0.9170566971080669,22.297233232776282,1.0,150.77299182668625,76.62195140951128,50.897440422500644,1.5397260273972602,0.0,0,nan,0.02313221915937128,0.00016371583460624112,0.9929723432586602,1.42028553754997,7.036600671806827,0.25336490680866874,1.4211407562271463,1.2079696427930744
always_now,78,cct_region,2015,2.0,pvgis,365,1.074248607789109,72.79085383900801,0.29,2359,0.19389988146256956,1.0,0.18524798643493007,0.12349561387102369,0.9940229885057471,0.9293478260869565,0.0,0.0,0.0,1.0,0.0,0.0,0.0,0.0,0.10864411416066382,0.24491656788547456,0.19389988146256956,0.9781051440404073,0.9999976851851852,0.8917713089802131,21.709066091403,1.0,143.517592427232,76.62195140951128,43.835678755324444,1.5397260273972602,0.0,0,nan,0.022066080323072827,0.00016404954282707326,0.9926203965601335,1.4367855697991967,7.373964651481559,0.24536467398289696,1.3561225843401383,1.1527041966891174
triage_only,0,cct_region,2011,0.5,pvgis,365,0.3162228164973532,85.70875921763201,0.26,1861,0.31844325153374226,-0.6196078431372553,0.4288017195056421,0.19993595017112079,0.6463146314631463,0.18604651162790697,0.3401397098334229,0.0,0.6598602901665771,0.0,0.0,0.0,0.0,0.0,0.500191717791411,0.6087039877300612,0.7935199386503067,0.3296506964385204,0.7388572879905441,0.0,19.639202912676332,1.0,43.29530497219543,67.337535253173,0.0,0.0,0.08922184170471842,0,nan,0.009736019665570975,0.00010745926301691069,0.989083202819196,0.7298258504492008,16.653074895392336,0.14585447578499355,0.6004897031218454,0.5104162476535685
triage_only,0,cct_region,2012,0.5,pvgis,365,0.3162228164973532,85.70875921763201,0.27,1861,0.2898773006134969,-0.7169934640522877,0.3799032778076303,0.13463844866779862,0.583058305830583,0.18604651162790697,0.4234282643739925,0.0,0.5765717356260075,0.0,0.0,0.0,0.0,0.0,0.500191717791411,0.6087039877300612,0.7935199386503067,0.32248711311929346,0.7391174049253544,0.0,20.729461989872192,1.0,40.951092741508575,67.20584172836774,0.0,0.0,0.1202720700152207,0,nan,0.01033255089401259,0.00010849217931918582,0.989609066971834,0.7129366565295396,15.699982336791715,0.15094352002753342,0.6369433917492863,0.5414018829868933
triage_only,0,cct_region,2013,0.5,pvgis,365,0.3162228164973532,85.70875921763201,0.27,1861,0.3205521472392638,-0.6124183006535949,0.43148844707146694,0.1991545321620433,0.6523652365236524,0.18604651162790697,0.33369156367544334,0.0,0.6663084363245567,0.0,0.0,0.0,0.0,0.0,0.500191717791411,0.6087039877300612,0.7935199386503067,0.3332458854094201,0.7445127825269452,0.0,20.64649507784094,1.0,43.39620730950464,67.34828504049241,0.0,0.0,0.08877473363774734,0,nan,0.010517181841330847,0.00011556777633844062,0.9891309604294272,0.7375458722561928,15.41691450691028,0.15256969611329452,0.6486382210602342,0.5513424879011991
triage_only,0,cct_region,2014,0.5,pvgis,365,0.3162228164973532,85.70875921763201,0.27,1861,0.3338765337423312,-0.5669934640522879,0.44760881246641593,0.20088219744374183,0.6787678767876788,0.18604651162790697,0.3068242880171951,0.0,0.6931757119828049,0.0,0.0,0.0,0.0,0.0,0.500191717791411,0.6087039877300612,0.7935199386503067,0.34552491421871,0.748136614997196,0.0,22.297233232776282,1.0,44.38251982033472,67.38886529467406,0.0,0.0,0.07508561643835616,0,nan,0.01194692493642158,0.00013369739360351431,0.9889329051143976,0.7386812952524746,13.569184380640252,0.16475113121628715,0.7369639706766338,0.6264193750751388
triage_only,0,cct_region,2015,0.5,pvgis,365,0.3162228164973532,85.70875921763201,0.27,1861,0.30176380368098155,-0.6764705882352944,0.39333691563675444,0.13637136069514824,0.6094609460946094,0.18604651162790697,0.39763567974207414,0.0,0.6023643202579259,0.0,0.0,0.0,0.0,0.0,0.500191717791411,0.6087039877300612,0.7935199386503067,0.32201992325073614,0.7403763835258222,0.0,21.709066091403,1.0,42.24677320053634,67.24968298290852,0.0,0.0,0.10233066971080669,0,nan,0.01115422928608592,0.0001162479249354394,0.9896856253059311,0.7114309865362348,14.54456530631103,0.1579568762203436,0.6875420330135891,0.5844107280615507
triage_only,100,cct_region,2011,0.5,pvgis,365,0.3052640870787947,82.73851465568,0.28,4890,0.09267838632565419,-0.10758851274702967,0.10081799591002046,0.07576136344914909,0.6419622000424718,0.4419889502762431,0.2952965235173824,0.0,0.7047034764826176,0.0,0.0,0.0,0.0,0.0,0.13079900996382557,0.2012227369846206,0.4851177254553531,0.27437509956652023,0.7332691489047684,0.0,19.639202912676332,1.0,41.79490238410944,70.00908585497909,0.0,0.0,0.1496099695585997,0,nan,0.009107609996929231,8.807028699410691e-05,0.9904226458212039,0.6720594502606526,17.82621695923644,0.1403029149166447,0.5609715186832516,0.4768257908807638
triage_only,100,cct_region,2013,0.5,pvgis,365,0.3052640870787947,82.73851465568,0.28,4890,0.09267838632565419,-0.10758851274702967,0.10081799591002046,0.07576136344914909,0.6419622000424718,0.4419889502762431,0.2952965235173824,0.0,0.7047034764826176,0.0,0.0,0.0,0.0,0.0,0.13079900996382557,0.2012227369846206,0.4851177254553531,0.2772973232137452,0.7387999955773777,0.0,20.64649507784094,1.0,41.892307942077814,70.00908585497909,0.0,0.0,0.1483162100456621,0,nan,0.009827964695152508,9.295964831518427e-05,0.990629940810264,0.6782490419990552,16.523076495077213,0.14651575050545074,0.6052141683771385,0.5144320431205678
triage_only,100,cct_region,2014,0.5,pvgis,365,0.3052640870787947,82.73851465568,0.28,4890,0.09462461128387381,-0.10209564750134337,0.10306748466257669,0.08011004576589618,0.64918241664897,0.44751381215469616,0.28732106339468305,0.0,0.712678936605317,0.0,0.0,0.0,0.0,0.0,0.13079900996382557,0.2012227369846206,0.4851177254553531,0.28640029320709753,0.7423834293244858,0.0,22.297233232776282,1.0,42.844439706406234,70.03518055850381,0.0,0.0,0.13511225266362253,0,nan,0.011152849946611584,0.0001084362058622723,0.9903708862030426,0.678986081928588,14.556436059746147,0.15787947922494983,0.686981343438429,0.5839341419226646
triage_only,100,cct_region,2012,0.5,pvgis,365,0.3052640870787947,82.73851465568,0.29,4890,0.09263607708743203,-0.1077079228610663,0.10040899795501022,0.07539120113644629,0.6419622000424718,0.4198895027624309,0.2965235173824131,0.0,0.7034764826175869,0.0,0.0,0.0,0.0,0.0,0.13079900996382557,0.2012227369846206,0.4851177254553531,0.2721225594949784,0.7335742190027216,0.0,20.729461989872192,1.0,39.53192903371723,70.0062372771089,0.0,0.0,0.17887176560121765,0,nan,0.009713204335570704,9.089008140534674e-05,0.9907293751426987,0.6622352930953024,16.719972784549203,0.14551798978407982,0.5980870979192575,0.5083740332313689
triage_only,105,cct_region,2011,0.5,pvgis,365,0.264632338334809,71.725720549728,0.27,2169,0.07159961685823754,-0.0027624309392265123,0.0834485938220378,0.08632406239962791,0.7445887445887446,0.5777777777777777,0.06639004149377593,0.0,0.9336099585062241,0.0,0.0,0.0,0.0,0.0,0.07260536398467432,0.2796455938697318,0.43668582375478926,0.2572431773965019,0.7298124479500533,0.0,19.639202912676332,1.0,36.23185044209719,68.26244766271658,0.0,0.0,0.20217846270928463,0,nan,0.008912288138214907,1.1724441037578601e-05,0.9986861917849783,0.4111707261522671,18.368888476255528,0.13796389332696102,0.5443987540632337,0.4627389409537486
triage_only,100,cct_region,2015,0.5,pvgis,365,0.3052640870787947,82.73851465568,0.29,4890,0.09200143851409955,-0.10949907457161617,0.09979550102249489,0.07235491905605847,0.638139732427267,0.4198895027624309,0.3002044989775051,0.0,0.6997955010224949,0.0,0.0,0.0,0.0,0.0,0.13079900996382557,0.2012227369846206,0.4851177254553531,0.27053028099480575,0.7347286473101101,0.0,21.709066091403,1.0,40.78270757288786,69.99769154349833,0.0,0.0,0.16470700152207002,0,nan,0.01049590273765418,9.428790188015878e-05,0.9910966756794564,0.6547478429689262,15.478870721839835,0.15220895388579359,0.6460419613099133,0.5491356671134263
triage_only,105,cct_region,2012,0.5,pvgis,365,0.264632338334809,71.725720549728,0.27,2169,0.07159961685823754,-0.0027624309392265123,0.0834485938220378,0.08632406239962791,0.7445887445887446,0.5777777777777777,0.06639004149377593,0.0,0.9336099585062241,0.0,0.0,0.0,0.0,0.0,0.07260536398467432,0.2796455938697318,0.43668582375478926,0.25591324337350824,0.7300695816385887,0.0,20.729461989872192,1.0,34.27008698988615,68.26244766271658,0.0,0.0,0.22683599695585996,0,nan,0.009514263709430013,1.3248373598454123e-05,0.9986094613700828,0.4134443178600099,17.20535123969998,0.14315121225571648,0.5812145221961988,0.494032343866769
triage_only,105,cct_region,2013,0.5,pvgis,365,0.264632338334809,71.725720549728,0.28,2169,0.07159961685823754,-0.0027624309392265123,0.0834485938220378,0.08632406239962791,0.7445887445887446,0.5777777777777777,0.06639004149377593,0.0,0.9336099585062241,0.0,0.0,0.0,0.0,0.0,0.07260536398467432,0.2796455938697318,0.43668582375478926,0.2599038825300567,0.7345947458649477,0.0,20.64649507784094,1.0,36.316290969702145,68.26244766271658,0.0,0.0,0.20072298325722984,0,nan,0.009612704624727266,1.6285070142392495e-05,0.9983087457086937,0.42088881888724844,17.02402817154633,0.1440203457662077,0.5874050429917538,0.49929428654299074
triage_only,105,cct_region,2015,0.5,pvgis,365,0.264632338334809,71.725720549728,0.26,2169,0.07159961685823754,-0.0027624309392265123,0.0834485938220378,0.08632406239962791,0.7445887445887446,0.5777777777777777,0.06639004149377593,0.0,0.9336099585062241,0.0,0.0,0.0,0.0,0.0,0.07260536398467432,0.2796455938697318,0.43668582375478926,0.2551042446949968,0.7311127997480846,0.0,21.709066091403,1.0,35.35438240349712,68.26244766271658,0.0,0.0,0.21664764079147641,0,nan,0.01030932176677156,1.571090187333301e-05,0.9984783678291843,0.4153184520955658,15.876384810558143,0.1499579265654245,0.6298663152426099,0.5353863679562184
triage_only,105,cct_region,2014,0.5,pvgis,365,0.264632338334809,71.725720549728,0.28,2169,0.07159961685823754,-0.0027624309392265123,0.0834485938220378,0.08632406239962791,0.7445887445887446,0.5777777777777777,0.06639004149377593,0.0,0.9336099585062241,0.0,0.0,0.0,0.0,0.0,0.07260536398467432,0.2796455938697318,0.43668582375478926,0.2662837160923857,0.7378978470370735,0.0,22.297233232776282,1.0,37.14169056913848,68.26244766271658,0.0,0.0,0.18965943683409436,0,nan,0.010882837884107157,1.5739945525010958e-05,0.9985557798667808,0.41369402211311934,15.040879130421633,0.15481945391580332,0.6648547543856019,0.5651265412277616
triage_only,130,cct_region,2011,0.5,pvgis,365,0.2526532182741883,68.47891018896,0.27,1455,0.1150390337310355,-0.09260429835651081,0.11477663230240549,0.06925035329114793,0.6250927988121752,0.5648148148148148,0.3539518900343643,0.0,0.6460481099656358,0.0,0.0,0.0,0.0,0.0,0.13661805862424511,0.29496243923994697,0.36964206805125943,0.26026078842617123,0.7309157318516157,0.0,19.639202912676332,1.0,34.59174217265647,67.25217193645567,0.0,0.0,0.2106164383561644,0,nan,0.008944326689892661,7.953327701657212e-06,0.9991115863572155,0.39999007066276804,18.31088745066316,0.13820757360082292,0.5461231754574426,0.46420469913882617
triage_only,130,cct_region,2013,0.5,pvgis,365,0.2526532182741883,68.47891018896,0.26,1455,0.1150390337310355,-0.09260429835651081,0.11477663230240549,0.06925035329114793,0.6250927988121752,0.5648148148148148,0.3539518900343643,0.0,0.6460481099656358,0.0,0.0,0.0,0.0,0.0,0.13661805862424511,0.29496243923994697,0.36964206805125943,0.2628070869713549,0.7354134956514461,0.0,20.64649507784094,1.0,34.672360328345206,67.25217193645567,0.0,0.0,0.20941780821917808,0,nan,0.009648142534009193,8.570922188169352e-06,0.9991124390065993,0.39999007066276804,16.97515335549169,0.1442576390124244,0.5890962980175296,0.5007318533149001
triage_only,130,cct_region,2012,0.5,pvgis,365,0.2526532182741883,68.47891018896,0.27,1455,0.1150390337310355,-0.09260429835651081,0.11477663230240549,0.06925035329114793,0.6250927988121752,0.5648148148148148,0.3539518900343643,0.0,0.6460481099656358,0.0,0.0,0.0,0.0,0.0,0.13661805862424511,0.29496243923994697,0.36964206805125943,0.25900068579984176,0.731089108503019,0.0,20.729461989872192,1.0,32.71878192595117,67.25217193645567,0.0,0.0,0.23386605783866057,0,nan,0.009549578324838048,8.58774571666894e-06,0.9991015278816797,0.39999007066276804,17.150171970121136,0.14341385076677904,0.58308453217973,0.49562185235277045
triage_only,130,cct_region,2015,0.5,pvgis,365,0.2526532182741883,68.47891018896,0.27,1455,0.1150390337310355,-0.09260429835651081,0.11477663230240549,0.06947816387000541,0.6184112843355605,0.5648148148148148,0.36013745704467354,0.0,0.6398625429553264,0.0,0.0,0.0,0.0,0.0,0.13661805862424511,0.29496243923994697,0.36964206805125943,0.25825695619339606,0.7321941924218869,0.0,21.709066091403,1.0,33.753994506289885,67.24032012228187,0.0,0.0,0.22429604261796043,0,nan,0.01034530273361615,9.20000981720047e-06,0.9991114967038823,0.39999007066276804,15.83119884080849,0.15020840518477463,0.6316641020402537,0.5369144867342156
triage_only,130,cct_region,2014,0.5,pvgis,365,0.2526532182741883,68.47891018896,0.27,1455,0.1150390337310355,-0.09260429835651081,0.11477663230240549,0.06915385282055465,0.6273199703043801,0.5833333333333334,0.35051546391752575,0.0,0.6494845360824743,0.0,0.0,0.0,0.0,0.0,0.13661805862424511,0.29496243923994697,0.36964206805125943,0.26881979432812475,0.7386721007700978,0.0,22.297233232776282,1.0,35.46039653915772,67.25707206713699,0.0,0.0,0.19895357686453577,0,nan,0.010916778640722768,9.696663387212083e-06,0.9991125533973829,0.39999007066276804,15.002476760948747,0.15505520860426492,0.6665566065751137,0.5665731155888467
triage_only,28,cct_region,2011,0.5,pvgis,365,0.2576552408749775,69.834654076896,0.27,1333,0.15118503118503118,-0.3408723747980617,0.15528882220555137,0.09438551033473805,0.7171717171717171,0.5379310344827586,0.1935483870967742,0.0,0.8064516129032258,0.0,0.0,0.0,0.0,0.0,0.1862785862785863,0.19176715176715176,0.2892307692307692,0.26265181328377174,0.7309658150014258,0.0,19.639202912676332,1.0,35.27658868809041,67.46784388590285,0.0,0.0,0.2040144596651446,0,nan,0.008969326522172007,7.973129580185738e-06,0.999111856583886,0.39999007066276804,18.25985521124892,0.13842319752567922,0.5476494684273036,0.46550204816320795
triage_only,28,cct_region,2013,0.5,pvgis,365,0.2576552408749775,69.834654076896,0.27,1333,0.15118503118503118,-0.3408723747980617,0.15528882220555137,0.09438551033473805,0.7171717171717171,0.5448275862068965,0.19279819954988747,0.0,0.8072018004501126,0.0,0.0,0.0,0.0,0.0,0.1862785862785863,0.19176715176715176,0.2892307692307692,0.26523108718569427,0.7356270916501344,0.0,20.64649507784094,1.0,35.358802920170255,67.46831864888122,0.0,0.0,0.20271118721461187,0,nan,0.009676089928936439,8.979376896158681e-06,0.9990728639504157,0.4010012984409179,16.92545367024591,0.14450027382661135,0.590826112837347,0.502202195911745
triage_only,28,cct_region,2012,0.5,pvgis,365,0.2576552408749775,69.834654076896,0.27,1333,0.15118503118503118,-0.3408723747980617,0.15528882220555137,0.09438551033473805,0.7171717171717171,0.5379310344827586,0.1935483870967742,0.0,0.8064516129032258,0.0,0.0,0.0,0.0,0.0,0.1862785862785863,0.19176715176715176,0.2892307692307692,0.26134203104622605,0.731219641972842,0.0,20.729461989872192,1.0,33.36654761752561,67.46784388590285,0.0,0.0,0.2277872907153729,0,nan,0.009575446582091618,9.700581490851242e-06,0.998987956958271,0.403050471696567,17.10189619746259,0.14364495327447202,0.5847304816107878,0.4970209093691696
triage_only,28,cct_region,2015,0.5,pvgis,365,0.2576552408749775,69.834654076896,0.27,1333,0.15118503118503118,-0.3408723747980617,0.15528882220555137,0.09466725817223626,0.7121212121212122,0.5379310344827586,0.1980495123780945,0.0,0.8019504876219055,0.0,0.0,0.0,0.0,0.0,0.1862785862785863,0.19176715176715176,0.2892307692307692,0.26050415512625497,0.7322655425724099,0.0,21.709066091403,1.0,34.42225531270494,67.46246899224316,0.0,0.0,0.21808409436834095,0,nan,0.010373687461626301,9.669720889372216e-06,0.9990687288591348,0.40099202545307955,15.787205327484932,0.15045357949280602,0.6334243327152004,0.5384106828079203
triage_only,28,cct_region,2014,0.5,pvgis,365,0.2576552408749775,69.834654076896,0.27,1333,0.15118503118503118,-0.3408723747980617,0.15528882220555137,0.09431326469957851,0.7171717171717171,0.5517241379310345,0.19204801200300076,0.0,0.8079519879969993,0.0,0.0,0.0,0.0,0.0,0.1862785862785863,0.19176715176715176,0.2892307692307692,0.27152640768599573,0.7388717004010101,0.0,22.297233232776282,1.0,36.16244065374859,67.4687934118596,0.0,0.0,0.19189497716894977,0,nan,0.010950905121209428,1.208451707762153e-05,0.998897698759523,0.40508426141621034,14.952508142167986,0.15536368271306766,0.6687841200232302,0.5684665020197456
triage_only,40,cct_region,2012,0.5,pvgis,365,0.2463447621244807,66.769071679648,0.27,1079,0.09301135782257239,-0.8482849604221638,0.10009267840593142,0.06374227779826197,0.6811594202898551,0.4778761061946903,0.3030583873957368,0.0,0.6969416126042632,0.0,0.0,0.0,0.0,0.0,0.15880487056175177,0.08216514887956615,0.23636549677683413,0.2552189050518096,0.7316410880860957,0.0,20.729461989872192,1.0,31.901832106504624,67.23112702283842,0.0,0.0,0.2453386605783866,0,nan,0.009502201339121987,8.554036000878353e-06,0.999100593416244,0.39999007066276804,17.235664819827488,0.14300760907386245,0.5801922991967357,0.4931634543172253
triage_only,40,cct_region,2011,0.5,pvgis,365,0.2463447621244807,66.769071679648,0.27,1079,0.09301135782257239,-0.8482849604221638,0.10009267840593142,0.06374227779826197,0.6811594202898551,0.4778761061946903,0.3030583873957368,0.0,0.6969416126042632,0.0,0.0,0.0,0.0,0.0,0.15880487056175177,0.08216514887956615,0.23636549677683413,0.2563651964856074,0.7314890688237526,0.0,19.639202912676332,1.0,33.728026720588076,67.23112702283842,0.0,0.0,0.22275494672754947,0,nan,0.008899424378637255,7.921170650365494e-06,0.9991107147907832,0.39999007066276804,18.403259525740584,0.13782018179064015,0.5433820017596899,0.4618747014957364
triage_only,40,cct_region,2013,0.5,pvgis,365,0.2463447621244807,66.769071679648,0.27,1079,0.09301135782257239,-0.8482849604221638,0.10009267840593142,0.06374227779826197,0.6811594202898551,0.4778761061946903,0.3030583873957368,0.0,0.6969416126042632,0.0,0.0,0.0,0.0,0.0,0.15880487056175177,0.08216514887956615,0.23636549677683413,0.25890602553062003,0.7358579710662679,0.0,20.64649507784094,1.0,33.80663193496785,67.23112702283842,0.0,0.0,0.2213375190258752,0,nan,0.009599508159632723,8.536219510133048e-06,0.9991115549457013,0.39999007066276804,17.061140161346156,0.14384102659794906,0.5861272989630595,0.4982082041186005
triage_only,40,cct_region,2014,0.5,pvgis,365,0.2463447621244807,66.769071679648,0.27,1079,0.09608103959889491,-0.8087071240105542,0.10287303058387395,0.07153448559046977,0.6873706004140787,0.4778761061946903,0.2974976830398517,0.0,0.7025023169601483,0.0,0.0,0.0,0.0,0.0,0.15880487056175177,0.08216514887956615,0.23636549677683413,0.26445286523363376,0.7390517702578601,0.0,22.297233232776282,1.0,34.574991800811475,67.23902823228761,0.0,0.0,0.21205289193302893,0,nan,0.010858609336353,9.652724811467418e-06,0.9991118428358515,0.39999007066276804,15.082833934851488,0.15456318810239067,0.6630053770527352,0.5635545704948249
triage_only,40,cct_region,2015,0.5,pvgis,365,0.2463447621244807,66.769071679648,0.28,1079,0.09290903509669497,-0.8496042216358841,0.09916589434661724,0.06274720665093962,0.6718426501035196,0.4336283185840708,0.3169601482854495,0.0,0.6830398517145505,0.0,0.0,0.0,0.0,0.0,0.15880487056175177,0.08216514887956615,0.23636549677683413,0.2546566733142056,0.7327356077248663,0.0,21.709066091403,1.0,32.911196636249485,67.21642663079444,0.0,0.0,0.23606354642313546,0,nan,0.01030326615535437,9.165626684306536e-06,0.9991112060784468,0.39999007066276804,15.895784359465988,0.14985080369158088,0.629097613169681,0.5347329711942289
triage_only,46,cct_region,2011,0.5,pvgis,365,0.32494362877726723,88.072440650112,0.27,6276,0.1915128232490307,nan,0.18849585723390694,0.08850151354884866,0.6868468468468468,0.7079889807162535,0.165710643722116,0.0,0.834289356277884,0.0,0.0,0.0,0.0,0.0,0.21456265784512504,0.11135417778252053,0.1368583929143101,0.28919881938320185,0.7353340869265994,0.0,19.639202912676332,1.0,44.48930555522212,71.44333263888836,0.0,0.0,0.13250570776255707,0,nan,0.009265079612600846,0.00010508380177707923,0.9887852754397181,0.7528472290797759,17.49427246673831,0.14180179295954143,0.5716156541526893,0.48587330602978596
triage_only,46,cct_region,2013,0.5,pvgis,365,0.32494362877726723,88.072440650112,0.28,6276,0.1913349695870238,nan,0.18833652007648183,0.08859461404377898,0.6832432432432433,0.7079889807162535,0.16889738687061823,0.0,0.8311026131293817,0.0,0.0,0.0,0.0,0.0,0.21456265784512504,0.11135417778252053,0.1368583929143101,0.2924038355905664,0.7411384748874473,0.0,20.64649507784094,1.0,44.592990583395554,71.41699527405774,0.0,0.0,0.1315163622526636,0,nan,0.010011672414377415,0.00011280628375248976,0.9888580649813282,0.75801858462366,16.190877250723915,0.14825136396202476,0.6176317592397834,0.5249869953538159
triage_only,46,cct_region,2014,0.5,pvgis,365,0.32494362877726723,88.072440650112,0.27,6276,0.19471418916515493,nan,0.19136392606755895,0.08888519582856716,0.6994594594594594,0.7245179063360881,0.14308476736775017,0.0,0.8569152326322499,0.0,0.0,0.0,0.0,0.0,0.21456265784512504,0.11135417778252053,0.1368583929143101,0.30242278283322355,0.7448122763763143,0.0,22.297233232776282,1.0,45.60650368130288,71.54948582392171,0.0,0.0,0.11880707762557077,0,nan,0.011365706521469685,0.0001320539095430959,0.9885148146601743,0.7646683751463956,14.257054042180204,0.15986854206011103,0.7014071750317072,0.5961960987769512
triage_only,46,cct_region,2012,0.5,pvgis,365,0.32494362877726723,88.072440650112,0.29,6276,0.1911571159250169,nan,0.18817718291905672,0.08873204606937818,0.678018018018018,0.7079889807162535,0.17415551306564692,0.0,0.8258444869343531,0.0,0.0,0.0,0.0,0.0,0.21456265784512504,0.11135417778252053,0.1368583929143101,0.2864161972886142,0.7355954234321201,0.0,20.729461989872192,1.0,42.080444495477394,71.38111756945571,0.0,0.0,0.1642884322678843,0,nan,0.009876638229767379,0.0001069988284945593,0.9892825802991292,0.7319517975098312,16.4192859648614,0.14705085133594287,0.60903988281834,0.517683900395589
triage_only,7,cct_region,2011,0.5,pvgis,365,0.2592832308673501,70.275903079136,0.27,1853,0.39577146929564094,nan,0.36157582298974633,0.14913256801026012,0.7747747747747747,0.5159574468085106,0.23799244468429573,0.0,0.7620075553157043,0.0,0.0,0.0,0.0,0.0,0.4600308825276162,0.19622282931464546,0.18612661836322605,0.2579640375834149,0.7322225468951947,0.0,19.639202912676332,1.0,35.499483177463915,67.89310216750854,0.0,0.0,0.20717275494672754,0,nan,0.00891999548820775,7.934352887911532e-06,0.9991112886157115,0.39999007066276804,18.360828853564684,0.13799766638841293,0.5446377219543953,0.462942063661236
triage_only,46,cct_region,2015,0.5,pvgis,365,0.32494362877726723,88.072440650112,0.29,6276,0.18955643296695482,nan,0.18674314850223073,0.08857081081175579,0.674054054054054,0.7024793388429752,0.18036966220522627,0.0,0.8196303377947738,0.0,0.0,0.0,0.0,0.0,0.21456265784512504,0.11135417778252053,0.1368583929143101,0.28467360739371594,0.7369011407970887,0.0,21.709066091403,1.0,43.41185730988292,71.34070707645716,0.0,0.0,0.1475456621004566,0,nan,0.01066964455949821,0.00011543748016715749,0.9892965598460354,0.7356045118946871,15.199160398234346,0.1538596492790788,0.6579310789536558,0.5592414171106075
triage_only,78,cct_region,2013,0.5,pvgis,365,0.26856215194727723,72.79085383900801,0.25,2359,0.08215555758183642,-0.3106951871657754,0.08859686307757525,0.07445409527656871,0.5673563218390805,0.32065217391304346,0.3192030521407376,0.0,0.6807969478592624,0.0,0.0,0.0,0.0,0.0,0.10864411416066382,0.24491656788547456,0.19389988146256956,0.27008010559380197,0.7367343291780569,0.0,20.64649507784094,1.0,36.85559110023469,67.79067986951964,0.0,0.0,0.18632039573820397,0,nan,0.009737228320195251,2.397170210624474e-05,0.9975441849310048,0.4421488810768683,16.793446651484594,0.14515136486621294,0.5954703764826006,0.5061498200102105
triage_only,7,cct_region,2012,0.5,pvgis,365,0.2592832308673501,70.275903079136,0.27,1853,0.39577146929564094,nan,0.36157582298974633,0.14940624069772593,0.7747747747747747,0.5,0.23961144090663788,0.0,0.7603885590933621,0.0,0.0,0.0,0.0,0.0,0.4600308825276162,0.19622282931464546,0.18612661836322605,0.2566769855328157,0.7324759487117514,0.0,20.729461989872192,1.0,33.5773735468446,67.89167787857345,0.0,0.0,0.2312785388127854,0,nan,0.009522404498023565,1.0063088031354445e-05,0.9989443354576861,0.40410245558421554,17.196406948059877,0.14319367572826636,0.5815168267536385,0.4942893027405927
triage_only,7,cct_region,2014,0.5,pvgis,365,0.2592832308673501,70.275903079136,0.27,1853,0.40830264877063793,nan,0.3734484619535888,0.1508805432151355,0.7891891891891892,0.5531914893617021,0.2174851592012952,0.0,0.7825148407987048,0.0,0.0,0.0,0.0,0.0,0.4600308825276162,0.19622282931464546,0.18612661836322605,0.26670944319378553,0.7401646771621856,0.0,22.297233232776282,1.0,36.390932382790126,67.91535368700222,0.0,0.0,0.19519596651445967,0,nan,0.01088803921559093,1.2377612056396663e-05,0.9988644826842766,0.4061507468027693,15.038341599306593,0.15483499686391888,0.6649669402682735,0.5652218992280325
triage_only,7,cct_region,2015,0.5,pvgis,365,0.2592832308673501,70.275903079136,0.27,1853,0.3904264164390071,nan,0.3567188343227199,0.14897973846108126,0.7639639639639639,0.5,0.24932541824069077,0.0,0.7506745817593092,0.0,0.0,0.0,0.0,0.0,0.4600308825276162,0.19622282931464546,0.18612661836322605,0.25592811206618926,0.7335167784444908,0.0,21.709066091403,1.0,34.63975171205602,67.8831321449629,0.0,0.0,0.22115677321156774,0,nan,0.0103199479285009,9.628858916499466e-06,0.9990678360677633,0.4010092727571998,15.869400576862809,0.14999655378232735,0.6301435237938193,0.5356219952247464
triage_only,78,cct_region,2011,0.5,pvgis,365,0.26856215194727723,72.79085383900801,0.27,2359,0.08215555758183642,-0.3106951871657754,0.08859686307757525,0.07439639308487116,0.5682758620689655,0.32065217391304346,0.31793132683340397,0.0,0.682068673166596,0.0,0.0,0.0,0.0,0.0,0.10864411416066382,0.24491656788547456,0.19389988146256956,0.26744480411208,0.7318874201796178,0.0,19.639202912676332,1.0,36.76989662333198,67.79210415845473,0.0,0.0,0.18791856925418568,0,nan,0.009025765442058084,1.5771093270138027e-05,0.9982557065153125,0.42074392902040286,18.13012547021021,0.13897655158483857,0.5515681629689271,0.46883293852358804
triage_only,7,cct_region,2013,0.5,pvgis,365,0.2592832308673501,70.275903079136,0.28,1853,0.4028982064378193,nan,0.36805180787911496,0.1501975765462989,0.781981981981982,0.5159574468085106,0.23151645979492713,0.0,0.7684835402050728,0.0,0.0,0.0,0.0,0.0,0.4600308825276162,0.19622282931464546,0.18612661836322605,0.2605734157570899,0.7369106378658321,0.0,20.64649507784094,1.0,35.5822168786866,67.89879932324891,0.0,0.0,0.2058314307458143,0,nan,0.009620719752636451,1.2620769719682246e-05,0.9986898864739191,0.4110862000405291,17.01633939427043,0.14405758976189775,0.5876704600383733,0.4995198910326173
triage_only,78,cct_region,2014,0.5,pvgis,365,0.26856215194727723,72.79085383900801,0.25,2359,0.08461748883012675,-0.28181818181818175,0.09241203899957609,0.07656112765692212,0.5866666666666667,0.32608695652173914,0.29673590504451036,0.0,0.7032640949554896,0.0,0.0,0.0,0.0,0.0,0.10864411416066382,0.24491656788547456,0.19389988146256956,0.2770384286480345,0.7400338832137724,0.0,22.297233232776282,1.0,37.69324795667156,67.83605283368898,0.0,0.0,0.1755802891933029,0,nan,0.011026068352507768,2.0092421324206955e-05,0.9981810493495799,0.4244370787888559,14.839924493704807,0.156065893735842,0.6738578760452633,0.5727791946384738
triage_only,78,cct_region,2012,0.5,pvgis,365,0.26856215194727723,72.79085383900801,0.27,2359,0.08124373119358073,-0.3213903743315509,0.0877490462060195,0.07411390419831833,0.5645977011494253,0.32065217391304346,0.32301822806273844,0.0,0.6769817719372615,0.0,0.0,0.0,0.0,0.0,0.10864411416066382,0.24491656788547456,0.19389988146256956,0.2659706104421282,0.7321428592682359,0.0,20.729461989872192,1.0,34.77900081047541,67.78640700271436,0.0,0.0,0.21224315068493152,0,nan,0.009633710396800376,1.6977625097506326e-05,0.9982407860394013,0.4244701429013557,16.9857518403909,0.14420607175070632,0.5887287235776468,0.5004194150409998
triage_only,78,cct_region,2015,0.5,pvgis,365,0.26856215194727723,72.79085383900801,0.28,2359,0.07714051244643019,-0.36951871657754015,0.08393387028401865,0.07111920151433096,0.5498850574712644,0.28804347826086957,0.3420941076727427,0.0,0.6579058923272573,0.0,0.0,0.0,0.0,0.0,0.10864411416066382,0.24491656788547456,0.19389988146256956,0.2649286695779803,0.7331667351423564,0.0,21.709066091403,1.0,35.879398106808,67.76504266868797,0.0,0.0,0.20195015220700152,0,nan,0.010426763907820512,2.1802414608036934e-05,0.9979133582603351,0.4283543233940606,15.688677926761693,0.15100739594349644,0.637402338596169,0.5417919878067436
triage_only,0,cct_region,2011,1.0,pvgis,365,0.6324456329947064,85.70875921763201,0.28,1861,0.500191717791411,0.0,0.708221386351424,0.23054618357163578,0.9917491749174917,0.23255813953488372,0.0,0.0,1.0,0.0,0.0,0.0,0.0,0.0,0.500191717791411,0.6087039877300612,0.7935199386503067,0.8881682626731267,0.9972664667558896,0.4715563165905632,19.639202912676332,1.0,86.59060994439086,67.75174442900305,0.6068349248689047,0.0,0.0,0,nan,0.017718304860772697,0.0001382255605409145,0.9922591031247634,1.2974000955210538,9.180069585821103,0.21162756209209543,1.089316361549732,0.9259189073172723
triage_only,0,cct_region,2012,1.0,pvgis,365,0.6324456329947064,85.70875921763201,0.28,1861,0.500191717791411,0.0,0.708221386351424,0.23054618357163578,0.9917491749174917,0.23255813953488372,0.0,0.0,1.0,0.0,0.0,0.0,0.0,0.0,0.500191717791411,0.6087039877300612,0.7935199386503067,0.8595705851787955,0.9539426466691135,0.3000285388127854,20.729461989872192,1.0,81.90218548301715,67.75174442900305,0.0,0.0,0.0,0,nan,0.018397204424850353,0.00013989262057388503,0.9924533695739367,1.283951424153324,8.843034668659405,0.21697474557951824,1.1308335175300166,0.9612084899005141
triage_only,0,cct_region,2014,1.0,pvgis,365,0.6324456329947064,85.70875921763201,0.28,1861,0.500191717791411,0.0,0.708221386351424,0.23054618357163578,0.9917491749174917,0.23255813953488372,0.0,0.0,1.0,0.0,0.0,0.0,0.0,0.0,0.500191717791411,0.6087039877300612,0.7935199386503067,0.9114530755636747,0.9994471546661788,0.5862918569254185,22.297233232776282,1.0,88.76503964066944,67.75174442900305,2.862824315581289,0.0,0.0,0,nan,0.021747231713413605,0.0001717437465584896,0.9921646088398555,1.2893493668938982,7.4786429743645995,0.24301293604655316,1.3371409805599952,1.136569833475996
triage_only,0,cct_region,2015,1.0,pvgis,365,0.6324456329947064,85.70875921763201,0.28,1861,0.500191717791411,0.0,0.708221386351424,0.23054618357163578,0.9917491749174917,0.23255813953488372,0.0,0.0,1.0,0.0,0.0,0.0,0.0,0.0,0.500191717791411,0.6087039877300612,0.7935199386503067,0.866422073573648,0.9356179232929343,0.38602549467275493,21.709066091403,1.0,84.49354640107268,67.75174442900305,0.0,0.0,0.0,0,nan,0.01965074441928937,0.00015938955492969618,0.9919541404850101,1.2841750076399507,8.274764423214984,0.226879765190643,1.2084936184944237,1.02721957572026
triage_only,0,cct_region,2013,1.0,pvgis,365,0.6324456329947064,85.70875921763201,0.3,1861,0.500191717791411,0.0,0.708221386351424,0.23054618357163578,0.9917491749174917,0.23255813953488372,0.0,0.0,1.0,0.0,0.0,0.0,0.0,0.0,0.500191717791411,0.6087039877300612,0.7935199386503067,0.8938582442804788,0.9975929881262964,0.5424181887366819,20.64649507784094,1.0,86.79241461900928,67.75174442900305,0.9453235020004649,0.0,0.0,0,nan,0.019217628193476794,0.00014852312997397238,0.9923307874913626,1.296591492154473,8.464469222157325,0.22343961429139325,1.1814089859081935,1.0041976380219646
triage_only,100,cct_region,2013,1.0,pvgis,365,0.6105281741575894,82.73851465568,0.29,4890,0.13079900996382557,0.0,0.13987730061349693,0.08662383638636405,0.9063495434274793,0.5966850828729282,0.0,0.0,1.0,0.0,0.0,0.0,0.0,0.0,0.13079900996382557,0.2012227369846206,0.4851177254553531,0.7966342220413412,0.8607761534435093,0.0,20.64649507784094,1.0,83.78461588415563,71.5460120167942,0.0,0.0,0.0,0,nan,0.01719094617480846,0.00014971446130103728,0.9913662769577949,1.3284906616821877,9.453168784564134,0.20755007865965824,1.0578463399837708,0.8991693889862051
triage_only,100,cct_region,2011,1.0,pvgis,365,0.6105281741575894,82.73851465568,0.29,4890,0.13079900996382557,0.0,0.13987730061349693,0.08662383638636405,0.9063495434274793,0.5966850828729282,0.0,0.0,1.0,0.0,0.0,0.0,0.0,0.0,0.13079900996382557,0.2012227369846206,0.4851177254553531,0.7888293827233949,0.8517372429587846,0.0,19.639202912676332,1.0,83.58980476821888,71.5460120167942,0.0,0.0,0.0,0,nan,0.015826377340251895,0.00014366847603806737,0.9910038782799534,1.324515361330946,10.264478493967902,0.19661386694659733,0.9742336160455374,0.8280985736387068
triage_only,105,cct_region,2011,1.0,pvgis,365,0.529264676669618,71.725720549728,0.28,2169,0.07260536398467432,0.0,0.08483171968649147,0.0856813132549586,0.8104858104858105,0.6,0.0,0.0,1.0,0.0,0.0,0.0,0.0,0.0,0.07260536398467432,0.2796455938697318,0.43668582375478926,0.6809531657882577,0.7711440239821181,0.0,19.639202912676332,1.0,72.46370088419438,68.43439247896946,0.0,0.0,0.0,0,nan,0.014032076900152339,0.00014225758685229619,0.989963720202686,1.1564596161755696,11.564859851394077,0.1820570614018059,0.8646883860676061,0.7349851281574652
triage_only,105,cct_region,2012,1.0,pvgis,365,0.529264676669618,71.725720549728,0.28,2169,0.07260536398467432,0.0,0.08483171968649147,0.0856813132549586,0.8104858104858105,0.6,0.0,0.0,1.0,0.0,0.0,0.0,0.0,0.0,0.07260536398467432,0.2796455938697318,0.43668582375478926,0.6541101892574667,0.7704988391614577,0.0,20.729461989872192,1.0,68.5401739797723,68.43439247896946,0.0,0.0,0.0,0,nan,0.014641936943639399,0.00014613519169103038,0.9901180363232138,1.1467184378803055,11.084892630281155,0.18706171279719075,0.9021287200096553,0.766809412008207
triage_only,100,cct_region,2012,1.0,pvgis,365,0.6105281741575894,82.73851465568,0.3,4890,0.13079900996382557,0.0,0.13987730061349693,0.08662383638636405,0.9063495434274793,0.5966850828729282,0.0,0.0,1.0,0.0,0.0,0.0,0.0,0.0,0.13079900996382557,0.2012227369846206,0.4851177254553531,0.7578649254816506,0.818441839956475,0.0,20.729461989872192,1.0,79.06385806743447,71.5460120167942,0.0,0.0,0.0,0,nan,0.0164265132307522,0.00014339009114133896,0.9913463531828892,1.3049718840921887,9.892887643611058,0.20141861385906001,1.010827208419588,0.8592031271566498
triage_only,100,cct_region,2015,1.0,pvgis,365,0.6105281741575894,82.73851465568,0.29,4890,0.13079900996382557,0.0,0.13987730061349693,0.08662383638636405,0.9063495434274793,0.5966850828729282,0.0,0.0,1.0,0.0,0.0,0.0,0.0,0.0,0.13079900996382557,0.2012227369846206,0.4851177254553531,0.7644789749457456,0.7958712888734536,0.0,21.709066091403,1.0,81.56541514577572,71.5460120167942,0.0,0.0,0.0,0,nan,0.01757889465292894,0.0001612620938144905,0.990909770634124,1.3002438873311986,9.240289934815937,0.21070957006631374,1.0822171241966767,0.9198845555671753
triage_only,100,cct_region,2014,1.0,pvgis,365,0.6105281741575894,82.73851465568,0.29,4890,0.13079900996382557,0.0,0.13987730061349693,0.08662383638636405,0.9063495434274793,0.5966850828729282,0.0,0.0,1.0,0.0,0.0,0.0,0.0,0.0,0.13079900996382557,0.2012227369846206,0.4851177254553531,0.8290512195849278,0.9103840478530032,0.13818493150684932,22.297233232776282,1.0,85.68887941281247,71.5460120167942,0.0,0.0,0.0,0,nan,0.019782860612785978,0.00018112219183173748,0.9909275522021667,1.3462313077716574,8.21099644461096,0.22806828713186578,1.2178789830755803,1.0351971356142433
triage_only,105,cct_region,2013,1.0,pvgis,365,0.529264676669618,71.725720549728,0.29,2169,0.07260536398467432,0.0,0.08483171968649147,0.0856813132549586,0.8104858104858105,0.6,0.0,0.0,1.0,0.0,0.0,0.0,0.0,0.0,0.07260536398467432,0.2796455938697318,0.43668582375478926,0.687719152900602,0.7796737962870044,0.0,20.64649507784094,1.0,72.63258193940429,68.43439247896946,0.0,0.0,0.0,0,nan,0.015222590476236988,0.0001556942147933201,0.9898757099428566,1.1610859113986651,10.659458783761652,0.19184564555794426,0.9381339337071921,0.7974138436511133
triage_only,105,cct_region,2014,1.0,pvgis,365,0.529264676669618,71.725720549728,0.28,2169,0.07260536398467432,0.0,0.08483171968649147,0.0856813132549586,0.8104858104858105,0.6,0.0,0.0,1.0,0.0,0.0,0.0,0.0,0.0,0.07260536398467432,0.2796455938697318,0.43668582375478926,0.7158213313908586,0.7857175886954864,0.0,22.297233232776282,1.0,74.28338113827697,68.43439247896946,0.0,0.0,0.0,0,nan,0.01744962702510885,0.0001848509663901089,0.9895176388845067,1.1708849603601283,9.295664544650155,0.20987501686594545,1.0757703176536426,0.9144047700055962
triage_only,105,cct_region,2015,1.0,pvgis,365,0.529264676669618,71.725720549728,0.29,2169,0.07260536398467432,0.0,0.08483171968649147,0.0856813132549586,0.8104858104858105,0.6,0.0,0.0,1.0,0.0,0.0,0.0,0.0,0.0,0.07260536398467432,0.2796455938697318,0.43668582375478926,0.6598438849315718,0.7731941695150383,0.0,21.709066091403,1.0,70.70876480699424,68.43439247896946,0.0,0.0,0.0,0,nan,0.015711731789377174,0.00016016279185392018,0.9899090312732219,1.1374320380943836,10.327953666151156,0.1958249464012729,0.9682460169020711,0.8230091143667605
triage_only,130,cct_region,2011,1.0,pvgis,365,0.5053064365483766,68.47891018896,0.27,1455,0.13661805862424511,0.0,0.13676975945017184,0.07489019168284437,0.9806978470675576,0.8611111111111112,0.0,0.0,1.0,0.0,0.0,0.0,0.0,0.0,0.13661805862424511,0.29496243923994697,0.36964206805125943,0.6574600582494966,0.7698264039682317,0.0,19.639202912676332,1.0,69.18348434531293,67.77204329136786,0.0,0.0,0.0,0,nan,0.013703929909937726,0.0001699982003719971,0.9877469308605058,1.1154851527263492,11.81526893650099,0.1795962133451593,0.8463624530040896,0.7194080850534762
triage_only,130,cct_region,2012,1.0,pvgis,365,0.5053064365483766,68.47891018896,0.27,1455,0.13661805862424511,0.0,0.13676975945017184,0.07489019168284437,0.9806978470675576,0.8611111111111112,0.0,0.0,1.0,0.0,0.0,0.0,0.0,0.0,0.13661805862424511,0.29496243923994697,0.36964206805125943,0.6318321835489191,0.7698411710213174,0.0,20.729461989872192,1.0,65.43756385190234,67.77204329136786,0.0,0.0,0.0,0,nan,0.014323656205370388,0.00016652666619804455,0.988507621492839,1.1051593502223778,11.312775917454452,0.1846364459881411,0.8839563404213661,0.7513628893581611
triage_only,130,cct_region,2013,1.0,pvgis,365,0.5053064365483766,68.47891018896,0.28,1455,0.13661805862424511,0.0,0.13676975945017184,0.07489019168284437,0.9806978470675576,0.8611111111111112,0.0,0.0,1.0,0.0,0.0,0.0,0.0,0.0,0.13661805862424511,0.29496243923994697,0.36964206805125943,0.6639197692186476,0.7783608880359973,0.0,20.64649507784094,1.0,69.34472065669041,67.77204329136786,0.0,0.0,0.0,0,nan,0.014863157373585779,0.00017093508454297653,0.9886301693953894,1.1197511070476516,10.903497652787049,0.18905924826509246,0.9171368966584676,0.7795663621596975
triage_only,130,cct_region,2015,1.0,pvgis,365,0.5053064365483766,68.47891018896,0.26,1455,0.13661805862424511,0.0,0.13676975945017184,0.07489019168284437,0.9806978470675576,0.8611111111111112,0.0,0.0,1.0,0.0,0.0,0.0,0.0,0.0,0.13661805862424511,0.29496243923994697,0.36964206805125943,0.6373063318475869,0.7725641579491247,0.0,21.709066091403,1.0,67.50798901257977,67.77204329136786,0.0,0.0,0.0,0,nan,0.015371380293953286,0.00017496980230774034,0.9887452809679218,1.0961642201619684,10.544223616089473,0.1932027328191197,0.9483865634963355,0.8061285789718852
triage_only,130,cct_region,2014,1.0,pvgis,365,0.5053064365483766,68.47891018896,0.28,1455,0.13661805862424511,0.0,0.13676975945017184,0.07489019168284437,0.9806978470675576,0.8611111111111112,0.0,0.0,1.0,0.0,0.0,0.0,0.0,0.0,0.13661805862424511,0.29496243923994697,0.36964206805125943,0.6907498455455058,0.784358099523006,0.0,22.297233232776282,1.0,70.92079307831544,67.77204329136786,0.0,0.0,0.0,0,nan,0.017015451571037652,0.00020236018240629063,0.9882470440899196,1.1254104350179845,9.5206170317318,0.20657596455691773,1.050352090276338,0.8927992767348872
triage_only,40,cct_region,2012,1.0,pvgis,365,0.4926895242489614,66.769071679648,0.26,1079,0.15880487056175177,0.0,0.16218721037998146,0.09384774925614975,0.974120082815735,0.8053097345132744,0.0,0.0,1.0,0.0,0.0,0.0,0.0,0.0,0.15880487056175177,0.08216514887956615,0.23636549677683413,0.6107662845136214,0.7693965822551524,0.0,20.729461989872192,1.0,63.80366421300925,67.5926903062394,0.0,0.0,0.0,0,nan,0.013999209260861827,0.00018309160440232623,0.9870901339534573,1.0838862944256014,11.558363722947094,0.18212221925432082,0.8651743654810553,0.7353982106588969
triage_only,28,cct_region,2012,1.0,pvgis,365,0.515310481749955,69.834654076896,0.27,1333,0.1862785862785863,0.0,0.18829707426856715,0.10218881619939477,0.8981481481481481,0.7931034482758621,0.0,0.0,1.0,0.0,0.0,0.0,0.0,0.0,0.1862785862785863,0.19176715176715176,0.2892307692307692,0.6467631929665956,0.7705782637761505,0.0,20.729461989872192,1.0,66.73309523505122,67.71664852379557,0.0,0.0,0.0,0,nan,0.014540795255529598,0.00015331090132524277,0.9895665037608482,1.1199905515032844,11.155778383465625,0.18629746825619864,0.8963964374571437,0.7619369718385721
triage_only,28,cct_region,2014,1.0,pvgis,365,0.515310481749955,69.834654076896,0.27,1333,0.1862785862785863,0.0,0.18829707426856715,0.10218881619939477,0.8981481481481481,0.7931034482758621,0.0,0.0,1.0,0.0,0.0,0.0,0.0,0.0,0.1862785862785863,0.19176715176715176,0.2892307692307692,0.7068473054794593,0.7855054110808974,0.0,22.297233232776282,1.0,72.32488130749718,67.71664852379557,0.0,0.0,0.0,0,nan,0.0172969973377529,0.00020445625095173365,0.988317756012924,1.1422190142016557,9.366318688796591,0.20882325842782,1.0676553224653118,0.9075070240955151
triage_only,28,cct_region,2011,1.0,pvgis,365,0.515310481749955,69.834654076896,0.27,1333,0.1862785862785863,0.0,0.18829707426856715,0.10218881619939477,0.8981481481481481,0.7931034482758621,0.0,0.0,1.0,0.0,0.0,0.0,0.0,0.0,0.1862785862785863,0.19176715176715176,0.2892307692307692,0.6728984477406863,0.7707277298767635,0.0,19.639202912676332,1.0,70.55317737618083,67.71664852379557,0.0,0.0,0.0,0,nan,0.013921834684212556,0.00015888914280820474,0.9887158398417488,1.1296433367729404,11.641744688893164,0.18129102088337423,0.8589777792963047,0.7301311124018589
triage_only,28,cct_region,2015,1.0,pvgis,365,0.515310481749955,69.834654076896,0.27,1333,0.1862785862785863,0.0,0.18829707426856715,0.10218881619939477,0.8981481481481481,0.7931034482758621,0.0,0.0,1.0,0.0,0.0,0.0,0.0,0.0,0.1862785862785863,0.19176715176715176,0.2892307692307692,0.6523457183272968,0.7733947931393996,0.0,21.709066091403,1.0,68.84451062540988,67.71664852379557,0.0,0.0,0.0,0,nan,0.015604123770212282,0.0001686615101280546,0.9893068023731815,1.1107411758386454,10.39285002080833,0.1950275390073769,0.9621999720941056,0.8178699762799897
triage_only,28,cct_region,2013,1.0,pvgis,365,0.515310481749955,69.834654076896,0.28,1333,0.1862785862785863,0.0,0.18829707426856715,0.10218881619939477,0.8981481481481481,0.7931034482758621,0.0,0.0,1.0,0.0,0.0,0.0,0.0,0.0,0.1862785862785863,0.19176715176715176,0.2892307692307692,0.6794860479189484,0.779463037783795,0.0,20.64649507784094,1.0,70.71760584034051,67.71664852379557,0.0,0.0,0.0,0,nan,0.015103073590680784,0.00016840511529782088,0.9889725730860697,1.13403785943822,10.734009128062757,0.1909820271577235,0.9316183618529091,0.7918756075749729
triage_only,40,cct_region,2011,1.0,pvgis,365,0.4926895242489614,66.769071679648,0.28,1079,0.15880487056175177,0.0,0.16218721037998146,0.09384774925614975,0.974120082815735,0.8053097345132744,0.0,0.0,1.0,0.0,0.0,0.0,0.0,0.0,0.15880487056175177,0.08216514887956615,0.23636549677683413,0.6357542610768719,0.7693924312826552,0.0,19.639202912676332,1.0,67.45605344117615,67.5926903062394,0.0,0.0,0.0,0,nan,0.013383003278861558,0.00018664706970032,0.9862452557799251,1.096302386229192,12.080207493803492,0.1770961040569683,0.827800350708336,0.7036302981020855
triage_only,40,cct_region,2013,1.0,pvgis,365,0.4926895242489614,66.769071679648,0.27,1079,0.15880487056175177,0.0,0.16218721037998146,0.09384774925614975,0.974120082815735,0.8053097345132744,0.0,0.0,1.0,0.0,0.0,0.0,0.0,0.0,0.15880487056175177,0.08216514887956615,0.23636549677683413,0.6420526805981424,0.7777808669500831,0.0,20.64649507784094,1.0,67.6132638699357,67.5926903062394,0.0,0.0,0.0,0,nan,0.014511786058587014,0.00019496741478068082,0.9867430010890068,1.0997021449862212,11.146184786862646,0.1864003732997983,0.897167971931204,0.7625927761415233
triage_only,40,cct_region,2014,1.0,pvgis,365,0.4926895242489614,66.769071679648,0.28,1079,0.15880487056175177,0.0,0.16218721037998146,0.09384774925614975,0.974120082815735,0.8053097345132744,0.0,0.0,1.0,0.0,0.0,0.0,0.0,0.0,0.15880487056175177,0.08216514887956615,0.23636549677683413,0.6682128412154226,0.7835823000095852,0.0,22.297233232776282,1.0,69.14998360162295,67.5926903062394,0.0,0.0,0.0,0,nan,0.01660514304992548,0.00022600895870729463,0.9865719851741953,1.1035667392983306,9.739332859979692,0.2035021744508273,1.026764373265383,0.8727497172755756
triage_only,40,cct_region,2015,1.0,pvgis,365,0.4926895242489614,66.769071679648,0.28,1079,0.15880487056175177,0.0,0.16218721037998146,0.09384774925614975,0.974120082815735,0.8053097345132744,0.0,0.0,1.0,0.0,0.0,0.0,0.0,0.0,0.15880487056175177,0.08216514887956615,0.23636549677683413,0.6161037497146601,0.7720102302276027,0.0,21.709066091403,1.0,65.82239327249897,67.5926903062394,0.0,0.0,0.0,0,nan,0.015035638349177552,0.00019749651740436235,0.9870350706447413,1.0773675021424944,10.761028065772813,0.19067175909942546,0.9292792416188017,0.7898873553759814
triage_only,46,cct_region,2011,1.0,pvgis,365,0.6498872575545345,88.072440650112,0.28,6276,0.21456265784512504,nan,0.212874442319949,0.09284589182409973,0.8286486486486486,0.8016528925619835,0.0,0.0,1.0,0.0,0.0,0.0,0.0,0.0,0.21456265784512504,0.11135417778252053,0.1368583929143101,0.848406986163242,0.9412395489309408,0.2733162100456621,19.639202912676332,1.0,88.97861111044423,72.47855982059706,0.0,0.0,0.0,0,nan,0.01686052330811557,0.0001405976346619199,0.991730096201589,1.3936696975856617,9.641963749374394,0.20485482346335715,1.0371331255677907,0.8815631567326221
triage_only,46,cct_region,2012,1.0,pvgis,365,0.6498872575545345,88.072440650112,0.28,6276,0.21456265784512504,nan,0.212874442319949,0.09284589182409973,0.8286486486486486,0.8016528925619835,0.0,0.0,1.0,0.0,0.0,0.0,0.0,0.0,0.21456265784512504,0.11135417778252053,0.1368583929143101,0.8154463349594507,0.8793685898111392,0.0,20.729461989872192,1.0,84.16088899095479,72.47855982059706,0.0,0.0,0.0,0,nan,0.017457000639492275,0.00014706080317784107,0.9916462003011769,1.3678988614416787,9.311725726635897,0.209634651559923,1.0739147923349284,0.9128275734846891
triage_only,7,cct_region,2012,1.0,pvgis,365,0.5185664617347002,70.275903079136,0.26,1853,0.4600308825276162,nan,0.42579600647598487,0.15751626039084943,0.9807807807807808,0.9148936170212766,0.0,0.0,1.0,0.0,0.0,0.0,0.0,0.0,0.4600308825276162,0.19622282931464546,0.18612661836322605,0.642657333096985,0.7719900408539673,0.0,20.729461989872192,1.0,67.1547470936892,68.14626211465134,0.0,0.0,0.0,0,nan,0.014472811229905933,0.00015307632390417752,0.9895338779721234,1.126506110884203,11.207811575598184,0.18574218228033845,0.8922348428637176,0.75839961643416
triage_only,7,cct_region,2013,1.0,pvgis,365,0.5185664617347002,70.275903079136,0.26,1853,0.4600308825276162,nan,0.42579600647598487,0.15751626039084943,0.9807807807807808,0.9148936170212766,0.0,0.0,1.0,0.0,0.0,0.0,0.0,0.0,0.4600308825276162,0.19622282931464546,0.18612661836322605,0.675586946818153,0.7806996679096098,0.0,20.64649507784094,1.0,71.1644337573732,68.14626211465134,0.0,0.0,0.0,0,nan,0.015033740402418007,0.0001642937765134486,0.9891898008269251,1.1398135095127637,10.785881246157032,0.1903876294342437,0.9271379659926222,0.7880672710937289
triage_only,7,cct_region,2015,1.0,pvgis,365,0.5185664617347002,70.275903079136,0.26,1853,0.4600308825276162,nan,0.42579600647598487,0.15751626039084943,0.9807807807807808,0.9148936170212766,0.0,0.0,1.0,0.0,0.0,0.0,0.0,0.0,0.4600308825276162,0.19622282931464546,0.18612661836322605,0.648275131543482,0.7748779375982087,0.0,21.709066091403,1.0,69.27950342411204,68.14626211465134,0.0,0.0,0.0,0,nan,0.015533858042613483,0.00016684379293508615,0.9893734818556118,1.1159013224097452,10.440564603159538,0.19444707791808458,0.9578026074350219,0.8141322163197685
triage_only,46,cct_region,2013,1.0,pvgis,365,0.6498872575545345,88.072440650112,0.29,6276,0.21456265784512504,nan,0.212874442319949,0.09284589182409973,0.8286486486486486,0.8016528925619835,0.0,0.0,1.0,0.0,0.0,0.0,0.0,0.0,0.21456265784512504,0.11135417778252053,0.1368583929143101,0.8567149821488321,0.9558337320662751,0.2623287671232877,20.64649507784094,1.0,89.18598116679111,72.47855982059706,0.0,0.0,0.0,0,nan,0.018344738442644334,0.00015325462044475327,0.9917150676875018,1.3941989648119264,8.861728473457202,0.2166684916470092,1.1284480256816904,0.9591808218294369
triage_only,7,cct_region,2011,1.0,pvgis,365,0.5185664617347002,70.275903079136,0.28,1853,0.4600308825276162,nan,0.42579600647598487,0.15751626039084943,0.9807807807807808,0.9148936170212766,0.0,0.0,1.0,0.0,0.0,0.0,0.0,0.0,0.4600308825276162,0.19622282931464546,0.18612661836322605,0.6689577230069886,0.7723402697707922,0.0,19.639202912676332,1.0,70.99896635492783,68.14626211465134,0.0,0.0,0.0,0,nan,0.013860146503894997,0.00015292311471030895,0.9890871080446735,1.1359636667715383,11.697950291444098,0.18073694220274628,0.8548506149247376,0.7266230226860269
triage_only,7,cct_region,2014,1.0,pvgis,365,0.5185664617347002,70.275903079136,0.28,1853,0.4600308825276162,nan,0.42579600647598487,0.15751626039084943,0.9807807807807808,0.9148936170212766,0.0,0.0,1.0,0.0,0.0,0.0,0.0,0.0,0.4600308825276162,0.19622282931464546,0.18612661836322605,0.7031210859910776,0.7870722750992613,0.0,22.297233232776282,1.0,72.78186476558025,68.14626211465134,0.0,0.0,0.0,0,nan,0.017222193930416862,0.00019597814803386482,0.9887486386544359,1.1498172464782146,9.411101870545462,0.2081640800360589,1.0625748331656732,0.9031886081908224
triage_only,78,cct_region,2011,1.0,pvgis,365,0.5371243038945545,72.79085383900801,0.27,2359,0.10864411416066382,0.0,0.1288681644764731,0.09292406092237715,0.8041379310344827,0.6032608695652174,0.0,0.0,1.0,0.0,0.0,0.0,0.0,0.0,0.10864411416066382,0.24491656788547456,0.19389988146256956,0.7037685873586429,0.7736453824850394,0.0,19.639202912676332,1.0,73.53979324666396,68.39070270801838,0.0,0.0,0.0,0,nan,0.01440278465853005,0.00014420883162141854,0.9900866916783148,1.1632107539298648,11.268595943207748,0.18509952760667847,0.8874220045157972,0.7543087038384276
triage_only,78,cct_region,2013,1.0,pvgis,365,0.5371243038945545,72.79085383900801,0.27,2359,0.10864411416066382,0.0,0.1288681644764731,0.09292406092237715,0.8041379310344827,0.6032608695652174,0.0,0.0,1.0,0.0,0.0,0.0,0.0,0.0,0.10864411416066382,0.24491656788547456,0.19389988146256956,0.7106350499775814,0.7821735983691883,0.0,20.64649507784094,1.0,73.71118220046938,68.39070270801838,0.0,0.0,0.0,0,nan,0.015629556998141537,0.0001571070297358237,0.9900481172299358,1.168914773868589,10.383713211323167,0.19513925135555077,0.963046628550494,0.8185896342679199
triage_only,46,cct_region,2014,1.0,pvgis,365,0.6498872575545345,88.072440650112,0.29,6276,0.21456265784512504,nan,0.212874442319949,0.09284589182409973,0.8286486486486486,0.8016528925619835,0.0,0.0,1.0,0.0,0.0,0.0,0.0,0.0,0.21456265784512504,0.11135417778252053,0.1368583929143101,0.8879231442270675,0.9972751057537077,0.4659912480974125,22.297233232776282,1.0,91.21300736260577,72.47855982059706,0.664206478489381,0.0,0.0,0,nan,0.02108896410234364,0.0001793486536476168,0.9915673304363509,1.4089092869621131,7.7074375250012785,0.23807144476048148,1.2974480775954575,1.102830865956139
triage_only,78,cct_region,2012,1.0,pvgis,365,0.5371243038945545,72.79085383900801,0.27,2359,0.10864411416066382,0.0,0.1288681644764731,0.09292406092237715,0.8041379310344827,0.6032608695652174,0.0,0.0,1.0,0.0,0.0,0.0,0.0,0.0,0.10864411416066382,0.24491656788547456,0.19389988146256956,0.6765269902539859,0.7732821482308653,0.0,20.729461989872192,1.0,69.55800162095082,68.39070270801838,0.0,0.0,0.0,0,nan,0.015022331581028489,0.00015076927850651844,0.9900633838855838,1.1531770719652066,10.80360523181904,0.1901857410103034,0.9256169385519343,0.7867743977691442
triage_only,46,cct_region,2015,1.0,pvgis,365,0.6498872575545345,88.072440650112,0.29,6276,0.21456265784512504,nan,0.212874442319949,0.09284589182409973,0.8286486486486486,0.8016528925619835,0.0,0.0,1.0,0.0,0.0,0.0,0.0,0.0,0.21456265784512504,0.11135417778252053,0.1368583929143101,0.8224867741225994,0.865354756291077,0.0,21.709066091403,1.0,86.82371461976584,72.47855982059706,0.0,0.0,0.0,0,nan,0.018670537317860343,0.00016639913623004294,0.9911663376560412,1.369297286848566,8.70227450352707,0.21931904754830323,1.1491248633845044,0.9767561338768287
triage_only,78,cct_region,2014,1.0,pvgis,365,0.5371243038945545,72.79085383900801,0.28,2359,0.10864411416066382,0.0,0.1288681644764731,0.09292406092237715,0.8041379310344827,0.6032608695652174,0.0,0.0,1.0,0.0,0.0,0.0,0.0,0.0,0.10864411416066382,0.24491656788547456,0.19389988146256956,0.7391545483020974,0.788730391293028,0.0,22.297233232776282,1.0,75.38649591334313,68.39070270801838,0.0,0.0,0.0,0,nan,0.01791754929834328,0.00018436204782119024,0.9898153269952759,1.1778312155132822,9.055628916430612,0.21355970615159647,1.1042855324886285,0.9386427026153342
triage_only,78,cct_region,2015,1.0,pvgis,365,0.5371243038945545,72.79085383900801,0.28,2359,0.10864411416066382,0.0,0.1288681644764731,0.09292406092237715,0.8041379310344827,0.6032608695652174,0.0,0.0,1.0,0.0,0.0,0.0,0.0,0.0,0.10864411416066382,0.24491656788547456,0.19389988146256956,0.6823458318156008,0.7761130602907554,0.0,21.709066091403,1.0,71.758796213616,68.39070270801838,0.0,0.0,0.0,0,nan,0.01610536592776252,0.00015933803713767352,0.9902034468329992,1.1444888647437699,10.078522928099066,0.19897762550790177,0.992208885304002,0.8433775525084017
triage_only,0,cct_region,2011,2.0,pvgis,365,1.2648912659894127,85.70875921763201,0.27,1861,0.500191717791411,0.0,0.708221386351424,0.23054618357163578,0.9917491749174917,0.23255813953488372,0.0,0.0,1.0,0.0,0.0,0.0,0.0,0.0,0.500191717791411,0.6087039877300612,0.7935199386503067,0.9877004607765287,0.9999976851851852,0.9437404870624049,19.639202912676332,1.0,173.18121988878173,67.75174442900305,80.86804932863795,0.0,0.0,0,nan,0.019438420665830486,0.00012746501777464615,0.9934853438359065,1.2620158969793462,8.378061411569401,0.22498912424278983,1.1935935425575703,1.0145545111739347
triage_only,0,cct_region,2013,2.0,pvgis,365,1.2648912659894127,85.70875921763201,0.25,1861,0.500191717791411,0.0,0.708221386351424,0.23054618357163578,0.9917491749174917,0.23255813953488372,0.0,0.0,1.0,0.0,0.0,0.0,0.0,0.0,0.500191717791411,0.6087039877300612,0.7935199386503067,0.9872270499542449,0.9999976851851852,0.9519216133942161,20.64649507784094,1.0,173.58482923801856,67.75174442900305,81.25133878035608,0.0,0.0,0,nan,0.02096686347513494,0.0001364314936132485,0.9935350619978877,1.2586714341642398,7.76770604172217,0.2368130891484258,1.2873813641102863,1.0942741594937433
triage_only,0,cct_region,2012,2.0,pvgis,365,1.2648912659894127,85.70875921763201,0.28,1861,0.500191717791411,0.0,0.708221386351424,0.23054618357163578,0.9917491749174917,0.23255813953488372,0.0,0.0,1.0,0.0,0.0,0.0,0.0,0.0,0.500191717791411,0.6087039877300612,0.7935199386503067,0.9852394511644996,0.9999976851851852,0.9325532724505328,20.729461989872192,1.0,163.8043709660343,67.75174442900305,71.95984295500416,0.0,0.0,0,nan,0.020656284549409654,0.00013867126056736932,0.9933314952994111,1.302092413568059,7.882882432014723,0.234456253390933,1.2685715011284495,1.078285775959182
triage_only,0,cct_region,2015,2.0,pvgis,365,1.2648912659894127,85.70875921763201,0.27,1861,0.500191717791411,0.0,0.708221386351424,0.23054618357163578,0.9917491749174917,0.23255813953488372,0.0,0.0,1.0,0.0,0.0,0.0,0.0,0.0,0.500191717791411,0.6087039877300612,0.7935199386503067,0.9869625652729068,0.9999976851851852,0.9443398021308981,21.709066091403,1.0,168.98709280214536,67.75174442900305,76.88358254545794,0.0,0.0,0,nan,0.022214323581817727,0.00014980239795926397,0.9933016654397885,1.2616763018477022,7.329783063161988,0.24637517882391613,1.3642968576052386,1.1596523289644527
triage_only,100,cct_region,2012,2.0,pvgis,365,1.2210563483151788,82.73851465568,0.27,4890,0.13079900996382557,0.0,0.13987730061349693,0.08662383638636405,0.9063495434274793,0.5966850828729282,0.0,0.0,1.0,0.0,0.0,0.0,0.0,0.0,0.13079900996382557,0.2012227369846206,0.4851177254553531,0.9829689166878778,0.9999976851851852,0.9246955859969559,20.729461989872192,1.0,158.12771613486893,71.5460120167942,62.79723828791182,0.0,0.0,0,nan,0.02062490719642141,0.00014427384836630347,0.9930534647439788,1.409777087111456,7.892665169391896,0.234258910856607,1.266999142289786,1.0769492709463182
triage_only,0,cct_region,2014,2.0,pvgis,365,1.2648912659894127,85.70875921763201,0.28,1861,0.500191717791411,0.0,0.708221386351424,0.23054618357163578,0.9917491749174917,0.23255813953488372,0.0,0.0,1.0,0.0,0.0,0.0,0.0,0.0,0.500191717791411,0.6087039877300612,0.7935199386503067,0.9895635944912184,0.9999976851851852,0.957572298325723,22.297233232776282,1.0,177.53007928133889,67.75174442900305,85.12144018224483,0.0,0.0,0,nan,0.023259288804581182,0.0001490037637831928,0.9936345735876283,1.253530566731271,7.002825658908978,0.25420333678090945,1.4279949961738694,1.2137957467477891
triage_only,105,cct_region,2012,2.0,pvgis,365,1.058529353339236,71.725720549728,0.27,2169,0.07260536398467432,0.0,0.08483171968649147,0.0856813132549586,0.8104858104858105,0.6,0.0,0.0,1.0,0.0,0.0,0.0,0.0,0.0,0.07260536398467432,0.2796455938697318,0.43668582375478926,0.977622446457496,0.9999976851851852,0.9104261796042618,20.729461989872192,1.0,137.0803479595446,68.43439247896946,45.98074253633714,0.0,0.0,0,nan,0.02055292647373601,0.00014286183382932225,0.9930970576377078,1.341843044652635,7.920654646871701,0.23369670622773653,1.2625219058060493,1.0731436199351418
triage_only,100,cct_region,2014,2.0,pvgis,365,1.2210563483151788,82.73851465568,0.28,4890,0.13079900996382557,0.0,0.13987730061349693,0.08662383638636405,0.9063495434274793,0.5966850828729282,0.0,0.0,1.0,0.0,0.0,0.0,0.0,0.0,0.13079900996382557,0.2012227369846206,0.4851177254553531,0.9879130771790033,0.9999976851851852,0.9546993911719939,22.297233232776282,1.0,171.37775882562494,71.5460120167942,75.52408272979797,0.0,0.0,0,nan,0.0232358374914211,0.00015776372830462624,0.9932561161993477,1.3630497505228116,7.007223483435624,0.25409376114410764,1.427098767955525,1.213033952762196
triage_only,105,cct_region,2011,2.0,pvgis,365,1.058529353339236,71.725720549728,0.28,2169,0.07260536398467432,0.0,0.08483171968649147,0.0856813132549586,0.8104858104858105,0.6,0.0,0.0,1.0,0.0,0.0,0.0,0.0,0.0,0.07260536398467432,0.2796455938697318,0.43668582375478926,0.9831424225596418,0.9999976851851852,0.9236872146118722,19.639202912676332,1.0,144.92740176838876,68.43439247896946,53.34462268308919,0.0,0.0,0,nan,0.019376797982960315,0.00013071166857028498,0.9932994179726048,1.2991194615235107,8.403132678503047,0.22453657156686246,1.190032382278346,1.0115275249365943
triage_only,100,cct_region,2011,2.0,pvgis,365,1.2210563483151788,82.73851465568,0.29,4890,0.13079900996382557,0.0,0.13987730061349693,0.08662383638636405,0.9063495434274793,0.5966850828729282,0.0,0.0,1.0,0.0,0.0,0.0,0.0,0.0,0.13079900996382557,0.2012227369846206,0.4851177254553531,0.9863708941084541,0.9999976851851852,0.9383561643835616,19.639202912676332,1.0,167.17960953643777,71.5460120167942,71.38021501614486,0.0,0.0,0,nan,0.019421124537943913,0.00013325608651295538,0.993185358868064,1.3685956688430547,8.382990746532196,0.2248999536536206,1.1928916901329893,1.013957936613041
triage_only,100,cct_region,2013,2.0,pvgis,365,1.2210563483151788,82.73851465568,0.29,4890,0.13079900996382557,0.0,0.13987730061349693,0.08662383638636405,0.9063495434274793,0.5966850828729282,0.0,0.0,1.0,0.0,0.0,0.0,0.0,0.0,0.13079900996382557,0.2012227369846206,0.4851177254553531,0.9852101048028088,0.9999976851851852,0.9453576864535769,20.64649507784094,1.0,167.56923176831125,71.5460120167942,71.75022153832393,0.0,0.0,0,nan,0.020942514892462294,0.00014180089151541344,0.9932745794092511,1.3681466206844783,7.774698193126042,0.2366682287482338,1.2862235615578552,1.0932900273241768
triage_only,105,cct_region,2013,2.0,pvgis,365,1.058529353339236,71.725720549728,0.28,2169,0.07260536398467432,0.0,0.08483171968649147,0.0856813132549586,0.8104858104858105,0.6,0.0,0.0,1.0,0.0,0.0,0.0,0.0,0.0,0.07260536398467432,0.2796455938697318,0.43668582375478926,0.9806438002305129,0.9999976851851852,0.904119101978691,20.64649507784094,1.0,145.26516387880858,68.43439247896946,53.665328665080835,0.0,0.0,0,nan,0.020887319245506852,0.00013942672235466895,0.9933690775278411,1.3012774944469538,7.795984793821233,0.23622865353195233,1.2827115835225302,1.090304845994151
triage_only,100,cct_region,2015,2.0,pvgis,365,1.2210563483151788,82.73851465568,0.29,4890,0.13079900996382557,0.0,0.13987730061349693,0.08662383638636405,0.9063495434274793,0.5966850828729282,0.0,0.0,1.0,0.0,0.0,0.0,0.0,0.0,0.13079900996382557,0.2012227369846206,0.4851177254553531,0.9852493247761132,0.9999976851851852,0.9376522070015221,21.709066091403,1.0,163.13083029155143,71.5460120167942,67.53383027852227,0.0,0.0,0,nan,0.02218586122516433,0.00015701114596371307,0.9929726517094282,1.3707141395105586,7.336755503326281,0.24621498933131847,1.3630003065341727,1.158550260554047
triage_only,105,cct_region,2014,2.0,pvgis,365,1.058529353339236,71.725720549728,0.28,2169,0.07260536398467432,0.0,0.08483171968649147,0.0856813132549586,0.8104858104858105,0.6,0.0,0.0,1.0,0.0,0.0,0.0,0.0,0.0,0.07260536398467432,0.2796455938697318,0.43668582375478926,0.9840000703182087,0.9999976851851852,0.9293759512937595,22.297233232776282,1.0,148.56676227655393,68.43439247896946,56.9963798021238,0.0,0.0,0,nan,0.023173955231064403,0.0001547408215289848,0.9933669322460146,1.2929955666179516,7.026719001329154,0.2536094723058867,1.4231393055718364,1.209668409736061
triage_only,105,cct_region,2015,2.0,pvgis,365,1.058529353339236,71.725720549728,0.28,2169,0.07260536398467432,0.0,0.08483171968649147,0.0856813132549586,0.8104858104858105,0.6,0.0,0.0,1.0,0.0,0.0,0.0,0.0,0.0,0.07260536398467432,0.2796455938697318,0.43668582375478926,0.9813199296173863,0.9999976851851852,0.9013888888888889,21.709066091403,1.0,141.41752961398848,68.43439247896946,50.010188641942264,0.0,0.0,0,nan,0.022117108347199432,0.00015517312634064662,0.9930329038574249,1.3036555100028462,7.36000898802108,0.24568269787383956,1.3586939929388249,1.1548898939980012
triage_only,130,cct_region,2012,2.0,pvgis,365,1.0106128730967532,68.47891018896,0.25,1455,0.13661805862424511,0.0,0.13676975945017184,0.07489019168284437,0.9806978470675576,0.8611111111111112,0.0,0.0,1.0,0.0,0.0,0.0,0.0,0.0,0.13661805862424511,0.29496243923994697,0.36964206805125943,0.9754101660587844,0.9999976851851852,0.9052035768645358,20.729461989872192,1.0,130.87512770380468,67.77204329136786,40.745118319197914,0.0,0.0,0,nan,0.020520586895142467,0.00014278099300582938,0.9930901393335922,1.3323376583227635,7.93308199884545,0.233448227209065,1.260544136749798,1.0714625162373284
triage_only,130,cct_region,2013,2.0,pvgis,365,1.0106128730967532,68.47891018896,0.26,1455,0.13661805862424511,0.0,0.13676975945017184,0.07489019168284437,0.9806978470675576,0.8611111111111112,0.0,0.0,1.0,0.0,0.0,0.0,0.0,0.0,0.13661805862424511,0.29496243923994697,0.36964206805125943,0.9789314740109607,0.9999976851851852,0.8897831050228311,20.64649507784094,1.0,138.68944131338083,67.77204329136786,48.08084645792469,0.0,0.0,0,nan,0.020865072140570335,0.00013969513154669577,0.9933493606600377,1.2918807425272076,7.804142255200944,0.23606076810267673,1.2813707993771721,1.0891651794705963
triage_only,130,cct_region,2011,2.0,pvgis,365,1.0106128730967532,68.47891018896,0.28,1455,0.13661805862424511,0.0,0.13676975945017184,0.07489019168284437,0.9806978470675576,0.8611111111111112,0.0,0.0,1.0,0.0,0.0,0.0,0.0,0.0,0.13661805862424511,0.29496243923994697,0.36964206805125943,0.9815301468310774,0.9999976851851852,0.9143740487062405,19.639202912676332,1.0,138.36696869062587,67.77204329136786,47.77465788331653,0.0,0.0,0,nan,0.0193570347214822,0.00013037540397777139,0.993309762398471,1.2898639654217305,8.411799760647835,0.22438069142775785,1.188806234639833,1.010485299443858
triage_only,130,cct_region,2014,2.0,pvgis,365,1.0106128730967532,68.47891018896,0.27,1455,0.13661805862424511,0.0,0.13676975945017184,0.07489019168284437,0.9806978470675576,0.8611111111111112,0.0,0.0,1.0,0.0,0.0,0.0,0.0,0.0,0.13661805862424511,0.29496243923994697,0.36964206805125943,0.9823581761292162,0.9999976851851852,0.9230783866057839,22.297233232776282,1.0,141.84158615663088,67.77204329136786,51.24883156966061,0.0,0.0,0,nan,0.023147445317168367,0.00015457049651668557,0.9933666469994451,1.2833308437383484,7.034764422944012,0.25341030696219424,1.4215117093878535,1.2082849529796753
triage_only,28,cct_region,2011,2.0,pvgis,365,1.03062096349991,69.834654076896,0.27,1333,0.1862785862785863,0.0,0.18829707426856715,0.10218881619939477,0.8981481481481481,0.7931034482758621,0.0,0.0,1.0,0.0,0.0,0.0,0.0,0.0,0.1862785862785863,0.19176715176715176,0.2892307692307692,0.9824580752027146,0.9999976851851852,0.9196632420091324,19.639202912676332,1.0,141.10635475236165,67.71664852379557,50.432428723776944,0.0,0.0,0,nan,0.01936807559932462,0.00012995041180084873,0.993335201639043,1.2860130918582644,8.407219876281637,0.22446302591645229,1.1894538440955849,1.0110357674812471
triage_only,28,cct_region,2012,2.0,pvgis,365,1.03062096349991,69.834654076896,0.26,1333,0.1862785862785863,0.0,0.18829707426856715,0.10218881619939477,0.8981481481481481,0.7931034482758621,0.0,0.0,1.0,0.0,0.0,0.0,0.0,0.0,0.1862785862785863,0.19176715176715176,0.2892307692307692,0.976652418791831,0.9999976851851852,0.9080669710806697,20.729461989872192,1.0,133.46619047010245,67.71664852379557,43.252371861389314,0.0,0.0,0,nan,0.020538254042957966,0.00014180225596948948,0.9931430430401273,1.329163504287823,7.926680153065739,0.23357614184400244,1.2615621933644414,1.0723278643597751
triage_only,28,cct_region,2013,2.0,pvgis,365,1.03062096349991,69.834654076896,0.26,1333,0.1862785862785863,0.0,0.18829707426856715,0.10218881619939477,0.8981481481481481,0.7931034482758621,0.0,0.0,1.0,0.0,0.0,0.0,0.0,0.0,0.1862785862785863,0.19176715176715176,0.2892307692307692,0.979911356922368,0.9999976851851852,0.9002187975646879,20.64649507784094,1.0,141.43521168068102,67.71664852379557,50.74467921273909,0.0,0.0,0,nan,0.020878085779363908,0.00013901993632810326,0.9933853910139346,1.287926128677475,7.799560702908754,0.23615502049900028,1.2821234914256925,1.0898049677118387
triage_only,130,cct_region,2015,2.0,pvgis,365,1.0106128730967532,68.47891018896,0.28,1455,0.13661805862424511,0.0,0.13676975945017184,0.07489019168284437,0.9806978470675576,0.8611111111111112,0.0,0.0,1.0,0.0,0.0,0.0,0.0,0.0,0.13661805862424511,0.29496243923994697,0.36964206805125943,0.9794001682525393,0.9999976851851852,0.8955479452054794,21.709066091403,1.0,135.01597802515954,67.77204329136786,44.591163768726986,0.0,0.0,0,nan,0.02208662977045794,0.0001556557885813353,0.9930018078327352,1.2942597434050542,7.36993468561829,0.24545639956239773,1.3568641279160896,1.1533345087286762
triage_only,40,cct_region,2013,2.0,pvgis,365,0.9853790484979228,66.769071679648,0.25,1079,0.15880487056175177,0.0,0.16218721037998146,0.09384774925614975,0.974120082815735,0.8053097345132744,0.0,0.0,1.0,0.0,0.0,0.0,0.0,0.0,0.15880487056175177,0.08216514887956615,0.23636549677683413,0.9781835692430879,0.9999976851851852,0.8826198630136987,20.64649507784094,1.0,135.2265277398714,67.5926903062394,44.97048686574724,0.0,0.0,0,nan,0.020855053860034636,0.00013941280453034753,0.9933595453145923,1.2908779850303873,7.807971235852634,0.23598207366752333,1.280742423087064,1.0886310596240045
triage_only,28,cct_region,2015,2.0,pvgis,365,1.03062096349991,69.834654076896,0.27,1333,0.1862785862785863,0.0,0.18829707426856715,0.10218881619939477,0.8981481481481481,0.7931034482758621,0.0,0.0,1.0,0.0,0.0,0.0,0.0,0.0,0.1862785862785863,0.19176715176715176,0.2892307692307692,0.9804910783899411,0.9999976851851852,0.8987823439878234,21.709066091403,1.0,137.68902125081976,67.71664852379557,47.18590786597178,0.0,0.0,0,nan,0.02210376353233413,0.00015519009273725089,0.9930279699867629,1.2902289589034983,7.364415892594084,0.24558215690701213,1.3578809434236803,1.1541988019101281
triage_only,40,cct_region,2012,2.0,pvgis,365,0.9853790484979228,66.769071679648,0.27,1079,0.15880487056175177,0.0,0.16218721037998146,0.09384774925614975,0.974120082815735,0.8053097345132744,0.0,0.0,1.0,0.0,0.0,0.0,0.0,0.0,0.15880487056175177,0.08216514887956615,0.23636549677683413,0.9743416533323203,0.9999976851851852,0.9005707762557078,20.729461989872192,1.0,127.6073284260185,67.5926903062394,37.82525644377119,0.0,0.0,0,nan,0.02050317779336769,0.00014276075158816667,0.993085286421961,1.3324921717344378,7.939779122758252,0.23331461062591263,1.2594808804361342,1.070558748370714
triage_only,28,cct_region,2014,2.0,pvgis,365,1.03062096349991,69.834654076896,0.28,1333,0.1862785862785863,0.0,0.18829707426856715,0.10218881619939477,0.8981481481481481,0.7931034482758621,0.0,0.0,1.0,0.0,0.0,0.0,0.0,0.0,0.1862785862785863,0.19176715176715176,0.2892307692307692,0.983305361285741,0.9999976851851852,0.9259798325722983,22.297233232776282,1.0,144.64976261499436,67.71664852379557,53.96424823435579,0.0,0.0,0,nan,0.023162643697190073,0.00015363319736578417,0.993410903547742,1.279665705664066,7.030461705799403,0.25351677113044113,1.422381689633703,1.2090244361886475
triage_only,40,cct_region,2011,2.0,pvgis,365,0.9853790484979228,66.769071679648,0.28,1079,0.15880487056175177,0.0,0.16218721037998146,0.09384774925614975,0.974120082815735,0.8053097345132744,0.0,0.0,1.0,0.0,0.0,0.0,0.0,0.0,0.15880487056175177,0.08216514887956615,0.23636549677683413,0.9807153953263303,0.9999976851851852,0.9120624048706241,19.639202912676332,1.0,134.9121068823523,67.5926903062394,44.67194346268986,0.0,0.0,0,nan,0.01934699281174543,0.00013050059635311945,0.9932999286089422,1.2896491927892306,8.416082521215605,0.22430377163919046,1.1882012771133827,1.0099710855463753
triage_only,40,cct_region,2014,2.0,pvgis,365,0.9853790484979228,66.769071679648,0.27,1079,0.15880487056175177,0.0,0.16218721037998146,0.09384774925614975,0.974120082815735,0.8053097345132744,0.0,0.0,1.0,0.0,0.0,0.0,0.0,0.0,0.15880487056175177,0.08216514887956615,0.23636549677683413,0.9814792309031876,0.9999976851851852,0.9171898782343988,22.297233232776282,1.0,138.2999672032459,67.5926903062394,48.063023572466655,0.0,0.0,0,nan,0.023133493077013498,0.00015488531140658805,0.9933492444676353,1.2829467003359865,7.038883905738153,0.2533084844079403,1.4206797745091266,1.2075778083327575
triage_only,40,cct_region,2015,2.0,pvgis,365,0.9853790484979228,66.769071679648,0.29,1079,0.15880487056175177,0.0,0.16218721037998146,0.09384774925614975,0.974120082815735,0.8053097345132744,0.0,0.0,1.0,0.0,0.0,0.0,0.0,0.0,0.15880487056175177,0.08216514887956615,0.23636549677683413,0.9785348333138769,0.9999976851851852,0.8927321156773211,21.709066091403,1.0,131.64478654499794,67.5926903062394,41.567937482714676,0.0,0.0,0,nan,0.02207235264126365,0.00015583360576900155,0.9929893692612998,1.2930941607480968,7.374609426393186,0.24535000660578277,1.356004016187045,1.1526034137589884
triage_only,46,cct_region,2011,2.0,pvgis,365,1.299774515109069,88.072440650112,0.3,6276,0.21456265784512504,nan,0.212874442319949,0.09284589182409973,0.8286486486486486,0.8016528925619835,0.0,0.0,1.0,0.0,0.0,0.0,0.0,0.0,0.21456265784512504,0.11135417778252053,0.1368583929143101,0.9875476854523515,0.9999976851851852,0.9437690258751903,19.639202912676332,1.0,177.95722222088847,72.47855982059706,80.6823374976686,0.0,0.0,0,nan,0.019436643585308458,0.00013475922628911158,0.9931144830247296,1.3811429933423105,8.375699657658297,0.22503188140528585,1.19393010837686,1.014840592120331
triage_only,46,cct_region,2013,2.0,pvgis,365,1.299774515109069,88.072440650112,0.28,6276,0.21456265784512504,nan,0.212874442319949,0.09284589182409973,0.8286486486486486,0.8016528925619835,0.0,0.0,1.0,0.0,0.0,0.0,0.0,0.0,0.21456265784512504,0.11135417778252053,0.1368583929143101,0.9870491143919976,0.9999976851851852,0.9520167427701675,20.64649507784094,1.0,178.37196233358222,72.47855982059706,81.07619732945756,0.0,0.0,0,nan,0.020964276054124188,0.00014352316362386476,0.9932004676497403,1.3770194075827515,7.76604847042311,0.23684746421305236,1.287656140453522,1.0945077193854937
triage_only,46,cct_region,2014,2.0,pvgis,365,1.299774515109069,88.072440650112,0.28,6276,0.21456265784512504,nan,0.212874442319949,0.09284589182409973,0.8286486486486486,0.8016528925619835,0.0,0.0,1.0,0.0,0.0,0.0,0.0,0.0,0.21456265784512504,0.11135417778252053,0.1368583929143101,0.9894708489421162,0.9999976851851852,0.958095509893455,22.297233232776282,1.0,182.42601472521153,72.47855982059706,85.07859639374112,0.0,0.0,0,nan,0.02325805439671577,0.00015670008920205082,0.9933076347524252,1.3740259096329024,7.000893044920808,0.25425152798934836,1.4283891977545726,1.2141308180913868
triage_only,46,cct_region,2012,2.0,pvgis,365,1.299774515109069,88.072440650112,0.29,6276,0.21456265784512504,nan,0.212874442319949,0.09284589182409973,0.8286486486486486,0.8016528925619835,0.0,0.0,1.0,0.0,0.0,0.0,0.0,0.0,0.21456265784512504,0.11135417778252053,0.1368583929143101,0.984954525648268,0.9999976851851852,0.931906392694064,20.729461989872192,1.0,168.32177798190958,72.47855982059706,71.52847977673594,0.0,0.0,0,nan,0.02065101978434469,0.0001458634874762076,0.9929862813783329,1.4214050967977667,7.882151843930496,0.23447100881234584,1.2686890836415838,1.0783857210953463
triage_only,7,cct_region,2013,2.0,pvgis,365,1.0371329234694004,70.275903079136,0.27,1853,0.4600308825276162,nan,0.42579600647598487,0.15751626039084943,0.9807807807807808,0.9148936170212766,0.0,0.0,1.0,0.0,0.0,0.0,0.0,0.0,0.4600308825276162,0.19622282931464546,0.18612661836322605,0.9800912738544093,0.9999976851851852,0.9012461948249619,20.64649507784094,1.0,142.3288675147464,68.14626211465134,51.16402438874562,0.0,0.0,0,nan,0.02088029634480678,0.0001394169620400709,0.9933673233309677,1.2943926323363444,7.798593131886083,0.23617493819343693,1.2822825644170397,1.0899401797544839
triage_only,7,cct_region,2012,2.0,pvgis,365,1.0371329234694004,70.275903079136,0.27,1853,0.4600308825276162,nan,0.42579600647598487,0.15751626039084943,0.9807807807807808,0.9148936170212766,0.0,0.0,1.0,0.0,0.0,0.0,0.0,0.0,0.4600308825276162,0.19622282931464546,0.18612661836322605,0.9768989749820531,0.9999976851851852,0.9082001522070016,20.729461989872192,1.0,134.3094941873784,68.14626211465134,43.634184703169794,0.0,0.0,0,nan,0.020542057088819107,0.000142608387217,0.9931055985709696,1.3361761050698029,7.92491384590687,0.23361146686292955,1.2618433707219276,1.0725668651136384
triage_only,7,cct_region,2011,2.0,pvgis,365,1.0371329234694004,70.275903079136,0.28,1853,0.4600308825276162,nan,0.42579600647598487,0.15751626039084943,0.9807807807807808,0.9148936170212766,0.0,0.0,1.0,0.0,0.0,0.0,0.0,0.0,0.4600308825276162,0.19622282931464546,0.18612661836322605,0.982648293735729,0.9999976851851852,0.9214897260273973,19.639202912676332,1.0,141.99793270985566,68.14626211465134,50.84980095070215,0.0,0.0,0,nan,0.019370525018287718,0.0001305790602042328,0.9933040170608468,1.2925887269750336,8.405892875049302,0.22448689709959113,1.1896416179276312,1.0111953752384866
triage_only,7,cct_region,2014,2.0,pvgis,365,1.0371329234694004,70.275903079136,0.28,1853,0.4600308825276162,nan,0.42579600647598487,0.15751626039084943,0.9807807807807808,0.9148936170212766,0.0,0.0,1.0,0.0,0.0,0.0,0.0,0.0,0.4600308825276162,0.19622282931464546,0.18612661836322605,0.9834857555585859,0.9999976851851852,0.927654109589041,22.297233232776282,1.0,145.5637295311605,68.14626211465134,54.42299594907749,0.0,0.0,0,nan,0.023165530564612295,0.00015354431447334112,0.9934155057492846,1.2870932262550845,7.029618142184979,0.25353765732350475,1.4225523773460267,1.2091695207441227
triage_only,7,cct_region,2015,2.0,pvgis,365,1.0371329234694004,70.275903079136,0.27,1853,0.4600308825276162,nan,0.42579600647598487,0.15751626039084943,0.9807807807807808,0.9148936170212766,0.0,0.0,1.0,0.0,0.0,0.0,0.0,0.0,0.4600308825276162,0.19622282931464546,0.18612661836322605,0.9806995386728327,0.9999976851851852,0.8994292237442922,21.709066091403,1.0,138.55900684822407,68.14626211465134,47.582767009411086,0.0,0.0,0,nan,0.022106775848849236,0.00015562914043763741,0.9930093293823138,1.2966358110414855,7.363274179401285,0.24560819416516155,1.3580914897852019,1.1543777663174217
triage_only,78,cct_region,2012,2.0,pvgis,365,1.074248607789109,72.79085383900801,0.27,2359,0.10864411416066382,0.0,0.1288681644764731,0.09292406092237715,0.8041379310344827,0.6032608695652174,0.0,0.0,1.0,0.0,0.0,0.0,0.0,0.0,0.10864411416066382,0.24491656788547456,0.19389988146256956,0.9782653303240356,0.9999976851851852,0.911624809741248,20.729461989872192,1.0,139.11600324190164,68.39070270801838,47.918257389218105,0.0,0.0,0,nan,0.020560328018620226,0.00014181290831618854,0.993149843351145,1.3340745266519658,7.918224129935364,0.23374538501301834,1.2629094397813705,1.073473023814165
triage_only,78,cct_region,2011,2.0,pvgis,365,1.074248607789109,72.79085383900801,0.27,2359,0.10864411416066382,0.0,0.1288681644764731,0.09292406092237715,0.8041379310344827,0.6032608695652174,0.0,0.0,1.0,0.0,0.0,0.0,0.0,0.0,0.10864411416066382,0.24491656788547456,0.19389988146256956,0.9836895828760148,0.9999976851851852,0.9254756468797565,19.639202912676332,1.0,147.07958649332792,68.39070270801838,55.43680658290022,0.0,0.0,0,nan,0.019383899511888222,0.00012961811914507138,0.9933575216116375,1.2912195387524412,8.400545454105814,0.22458315985119537,1.190398891909149,1.0118390581227767
triage_only,46,cct_region,2015,2.0,pvgis,365,1.299774515109069,88.072440650112,0.3,6276,0.21456265784512504,nan,0.212874442319949,0.09284589182409973,0.8286486486486486,0.8016528925619835,0.0,0.0,1.0,0.0,0.0,0.0,0.0,0.0,0.21456265784512504,0.11135417778252053,0.1368583929143101,0.9867914526085516,0.9999976851851852,0.9447393455098935,21.709066091403,1.0,173.64742923953168,72.47855982059706,76.58798684451068,0.0,0.0,0,nan,0.02221153879675416,0.000158340610759232,0.9929217047676149,1.3809116853891072,7.327897877443766,0.24641853683610881,1.364647838608848,1.159950662817521
triage_only,78,cct_region,2013,2.0,pvgis,365,1.074248607789109,72.79085383900801,0.28,2359,0.10864411416066382,0.0,0.1288681644764731,0.09292406092237715,0.8041379310344827,0.6032608695652174,0.0,0.0,1.0,0.0,0.0,0.0,0.0,0.0,0.10864411416066382,0.24491656788547456,0.19389988146256956,0.981273353951845,0.9999976851851852,0.9054889649923896,20.64649507784094,1.0,147.42236440093876,68.39070270801838,55.76227973751145,0.0,0.0,0,nan,0.020894831625132,0.00013873331497155902,0.993404193945885,1.2923549506862677,7.793457376140979,0.2362807331123986,1.2831275667990651,1.0906584317792054
triage_only,78,cct_region,2014,2.0,pvgis,365,1.074248607789109,72.79085383900801,0.27,2359,0.10864411416066382,0.0,0.1288681644764731,0.09292406092237715,0.8041379310344827,0.6032608695652174,0.0,0.0,1.0,0.0,0.0,0.0,0.0,0.0,0.10864411416066382,0.24491656788547456,0.19389988146256956,0.9845708874369503,0.9999976851851852,0.9358732876712329,22.297233232776282,1.0,150.77299182668625,68.39070270801838,59.1005460135134,0.0,0.0,0,nan,0.023183260553776282,0.00015431476861200996,0.9933877120274799,1.2850527854219709,7.024045538772572,0.2536757433923268,1.4236809748456536,1.2101288286188054
triage_only,78,cct_region,2015,2.0,pvgis,365,1.074248607789109,72.79085383900801,0.29,2359,0.10864411416066382,0.0,0.1288681644764731,0.09292406092237715,0.8041379310344827,0.6032608695652174,0.0,0.0,1.0,0.0,0.0,0.0,0.0,0.0,0.10864411416066382,0.24491656788547456,0.19389988146256956,0.9819267902456933,0.9999976851851852,0.9027492389649924,21.709066091403,1.0,143.517592427232,68.39070270801838,52.0528559015454,0.0,0.0,0,nan,0.022127018756718266,0.0001537328409647178,0.993100195014036,1.2951286808969815,7.3572110487528235,0.24574658677998928,1.3592107027696556,1.1553290973542074
ee_now,0,cct_region,2012,0.5,pvgis,365,0.3162228164973532,85.70875921763201,0.27,1861,0.2192292944785276,-0.9578431372549022,0.31434712520150454,0.10044767608593819,0.4768976897689769,0.13953488372093023,0.523374529822676,0.0,0.22084900591080064,0.2557764642665234,0.0,0.0,0.0,0.0,0.500191717791411,0.6087039877300612,0.7935199386503067,0.22224616422003515,0.6677425036250384,0.0,20.729461989872192,1.0,40.951092741508575,72.75498064798518,0.0,1.2,0.1990582191780822,0,nan,0.00917705993771072,8.57715164327383e-05,0.990740248610011,0.6741101333998236,17.696985272863156,0.1408800832359961,0.5650679958091033,0.48030779643773774
ee_now,0,cct_region,2011,0.5,pvgis,365,0.3162228164973532,85.70875921763201,0.28,1861,0.21827070552147237,-0.9611111111111112,0.3138097796883396,0.10008219959402541,0.4768976897689769,0.13953488372093023,0.523374529822676,0.0,0.21278882321332618,0.26383664696399783,0.0,0.0,0.0,0.0,0.500191717791411,0.6087039877300612,0.7935199386503067,0.22175655067884925,0.6676685351816178,0.0,19.639202912676332,1.0,43.29530497219543,72.92512126912303,0.0,1.2356164383561643,0.1717941400304414,0,nan,0.008569354295468179,8.724415268112742e-05,0.9899216588127894,0.7024886230529215,18.936328491017825,0.13565515612515366,0.5280854736304007,0.4488726525858406
ee_now,0,cct_region,2013,0.5,pvgis,365,0.3162228164973532,85.70875921763201,0.28,1861,0.21827070552147237,-0.9611111111111112,0.3138097796883396,0.10008219959402541,0.4768976897689769,0.13953488372093023,0.523374529822676,0.0,0.20687802256851157,0.2697474476088125,0.0,0.0,0.0,0.0,0.500191717791411,0.6087039877300612,0.7935199386503067,0.22319150338576352,0.6730697007733084,0.0,20.64649507784094,1.0,43.39620730950464,73.06841737374707,0.0,1.2657534246575342,0.1726693302891933,0,nan,0.00922196013711147,9.058253055804918e-05,0.9902730614193559,0.6934745533733044,17.602517129729588,0.14130710118229373,0.5681005691572715,0.4828854837836808
ee_now,0,cct_region,2014,0.5,pvgis,365,0.3162228164973532,85.70875921763201,0.28,1861,0.21999616564417174,-0.9552287581699349,0.31703385276732937,0.10018839805271966,0.4867986798679868,0.13953488372093023,0.5137023105857066,0.0,0.21708758731864589,0.2692101020956475,0.0,0.0,0.0,0.0,0.500191717791411,0.6087039877300612,0.7935199386503067,0.2310002955447287,0.677376469408417,0.0,22.297233232776282,1.0,44.38251982033472,73.07404145191349,0.0,1.263013698630137,0.15854261796042618,0,nan,0.010457325454101253,0.00010583247843787505,0.9899809811503562,0.7010916295300207,15.518483475858337,0.1519797368747383,0.6443928632302709,0.5477339337457303
ee_now,0,cct_region,2015,0.5,pvgis,365,0.3162228164973532,85.70875921763201,0.28,1861,0.2162576687116564,-0.9679738562091506,0.31004836109618483,0.09966593364919552,0.4713971397139714,0.13953488372093023,0.5287479849543256,0.0,0.2015045674368619,0.2697474476088125,0.0,0.0,0.0,0.0,0.500191717791411,0.6087039877300612,0.7935199386503067,0.21759456714990927,0.669268666797096,0.0,21.709066091403,1.0,42.24677320053634,73.0611434281739,0.0,1.2657534246575342,0.19049657534246575,0,nan,0.009869201081915167,8.573557693264653e-05,0.9913876320994524,0.6616384302348437,16.466623289189567,0.14680600496214347,0.6072890491498071,0.516195691777336
ee_now,100,cct_region,2011,0.5,pvgis,365,0.3052640870787947,82.73851465568,0.29,4890,0.10784624822830065,-0.06477998686488738,0.1149284253578732,0.10145933202805442,0.5604162242514334,0.2265193370165746,0.38609406952965236,0.0,0.29059304703476485,0.32331288343558284,0.0,0.0,0.0,0.0,0.13079900996382557,0.2012227369846206,0.4851177254553531,0.19994565322291527,0.7135995755566938,0.0,19.639202912676332,1.0,41.79490238410944,74.78121782360766,0.0,0.9698630136986301,0.22073820395738203,0,nan,0.00835339578031873,7.66076059153303e-05,0.990912505914241,0.6582508332710151,19.44532929804911,0.13369386401813066,0.5142623118757506,0.437122965094388
ee_now,105,cct_region,2012,0.5,pvgis,365,0.264632338334809,71.725720549728,0.27,2169,0.21839080459770113,0.40042094185740595,0.2268326417704011,0.16134101098103615,0.7104377104377104,0.5,0.06731212540341171,0.0,0.4979253112033195,0.4347625633932688,0.0,0.0,0.0,0.0,0.07260536398467432,0.2796455938697318,0.43668582375478926,0.2175487580131777,0.7164447031612855,0.0,20.729461989872192,1.0,34.27008698988615,71.19851395751412,0.0,0.5561643835616439,0.27122336377473366,0,nan,0.009097844362388793,1.2452615268437078e-05,0.9986331274052892,0.4124240414078002,17.993287401169276,0.13956847230377112,0.5557628118222665,0.4723983900489265
ee_now,100,cct_region,2013,0.5,pvgis,365,0.3052640870787947,82.73851465568,0.29,4890,0.10805779441941148,-0.06418293629470409,0.11513292433537832,0.10026315434883608,0.5606285835633893,0.2265193370165746,0.3848670756646217,0.0,0.2824130879345603,0.332719836400818,0.0,0.0,0.0,0.0,0.13079900996382557,0.2012227369846206,0.4851177254553531,0.20205141480659006,0.7188135632814598,0.0,20.64649507784094,1.0,41.892307942077814,74.88056781507008,0.0,0.9863013698630136,0.22149923896499238,0,nan,0.00898010832592359,8.132340845567597e-05,0.991025324602167,0.6657689027337195,18.090319127722218,0.13914786092043818,0.5527818458810747,0.4698645689989135
ee_now,100,cct_region,2012,0.5,pvgis,365,0.3052640870787947,82.73851465568,0.3,4890,0.10742315584607898,-0.065974088005254,0.11451942740286299,0.10095137286376814,0.5610533021873009,0.2265193370165746,0.3848670756646217,0.0,0.3006134969325153,0.314519427402863,0.0,0.0,0.0,0.0,0.13079900996382557,0.2012227369846206,0.4851177254553531,0.1994686831917909,0.7136709806172229,0.0,20.729461989872192,1.0,39.53192903371723,74.70643521737634,0.0,0.9561643835616438,0.2481259512937595,0,nan,0.008927859030690755,7.945649055413002e-05,0.991178671340343,0.6496684764878492,18.199006290204284,0.1386818074564865,0.549480550780542,0.46705846816346075
ee_now,105,cct_region,2011,0.5,pvgis,365,0.264632338334809,71.725720549728,0.29,2169,0.21839080459770113,0.40042094185740595,0.2268326417704011,0.16134101098103615,0.7104377104377104,0.5,0.06731212540341171,0.0,0.49654218533886585,0.43614568925772246,0.0,0.0,0.0,0.0,0.07260536398467432,0.2796455938697318,0.43668582375478926,0.21848723558211852,0.71638280237132,0.0,19.639202912676332,1.0,36.23185044209719,71.21233155542582,0.0,0.5589041095890411,0.2462423896499239,0,nan,0.008518922817093719,1.1214508306154898e-05,0.9986853074131923,0.4111707261522673,19.217063638691886,0.13456113798123692,0.5203708635207863,0.44231523399266837
ee_now,100,cct_region,2014,0.5,pvgis,365,0.3052640870787947,82.73851465568,0.29,4890,0.1079097120856339,-0.0646008716938324,0.11554192229038855,0.09836901900164967,0.5657252070503291,0.2596685082872928,0.37443762781186096,0.0,0.2934560327198364,0.33210633946830265,0.0,0.0,0.0,0.0,0.13079900996382557,0.2012227369846206,0.4851177254553531,0.20755987810806104,0.7229710804720868,0.0,22.297233232776282,1.0,42.844439706406234,74.90106839221302,0.0,0.9835616438356164,0.20759132420091325,0,nan,0.010177854618843362,9.329631561248968e-05,0.9909166639446886,0.663177985802659,15.959671206766743,0.1494997713219265,0.6265793242507464,0.5325924256131345
ee_now,105,cct_region,2013,0.5,pvgis,365,0.264632338334809,71.725720549728,0.27,2169,0.22222222222222218,0.41094448829255453,0.23052097740894423,0.16249520830495334,0.7113997113997114,0.5,0.06731212540341171,0.0,0.4854771784232365,0.4472106961733518,0.0,0.0,0.0,0.0,0.07260536398467432,0.2796455938697318,0.43668582375478926,0.2201506437214978,0.7209027895629291,0.0,20.64649507784094,1.0,36.316290969702145,71.32287233871908,0.0,0.5808219178082191,0.2473078386605784,0,nan,0.00916562703240812,1.5283538833241707e-05,0.9983352916124555,0.4198762014451556,17.85489473587433,0.14017591561971832,0.5600705099598177,0.4760599334658451
ee_now,100,cct_region,2015,0.5,pvgis,365,0.3052640870787947,82.73851465568,0.3,4890,0.10778278437096739,-0.0649591020359424,0.11431492842535787,0.10031650769457856,0.5542578042047144,0.2265193370165746,0.3952965235173824,0.0,0.2723926380368098,0.3323108384458078,0.0,0.0,0.0,0.0,0.13079900996382557,0.2012227369846206,0.4851177254553531,0.1986060433822756,0.7151442544708025,0.0,21.709066091403,1.0,40.78270757288786,74.83030106596901,0.0,0.9863013698630136,0.23786149162861492,0,nan,0.00966730336862737,8.200825587902647e-05,0.991588302945114,0.6417996832686418,16.813924730536016,0.14504972488603618,0.5947451389406337,0.5055333680995386
ee_now,105,cct_region,2014,0.5,pvgis,365,0.264632338334809,71.725720549728,0.28,2169,0.22222222222222218,0.41094448829255453,0.23052097740894423,0.1617559680650291,0.7113997113997114,0.5222222222222223,0.06639004149377593,0.0,0.4854771784232365,0.44813278008298757,0.0,0.0,0.0,0.0,0.07260536398467432,0.2796455938697318,0.43668582375478926,0.2248528855567727,0.7245069262511078,0.0,22.297233232776282,1.0,37.14169056913848,71.33724412293273,0.0,0.5835616438356165,0.23595890410958903,0,nan,0.010369763836426467,1.4727478421856452e-05,0.9985817814300832,0.4126807104731093,15.785481142884914,0.15046321469220403,0.6334935191067876,0.5384694912407695
ee_now,105,cct_region,2015,0.5,pvgis,365,0.264632338334809,71.725720549728,0.28,2169,0.22270114942528732,0.4122599315969481,0.23098201936376211,0.16278114215454356,0.7104377104377104,0.5,0.06869525126786538,0.0,0.47763946519133244,0.4536652835408022,0.0,0.0,0.0,0.0,0.07260536398467432,0.2796455938697318,0.43668582375478926,0.21639805482637603,0.717721878962119,0.0,21.709066091403,1.0,35.35438240349712,71.37750912074019,0.0,0.5917808219178082,0.2634703196347032,0,nan,0.009868782378442718,1.4481277150549183e-05,0.9985347676986889,0.41430229680911745,16.586038533558725,0.14619424566429018,0.6029167229876431,0.5124792145394966
ee_now,130,cct_region,2011,0.5,pvgis,365,0.2526532182741883,68.47891018896,0.27,1455,0.15974370304904995,0.09924146649810366,0.15463917525773196,0.07472577595001574,0.6087602078693393,0.5925925925925926,0.37869415807560136,0.0,0.3037800687285223,0.31752577319587627,0.0,0.0,0.0,0.0,0.13661805862424511,0.29496243923994697,0.36964206805125943,0.2398360576110951,0.725574630690446,0.0,19.639202912676332,1.0,34.59174217265647,68.65056949499731,0.0,0.273972602739726,0.23142123287671232,0,nan,0.00873153752613944,7.786167016750137e-06,0.9991090652675049,0.39999007066276804,18.75707979066621,0.13637004521035034,0.5331320286314579,0.4531622243367392
ee_now,130,cct_region,2012,0.5,pvgis,365,0.2526532182741883,68.47891018896,0.28,1455,0.1619531595227574,0.1087231352718078,0.15670103092783505,0.07587514232635295,0.615441722345954,0.5925925925925926,0.3725085910652921,0.0,0.3120274914089347,0.3154639175257732,0.0,0.0,0.0,0.0,0.13661805862424511,0.29496243923994697,0.36964206805125943,0.23887617498665417,0.7256337294154764,0.0,20.729461989872192,1.0,32.71878192595117,68.64860371125944,0.0,0.27123287671232876,0.2548040334855403,0,nan,0.00932575023218549,8.409876417667965e-06,0.9990990216238184,0.39999007066276804,17.56175059370407,0.14149272735319152,0.5694193153833437,0.48400641807584216
ee_now,130,cct_region,2013,0.5,pvgis,365,0.2526532182741883,68.47891018896,0.28,1455,0.1612166740315216,0.10556257901390645,0.15601374570446735,0.07458557740537723,0.6087602078693393,0.5925925925925926,0.37869415807560136,0.0,0.29965635738831614,0.3216494845360825,0.0,0.0,0.0,0.0,0.13661805862424511,0.29496243923994697,0.36964206805125943,0.242210441690138,0.7298900114851898,0.0,20.64649507784094,1.0,34.672360328345206,68.67820469082062,0.0,0.27945205479452057,0.23142123287671232,0,nan,0.009410610076572321,8.389281022936135e-06,0.9991093235380495,0.39999007066276804,17.40356757714457,0.1422208387969942,0.5745948326785947,0.4884056077768055
ee_now,130,cct_region,2014,0.5,pvgis,365,0.2526532182741883,68.47891018896,0.28,1455,0.17079098541758728,0.14664981036662447,0.16494845360824742,0.0753191725980046,0.6243504083147736,0.5925925925925926,0.3642611683848797,0.0,0.3127147766323024,0.3230240549828179,0.0,0.0,0.0,0.0,0.13661805862424511,0.29496243923994697,0.36964206805125943,0.2474393435296263,0.7333309996089281,0.0,22.297233232776282,1.0,35.46039653915772,68.70664960320227,0.0,0.27945205479452057,0.22083333333333333,0,nan,0.010646394665021618,9.483431058638071e-06,0.9991100281954121,0.39999007066276804,15.383452245881978,0.1527656752525689,0.6500491463271462,0.5525417743780743
ee_now,130,cct_region,2015,0.5,pvgis,365,0.2526532182741883,68.47891018896,0.27,1455,0.15753424657534248,0.08975979772439951,0.15257731958762888,0.07296149372494345,0.6065330363771344,0.5925925925925926,0.38075601374570445,0.0,0.29621993127147767,0.3230240549828179,0.0,0.0,0.0,0.0,0.13661805862424511,0.29496243923994697,0.36964206805125943,0.23821557398571142,0.7268530912607172,0.0,21.709066091403,1.0,33.753994506289885,68.67504476540552,0.0,0.27945205479452057,0.24585235920852358,0,nan,0.010108960013377358,9.010238245796872e-06,0.9991094816428867,0.39999007066276804,16.201292131956325,0.1481959243975064,0.6172347192157251,0.5246495113333663
ee_now,28,cct_region,2013,0.5,pvgis,365,0.2576552408749775,69.834654076896,0.26,1333,0.15550935550935552,-0.298869143780291,0.16729182295573894,0.08247682560830714,0.6203703703703703,0.4206896551724138,0.2220555138784696,0.0,0.43060765191297823,0.34733683420855216,0.0,0.0,0.0,0.0,0.1862785862785863,0.19176715176715176,0.2892307692307692,0.23835954772027443,0.7247922177956304,0.0,20.64649507784094,1.0,35.358802920170255,69.56042410025174,0.0,0.42191780821917807,0.2344273211567732,0,nan,0.009364368701776553,8.732495089112916e-06,0.9990683451607208,0.401001298440918,17.488789290337127,0.14182700699632877,0.5717948700728632,0.4860256395619337
ee_now,28,cct_region,2011,0.5,pvgis,365,0.2576552408749775,69.834654076896,0.28,1333,0.15817047817047816,-0.27302100161550924,0.17104276069017255,0.09744026498101385,0.622895622895623,0.4206896551724138,0.218304576144036,0.0,0.463615903975994,0.31807951987997,0.0,0.0,0.0,0.0,0.1862785862785863,0.19176715176715176,0.2892307692307692,0.23741790529148116,0.7201309411469218,0.0,19.639202912676332,1.0,35.27658868809041,69.37053756334446,0.0,0.3835616438356164,0.232353500761035,0,nan,0.008703334084615837,7.766610355024978e-06,0.9991084237656088,0.39999007066276804,18.81785064470991,0.13612621790802992,0.5314103182560442,0.4516987705176376
ee_now,40,cct_region,2011,0.5,pvgis,365,0.2463447621244807,66.769071679648,0.27,1079,0.0723421671953341,-1.1147757255936677,0.0963855421686747,0.0650270932329347,0.6511387163561076,0.26548672566371684,0.31974050046339203,0.0,0.40963855421686746,0.2706209453197405,0.0,0.0,0.0,0.0,0.15880487056175177,0.08216514887956615,0.23636549677683413,0.24609006405817324,0.7301948407891328,0.0,19.639202912676332,1.0,33.728026720588076,68.13633625789068,0.0,0.17534246575342466,0.2361111111111111,0,nan,0.008789734418229283,7.836974596389412e-06,0.9991091888606008,0.39999007066276804,18.632891341202285,0.1368730424674771,0.5366853601452254,0.4561825561234416
ee_now,28,cct_region,2012,0.5,pvgis,365,0.2576552408749775,69.834654076896,0.28,1333,0.15817047817047816,-0.27302100161550924,0.17104276069017255,0.09697364972400763,0.6237373737373737,0.4206896551724138,0.218304576144036,0.0,0.46586646661665415,0.3158289572393098,0.0,0.0,0.0,0.0,0.1862785862785863,0.19176715176715176,0.2892307692307692,0.23637083690697985,0.7203847681183378,0.0,20.729461989872192,1.0,33.36654761752561,69.36935154438024,0.0,0.3835616438356164,0.2562309741248097,0,nan,0.009294027305688526,9.450323395755161e-06,0.99898421603485,0.40305047169656716,17.619668511539704,0.14122924877773224,0.5675475672797515,0.48241543218778876
ee_now,28,cct_region,2014,0.5,pvgis,365,0.2576552408749775,69.834654076896,0.27,1333,0.15550935550935552,-0.298869143780291,0.16729182295573894,0.0823298180941493,0.6279461279461279,0.45517241379310347,0.2115528882220555,0.0,0.4253563390847712,0.3630907726931733,0.0,0.0,0.0,0.0,0.1862785862785863,0.19176715176715176,0.2892307692307692,0.24300377694907724,0.728036826546506,0.0,22.297233232776282,1.0,36.16244065374859,69.63095186206716,0.0,0.4328767123287671,0.22410578386605784,0,nan,0.010587608600691556,1.1742677985511893e-05,0.9988921323884099,0.4050842614162104,15.465492889056337,0.15228661511808017,0.6466007951855308,0.5496106759077012
ee_now,28,cct_region,2015,0.5,pvgis,365,0.2576552408749775,69.834654076896,0.28,1333,0.15717255717255718,-0.2827140549273023,0.16879219804951237,0.08328622990171419,0.6153198653198653,0.4206896551724138,0.2288072018004501,0.0,0.4156039009752438,0.3555888972243061,0.0,0.0,0.0,0.0,0.1862785862785863,0.19176715176715176,0.2892307692307692,0.2342817727401758,0.721430668717906,0.0,21.709066091403,1.0,34.42225531270494,69.58323681175396,0.0,0.4273972602739726,0.24980022831050228,0,nan,0.010069011897455966,9.411708480248511e-06,0.9990661527190914,0.40099202545307955,16.264864252425212,0.14785898436586786,0.6148222232170751,0.522598889734514
ee_now,40,cct_region,2012,0.5,pvgis,365,0.2463447621244807,66.769071679648,0.27,1079,0.07643507623043079,-1.062005277044855,0.10009267840593142,0.06656039606813006,0.6542443064182195,0.26548672566371684,0.3169601482854495,0.0,0.42910101946246526,0.25393883225208524,0.0,0.0,0.0,0.0,0.15880487056175177,0.08216514887956615,0.23636549677683413,0.24576843398445858,0.7303468600514759,0.0,20.729461989872192,1.0,31.901832106504624,68.05738127514532,0.0,0.1589041095890411,0.25782914764079146,0,nan,0.009394008836836358,8.47037455068125e-06,0.9990991339241226,0.39999007066276804,17.43414562730084,0.14207910778976862,0.573587040843607,0.487548984717066
ee_now,40,cct_region,2014,0.5,pvgis,365,0.2463447621244807,66.769071679648,0.27,1079,0.06927248541901157,-1.1543535620052772,0.09360518999073215,0.06387985099093478,0.6542443064182195,0.26548672566371684,0.3169601482854495,0.0,0.3818350324374421,0.30120481927710846,0.0,0.0,0.0,0.0,0.15880487056175177,0.08216514887956615,0.23636549677683413,0.25320870500371206,0.7377575422232402,0.0,22.297233232776282,1.0,34.574991800811475,68.20385938701145,0.0,0.1863013698630137,0.22625570776255707,0,nan,0.010713840750282566,9.540503985534895e-06,0.9991103082358713,0.39999007066276804,15.286614169737327,0.15333740343428381,0.6541670960595607,0.5560420316506265
ee_now,40,cct_region,2013,0.5,pvgis,365,0.2463447621244807,66.769071679648,0.29,1079,0.0682492581602374,-1.1675461741424802,0.09267840593141798,0.06353562482074628,0.6511387163561076,0.26548672566371684,0.31974050046339203,0.0,0.3855421686746988,0.29471733086190915,0.0,0.0,0.0,0.0,0.15880487056175177,0.08216514887956615,0.23636549677683413,0.24833254389725684,0.7345637430316481,0.0,20.64649507784094,1.0,33.80663193496785,68.17187824680879,0.0,0.18082191780821918,0.23608257229832572,0,nan,0.009474715532726722,8.442865866198072e-06,0.9991096989514116,0.39999007066276804,17.285822395765624,0.14277105298648152,0.5785087785264775,0.4917324617475059
ee_now,40,cct_region,2015,0.5,pvgis,365,0.2463447621244807,66.769071679648,0.29,1079,0.0682492581602374,-1.1675461741424802,0.09267840593141798,0.06358154942938954,0.6480331262939959,0.26548672566371684,0.32252085264133457,0.0,0.3799814643188137,0.2974976830398517,0.0,0.0,0.0,0.0,0.15880487056175177,0.08216514887956615,0.23636549677683413,0.2443475449090362,0.7314413796902465,0.0,21.709066091403,1.0,32.911196636249485,68.18174523999586,0.0,0.18356164383561643,0.25063736681887366,0,nan,0.01018502265406023,9.067882395698096e-06,0.9991104765684325,0.39999007066276804,16.080315477164692,0.14884409754402605,0.6218783464914468,0.5285965945177298
ee_now,46,cct_region,2011,0.5,pvgis,365,0.32494362877726723,88.072440650112,0.31,6276,0.1495749297478035,nan,0.15121096239643084,0.08572389256956729,0.598018018018018,0.5550964187327824,0.2789993626513703,0.0,0.4874123645634162,0.23358827278521352,0.0,0.0,0.0,0.0,0.21456265784512504,0.11135417778252053,0.1368583929143101,0.21416461256598374,0.7069082998801286,0.0,19.639202912676332,1.0,44.48930555522212,75.67271251620791,0.0,0.9452054794520548,0.19613774733637748,0,nan,0.008482701728068198,9.178058366849039e-05,0.9892960787215268,0.7364693647221254,19.117677997260795,0.13494492969416882,0.5230760765733585,0.44461466508735475
ee_now,46,cct_region,2012,0.5,pvgis,365,0.32494362877726723,88.072440650112,0.31,6276,0.14994842243801798,nan,0.1516889738687062,0.08560423974606775,0.5996396396396396,0.5661157024793388,0.2761312938177183,0.0,0.4910771191841938,0.23279158699808794,0.0,0.0,0.0,0.0,0.21456265784512504,0.11135417778252053,0.1368583929143101,0.21296993051087848,0.7072006367915344,0.0,20.729461989872192,1.0,42.080444495477394,75.68180786733434,0.0,0.9424657534246575,0.2268835616438356,0,nan,0.009059381382428464,9.333460646894039e-05,0.9898025234714856,0.7143000364593475,17.909896038272873,0.13993342798556485,0.558350533058948,0.4745979531001058
ee_now,7,cct_region,2011,0.5,pvgis,365,0.2592832308673501,70.275903079136,0.28,1853,0.23197529397790714,nan,0.21370750134916353,0.12117695536761722,0.7255255255255255,0.44148936170212766,0.2898003237992445,0.0,0.26821370750134915,0.4419859686994064,0.0,0.0,0.0,0.0,0.4600308825276162,0.19622282931464546,0.18612661836322605,0.23021924747177727,0.7266074401405745,0.0,19.639202912676332,1.0,35.499483177463915,69.99783441462026,0.0,0.3972602739726027,0.23855593607305936,0,nan,0.008633210286319835,7.708681932001273e-06,0.9991078863301086,0.39999007066276804,18.97068962586907,0.13551958986843093,0.5271289656420114,0.4480596207957097
ee_now,7,cct_region,2012,0.5,pvgis,365,0.2592832308673501,70.275903079136,0.28,1853,0.24325929445302294,nan,0.22396114409066378,0.12346065748630283,0.7363363363363363,0.44148936170212766,0.2800863464651916,0.0,0.2817053426875337,0.4382083108472747,0.0,0.0,0.0,0.0,0.4600308825276162,0.19622282931464546,0.18612661836322605,0.2294303454892621,0.7268608419571312,0.0,20.729461989872192,1.0,33.5773735468446,69.97834961275275,0.0,0.3917808219178082,0.26295662100456624,0,nan,0.009220940956503524,9.77063016684439e-06,0.9989415084552145,0.4041024555842156,17.758565013092326,0.1406040600752534,0.5631085615660725,0.4786422773311616
ee_now,46,cct_region,2013,0.5,pvgis,365,0.32494362877726723,88.072440650112,0.32,6276,0.14941486145199728,nan,0.15121096239643084,0.08567551738958128,0.5938738738738739,0.5537190082644629,0.28091140854047164,0.0,0.47721478648820903,0.2418738049713193,0.0,0.0,0.0,0.0,0.21456265784512504,0.11135417778252053,0.1368583929143101,0.21511442794402885,0.7127538755053066,0.0,20.64649507784094,1.0,44.592990583395554,75.91494144356814,0.0,0.9945205479452055,0.19902016742770168,0,nan,0.009120181749669491,9.929921658028044e-05,0.9892294135706999,0.7415201284933377,17.78019743509164,0.14050752815609713,0.5624234509490675,0.4780599333067074
ee_now,46,cct_region,2015,0.5,pvgis,365,0.32494362877726723,88.072440650112,0.31,6276,0.13225198306833139,nan,0.13511790949649458,0.08025238485659245,0.5526126126126126,0.43526170798898073,0.3369980879541109,0.0,0.4173040152963671,0.245697896749522,0.0,0.0,0.0,0.0,0.21456265784512504,0.11135417778252053,0.1368583929143101,0.210387583732904,0.7084604208585423,0.0,21.709066091403,1.0,43.41185730988292,75.65541829005389,0.0,1.0191780821917809,0.21339421613394216,0,nan,0.009794041149051996,0.00010051151294202764,0.989841732478912,0.7166705541024636,16.567115000422376,0.14629063136357756,0.6036053953717984,0.5130645860660286
ee_now,7,cct_region,2013,0.5,pvgis,365,0.2592832308673501,70.275903079136,0.28,1853,0.22959971493051434,nan,0.211548839719374,0.12099988400273183,0.7255255255255255,0.44148936170212766,0.2898003237992445,0.0,0.259579060982191,0.4506206152185645,0.0,0.0,0.0,0.0,0.4600308825276162,0.19622282931464546,0.18612661836322605,0.2325843904623914,0.7312955311112119,0.0,20.64649507784094,1.0,35.5822168786866,70.02942300699095,0.0,0.40273972602739727,0.23864155251141553,0,nan,0.00930024102307807,1.2225022542710902e-05,0.9986872411149935,0.41108620004052887,17.602661961497976,0.14130644316641727,0.5680958949204865,0.48288151068241353
ee_now,46,cct_region,2014,0.5,pvgis,365,0.32494362877726723,88.072440650112,0.31,6276,0.1566001493970761,nan,0.15822179732313577,0.08753046940411288,0.6124324324324324,0.5757575757575758,0.25717017208413,0.0,0.501434034416826,0.24139579349904397,0.0,0.0,0.0,0.0,0.21456265784512504,0.11135417778252053,0.1368583929143101,0.2207902455360988,0.7167037976319848,0.0,22.297233232776282,1.0,45.60650368130288,76.08302142417062,0.0,1.0,0.18644406392694063,0,nan,0.010327875413265622,0.00011436758144679792,0.9890476039003584,0.7486584124939162,15.698178246952859,0.1509537082463921,0.6370165915233559,0.5414641027948526
ee_now,7,cct_region,2014,0.5,pvgis,365,0.2592832308673501,70.275903079136,0.28,1853,0.24385318921487115,nan,0.22450080949811116,0.12394741883842736,0.7471471471471471,0.44148936170212766,0.2703723691311387,0.0,0.27415002698327035,0.45547760388559094,0.0,0.0,0.0,0.0,0.4600308825276162,0.19622282931464546,0.18612661836322605,0.23739544177263835,0.7345495704075654,0.0,22.297233232776282,1.0,36.390932382790126,70.07533568899962,0.0,0.40821917808219177,0.2274543378995434,0,nan,0.010519955105303742,1.2001729731879465e-05,0.998860446361501,0.4061507468027694,15.564457241571663,0.1517150977917855,0.6424894774544816,0.5461160558363093
ee_now,7,cct_region,2015,0.5,pvgis,365,0.2592832308673501,70.275903079136,0.28,1853,0.2171279249317021,nan,0.20021586616297896,0.11927172587356306,0.7111111111111111,0.4148936170212766,0.30545062061521855,0.0,0.23745277927684835,0.45709660010793307,0.0,0.0,0.0,0.0,0.4600308825276162,0.19622282931464546,0.18612661836322605,0.22867387956230828,0.7279016716898706,0.0,21.709066091403,1.0,34.63975171205602,70.04145158805429,0.0,0.40821917808219177,0.2534722222222222,0,nan,0.010005613909113732,9.362581495270356e-06,0.9990651419397689,0.4010092727571999,16.36790580414256,0.14731813090601031,0.6109517075464288,0.5193089514144644
ee_now,78,cct_region,2011,0.5,pvgis,365,0.26856215194727723,72.79085383900801,0.29,2359,0.07267256314397738,-0.4219251336898396,0.07672742687579483,0.07079434690483202,0.5475862068965517,0.31521739130434784,0.3662568885120814,0.0,0.311148791860958,0.32259431962696056,0.0,0.0,0.0,0.0,0.10864411416066382,0.24491656788547456,0.19389988146256956,0.23243180392814167,0.7213260160851143,0.0,19.639202912676332,1.0,36.76989662333198,70.148308340406,0.0,0.4602739726027397,0.22280251141552512,0,nan,0.008659236933347872,1.4838832257310454e-05,0.9982892895268278,0.41969328087297914,18.898173852595296,0.13580624092195526,0.5291516565568422,0.44977890807331583
ee_now,78,cct_region,2012,0.5,pvgis,365,0.26856215194727723,72.79085383900801,0.28,2359,0.07267256314397738,-0.4219251336898396,0.07672742687579483,0.0706765636499294,0.5475862068965517,0.31521739130434784,0.3649851632047478,0.0,0.314540059347181,0.32047477744807124,0.0,0.0,0.0,0.0,0.10864411416066382,0.24491656788547456,0.19389988146256956,0.23132822740889725,0.7215814551737324,0.0,20.729461989872192,1.0,34.77900081047541,70.1477559310674,0.0,0.4602739726027397,0.24777397260273973,0,nan,0.009246967931208855,1.569545395150712e-05,0.9983055139435755,0.42235751458599285,17.697306380755666,0.1408786391633502,0.5650577429610508,0.48029908151689316
ee_now,78,cct_region,2013,0.5,pvgis,365,0.26856215194727723,72.79085383900801,0.29,2359,0.07267256314397738,-0.4219251336898396,0.07672742687579483,0.0706223156224589,0.5498850574712644,0.31521739130434784,0.3649851632047478,0.0,0.3069097075031793,0.3281051292920729,0.0,0.0,0.0,0.0,0.10864411416066382,0.24491656788547456,0.19389988146256956,0.23457859591004104,0.7261729250835535,0.0,20.64649507784094,1.0,36.85559110023469,70.21802993958994,0.0,0.473972602739726,0.2229261796042618,0,nan,0.009326209304794194,2.0649537600607187e-05,0.9977907511016485,0.43592023550721987,17.537891027676054,0.14160175080345938,0.5701939865072306,0.4846648885311461
ee_now,78,cct_region,2014,0.5,pvgis,365,0.26856215194727723,72.79085383900801,0.31,2359,0.07130482356159387,-0.4379679144385026,0.07545570156846121,0.06909854016061691,0.5563218390804597,0.31521739130434784,0.3573548113607461,0.0,0.3128444256040695,0.3298007630351844,0.0,0.0,0.0,0.0,0.10864411416066382,0.24491656788547456,0.19389988146256956,0.23998154331214974,0.7294724791192689,0.0,22.297233232776282,1.0,37.69324795667156,70.24331492655641,0.0,0.4767123287671233,0.21133942161339422,0,nan,0.010555888006409865,1.868679208089516e-05,0.998232856409171,0.4233426661289585,15.501728906621022,0.15207655088514038,0.6450893355339771,0.5483259352038805
ee_now,78,cct_region,2015,0.5,pvgis,365,0.26856215194727723,72.79085383900801,0.29,2359,0.07075772772864046,-0.4443850267379679,0.07418397626112759,0.0692572819212634,0.534712643678161,0.31521739130434784,0.3899957609156422,0.0,0.2802034760491734,0.3298007630351844,0.0,0.0,0.0,0.0,0.10864411416066382,0.24491656788547456,0.19389988146256956,0.23036964361213566,0.7226053310478529,0.0,21.709066091403,1.0,35.879398106808,70.19412659827485,0.0,0.4767123287671233,0.2380802891933029,0,nan,0.010018935987019152,1.9281349220518206e-05,0.9980792058415682,0.4253462167659172,16.330010233709146,0.14751628698872965,0.6123694876416885,0.5205140644954352
ee_now,0,cct_region,2011,1.0,pvgis,365,0.6324456329947064,85.70875921763201,0.29,1861,0.6086081288343557,0.3696078431372545,0.7565824825362708,0.2522165108198095,0.9895489548954896,0.7209302325581395,0.0,0.0,0.0800644814615798,0.9199355185384201,0.0,0.0,0.0,0.0,0.500191717791411,0.6087039877300612,0.7935199386503067,0.624694164178315,0.7200410944124754,0.0,19.639202912676332,1.0,86.59060994439086,88.46238849133765,0.0,4.345205479452055,0.0,0,nan,0.013344225545787191,0.00016730996130826046,0.9876172503694789,1.410804755375972,12.132166010510588,0.1766177354669175,0.8242551240509398,0.7006168554432989
ee_now,0,cct_region,2012,1.0,pvgis,365,0.6324456329947064,85.70875921763201,0.29,1861,0.6118673312883435,0.3807189542483658,0.7598065556152606,0.251873536284355,0.9900990099009901,0.7441860465116279,0.0,0.0,0.21278882321332618,0.7872111767866738,0.0,0.0,0.0,0.0,0.500191717791411,0.6087039877300612,0.7935199386503067,0.5960438526765551,0.7159969968297887,0.0,20.729461989872192,1.0,81.90218548301715,85.57329901202839,0.0,3.73972602739726,0.0,0,nan,0.013907364202025383,0.00016642676181941092,0.9881747027331188,1.371902221504381,11.64747950641781,0.1812342589232987,0.858554848239051,0.7297716210031934
ee_now,0,cct_region,2013,1.0,pvgis,365,0.6324456329947064,85.70875921763201,0.3,1861,0.6095667177914109,0.3728758169934637,0.7571198280494358,0.25269383271503737,0.9895489548954896,0.7209302325581395,0.0,0.0,0.07307898979043526,0.9269210102095647,0.0,0.0,0.0,0.0,0.500191717791411,0.6087039877300612,0.7935199386503067,0.6326692374593126,0.7270895066229884,0.0,20.64649507784094,1.0,86.79241461900928,88.61896849143871,0.0,4.3780821917808215,0.0,0,nan,0.014495276806145556,0.00018126377618450513,0.9876494208449409,1.4044525388403044,11.16913014408506,0.18615452415421563,0.895324870513376,0.7610261399363696
ee_now,0,cct_region,2014,1.0,pvgis,365,0.6324456329947064,85.70875921763201,0.29,1861,0.6096625766871164,0.37320261437908464,0.7560451370231058,0.2522371559686038,0.9895489548954896,0.7209302325581395,0.0,0.0,0.006985491671144546,0.9930145083288554,0.0,0.0,0.0,0.0,0.500191717791411,0.6087039877300612,0.7935199386503067,0.6656220091177455,0.734110135957842,0.0,22.297233232776282,1.0,88.76503964066944,89.9437998309922,0.0,4.654794520547945,0.0,0,nan,0.0167117439975078,0.0002069941620092703,0.9877653900629207,1.4403458051186893,9.688913575199479,0.20419949082543798,1.0321074620375192,0.8772913427318912
ee_now,0,cct_region,2015,1.0,pvgis,365,0.6324456329947064,85.70875921763201,0.3,1861,0.6100460122699385,0.3745098039215682,0.7576571735626008,0.2503675476103275,0.9895489548954896,0.7441860465116279,0.0,0.0,0.14078452444922085,0.8592154755507792,0.0,0.0,0.0,0.0,0.500191717791411,0.6087039877300612,0.7935199386503067,0.6008180404021719,0.719105747052395,0.0,21.709066091403,1.0,84.49354640107268,87.1422023622262,0.0,4.068493150684931,0.0,0,nan,0.014882061047256083,0.00019254703872571737,0.9872270617167971,1.3753328299826568,10.874192608790075,0.18938773948685705,0.9196085042595781,0.7816672286206414
ee_now,105,cct_region,2012,1.0,pvgis,365,0.529264676669618,71.725720549728,0.29,2169,0.2628831417624521,0.5226256248355695,0.2858460119870908,0.1713079675467102,0.8047138047138047,0.12222222222222222,0.0,0.0,0.06639004149377593,0.9336099585062241,0.0,0.0,0.0,0.0,0.07260536398467432,0.2796455938697318,0.43668582375478926,0.5257968416877677,0.7569808014271523,0.0,20.729461989872192,1.0,68.5401739797723,74.8181131745994,0.0,1.210958904109589,0.0,0,nan,0.012702610760886272,0.00015407828716494385,0.9880157102198642,1.2005754854637898,12.750109395687499,0.17120814747791957,0.7843069960938786,0.6666609466797968
ee_now,105,cct_region,2011,1.0,pvgis,365,0.529264676669618,71.725720549728,0.3,2169,0.2796455938697318,0.5686661404893449,0.3019824804057169,0.16777410530150896,0.7835497835497836,0.12222222222222222,0.0,0.0,0.0,1.0,0.0,0.0,0.0,0.0,0.07260536398467432,0.2796455938697318,0.43668582375478926,0.5520318327509912,0.7573479372208004,0.0,19.639202912676332,1.0,72.46370088419438,75.31714734803936,0.0,1.3068493150684932,0.0,0,nan,0.012158542271848644,0.00014558713771221912,0.9881676197586892,1.2207975488399634,13.322697313441282,0.16661589291514578,0.7505987537456841,0.6380089406838315
ee_now,100,cct_region,2012,1.0,pvgis,365,0.6105281741575894,82.73851465568,0.32,4890,0.19358591948551965,0.1772046092304019,0.2002044989775051,0.13137095097867738,0.9105967296665959,0.6077348066298343,0.0,0.0,0.09591002044989776,0.9040899795501023,0.0,0.0,0.0,0.0,0.13079900996382557,0.2012227369846206,0.4851177254553531,0.5332654313827407,0.7612418525241059,0.0,20.729461989872192,1.0,79.06385806743447,85.18759601001231,0.0,2.578082191780822,0.0,0,nan,0.012904211163714194,0.00017234112765865509,0.9868205988995772,1.4293046340372617,12.535734815754,0.1730283567417944,0.7977194912764689,0.6780615675849986
ee_now,105,cct_region,2013,1.0,pvgis,365,0.529264676669618,71.725720549728,0.3,2169,0.2796455938697318,0.5686661404893449,0.3019824804057169,0.16777410530150896,0.7835497835497836,0.12222222222222222,0.0,0.0,0.0,1.0,0.0,0.0,0.0,0.0,0.07260536398467432,0.2796455938697318,0.43668582375478926,0.5587978198633358,0.7663857070899018,0.0,20.64649507784094,1.0,72.63258193940429,75.31714734803936,0.0,1.3068493150684932,0.0,0,nan,0.01317744455801239,0.00015888982377503788,0.988085944816139,1.2245205284842413,12.29154782237997,0.1751738949618411,0.813567188160989,0.6915321099368407
ee_now,100,cct_region,2011,1.0,pvgis,365,0.6105281741575894,82.73851465568,0.32,4890,0.20164582936684225,0.19995223595438547,0.2081799591002045,0.1500854527571608,0.91293268209811,0.6022099447513812,0.0,0.0,0.00040899795501022495,0.9995910020449897,0.0,0.0,0.0,0.0,0.13079900996382557,0.2012227369846206,0.4851177254553531,0.5622689330261785,0.7613553025328262,0.0,19.639202912676332,1.0,83.58980476821888,86.67884733757433,0.0,2.863013698630137,0.0,0,nan,0.012383398959626517,0.00016746970082790345,0.9866567242986479,1.4631796736963865,13.060784577045784,0.16866964890081038,0.765650787746313,0.650803169584366
ee_now,100,cct_region,2015,1.0,pvgis,365,0.6105281741575894,82.73851465568,0.32,4890,0.19908612045440122,0.19272792405516762,0.20552147239263804,0.13712282588223043,0.9108090889785517,0.6077348066298343,0.0,0.0,0.05521472392638037,0.9447852760736196,0.0,0.0,0.0,0.0,0.13079900996382557,0.2012227369846206,0.4851177254553531,0.5383123384202694,0.7636716806040864,0.0,21.709066091403,1.0,81.56541514577572,85.8734145674523,0.0,2.7095890410958905,0.0,0,nan,0.013858603895491378,0.00019323911040289906,0.9862481305603941,1.4292722528951312,11.665672023252016,0.18105453677908334,0.8572159392161893,0.7286335483337609
ee_now,100,cct_region,2013,1.0,pvgis,365,0.6105281741575894,82.73851465568,0.32,4890,0.2012227369846206,0.19875813481401888,0.20777096114519428,0.15005588946085205,0.91293268209811,0.6022099447513812,0.0,0.0,0.0,1.0,0.0,0.0,0.0,0.0,0.13079900996382557,0.2012227369846206,0.4851177254553531,0.5700852319358414,0.772045624863544,0.0,20.64649507784094,1.0,83.78461588415563,86.67922292854695,0.0,2.863013698630137,0.0,0,nan,0.01342874227979606,0.00017870178154548748,0.9868673513747394,1.4661940864047305,12.046655572496192,0.17740705141749036,0.830105911123671,0.7055900244551203
ee_now,100,cct_region,2014,1.0,pvgis,365,0.6105281741575894,82.73851465568,0.32,4890,0.20185737555795308,0.20054928652456877,0.2083844580777096,0.15024559517120425,0.91293268209811,0.6022099447513812,0.0,0.0,0.0,1.0,0.0,0.0,0.0,0.0,0.13079900996382557,0.2012227369846206,0.4851177254553531,0.6022731817362378,0.7775306996280256,0.0,22.297233232776282,1.0,85.68887941281247,86.68752469528391,0.0,2.863013698630137,0.0,0,nan,0.015498180620630127,0.00021128923315387005,0.9865501996489731,1.4858094368895738,10.434737349809762,0.19451770585218742,0.9583374899400139,0.8145868664490117
ee_now,105,cct_region,2014,1.0,pvgis,365,0.529264676669618,71.725720549728,0.31,2169,0.2796455938697318,0.5686661404893449,0.3019824804057169,0.16777410530150896,0.7835497835497836,0.12222222222222222,0.0,0.0,0.0,1.0,0.0,0.0,0.0,0.0,0.07260536398467432,0.2796455938697318,0.43668582375478926,0.5868999983535921,0.7719943728552353,0.0,22.297233232776282,1.0,74.28338113827697,75.31714734803936,0.0,1.3068493150684932,0.0,0,nan,0.015140144609822341,0.00019481095299048737,0.9872962818710148,1.230884612293604,10.68957723141406,0.19149540342310234,0.9354906918687523,0.7951670880884394
ee_now,105,cct_region,2015,1.0,pvgis,365,0.529264676669618,71.725720549728,0.3,2169,0.2629310344827586,0.522757169166009,0.2863070539419087,0.16730425412312247,0.7845117845117845,0.1111111111111111,0.0,0.0,0.028123559243891195,0.9718764407561088,0.0,0.0,0.0,0.0,0.07260536398467432,0.2796455938697318,0.43668582375478926,0.5309953711307223,0.7595446422404389,0.0,21.709066091403,1.0,70.70876480699424,75.16671583962673,0.0,1.2794520547945205,0.0,0,nan,0.013690427052915165,0.00017186230947468882,0.9876021698161219,1.2015360706052267,11.825189010535118,0.1795007230182628,0.8456524450552927,0.7188045782969987
ee_now,130,cct_region,2012,1.0,pvgis,365,0.5053064365483766,68.47891018896,0.29,1455,0.2441449403446752,0.4614412136536029,0.23711340206185566,0.09663116408131661,0.9769858945805494,0.8611111111111112,0.0,0.0,0.13539518900343642,0.8646048109965636,0.0,0.0,0.0,0.0,0.13661805862424511,0.29496243923994697,0.36964206805125943,0.573907978266493,0.7648516919126785,0.0,20.729461989872192,1.0,65.43756385190234,71.52832794547894,0.0,0.7068493150684931,0.0,0,nan,0.013472973866167573,0.00017079783743255493,0.9874816259650925,1.1354606677291617,12.014580380712202,0.17770582594228568,0.8323220356537512,0.7074737303056885
ee_now,130,cct_region,2011,1.0,pvgis,365,0.5053064365483766,68.47891018896,0.29,1455,0.29496243923994697,0.6795195954487988,0.2845360824742268,0.10024715361492764,0.9769858945805494,0.8611111111111112,0.0,0.0,0.0,1.0,0.0,0.0,0.0,0.0,0.13661805862424511,0.29496243923994697,0.36964206805125943,0.599113678703765,0.764690034063436,0.0,19.639202912676332,1.0,69.18348434531293,71.95989406798844,0.0,0.7835616438356164,0.0,0,nan,0.012877892540042112,0.0001751572656033629,0.9865811233227957,1.1510225388136288,12.558305857232904,0.17283397478692641,0.7962857501388646,0.6768428876180349
ee_now,130,cct_region,2013,1.0,pvgis,365,0.5053064365483766,68.47891018896,0.29,1455,0.29496243923994697,0.6795195954487988,0.2845360824742268,0.10024715361492764,0.9769858945805494,0.8611111111111112,0.0,0.0,0.0,1.0,0.0,0.0,0.0,0.0,0.13661805862424511,0.29496243923994697,0.36964206805125943,0.6055733896729159,0.7733617165024669,0.0,20.64649507784094,1.0,69.34472065669041,71.95989406798844,0.0,0.7835616438356164,0.0,0,nan,0.013962855300518133,0.0001799502788247148,0.9872761965216044,1.1543224669508683,11.590641680630894,0.18179913219003252,0.8627650026237104,0.7333502522301537
ee_now,130,cct_region,2014,1.0,pvgis,365,0.5053064365483766,68.47891018896,0.29,1455,0.29496243923994697,0.6795195954487988,0.2845360824742268,0.10024715361492764,0.9769858945805494,0.8611111111111112,0.0,0.0,0.0,1.0,0.0,0.0,0.0,0.0,0.13661805862424511,0.29496243923994697,0.36964206805125943,0.6324034659997742,0.7786717154727261,0.0,22.297233232776282,1.0,70.92079307831544,71.95989406798844,0.0,0.7835616438356164,0.0,0,nan,0.015999024608216825,0.00021306602499559162,0.9868575848842654,1.1604467820104194,10.111230904000251,0.1985560700510195,0.9889992716953734,0.8406493809410674
ee_now,28,cct_region,2011,1.0,pvgis,365,0.515310481749955,69.834654076896,0.29,1333,0.19176715176715176,0.0533117932148625,0.2040510127531883,0.10505352140010181,0.819023569023569,0.6827586206896552,0.0,0.0,0.0,1.0,0.0,0.0,0.0,0.0,0.1862785862785863,0.19176715176715176,0.2892307692307692,0.5821039054125969,0.7601473411233066,0.0,19.639202912676332,1.0,70.55317737618083,73.39732049412993,0.0,1.1178082191780823,0.0,0,nan,0.012600978848343304,0.00017966023520947773,0.9859427815749308,1.17978335244049,12.825977696212549,0.17057761087357715,0.7796676586263637,0.6627175098324091
ee_now,28,cct_region,2013,1.0,pvgis,365,0.515310481749955,69.834654076896,0.28,1333,0.19176715176715176,0.0533117932148625,0.2040510127531883,0.10505352140010181,0.819023569023569,0.6827586206896552,0.0,0.0,0.0,1.0,0.0,0.0,0.0,0.0,0.1862785862785863,0.19176715176715176,0.2892307692307692,0.5886915055908589,0.7688920253464954,0.0,20.64649507784094,1.0,70.71760584034051,73.39732049412993,0.0,1.1178082191780823,0.0,0,nan,0.013667495470394204,0.0001940266521042781,0.9860025002745293,1.186881918952068,11.825843538706824,0.17949442779360125,0.8456056404999179,0.7187647944249302
ee_now,40,cct_region,2013,1.0,pvgis,365,0.4926895242489614,66.769071679648,0.28,1079,0.08216514887956615,-0.9881266490765174,0.12696941612604262,0.08838380238318899,0.9420289855072463,0.4424778761061947,0.0,0.0,0.0,1.0,0.0,0.0,0.0,0.0,0.15880487056175177,0.08216514887956615,0.23636549677683413,0.6022494112995177,0.7766591282048628,0.0,20.64649507784094,1.0,67.6132638699357,70.19189337266677,0.0,0.4712328767123288,0.0,0,nan,0.013892647861130392,0.00019998156495068645,0.9858094924017101,1.1215982564843496,11.631909622601558,0.1813884873223185,0.8597040661809604,0.7307484562538162
ee_now,40,cct_region,2011,1.0,pvgis,365,0.4926895242489614,66.769071679648,0.29,1079,0.08216514887956615,-0.9881266490765174,0.12696941612604262,0.08838380238318899,0.9420289855072463,0.4424778761061947,0.0,0.0,0.0,1.0,0.0,0.0,0.0,0.0,0.15880487056175177,0.08216514887956615,0.23636549677683413,0.5959509917782475,0.7682345919680269,0.0,19.639202912676332,1.0,67.45605344117615,70.19189337266677,0.0,0.4712328767123288,0.0,0,nan,0.012813670628483681,0.00018888888869896128,0.9854729456574032,1.1170275175912228,12.607071062614063,0.17241623032675213,0.793205650252479,0.6742248027146072
ee_now,28,cct_region,2012,1.0,pvgis,365,0.515310481749955,69.834654076896,0.31,1333,0.18993762993762991,0.03554119547657482,0.2010502625656414,0.10155363886327241,0.819023569023569,0.696551724137931,0.0,0.0,0.05776444111027757,0.9422355588897224,0.0,0.0,0.0,0.0,0.1862785862785863,0.19176715176715176,0.2892307692307692,0.5563490555760608,0.7602323681482384,0.0,20.729461989872192,1.0,66.73309523505122,73.06372144597839,0.0,1.0520547945205478,0.0,0,nan,0.013177097748638763,0.0001841778136657902,0.986215551591092,1.1693161777469787,12.268603477609643,0.17537959084344856,0.815088695159977,0.6928253908859804
ee_now,130,cct_region,2015,1.0,pvgis,365,0.5053064365483766,68.47891018896,0.34,1455,0.28096921490646637,0.6194690265486725,0.27147766323024053,0.10020924674209843,0.9769858945805494,0.8611111111111112,0.0,0.0,0.06529209621993128,0.9347079037800687,0.0,0.0,0.0,0.0,0.13661805862424511,0.29496243923994697,0.36964206805125943,0.5790516952970678,0.7671513694658849,0.0,21.709066091403,1.0,67.50798901257977,71.74549469552527,0.0,0.7452054794520548,0.0,0,nan,0.014473741981752468,0.00018195955327811412,0.9875843846271577,1.131924814768232,11.185011610476161,0.1859849088098301,0.8940536092634673,0.7599455678739473
ee_now,28,cct_region,2014,1.0,pvgis,365,0.515310481749955,69.834654076896,0.33,1333,0.19176715176715176,0.0533117932148625,0.2040510127531883,0.10505352140010181,0.819023569023569,0.6827586206896552,0.0,0.0,0.0,1.0,0.0,0.0,0.0,0.0,0.1862785862785863,0.19176715176715176,0.2892307692307692,0.61605276315137,0.7746908480721445,0.0,22.297233232776282,1.0,72.32488130749718,73.39732049412993,0.0,1.1178082191780823,0.0,0,nan,0.01567285317551699,0.0002285410999231271,0.9856276062360071,1.1926105455286469,10.308793618316422,0.19606214060461402,0.9700456105971736,0.8245387690075977
ee_now,28,cct_region,2015,1.0,pvgis,365,0.515310481749955,69.834654076896,0.33,1333,0.19160083160083158,0.051696284329563524,0.20255063765941486,0.1037664963445874,0.8164983164983165,0.696551724137931,0.0,0.0,0.02700675168792198,0.972993248312078,0.0,0.0,0.0,0.0,0.1862785862785863,0.19176715176715176,0.2892307692307692,0.5616644513779419,0.7625599192848956,0.0,21.709066091403,1.0,68.84451062540988,73.231509319191,0.0,1.084931506849315,0.0,0,nan,0.01418523924815311,0.00019380449468507654,0.9865217396823343,1.1632535592711004,11.400215115879078,0.18372975408742798,0.8771764303000955,0.7455999657550813
ee_now,40,cct_region,2014,1.0,pvgis,365,0.4926895242489614,66.769071679648,0.29,1079,0.08216514887956615,-0.9881266490765174,0.12696941612604262,0.08838380238318899,0.9420289855072463,0.4424778761061947,0.0,0.0,0.0,1.0,0.0,0.0,0.0,0.0,0.15880487056175177,0.08216514887956615,0.23636549677683413,0.628409571916798,0.7822880719749653,0.0,22.297233232776282,1.0,69.14998360162295,70.19189337266677,0.0,0.4712328767123288,0.0,0,nan,0.015905787902457787,0.00023304938958794392,0.9855597162688537,1.1235409278461237,10.157125253984862,0.1979687704967602,0.9845305389019183,0.8368509580666306
ee_now,40,cct_region,2012,1.0,pvgis,365,0.4926895242489614,66.769071679648,0.37,1079,0.08656502609229509,-0.9313984168865438,0.12511584800741427,0.08565166181892335,0.9420289855072463,0.504424778761062,0.0,0.0,0.03707136237256719,0.9629286376274329,0.0,0.0,0.0,0.0,0.15880487056175177,0.08216514887956615,0.23636549677683413,0.5710486397001213,0.7682630960008913,0.0,20.729461989872192,1.0,63.80366421300925,70.1255534706878,0.0,0.4602739726027397,0.0,0,nan,0.01341049984776376,0.00018758311771380857,0.9862051792013595,1.1056605788424132,12.054948645713996,0.17733004405277553,0.829534848624626,0.7051046213309321
ee_now,40,cct_region,2015,1.0,pvgis,365,0.4926895242489614,66.769071679648,0.31,1079,0.08165353525017909,-0.9947229551451187,0.12233549582947173,0.08546650852711342,0.9420289855072463,0.48672566371681414,0.0,0.0,0.004633920296570899,0.995366079703429,0.0,0.0,0.0,0.0,0.15880487056175177,0.08216514887956615,0.23636549677683413,0.5763033987362572,0.7707160021929829,0.0,21.709066091403,1.0,65.82239327249897,70.17728509544573,0.0,0.4684931506849315,0.0,0,nan,0.014425689074235647,0.0002002052095576825,0.9863115919154751,1.0997604693230079,11.207806418417205,0.18574223707976079,0.8922352534183247,0.758399965405576
ee_now,46,cct_region,2012,1.0,pvgis,365,0.6498872575545345,88.072440650112,0.33,6276,0.11275922171237505,nan,0.1311344805608668,0.07182186896089118,0.8809009009009009,0.7107438016528925,0.0,0.0,0.11536010197578075,0.8846398980242193,0.0,0.0,0.0,0.0,0.21456265784512504,0.11135417778252053,0.1368583929143101,0.5184080843458303,0.7573956625250434,0.0,20.729461989872192,1.0,84.16088899095479,89.84401189963883,0.0,3.2904109589041095,0.0,0,nan,0.012572914162099312,0.0001804679154913208,0.985849407287152,1.5168911192443955,12.853389856250502,0.17035150398237586,0.7780048774555048,0.661304145837179
ee_now,46,cct_region,2011,1.0,pvgis,365,0.6498872575545345,88.072440650112,0.34,6276,0.11348842172660335,nan,0.13336520076481836,0.07131704690970311,0.8727927927927928,0.6955922865013774,0.0,0.0,0.020076481835564052,0.9799235181644359,0.0,0.0,0.0,0.0,0.21456265784512504,0.11135417778252053,0.1368583929143101,0.5464819952185385,0.7574667878085487,0.0,19.639202912676332,1.0,88.97861111044423,91.89937238159244,0.0,3.684931506849315,0.0,0,nan,0.012048654086448994,0.00017297688028327672,0.9858466614845329,1.5646791354204783,13.41262817337539,0.1659280782766409,0.7455660345412695,0.633731129360079
ee_now,7,cct_region,2012,1.0,pvgis,365,0.5185664617347002,70.275903079136,0.29,1853,0.21273310369402545,nan,0.20399352401511064,0.12487223954202387,0.9783783783783784,0.8829787234042553,0.0,0.0,0.07717215326497572,0.9228278467350243,0.0,0.0,0.0,0.0,0.4600308825276162,0.19622282931464546,0.18612661836322605,0.5570914982387037,0.7665496492306263,0.0,20.729461989872192,1.0,67.1547470936892,73.39492450324174,0.0,0.9917808219178083,0.0,0,nan,0.013200080851581973,0.00018116881086215495,0.9864609946430771,1.156549834969976,12.250290216844299,0.17554428503075792,0.8163071913390164,0.6938611126381639
ee_now,46,cct_region,2014,1.0,pvgis,365,0.6498872575545345,88.072440650112,0.33,6276,0.11135417778252053,nan,0.13145315487571702,0.07004745960879336,0.8742342342342342,0.6955922865013774,0.0,0.0,0.0006373486297004461,0.9993626513702996,0.0,0.0,0.0,0.0,0.21456265784512504,0.11135417778252053,0.1368583929143101,0.5891376629894245,0.7756482623054325,0.0,22.297233232776282,1.0,91.21300736260577,92.174972240523,0.0,3.734246575342466,0.0,0,nan,0.015163053221571387,0.00022910707581143058,0.9851153397973391,1.5912095490509368,10.649849576791567,0.19195777410332415,0.9389803985393619,0.7981333387584575
ee_now,7,cct_region,2011,1.0,pvgis,365,0.5185664617347002,70.275903079136,0.31,1853,0.19622282931464546,nan,0.18996222342147867,0.124389614608256,0.9783783783783784,0.8723404255319149,0.0,0.0,0.0,1.0,0.0,0.0,0.0,0.0,0.4600308825276162,0.19622282931464546,0.18612661836322605,0.5829767374337144,0.7666184322368588,0.0,19.639202912676332,1.0,70.99896635492783,73.81777386334281,0.0,1.0712328767123287,0.0,0,nan,0.012626231147932218,0.00018519419244527157,0.9855446066674878,1.1663571304674385,12.795156469620448,0.17083292007919726,0.7815457375408429,0.6643138769097164
ee_now,46,cct_region,2013,1.0,pvgis,365,0.6498872575545345,88.072440650112,0.34,6276,0.11277700707857574,nan,0.1327278521351179,0.07090784619642179,0.8735135135135135,0.6955922865013774,0.0,0.0,0.01449968132568515,0.9855003186743149,0.0,0.0,0.0,0.0,0.21456265784512504,0.11135417778252053,0.1368583929143101,0.5547162332959795,0.7680057487352528,0.0,20.64649507784094,1.0,89.18598116679111,92.01426190108721,0.0,3.706849315068493,0.0,0,nan,0.013117446281579294,0.0001862009201318076,0.9860037689433122,1.5687421450392136,12.321748265235613,0.17490423827262735,0.8115731456885743,0.6898371738352881
ee_now,7,cct_region,2013,1.0,pvgis,365,0.5185664617347002,70.275903079136,0.3,1853,0.19622282931464546,nan,0.18996222342147867,0.124389614608256,0.9783783783783784,0.8723404255319149,0.0,0.0,0.0,1.0,0.0,0.0,0.0,0.0,0.4600308825276162,0.19622282931464546,0.18612661836322605,0.5896059612448785,0.7753232684105047,0.0,20.64649507784094,1.0,71.1644337573732,73.81777386334281,0.0,1.0712328767123287,0.0,0,nan,0.013689134053313103,0.0001896022177856182,0.9863386540329001,1.176066388654273,11.811175645029618,0.17963565874697218,0.8466557691238977,0.7196574037553131
ee_now,7,cct_region,2014,1.0,pvgis,365,0.5185664617347002,70.275903079136,0.29,1853,0.19622282931464546,nan,0.18996222342147867,0.124389614608256,0.9783783783783784,0.8723404255319149,0.0,0.0,0.0,1.0,0.0,0.0,0.0,0.0,0.4600308825276162,0.19622282931464546,0.18612661836322605,0.6171401004178033,0.7815114147529985,0.0,22.297233232776282,1.0,72.78186476558025,73.81777386334281,0.0,1.0712328767123287,0.0,0,nan,0.015699835565460167,0.00022280251743754577,0.9860071857265377,1.1844673084520263,10.295039739995039,0.19623290948236827,0.9713415637582394,0.8256403291945036
ee_now,46,cct_region,2015,1.0,pvgis,365,0.6498872575545345,88.072440650112,0.33,6276,0.11295486074058264,nan,0.13288718929254303,0.07140008104214665,0.8708108108108108,0.6955922865013774,0.0,0.0,0.07600382409177821,0.9239961759082218,0.0,0.0,0.0,0.0,0.21456265784512504,0.11135417778252053,0.1368583929143101,0.5220700695476472,0.7601681678169288,0.0,21.709066091403,1.0,86.82371461976584,90.80060816277974,0.0,3.4767123287671233,0.0,0,nan,0.013532681717846492,0.00018326213585244933,0.986638751382536,1.5324271582863502,11.951360662998267,0.17829907954273128,0.8367248116743952,0.7112160899232358
ee_now,7,cct_region,2015,1.0,pvgis,365,0.5185664617347002,70.275903079136,0.31,1853,0.19978619788573468,nan,0.19320021586616298,0.12329737009630108,0.9783783783783784,0.8723404255319149,0.0,0.0,0.03345925526173772,0.9665407447382622,0.0,0.0,0.0,0.0,0.4600308825276162,0.19622282931464546,0.18612661836322605,0.5623165610137209,0.7692927178234498,0.0,21.709066091403,1.0,69.27950342411204,73.67957859422279,0.0,1.0465753424657533,0.0,0,nan,0.014201765027208338,0.00020421514590602082,0.9858242796774673,1.1522462835622154,11.378898891928184,0.1839495985934384,0.8788196551332107,0.746996706863229
ee_now,78,cct_region,2011,1.0,pvgis,365,0.5371243038945545,72.79085383900801,0.31,2359,0.24491656788547456,1.5983957219251324,0.23611699872827469,0.11880142250851272,0.9117241379310345,0.8804347826086957,0.0,0.0,0.001271725307333616,0.9987282746926663,0.0,0.0,0.0,0.0,0.10864411416066382,0.24491656788547456,0.19389988146256956,0.5890142107321322,0.7634355847274418,0.0,19.639202912676332,1.0,73.53979324666396,76.42107030306082,0.0,1.5397260273972602,0.0,0,nan,0.012731191645237476,0.00017644419276672258,0.9863302470738123,1.2014769589543666,12.699784366889656,0.17163028337842468,0.7874149443097301,0.6693027026632705
ee_now,78,cct_region,2013,1.0,pvgis,365,0.5371243038945545,72.79085383900801,0.32,2359,0.24491656788547456,1.5983957219251324,0.23611699872827469,0.11880142250851272,0.9117241379310345,0.8804347826086957,0.0,0.0,0.000423908435777872,0.9995760915642221,0.0,0.0,0.0,0.0,0.10864411416066382,0.24491656788547456,0.19389988146256956,0.5958805285586749,0.7727458596642636,0.0,20.64649507784094,1.0,73.71118220046938,76.42186098237029,0.0,1.5397260273972602,0.0,0,nan,0.013809425587159054,0.0001860163313430692,0.9867087918747921,1.2099437783403695,11.712684228447323,0.1805925121851959,0.8537752580840846,0.725708969371472
ee_now,78,cct_region,2012,1.0,pvgis,365,0.5371243038945545,72.79085383900801,0.33,2359,0.2252667092185648,1.3679144385026734,0.22128020347604918,0.12003356349755202,0.9144827586206896,0.8315217391304348,0.0,0.0,0.09325985587113184,0.9067401441288682,0.0,0.0,0.0,0.0,0.10864411416066382,0.24491656788547456,0.19389988146256956,0.5625053931196725,0.7636030873419766,0.0,20.729461989872192,1.0,69.55800162095082,75.71633422956192,0.0,1.4054794520547946,0.0,0,nan,0.01330645355571654,0.0001868020605663668,0.986155894034873,1.1944639273236832,12.148601974987848,0.17646720822905815,0.8231399810931745,0.6996689839291983
ee_now,78,cct_region,2014,1.0,pvgis,365,0.5371243038945545,72.79085383900801,0.3,2359,0.24491656788547456,1.5983957219251324,0.23611699872827469,0.11880142250851272,0.9117241379310345,0.8804347826086957,0.0,0.0,0.0,1.0,0.0,0.0,0.0,0.0,0.10864411416066382,0.24491656788547456,0.19389988146256956,0.6243997331196852,0.7781774879425922,0.0,22.297233232776282,1.0,75.38649591334313,76.42225632202504,0.0,1.5397260273972602,0.0,0,nan,0.015854679392548296,0.0002197274392174716,0.9863306035788983,1.2225278659579666,10.197837689727265,0.1974518515599809,0.980600035444126,0.8335100301275071
ee_now,78,cct_region,2015,1.0,pvgis,365,0.5371243038945545,72.79085383900801,0.31,2359,0.23602626059998172,1.4941176470588222,0.2297583721916066,0.11688089062095758,0.9108045977011494,0.8532608695652174,0.0,0.0,0.05214073760067826,0.9478592623993217,0.0,0.0,0.0,0.0,0.10864411416066382,0.24491656788547456,0.19389988146256956,0.5678557496439888,0.765699665477278,0.0,21.709066091403,1.0,71.758796213616,76.05784007080821,0.0,1.4712328767123288,0.0,0,nan,0.014297695551332581,0.0001858827598804921,0.9871659643848797,1.1919951205803985,11.317934581268604,0.18458259302063007,0.8835534370864971,0.7510204215235226
ee_now,0,cct_region,2011,2.0,pvgis,365,1.2648912659894127,85.70875921763201,0.29,1861,0.7811541411042944,0.9578431372549019,0.8710370768404084,0.5032993051403044,0.988998899889989,0.13953488372093023,0.0,0.0,0.0,1.0,0.0,0.0,0.0,0.0,0.500191717791411,0.6087039877300612,0.7935199386503067,0.9783971503471922,0.9999976851851852,0.910958904109589,19.639202912676332,1.0,173.18121988878173,90.29562637677805,59.72455071352459,4.67945205479452,0.0,0,nan,0.019314388030576984,0.0001518390712733345,0.9921998715786634,1.5790764677539668,8.420953427251906,0.22421637440337416,1.1875139895249842,1.0093868910962365
ee_now,0,cct_region,2012,2.0,pvgis,365,1.2648912659894127,85.70875921763201,0.29,1861,0.7925613496932514,0.9967320261437908,0.8785599140247179,0.5141197422546833,0.9911991199119912,0.13953488372093023,0.0,0.0,0.0,1.0,0.0,0.0,0.0,0.0,0.500191717791411,0.6087039877300612,0.7935199386503067,0.9710945969454495,0.9999976851851852,0.9023116438356165,20.729461989872192,1.0,163.8043709660343,90.31928641197823,52.478938797510864,4.67945205479452,0.0,0,nan,0.020467145442055527,0.00016670698840299362,0.991920704630178,1.6103173682891057,7.944429785056269,0.23322194255203466,1.2587435814223351,1.0699320442089848
ee_now,0,cct_region,2013,2.0,pvgis,365,1.2648912659894127,85.70875921763201,0.29,1861,0.7896855828220858,0.9869281045751633,0.876947877485223,0.5093927815508753,0.9895489548954896,0.13953488372093023,0.0,0.0,0.0,1.0,0.0,0.0,0.0,0.0,0.500191717791411,0.6087039877300612,0.7935199386503067,0.9767264008911979,0.9999976851851852,0.885226407914764,20.64649507784094,1.0,173.58482923801856,90.31084628246232,59.1838338048503,4.67945205479452,0.0,0,nan,0.02084028198560208,0.00016414265148366364,0.9921853297902837,1.580835259659342,7.804269560403155,0.23605815057476598,1.2813498973353528,1.0891474127350498
ee_now,0,cct_region,2015,2.0,pvgis,365,1.2648912659894127,85.70875921763201,0.3,1861,0.7865222392638036,0.9761437908496732,0.8747984954325632,0.5088350532866911,0.9900990099009901,0.13953488372093023,0.0,0.0,0.0,1.0,0.0,0.0,0.0,0.0,0.500191717791411,0.6087039877300612,0.7935199386503067,0.9772161480381735,0.9999976851851852,0.8944539573820396,21.709066091403,1.0,168.98709280214536,90.31209154747287,55.53062876836931,4.67945205479452,0.0,0,nan,0.02206084652305915,0.00018060861241314164,0.9918796404590859,1.582270160373985,7.370209854999645,0.24545013362849954,1.35681346891587,1.1532914485784895
ee_now,0,cct_region,2014,2.0,pvgis,365,1.2648912659894127,85.70875921763201,0.31,1861,0.7935199386503067,1.0,0.8790972595378829,0.5145236624754218,0.9911991199119912,0.13953488372093023,0.0,0.0,0.0,1.0,0.0,0.0,0.0,0.0,0.500191717791411,0.6087039877300612,0.7935199386503067,0.9792240014516955,0.9999976851851852,0.9109493911719939,22.297233232776282,1.0,177.53007928133889,90.31845623530454,64.62770841147407,4.67945205479452,0.0,0,nan,0.023108356791528784,0.00018041945942666465,0.9922529437578643,1.564319903085787,7.038763654327488,0.2533114552078257,1.4207040456390265,1.2075984387931726
ee_now,100,cct_region,2012,2.0,pvgis,365,1.2210563483151788,82.73851465568,0.32,4890,0.4851177254553531,1.0,0.4840490797546012,0.31731063722233166,0.9556169038012317,0.5469613259668509,0.0,0.0,0.0,1.0,0.0,0.0,0.0,0.0,0.13079900996382557,0.2012227369846206,0.4851177254553531,0.9749285205091605,0.9999976851851852,0.9103310502283105,20.729461989872192,1.0,158.12771613486893,87.35581691760325,47.14604272192498,2.863013698630137,0.0,0,nan,0.0205051392245365,0.00016658600721855638,0.9919413592551698,1.7680046822416373,7.929874743941389,0.2335122878977256,1.261053966538404,1.0718958715576434
ee_now,100,cct_region,2011,2.0,pvgis,365,1.2210563483151788,82.73851465568,0.32,4890,0.48257917116202315,0.9928353931578004,0.4815950920245399,0.3145612590971939,0.9556169038012317,0.5469613259668509,0.0,0.0,0.0,1.0,0.0,0.0,0.0,0.0,0.13079900996382557,0.2012227369846206,0.4851177254553531,0.9824548165192061,0.9999976851851852,0.9245719178082191,19.639202912676332,1.0,167.17960953643777,87.35374147591902,55.58831935066483,2.863013698630137,0.0,0,nan,0.019369853492514008,0.00015604674931874897,0.99200821742475,1.7214629219465638,8.395218135847854,0.22467917075618082,1.191154278326572,1.012481136577586
ee_now,100,cct_region,2013,2.0,pvgis,365,1.2210563483151788,82.73851465568,0.32,4890,0.484059994499799,0.9970147471490838,0.48302658486707567,0.3165411214342847,0.9556169038012317,0.5469613259668509,0.0,0.0,0.0,1.0,0.0,0.0,0.0,0.0,0.13079900996382557,0.2012227369846206,0.4851177254553531,0.9794433948007032,0.9999976851851852,0.9037956621004566,20.64649507784094,1.0,167.56923176831125,87.35415656425587,55.957910784506474,2.863013698630137,0.0,0,nan,0.020869182234507136,0.00016335664407382013,0.9922331466963231,1.7246369786513083,7.793837575925127,0.23627289684265718,1.2830649731384738,1.0906052271677027
ee_now,105,cct_region,2011,2.0,pvgis,365,1.058529353339236,71.725720549728,0.3,2169,0.43668582375478926,1.0,0.43614568925772246,0.24900730762706702,0.9095719095719096,0.5777777777777777,0.0,0.0,0.0,1.0,0.0,0.0,0.0,0.0,0.07260536398467432,0.2796455938697318,0.43668582375478926,0.9797221564932086,0.9999976851851852,0.9109303652968036,19.639202912676332,1.0,144.92740176838876,75.61684112724261,46.16217403487103,1.3068493150684932,0.0,0,nan,0.019334450758656092,0.0001411022049196317,0.9927549063596023,1.4493290033654072,8.416921056648334,0.2242887195381673,1.1880829026073885,1.0098704672162802
ee_now,100,cct_region,2015,2.0,pvgis,365,1.2210563483151788,82.73851465568,0.32,4890,0.4851177254553531,1.0,0.4840490797546012,0.31731063722233166,0.9556169038012317,0.5469613259668509,0.0,0.0,0.0,1.0,0.0,0.0,0.0,0.0,0.13079900996382557,0.2012227369846206,0.4851177254553531,0.9800085906767639,0.9999976851851852,0.9007705479452055,21.709066091403,1.0,163.13083029155143,87.35581691760325,51.7398591713581,2.863013698630137,0.0,0,nan,0.022097662269376563,0.000186428189784621,0.9916340229310109,1.725166240961833,7.3561087058682135,0.2457717698362356,1.3594143860357402,1.155502228130379
ee_now,100,cct_region,2014,2.0,pvgis,365,1.2210563483151788,82.73851465568,0.34,4890,0.4851177254553531,1.0,0.4840490797546012,0.31731063722233166,0.9556169038012317,0.5469613259668509,0.0,0.0,0.0,1.0,0.0,0.0,0.0,0.0,0.13079900996382557,0.2012227369846206,0.4851177254553531,0.9835196264593329,0.9999976851851852,0.9356925418569254,22.297233232776282,1.0,171.37775882562494,87.35581691760325,59.84094817747967,2.863013698630137,0.0,0,nan,0.02316654915289673,0.00018156521907536813,0.9922235596338639,1.721046613483712,7.0208749716324315,0.25375439473116235,1.4243238970077954,1.210675312456626
ee_now,105,cct_region,2013,2.0,pvgis,365,1.058529353339236,71.725720549728,0.29,2169,0.435727969348659,0.9973691133912128,0.4352236053480867,0.24870005943008566,0.9086099086099086,0.5777777777777777,0.0,0.0,0.0,1.0,0.0,0.0,0.0,0.0,0.07260536398467432,0.2796455938697318,0.43668582375478926,0.9770690940293087,0.9999976851851852,0.8807267884322679,20.64649507784094,1.0,145.26516387880858,75.6160109505689,46.48371019353632,1.3068493150684932,0.0,0,nan,0.020839867920416158,0.00014979169315798265,0.9928635482463417,1.4547778375235114,7.809759417107441,0.23594534605347173,1.28044917466917,1.0883817984687945
ee_now,105,cct_region,2012,2.0,pvgis,365,1.058529353339236,71.725720549728,0.32,2169,0.43668582375478926,1.0,0.43614568925772246,0.24900730762706702,0.9095719095719096,0.5777777777777777,0.0,0.0,0.0,1.0,0.0,0.0,0.0,0.0,0.07260536398467432,0.2796455938697318,0.43668582375478926,0.9732925220535334,0.9999976851851852,0.8904775494672755,20.729461989872192,1.0,137.0803479595446,75.61684112724261,38.87652942458018,1.3068493150684932,0.0,0,nan,0.02049231297552883,0.00015288634226579651,0.9925945814369532,1.4909012954768879,7.940063416471833,0.23330894305832428,1.2594357847639837,1.0705204170493863
ee_now,105,cct_region,2014,2.0,pvgis,365,1.058529353339236,71.725720549728,0.3,2169,0.43668582375478926,1.0,0.43614568925772246,0.24900730762706702,0.9095719095719096,0.5777777777777777,0.0,0.0,0.0,1.0,0.0,0.0,0.0,0.0,0.07260536398467432,0.2796455938697318,0.43668582375478926,0.9806304019224795,0.9999976851851852,0.9113108828006088,22.297233232776282,1.0,148.56676227655393,75.61684112724261,49.867836963758364,1.3068493150684932,0.0,0,nan,0.023119120863853954,0.00016505959472897395,0.9929110842005981,1.439595351390855,7.040152953657652,0.2532771381640735,1.4204236848014196,1.2073601320812068
ee_now,105,cct_region,2015,2.0,pvgis,365,1.058529353339236,71.725720549728,0.3,2169,0.43668582375478926,1.0,0.43614568925772246,0.24900730762706702,0.9095719095719096,0.5777777777777777,0.0,0.0,0.0,1.0,0.0,0.0,0.0,0.0,0.07260536398467432,0.2796455938697318,0.43668582375478926,0.9772764735672614,0.9999976851851852,0.8908770928462709,21.709066091403,1.0,141.41752961398848,75.61684112724261,42.82773999372405,1.3068493150684932,0.0,0,nan,0.02205088421904411,0.0001667780304682755,0.9924934482937359,1.4557667389417517,7.378102609899385,0.24527058307999816,1.355362012258104,1.1520577104193885
ee_now,130,cct_region,2011,2.0,pvgis,365,1.0106128730967532,68.47891018896,0.29,1455,0.3689055825600236,0.9968394437420985,0.35601374570446737,0.25349615125002006,0.9985152190051967,0.8240740740740741,0.0,0.0,0.0,1.0,0.0,0.0,0.0,0.0,0.13661805862424511,0.29496243923994697,0.36964206805125943,0.9792113335952851,0.9999976851851852,0.909560502283105,19.639202912676332,1.0,138.36696869062587,72.15996664634797,43.38673452836953,0.7835616438356164,0.0,0,nan,0.0193286781657243,0.00013497922079488544,0.9930650638718921,1.3808824842757488,8.422065214861759,0.22419643871645634,1.1873572271031319,1.009253643037662
ee_now,130,cct_region,2013,2.0,pvgis,365,1.0106128730967532,68.47891018896,0.29,1455,0.3689055825600236,0.9968394437420985,0.35601374570446737,0.2537982251948624,0.9985152190051967,0.8240740740740741,0.0,0.0,0.0,1.0,0.0,0.0,0.0,0.0,0.13661805862424511,0.29496243923994697,0.36964206805125943,0.9760075252514329,0.9999976851851852,0.876912100456621,20.64649507784094,1.0,138.68944131338083,72.1574761163269,43.69541363299874,0.7835616438356164,0.0,0,nan,0.02082696099981944,0.00014489155190995813,0.993091141969811,1.3828492530985517,7.81639063237991,0.23580927825422537,1.27936287607919,1.0874584446673115
ee_now,130,cct_region,2012,2.0,pvgis,365,1.0106128730967532,68.47891018896,0.3,1455,0.3689055825600236,0.9968394437420985,0.35601374570446737,0.25349615125002006,0.9985152190051967,0.8240740740740741,0.0,0.0,0.0,1.0,0.0,0.0,0.0,0.0,0.13661805862424511,0.29496243923994697,0.36964206805125943,0.972372966374587,0.9999976851851852,0.8742484779299847,20.729461989872192,1.0,130.87512770380468,72.15996664634797,36.61321954883372,0.7835616438356164,0.0,0,nan,0.020476984759887476,0.00014875016321067076,0.9927881278526425,1.4177840103854455,7.947556411452595,0.23315969676040627,1.2582483825581647,1.06951112517444
ee_now,130,cct_region,2014,2.0,pvgis,365,1.0106128730967532,68.47891018896,0.29,1455,0.3689055825600236,0.9968394437420985,0.35601374570446737,0.25349615125002006,0.9985152190051967,0.8240740740740741,0.0,0.0,0.0,1.0,0.0,0.0,0.0,0.0,0.13661805862424511,0.29496243923994697,0.36964206805125943,0.9796687415762774,0.9999976851851852,0.9051560121765602,22.297233232776282,1.0,141.84158615663088,72.15996664634797,46.89097469451152,0.7835616438356164,0.0,0,nan,0.023105669133524215,0.00016023321359820715,0.99311295941986,1.3722595535424702,7.045683824477363,0.2531406388527171,1.4193086503909056,1.2064123528322699
ee_now,130,cct_region,2015,2.0,pvgis,365,1.0106128730967532,68.47891018896,0.29,1455,0.3689055825600236,0.9968394437420985,0.35601374570446737,0.25349615125002006,0.9985152190051967,0.8240740740740741,0.0,0.0,0.0,1.0,0.0,0.0,0.0,0.0,0.13661805862424511,0.29496243923994697,0.36964206805125943,0.9767099194324679,0.9999976851851852,0.8890030441400304,21.709066091403,1.0,135.01597802515954,72.15996664634797,40.20324041378016,0.7835616438356164,0.0,0,nan,0.022043665738718146,0.00016093864776473626,0.9927520146288799,1.3823122925362952,7.3824414511424346,0.2451720251118492,1.354565432882979,1.1513806179505324
ee_now,28,cct_region,2013,2.0,pvgis,365,1.03062096349991,69.834654076896,0.29,1333,0.29006237006237,1.0080775444264944,0.2940735183795949,0.1972486554264408,0.8695286195286195,0.6689655172413793,0.0,0.0,0.0,1.0,0.0,0.0,0.0,0.0,0.1862785862785863,0.19176715176715176,0.2892307692307692,0.9774018465328714,0.9999976851851852,0.8808409436834095,20.64649507784094,1.0,141.43521168068102,73.57968263678393,44.88164509979673,1.1178082191780823,0.0,0,nan,0.02084568982967207,0.00014691797820427696,0.993001442243438,1.412060930612001,7.808662617299344,0.23596787153719812,1.2806290257496793,1.0885346718872275
ee_now,28,cct_region,2011,2.0,pvgis,365,1.03062096349991,69.834654076896,0.29,1333,0.29006237006237,1.0080775444264944,0.2940735183795949,0.1972486554264408,0.8695286195286195,0.6689655172413793,0.0,0.0,0.0,1.0,0.0,0.0,0.0,0.0,0.1862785862785863,0.19176715176715176,0.2892307692307692,0.9800847630265616,0.9999976851851852,0.9103786149162861,19.639202912676332,1.0,141.10635475236165,73.57968263678393,44.56939461083463,1.1178082191780823,0.0,0,nan,0.019338717237510204,0.00013659165735803309,0.9929864189525627,1.4101765128495358,8.41702653929071,0.22428682626735985,1.1880680134867063,1.0098578114637005
ee_now,28,cct_region,2012,2.0,pvgis,365,1.03062096349991,69.834654076896,0.3,1333,0.29006237006237,1.0080775444264944,0.2940735183795949,0.1972486554264408,0.8695286195286195,0.6689655172413793,0.0,0.0,0.0,1.0,0.0,0.0,0.0,0.0,0.1862785862785863,0.19176715176715176,0.2892307692307692,0.9734715375142655,0.9999976851851852,0.8915810502283105,20.729461989872192,1.0,133.46619047010245,73.57968263678393,37.43203580719218,1.1178082191780823,0.0,0,nan,0.0204920634449493,0.00015055796714404427,0.9927064511750509,1.4547782352243026,7.941054992800306,0.23328917823109552,1.2592785226983594,1.0703867442936055
ee_now,40,cct_region,2011,2.0,pvgis,365,0.9853790484979228,66.769071679648,0.3,1079,0.23636549677683413,1.0,0.247451343836886,0.20203634497041997,0.9513457556935818,0.6460176991150443,0.0,0.0,0.0,1.0,0.0,0.0,0.0,0.0,0.15880487056175177,0.08216514887956615,0.23636549677683413,0.9801643392547044,0.9999976851851852,0.9109684170471841,19.639202912676332,1.0,134.9121068823523,70.34118681115211,41.923446957797374,0.4712328767123288,0.0,0,nan,0.019339792204444744,0.00013433676759441927,0.9931017829969545,1.3471386833399301,8.417536520598777,0.22427767339653193,1.187996033700446,1.009796628645379
ee_now,28,cct_region,2014,2.0,pvgis,365,1.03062096349991,69.834654076896,0.35,1333,0.29006237006237,1.0080775444264944,0.2940735183795949,0.1972486554264408,0.8695286195286195,0.6689655172413793,0.0,0.0,0.0,1.0,0.0,0.0,0.0,0.0,0.1862785862785863,0.19176715176715176,0.2892307692307692,0.9809179514028836,0.9999976851851852,0.907791095890411,22.297233232776282,1.0,144.64976261499436,73.57968263678393,48.115446807661705,1.1178082191780823,0.0,0,nan,0.023125315971442836,0.0001610330233245208,0.9930846598854673,1.4028797228400172,7.039497340945356,0.2532933309439561,1.4205559737674491,1.2074725777023319
ee_now,40,cct_region,2012,2.0,pvgis,365,0.9853790484979228,66.769071679648,0.33,1079,0.23636549677683413,1.0,0.247451343836886,0.20203634497041997,0.9513457556935818,0.6460176991150443,0.0,0.0,0.0,1.0,0.0,0.0,0.0,0.0,0.15880487056175177,0.08216514887956615,0.23636549677683413,0.973311190102423,0.9999976851851852,0.8921137747336377,20.729461989872192,1.0,127.6073284260185,70.34118681115211,35.09206002999446,0.4712328767123288,0.0,0,nan,0.020484501419169788,0.00014685482784998594,0.9928819595720374,1.3913916431803164,7.94539097993955,0.2332028021262611,1.2585913047259611,1.069802609017067
ee_now,40,cct_region,2013,2.0,pvgis,365,0.9853790484979228,66.769071679648,0.32,1079,0.23636549677683413,1.0,0.247451343836886,0.20203634497041997,0.9513457556935818,0.6460176991150443,0.0,0.0,0.0,1.0,0.0,0.0,0.0,0.0,0.15880487056175177,0.08216514887956615,0.23636549677683413,0.9775858453332605,0.9999976851851852,0.880802891933029,20.64649507784094,1.0,135.2265277398714,70.34118681115211,42.22199036085475,0.4712328767123288,0.0,0,nan,0.02084676090193001,0.00014264347762470394,0.9932040245142139,1.3475725354358408,7.809854384846913,0.23594339592357916,1.2804336044219367,1.0883685637586462
ee_now,28,cct_region,2015,2.0,pvgis,365,1.03062096349991,69.834654076896,0.37,1333,0.29006237006237,1.0080775444264944,0.2940735183795949,0.1972486554264408,0.8695286195286195,0.6689655172413793,0.0,0.0,0.0,1.0,0.0,0.0,0.0,0.0,0.1862785862785863,0.19176715176715176,0.2892307692307692,0.9776830153945684,0.9999976851851852,0.8913337138508372,21.709066091403,1.0,137.68902125081976,73.57968263678393,41.32287375302945,1.1178082191780823,0.0,0,nan,0.02205838327377886,0.00016450020328229607,0.9925977111182671,1.4164103509601813,7.376369137614196,0.2453099881915095,1.355680527023406,1.152328447969895
ee_now,40,cct_region,2015,2.0,pvgis,365,0.9853790484979228,66.769071679648,0.31,1079,0.23636549677683413,1.0,0.247451343836886,0.20203634497041997,0.9513457556935818,0.6460176991150443,0.0,0.0,0.0,1.0,0.0,0.0,0.0,0.0,0.15880487056175177,0.08216514887956615,0.23636549677683413,0.9778463349046187,0.9999976851851852,0.8916666666666667,21.709066091403,1.0,131.64478654499794,70.34118681115211,38.819440977822154,0.4712328767123288,0.0,0,nan,0.022060858634196722,0.00016148630734320172,0.9927331562997505,1.350994347033344,7.37654789628295,0.24530592390677686,1.3556476743056207,1.1523005231597776
ee_now,40,cct_region,2014,2.0,pvgis,365,0.9853790484979228,66.769071679648,0.33,1079,0.23636549677683413,1.0,0.247451343836886,0.20203634497041997,0.9513457556935818,0.6460176991150443,0.0,0.0,0.0,1.0,0.0,0.0,0.0,0.0,0.15880487056175177,0.08216514887956615,0.23636549677683413,0.9808776567002989,0.9999976851851852,0.9130993150684932,22.297233232776282,1.0,138.2999672032459,70.34118681115211,45.31452706757413,0.4712328767123288,0.0,0,nan,0.023123833957080998,0.0001595001907418301,0.9931495983466465,1.3419145527063194,7.040408851595619,0.2532708185414039,1.4203720566219145,1.2073162481286275
ee_now,46,cct_region,2011,2.0,pvgis,365,1.299774515109069,88.072440650112,0.33,6276,0.13655604168889837,nan,0.13639260675589548,0.12197690367774684,0.9414414414414415,0.8650137741046832,0.0,0.0,0.0,1.0,0.0,0.0,0.0,0.0,0.21456265784512504,0.11135417778252053,0.1368583929143101,0.9834478812234476,0.9999976851851852,0.9273306697108067,19.639202912676332,1.0,177.95722222088847,93.03786189809637,60.15109994336877,3.734246575342466,0.0,0,nan,0.01938191124737497,0.00016051236475916414,0.9917864657964173,1.8103897141513314,8.388119871028064,0.22480726930449224,1.192162266843521,1.0133379268169929
ee_now,46,cct_region,2012,2.0,pvgis,365,1.299774515109069,88.072440650112,0.33,6276,0.13655604168889837,nan,0.13639260675589548,0.12278171704750696,0.9421621621621622,0.8650137741046832,0.0,0.0,0.0,1.0,0.0,0.0,0.0,0.0,0.21456265784512504,0.11135417778252053,0.1368583929143101,0.9780726674187721,0.9999976851851852,0.9150494672754946,20.729461989872192,1.0,168.32177798190958,93.03993733978061,51.17088636427664,3.734246575342466,0.0,0,nan,0.020552517698894344,0.00017218597920183926,0.9916917519364187,1.8480833476037535,7.909603648627357,0.23391825363237695,1.264285853531411,1.0746429755016993
ee_now,7,cct_region,2011,2.0,pvgis,365,1.0371329234694004,70.275903079136,0.3,1853,0.18612661836322605,nan,0.18564490016189963,0.1763299368752884,0.9891891891891892,0.8191489361702128,0.0,0.0,0.0,1.0,0.0,0.0,0.0,0.0,0.4600308825276162,0.19622282931464546,0.18612661836322605,0.9806420831895921,0.9999976851851852,0.9124238964992389,19.639202912676332,1.0,141.99793270985566,74.074160092734,44.921902972664874,1.0712328767123287,0.0,0,nan,0.019346171043742987,0.00013879702520902507,0.9928767127193712,1.3974679081480772,8.412854013868904,0.22436175013466853,1.1886572598923775,1.0103586709085208
ee_now,7,cct_region,2013,2.0,pvgis,365,1.0371329234694004,70.275903079136,0.29,1853,0.18612661836322605,nan,0.18564490016189963,0.1763299368752884,0.9891891891891892,0.8191489361702128,0.0,0.0,0.0,1.0,0.0,0.0,0.0,0.0,0.4600308825276162,0.19622282931464546,0.18612661836322605,0.9779630158390489,0.9999976851851852,0.8814117199391172,20.64649507784094,1.0,142.3288675147464,74.074160092734,45.236126410708444,1.0712328767123287,0.0,0,nan,0.02085227449987202,0.00014710445496359808,0.9929948187858326,1.3997205191804953,7.806144752259107,0.23601960352399232,1.2810420915018248,1.088885777776551
ee_now,7,cct_region,2012,2.0,pvgis,365,1.0371329234694004,70.275903079136,0.3,1853,0.18612661836322605,nan,0.18564490016189963,0.1763299368752884,0.9891891891891892,0.8191489361702128,0.0,0.0,0.0,1.0,0.0,0.0,0.0,0.0,0.4600308825276162,0.19622282931464546,0.18612661836322605,0.9742655144576312,0.9999976851851852,0.8954718417047184,20.729461989872192,1.0,134.3094941873784,74.074160092734,37.836159288130496,1.0712328767123287,0.0,0,nan,0.020504283276307374,0.00014954583987750473,0.9927594133254295,1.4428063659070969,7.936745816325899,0.2333751040959997,1.2599622353320152,1.070967900032213
ee_now,46,cct_region,2013,2.0,pvgis,365,1.299774515109069,88.072440650112,0.34,6276,0.13655604168889837,nan,0.13639260675589548,0.12263249501467918,0.941981981981982,0.8650137741046832,0.0,0.0,0.0,1.0,0.0,0.0,0.0,0.0,0.21456265784512504,0.11135417778252053,0.1368583929143101,0.9811833200544924,0.9999976851851852,0.9114726027397261,20.64649507784094,1.0,178.37196233358222,93.0391071631069,60.542895275864744,3.734246575342466,0.0,0,nan,0.02088898438803112,0.0001723286540988368,0.9918177630352809,1.8032831586963485,7.783189561879875,0.23649262131494964,1.284820306700162,1.0920972606951378
ee_now,46,cct_region,2014,2.0,pvgis,365,1.299774515109069,88.072440650112,0.33,6276,0.13655604168889837,nan,0.13639260675589548,0.12278171704750696,0.9421621621621622,0.8650137741046832,0.0,0.0,0.0,1.0,0.0,0.0,0.0,0.0,0.21456265784512504,0.11135417778252053,0.1368583929143101,0.9848780144020887,0.9999976851851852,0.9416095890410959,22.297233232776282,1.0,182.42601472521153,93.03993733978061,64.71024933245498,3.734246575342466,0.0,0,nan,0.023188170327479076,0.00018674199339036447,0.9920110077493793,1.7967705452793687,7.012825955399911,0.25395434645443504,1.4259586739494012,1.2120648728569912
ee_now,46,cct_region,2015,2.0,pvgis,365,1.299774515109069,88.072440650112,0.33,6276,0.13655604168889837,nan,0.13639260675589548,0.12278171704750696,0.9421621621621622,0.8650137741046832,0.0,0.0,0.0,1.0,0.0,0.0,0.0,0.0,0.21456265784512504,0.11135417778252053,0.1368583929143101,0.9815066497169191,0.9999976851851852,0.9055079908675799,21.709066091403,1.0,173.64742923953168,93.03993733978061,56.054401570897966,3.734246575342466,0.0,0,nan,0.02211830720161144,0.00019341966291136834,0.9913310312516007,1.8101698891817821,7.346997066804416,0.24598018260705368,1.3611003120148937,1.1569352652126597
ee_now,7,cct_region,2014,2.0,pvgis,365,1.0371329234694004,70.275903079136,0.29,1853,0.18612661836322605,nan,0.18564490016189963,0.1763299368752884,0.9891891891891892,0.8191489361702128,0.0,0.0,0.0,1.0,0.0,0.0,0.0,0.0,0.4600308825276162,0.19622282931464546,0.18612661836322605,0.9814728534135576,0.9999976851851852,0.9195871385083714,22.297233232776282,1.0,145.5637295311605,74.074160092734,48.62497053403824,1.0712328767123287,0.0,0,nan,0.023134012224395293,0.0001615763548019935,0.9930640793104374,1.3928281672785912,7.036705308891527,0.2533623203498715,1.421119623606246,1.2079516800653092
ee_now,7,cct_region,2015,2.0,pvgis,365,1.0371329234694004,70.275903079136,0.29,1853,0.18612661836322605,nan,0.18564490016189963,0.1763299368752884,0.9891891891891892,0.8191489361702128,0.0,0.0,0.0,1.0,0.0,0.0,0.0,0.0,0.4600308825276162,0.19622282931464546,0.18612661836322605,0.9784455344841725,0.9999976851851852,0.8917047184170472,21.709066091403,1.0,138.55900684822407,74.074160092734,41.65486903137385,1.0712328767123287,0.0,0,nan,0.022069985992680514,0.00016279377663245274,0.9926777587723352,1.4015894849418136,7.373085755801372,0.24538467082520798,1.356284238540382,1.1528416027593247
ee_now,78,cct_region,2011,2.0,pvgis,365,1.074248607789109,72.79085383900801,0.3,2359,0.19389988146256956,1.0,0.18524798643493007,0.12337905189428057,0.9940229885057471,0.9293478260869565,0.0,0.0,0.0,1.0,0.0,0.0,0.0,0.0,0.10864411416066382,0.24491656788547456,0.19389988146256956,0.9804315372134349,0.9999976851851852,0.9122526636225267,19.639202912676332,1.0,147.07958649332792,76.7474088525535,47.09433312467799,1.5397260273972602,0.0,0,nan,0.01934352967820174,0.0001391713784769712,0.9928566692024839,1.4295615817721223,8.413832935798027,0.2243441661210236,1.1885189635098845,1.0102411189834017
ee_now,78,cct_region,2012,2.0,pvgis,365,1.074248607789109,72.79085383900801,0.32,2359,0.19389988146256956,1.0,0.18524798643493007,0.12337905189428057,0.9940229885057471,0.9293478260869565,0.0,0.0,0.0,1.0,0.0,0.0,0.0,0.0,0.10864411416066382,0.24491656788547456,0.19389988146256956,0.973068536413891,0.9999976851851852,0.8978405631659057,20.729461989872192,1.0,139.11600324190164,76.7474088525535,39.8942576322292,1.5397260273972602,0.0,0,nan,0.020481364970156183,0.00014989768341575437,0.9927344396737733,1.4738681611323483,7.945427024099749,0.23320208445398982,1.2585855951691964,1.0697977558938172
ee_now,78,cct_region,2013,2.0,pvgis,365,1.074248607789109,72.79085383900801,0.31,2359,0.19389988146256956,1.0,0.18524798643493007,0.12337905189428057,0.9940229885057471,0.9293478260869565,0.0,0.0,0.0,1.0,0.0,0.0,0.0,0.0,0.10864411416066382,0.24491656788547456,0.19389988146256956,0.9777146830484086,0.9999976851851852,0.8818873668188737,20.64649507784094,1.0,147.42236440093876,76.7474088525535,47.41980627928924,1.5397260273972602,0.0,0,nan,0.020848373284095605,0.00014741099970121994,0.992979019135047,1.4296706990658299,7.807481235911553,0.23599214044833527,1.280822802878304,1.0886993824465585
ee_now,78,cct_region,2014,2.0,pvgis,365,1.074248607789109,72.79085383900801,0.31,2359,0.19389988146256956,1.0,0.18524798643493007,0.12337905189428057,0.9940229885057471,0.9293478260869565,0.0,0.0,0.0,1.0,0.0,0.0,0.0,0.0,0.10864411416066382,0.24491656788547456,0.19389988146256956,0.9812744975882648,0.9999976851851852,0.916324200913242,22.297233232776282,1.0,150.77299182668625,76.7474088525535,50.772305241539826,1.5397260273972602,0.0,0,nan,0.023131168332113917,0.00016381956909259878,0.9929676044569178,1.4225008136036497,7.0368867553908565,0.25335783544818913,1.421082979961152,1.207920532966979
ee_now,78,cct_region,2015,2.0,pvgis,365,1.074248607789109,72.79085383900801,0.31,2359,0.19389988146256956,1.0,0.18524798643493007,0.12337905189428057,0.9940229885057471,0.9293478260869565,0.0,0.0,0.0,1.0,0.0,0.0,0.0,0.0,0.10864411416066382,0.24491656788547456,0.19389988146256956,0.9780375776738359,0.9999976851851852,0.8917427701674278,21.709066091403,1.0,143.517592427232,76.7474088525535,43.71038244332328,1.5397260273972602,0.0,0,nan,0.022064973206018603,0.00016415261330327368,0.9926154265067595,1.439137359650939,7.374297719188989,0.24535709705469144,1.3560613336750094,1.1526521336237578
lazy_defer,0,cct_region,2011,0.5,pvgis,365,0.3162228164973532,85.70875921763201,0.3,1861,0.30655674846625763,-0.6601307189542486,0.3922622246104245,0.14545430477572582,0.5869086908690869,0.18604651162790697,0.41805480924234284,0.0,0.4384739387426115,0.0,0.14347125201504568,21.39360558839334,48.0,13.124999999999995,0.500191717791411,0.6087039877300612,0.7935199386503067,0.2920580473241505,0.7063892752106364,0.0,19.639202912676332,1.0,43.29530497219543,68.94641422374937,0.0,0.33972602739726027,0.11275684931506849,1083,nan,0.009320858900107929,0.0001001293008996576,0.9893716774967463,0.7209811500423908,17.39989354953852,0.14223790005081116,0.5747161597011736,0.48850873574599757
lazy_defer,0,cct_region,2012,0.5,pvgis,365,0.3162228164973532,85.70875921763201,0.31,1861,0.2934240797546011,-0.7049019607843142,0.3777538957549704,0.14456812550094408,0.5566556655665567,0.18604651162790697,0.44760881246641593,0.0,0.4126813541106932,0.0,0.13970983342289092,20.15605409278166,48.0,13.258333333333331,0.500191717791411,0.6087039877300612,0.7935199386503067,0.2888935045773478,0.706463243654057,0.0,20.729461989872192,1.0,40.951092741508575,68.80004002711284,0.0,0.32054794520547947,0.14389269406392693,1028,nan,0.009936254727376762,9.837468272571474e-05,0.9901964807363315,0.6957810603650887,16.335849101109588,0.147485698637024,0.612150610482853,0.520328018910425
lazy_defer,0,cct_region,2015,0.5,pvgis,365,0.3162228164973532,85.70875921763201,0.3,1861,0.28958972392638027,-0.7179738562091508,0.37560451370231057,0.1420911940382384,0.5539053905390539,0.16279069767441862,0.4508328855454057,0.0,0.40569586243954864,0.0,0.14347125201504568,19.82025792584632,48.0,13.124999999999995,0.500191717791411,0.6087039877300612,0.7935199386503067,0.28616146181534496,0.7079894068261146,0.0,21.709066091403,1.0,42.24677320053634,68.88416947154234,0.0,0.33972602739726027,0.12715943683409436,1022,nan,0.010694025716077828,0.00010566197778549335,0.9902162006179556,0.6955549880807562,15.178604833372782,0.1539832267357818,0.6588220794847544,0.5599987675620411
lazy_defer,0,cct_region,2014,0.5,pvgis,365,0.3162228164973532,85.70875921763201,0.3,1861,0.3212231595092023,-0.6101307189542489,0.40838259000537347,0.14747181841949258,0.6226622662266227,0.18604651162790697,0.3825900053734551,0.0,0.4739387426114992,0.0,0.14347125201504568,23.095916174099948,48.0,13.124999999999995,0.500191717791411,0.6087039877300612,0.7935199386503067,0.30652214448766796,0.7160972094374355,0.0,22.297233232776282,1.0,44.38251982033472,69.00945384347978,0.0,0.33972602739726027,0.09839231354642314,1149,nan,0.011429957775811577,0.00012318938460120942,0.989337157841863,0.7253521154942086,14.18870456274301,0.16033373791250116,0.7047859764631511,0.5990680799936785
lazy_defer,0,cct_region,2013,0.5,pvgis,365,0.3162228164973532,85.70875921763201,0.31,1861,0.30972009202453976,-0.6493464052287586,0.3944116066630844,0.14651471720855516,0.5907590759075908,0.18604651162790697,0.41429339065018805,0.0,0.44331004836109617,0.0,0.14239656098871575,21.625380619738493,48.0,13.166666666666659,0.500191717791411,0.6087039877300612,0.7935199386503067,0.29591588105686156,0.711790440802327,0.0,20.64649507784094,1.0,43.39620730950464,68.92860700183563,0.0,0.33424657534246577,0.11173896499238965,1090,nan,0.010072768156586186,0.00010560099834683003,0.9896249588967159,0.7178991816742382,16.105152931061003,0.14871026874350035,0.620919282344325,0.5277813899926763
lazy_defer,100,cct_region,2011,0.5,pvgis,365,0.3052640870787947,82.73851465568,0.31,4890,0.15387869941401702,0.06513821720699746,0.1605316973415133,0.11544170450697488,0.6177532384795074,0.3259668508287293,0.3259713701431493,0.0,0.5239263803680981,0.0,0.15010224948875256,25.871642808452627,48.0,13.5,0.13079900996382557,0.2012227369846206,0.4851177254553531,0.25077884219643,0.7208476498621949,0.0,19.639202912676332,1.0,41.79490238410944,71.23520899456024,0.0,0.1863013698630137,0.16775114155251142,3296,nan,0.008857963337575738,8.278949760330329e-05,0.9907402095629405,0.663239052026757,18.33449541116945,0.13810821166880294,0.5454199734293184,0.46360697741492063
lazy_defer,100,cct_region,2012,0.5,pvgis,365,0.3052640870787947,82.73851465568,0.31,4890,0.15007086797402208,0.054391306943698106,0.15685071574642126,0.11347808215749433,0.6179655977914632,0.3259668508287293,0.3259713701431493,0.0,0.5361963190184049,0.0,0.1378323108384458,26.38595773687798,48.0,13.5,0.13079900996382557,0.2012227369846206,0.4851177254553531,0.2501885336290118,0.7209190549227238,0.0,20.729461989872192,1.0,39.53192903371723,71.1652921116963,0.0,0.1780821917808219,0.1951103500761035,3296,nan,0.009466069949067613,8.66224064846284e-05,0.9909321473715961,0.656723545592188,17.159999058664745,0.14336695880311778,0.5827506147181643,0.4953380225104396
lazy_defer,100,cct_region,2013,0.5,pvgis,365,0.3052640870787947,82.73851465568,0.31,4890,0.15007086797402208,0.054391306943698106,0.15685071574642126,0.11345231921550807,0.6186026757273306,0.3259668508287293,0.325357873210634,0.0,0.5368098159509203,0.0,0.1378323108384458,26.415405589638716,48.0,13.5,0.13079900996382557,0.2012227369846206,0.4851177254553531,0.25488324386072475,0.7260616375869609,0.0,20.64649507784094,1.0,41.892307942077814,71.16677955852612,0.0,0.1780821917808219,0.16548706240487063,3299,nan,0.009567070467401429,8.778901685280991e-05,0.9909072714112533,0.669335940082244,16.97841300500835,0.14424177256343806,0.5889831986682246,0.5006357188679909
lazy_defer,100,cct_region,2014,0.5,pvgis,365,0.3052640870787947,82.73851465568,0.31,4890,0.1559941613251253,0.0711087229088304,0.16257668711656442,0.11737172907205719,0.6421745593544277,0.39226519337016574,0.29897750511247445,0.0,0.554601226993865,0.0,0.14642126789366053,27.320722563053852,48.0,13.5,0.13079900996382557,0.2012227369846206,0.4851177254553531,0.26207497535402036,0.7302191547775877,0.0,22.297233232776282,1.0,42.844439706406234,71.30115527442432,0.0,0.18356164383561643,0.1538907914764079,3428,nan,0.01083991349452459,0.0001026679965470895,0.9906175707596183,0.6726743545276177,14.980394887873592,0.1551912880275097,0.6675391453195171,0.5674082735215895
lazy_defer,105,cct_region,2011,0.5,pvgis,365,0.264632338334809,71.725720549728,0.3,2169,0.16321839080459769,0.24888187319126545,0.17289073305670816,0.16299170235495924,0.7455507455507455,0.5444444444444444,0.06639004149377593,0.0,0.7754725680036884,0.0,0.15813739050253572,38.02389734132473,48.0,11.416666666666666,0.07260536398467432,0.2796455938697318,0.43668582375478926,0.24532656953057413,0.7216170606871121,0.0,19.639202912676332,1.0,36.23185044209719,68.99340233431818,0.0,0.1095890410958904,0.21315639269406392,2025,nan,0.008788640874358895,1.1556351293251125e-05,0.9986868076934043,0.411170726152267,18.62733159561008,0.1368957107494334,0.5368455459480148,0.4563187140558126
lazy_defer,100,cct_region,2015,0.5,pvgis,365,0.3052640870787947,82.73851465568,0.32,4890,0.15383639017579487,0.06501880709296083,0.16012269938650306,0.11544573349230841,0.6137184115523465,0.3259668508287293,0.33312883435582824,0.0,0.5204498977505112,0.0,0.14642126789366053,25.681458759372873,48.0,13.5,0.13079900996382557,0.2012227369846206,0.4851177254553531,0.24828740049485928,0.7223923287763035,0.0,21.709066091403,1.0,40.78270757288786,71.1829856465108,0.0,0.18356164383561643,0.18313356164383562,3261,nan,0.010224139918411871,8.986600921198703e-05,0.9912869926735935,0.6503437797522852,15.89335831095021,0.14986418658565526,0.6291936420454447,0.534814595738628
lazy_defer,105,cct_region,2012,0.5,pvgis,365,0.264632338334809,71.725720549728,0.3,2169,0.16024904214559385,0.24072612470402524,0.16920239741816506,0.1594258191672115,0.7450697450697451,0.5666666666666667,0.06639004149377593,0.0,0.792992162286768,0.0,0.14061779621945597,38.74673428615337,48.0,11.416666666666666,0.07260536398467432,0.2796455938697318,0.43668582375478926,0.2451375155895009,0.7216789614770776,0.0,20.729461989872192,1.0,34.27008698988615,68.92259532604808,0.0,0.09863013698630137,0.23653919330289194,2025,nan,0.009395650431939991,1.306818947568042e-05,0.9986110553411668,0.41344080908807995,17.422584139765224,0.1421326402353269,0.5739676686178858,0.48787251832520295
lazy_defer,105,cct_region,2013,0.5,pvgis,365,0.264632338334809,71.725720549728,0.3,2169,0.16024904214559385,0.24072612470402524,0.16920239741816506,0.1594258191672115,0.7450697450697451,0.5666666666666667,0.06639004149377593,0.0,0.7888427846934071,0.0,0.14476717381281698,38.58168126632857,48.0,11.416666666666666,0.07260536398467432,0.2796455938697318,0.43668582375478926,0.24883999339668963,0.7261370478787211,0.0,20.64649507784094,1.0,36.316290969702145,68.94003022689876,0.0,0.10136986301369863,0.21062595129375952,2025,nan,0.009486938089772032,1.6051604403078532e-05,0.9983108890023402,0.42088706450128305,17.249749510879532,0.14294104978459965,0.5797185630836513,0.4927607786211036
lazy_defer,105,cct_region,2014,0.5,pvgis,365,0.264632338334809,71.725720549728,0.3,2169,0.16321839080459769,0.24888187319126545,0.17289073305670816,0.16299170235495924,0.7455507455507455,0.5444444444444444,0.06639004149377593,0.0,0.7754725680036884,0.0,0.15813739050253572,38.02389734132473,48.0,11.416666666666666,0.07260536398467432,0.2796455938697318,0.43668582375478926,0.2539888074356523,0.7297411845668998,0.0,22.297233232776282,1.0,37.14169056913848,68.99340233431818,0.0,0.1095890410958904,0.20068493150684932,2025,nan,0.010728058879575545,1.550393302964087e-05,0.9985569095373603,0.41369226772715506,15.257898584318948,0.15350825908611843,0.6553982479787442,0.5570885107819327
lazy_defer,105,cct_region,2015,0.5,pvgis,365,0.264632338334809,71.725720549728,0.3,2169,0.1626436781609195,0.24730334122599312,0.1715076071922545,0.16009713679931728,0.7450697450697451,0.5666666666666667,0.06639004149377593,0.0,0.7833102812355924,0.0,0.15029967727063162,38.35669279237744,48.0,11.416666666666666,0.07260536398467432,0.2796455938697318,0.43668582375478926,0.2440395312646878,0.7229561372779111,0.0,21.709066091403,1.0,35.35438240349712,68.9590662350505,0.0,0.10410958904109589,0.22729261796042619,2025,nan,0.010176787680954886,1.5480544572406914e-05,0.9984811482361077,0.41531669770960034,16.08319053244989,0.14882858614232164,0.6217671785846051,0.5285021017969143
lazy_defer,130,cct_region,2011,0.5,pvgis,365,0.2526532182741883,68.47891018896,0.28,1455,0.15178965974370306,0.06510745891276866,0.14845360824742268,0.11976350830519217,0.6191536748329621,0.5740740740740741,0.3621993127147766,0.0,0.49896907216494846,0.0,0.13883161512027492,24.599770904925542,48.0,13.0,0.13661805862424511,0.29496243923994697,0.36964206805125943,0.2495635380982046,0.7267526872527865,0.0,19.639202912676332,1.0,34.59174217265647,67.89424056706179,0.0,0.11506849315068493,0.22023401826484018,928,nan,0.008833082175908634,7.865336181351856e-06,0.9991103514447297,0.39999007066276804,18.54147325327113,0.13724742169262305,0.5393314686164854,0.45843174832401257
lazy_defer,130,cct_region,2012,0.5,pvgis,365,0.2526532182741883,68.47891018896,0.29,1455,0.15392546766828694,0.07427307206068262,0.14982817869415807,0.11852345246968789,0.621380846325167,0.5833333333333334,0.36013745704467354,0.0,0.5106529209621993,0.0,0.12920962199312716,25.12783505154639,48.0,13.0,0.13661805862424511,0.29496243923994697,0.36964206805125943,0.24942213197381066,0.7268117859778169,0.0,20.729461989872192,1.0,32.71878192595117,67.82762460087211,0.0,0.10136986301369863,0.24250380517503806,931,nan,0.00944351669657281,8.502621897437874e-06,0.9991004438722608,0.39999007066276804,17.342769444902117,0.14250405545888956,0.5766091760471097,0.49011779964004326
lazy_defer,130,cct_region,2013,0.5,pvgis,365,0.2526532182741883,68.47891018896,0.29,1455,0.15392546766828694,0.07427307206068262,0.14982817869415807,0.11869355769191822,0.621380846325167,0.5833333333333334,0.36013745704467354,0.0,0.5065292096219931,0.0,0.13333333333333333,24.93487972508591,48.0,13.0,0.13661805862424511,0.29496243923994697,0.36964206805125943,0.25278473145090086,0.7310680680475303,0.0,20.64649507784094,1.0,34.672360328345206,67.85608997336921,0.0,0.10684931506849316,0.21825532724505328,931,nan,0.009533537078374163,8.482049302455567e-06,0.9991110844372704,0.39999007066276804,17.179193379892563,0.14327551644650183,0.5820995071692091,0.49478458109382767
lazy_defer,130,cct_region,2015,0.5,pvgis,365,0.2526532182741883,68.47891018896,0.28,1455,0.1428781852997496,0.026864728192161808,0.13951890034364262,0.11667713261119764,0.6080178173719376,0.5833333333333334,0.3725085910652921,0.0,0.49003436426116836,0.0,0.13745704467353953,24.170274914089347,48.0,13.0,0.13661805862424511,0.29496243923994697,0.36964206805125943,0.24806513309035796,0.7280311478230577,0.0,21.709066091403,1.0,33.753994506289885,67.86047277015028,0.0,0.11232876712328767,0.23346651445966515,913,nan,0.010222489633271348,9.103009335960806e-06,0.999110303776359,0.39999007066276804,16.021375904506076,0.14916325020651644,0.6241661177918846,0.5305412001231018
lazy_defer,130,cct_region,2014,0.5,pvgis,365,0.2526532182741883,68.47891018896,0.29,1455,0.15399911621741053,0.0745891276864728,0.15051546391752577,0.12000088428027306,0.6280623608017817,0.5740740740740741,0.3539518900343643,0.0,0.5072164948453608,0.0,0.13883161512027492,24.995647193585338,48.0,13.0,0.13661805862424511,0.29496243923994697,0.36964206805125943,0.25780584335557954,0.7345090561712686,0.0,22.297233232776282,1.0,35.46039653915772,67.91029561753913,0.0,0.11506849315068493,0.20892313546423136,940,nan,0.010777595329358012,9.586226576278302e-06,0.9991113316739344,0.39999007066276804,15.196202175610154,0.15387741425800716,0.65805915744198,0.559350283825683
lazy_defer,28,cct_region,2011,0.5,pvgis,365,0.2576552408749775,69.834654076896,0.29,1333,0.18619542619542617,-0.0008077544426497586,0.18754688672168043,0.12576520407128963,0.702020202020202,0.5310344827586206,0.19579894973743436,0.0,0.695423855963991,0.0,0.10877719429857464,33.93304576144036,48.0,12.0,0.1862785862785863,0.19176715176715176,0.2892307692307692,0.25431408319537335,0.7236236266022887,0.0,19.639202912676332,1.0,35.27658868809041,67.95542750248751,0.0,0.08493150684931507,0.21134893455098935,1072,nan,0.0088815791116659,7.90429155252479e-06,0.9991108266707981,0.39999007066276804,18.4402382448503,0.1376661382307428,0.5422923428222324,0.46094849139889754
lazy_defer,28,cct_region,2012,0.5,pvgis,365,0.2576552408749775,69.834654076896,0.29,1333,0.18444906444906445,-0.01777059773828768,0.18529632408102026,0.12464148791042541,0.7028619528619529,0.5379310344827586,0.19579894973743436,0.0,0.6991747936984246,0.0,0.10502625656414104,34.094023505876464,48.0,12.0,0.1862785862785863,0.19176715176715176,0.2892307692307692,0.2536601488818589,0.7236838953625188,0.0,20.729461989872192,1.0,33.36654761752561,67.91486425347662,0.0,0.07671232876712329,0.23441780821917807,1072,nan,0.009489762280260593,9.618510027424213e-06,0.9989874592628966,0.403050471696567,17.256302852558903,0.1429101162611015,0.5794984062021791,0.4925736452718522
lazy_defer,28,cct_region,2013,0.5,pvgis,365,0.2576552408749775,69.834654076896,0.29,1333,0.18453222453222454,-0.01696284329563819,0.18604651162790697,0.12526688191373142,0.7028619528619529,0.5310344827586206,0.19579894973743436,0.0,0.6976744186046512,0.0,0.10652663165791448,34.02269317329333,48.0,12.0,0.1862785862785863,0.19176715176715176,0.2892307692307692,0.25714728927137714,0.728024443206689,0.0,20.64649507784094,1.0,35.358802920170255,67.94119481623898,0.0,0.0821917808219178,0.20959855403348554,1072,nan,0.009583338857930482,8.902345574008939e-06,0.9990719222562131,0.4010012984409179,17.089248315513714,0.14370570576474595,0.5851632450633856,0.49738875830387774
lazy_defer,28,cct_region,2014,0.5,pvgis,365,0.2576552408749775,69.834654076896,0.29,1333,0.18619542619542617,-0.0008077544426497586,0.18754688672168043,0.12561425674039006,0.7045454545454546,0.5379310344827586,0.19279819954988747,0.0,0.6984246061515379,0.0,0.10877719429857464,34.07708177044261,48.0,12.0,0.1862785862785863,0.19176715176715176,0.2892307692307692,0.2629297886689605,0.7315335559341114,0.0,22.297233232776282,1.0,36.16244065374859,67.95993708071678,0.0,0.08493150684931507,0.19922945205479453,1076,nan,0.010841456191397087,1.1965934779122111e-05,0.9988974966015316,0.4050842614162104,15.103456764446593,0.15443771451038768,0.6621000845011795,0.5627850718260026
lazy_defer,28,cct_region,2015,0.5,pvgis,365,0.2576552408749775,69.834654076896,0.29,1333,0.18286902286902287,-0.03311793214862689,0.18454613653413354,0.12147679055455861,0.6877104377104377,0.5310344827586206,0.20930232558139536,0.0,0.6841710427606902,0.0,0.10652663165791448,33.3745311327832,48.0,12.0,0.1862785862785863,0.19176715176715176,0.2892307692307692,0.2526011361152965,0.7249273981055112,0.0,21.709066091403,1.0,34.42225531270494,67.92469118789148,0.0,0.0821917808219178,0.22495243531202436,1054,nan,0.010277628335791714,9.588342970725142e-06,0.9990679361317898,0.40099202545307966,15.93474668103429,0.149636403934436,0.6275593958391638,0.5334254864632892
lazy_defer,40,cct_region,2011,0.5,pvgis,365,0.2463447621244807,66.769071679648,0.28,1079,0.08318837613834032,-0.9749340369393142,0.09453197405004633,0.07130678797066768,0.6677018633540373,0.4424778761061947,0.3113994439295644,0.0,0.6265060240963856,0.0,0.06209453197405004,30.42029657089898,48.0,13.416666666666666,0.15880487056175177,0.08216514887956615,0.23636549677683413,0.2538544350414753,0.730097420260478,0.0,19.639202912676332,1.0,33.728026720588076,67.38435958751225,0.0,0.024657534246575342,0.22494292237442923,743,nan,0.008873228827238153,7.90051393477095e-06,0.9991104156204387,0.39999007066276804,18.457584112533713,0.13759408296840903,0.541782713221361,0.4605153062381568
lazy_defer,40,cct_region,2013,0.5,pvgis,365,0.2463447621244807,66.769071679648,0.28,1079,0.08318837613834032,-0.9749340369393142,0.09453197405004633,0.07118589602715651,0.6770186335403726,0.4424778761061947,0.3030583873957368,0.0,0.644114921223355,0.0,0.05282669138090825,31.194470188446093,48.0,13.416666666666666,0.15880487056175177,0.08216514887956615,0.23636549677683413,0.2566450628368414,0.7344663225029933,0.0,20.64649507784094,1.0,33.80663193496785,67.37843227208589,0.0,0.021917808219178082,0.22376331811263317,752,nan,0.009573545006503651,8.516171013587329e-06,0.999111238087942,0.39999007066276804,17.10740401173936,0.14361852390998886,0.5845422247079597,0.4968608910017657
lazy_defer,40,cct_region,2012,0.5,pvgis,365,0.2463447621244807,66.769071679648,0.31,1079,0.08318837613834032,-0.9749340369393142,0.09453197405004633,0.0712419738070372,0.6677018633540373,0.4424778761061947,0.3113994439295644,0.0,0.6357738646895273,0.0,0.05282669138090825,30.794099474822367,48.0,13.416666666666666,0.15880487056175177,0.08216514887956615,0.23636549677683413,0.25298255414334003,0.7302494395228211,0.0,20.729461989872192,1.0,31.901832106504624,67.36639098422789,0.0,0.021917808219178082,0.24733637747336376,743,nan,0.00947744854509563,8.534164099690323e-06,0.9991003394839191,0.39999007066276804,17.280675798627488,0.1427952654740111,0.5786810722294927,0.49187891139506884
lazy_defer,40,cct_region,2015,0.5,pvgis,365,0.2463447621244807,66.769071679648,0.28,1079,0.08308605341246292,-0.9762532981530343,0.09360518999073215,0.07026794783301123,0.6677018633540373,0.39823008849557523,0.3169601482854495,0.0,0.6302131603336423,0.0,0.05282669138090825,30.527185665739886,48.0,13.416666666666666,0.15880487056175177,0.08216514887956615,0.23636549677683413,0.2524498418950909,0.7313439591615917,0.0,21.709066091403,1.0,32.911196636249485,67.36341609056822,0.0,0.021917808219178082,0.23836567732115677,737,nan,0.010276803575776587,9.144614733183043e-06,0.9991109604516946,0.39999007066276804,15.936711792913114,0.14962561675968533,0.6274820132247666,0.5333597112410516
lazy_defer,40,cct_region,2014,0.5,pvgis,365,0.2463447621244807,66.769071679648,0.3,1079,0.08625805791466284,-0.9353562005277046,0.09731232622798888,0.07904291798299479,0.6832298136645962,0.4424778761061947,0.2974976830398517,0.0,0.6404077849860983,0.0,0.06209453197405004,31.08758109360519,48.0,13.416666666666666,0.15880487056175177,0.08216514887956615,0.23636549677683413,0.26185070147513445,0.7376601216945854,0.0,22.297233232776282,1.0,34.574991800811475,67.40442840060894,0.0,0.024657534246575342,0.214412100456621,758,nan,0.010825689061470826,9.626637437368876e-06,0.9991115498888197,0.39999007066276804,15.128695497585545,0.15428459702809694,0.6609955234802594,0.5618461949582205
lazy_defer,46,cct_region,2011,0.5,pvgis,365,0.32494362877726723,88.072440650112,0.32,6276,0.179329847401558,nan,0.1754302103250478,0.09826683046124345,0.681981981981982,0.7121212121212122,0.18849585723390694,0.0,0.6864244741873805,0.0,0.12507966857871256,33.508405035054174,48.0,11.0,0.21456265784512504,0.11135417778252053,0.1368583929143101,0.26289432951081665,0.7196887162509471,0.0,19.639202912676332,1.0,44.48930555522212,72.76393478554193,0.0,0.20273972602739726,0.1524923896499239,5093,nan,0.008981063150426355,9.78994875424941e-05,0.9892168861745204,0.7413349130173723,18.055387863746468,0.1392987835655617,0.5538512977657526,0.4707736031008897
lazy_defer,7,cct_region,2011,0.5,pvgis,365,0.2592832308673501,70.275903079136,0.29,1853,0.36678940491744866,nan,0.3362115488397194,0.15360262085879237,0.7681681681681681,0.48936170212765956,0.24446842957366433,0.0,0.6481381543443065,0.0,0.10739341608202914,31.956242129879474,48.0,13.916666666666666,0.4600308825276162,0.19622282931464546,0.18612661836322605,0.2509506661422887,0.7288068727093402,0.0,19.639202912676332,1.0,35.499483177463915,68.31361179607467,0.0,0.06301369863013699,0.21350837138508372,1400,nan,0.008847033069437859,7.876691007222358e-06,0.999110471905382,0.39999007066276804,18.512237421237245,0.13736789452988762,0.5401832189407855,0.45915573609966764
lazy_defer,7,cct_region,2012,0.5,pvgis,365,0.2592832308673501,70.275903079136,0.29,1853,0.36678940491744866,nan,0.3362115488397194,0.15360262085879237,0.7681681681681681,0.48936170212765956,0.24446842957366433,0.0,0.6481381543443065,0.0,0.10739341608202914,31.956242129879474,48.0,13.916666666666666,0.4600308825276162,0.19622282931464546,0.18612661836322605,0.24973154902177105,0.7288675222766399,0.0,20.729461989872192,1.0,33.5773735468446,68.31361179607467,0.0,0.06301369863013699,0.23754756468797564,1400,nan,0.009445589281900878,9.983966095573909e-06,0.9989441183697997,0.40410245558421554,17.336251069042735,0.14253453235899782,0.5768259792832001,0.4903020823907201
lazy_defer,7,cct_region,2013,0.5,pvgis,365,0.2592832308673501,70.275903079136,0.29,1853,0.37035277348853785,nan,0.3394495412844037,0.15420146628481102,0.7717717717717718,0.48936170212765956,0.24123043712898004,0.0,0.6513761467889908,0.0,0.10739341608202914,32.111665767224316,48.0,13.916666666666666,0.4600308825276162,0.19622282931464546,0.18612661836322605,0.2536143323674654,0.7332354957940828,0.0,20.64649507784094,1.0,35.5822168786866,68.31658668973432,0.0,0.06301369863013699,0.21200532724505328,1406,nan,0.009541456763857778,1.2511600366553861e-05,0.998690428951659,0.41108620004052904,17.157707203932016,0.14337789028562287,0.5828284561067874,0.4954041876907692
lazy_defer,46,cct_region,2014,0.5,pvgis,365,0.32494362877726723,88.072440650112,0.32,6276,0.18190872550065806,nan,0.17845761631612492,0.09892535017135769,0.6915315315315316,0.721763085399449,0.17654557042702357,0.0,0.6983747609942639,0.0,0.12507966857871256,34.08201880178458,48.0,11.0,0.21456265784512504,0.11135417778252053,0.1368583929143101,0.2749553495008752,0.7296643764848558,0.0,22.297233232776282,1.0,45.60650368130288,72.83143674576172,0.0,0.20273972602739726,0.13788051750380517,5168,nan,0.011005224929960962,0.00012521007067115843,0.9887506579334907,0.7568155023695036,14.727563821151714,0.15677682173899077,0.6789989248349417,0.5771490861097005
lazy_defer,46,cct_region,2012,0.5,pvgis,365,0.32494362877726723,88.072440650112,0.34,6276,0.18164194500764771,nan,0.17750159337157426,0.0988471802982896,0.6787387387387387,0.7121212121212122,0.18849585723390694,0.0,0.6959847036328872,0.0,0.11551943913320586,33.92606755895475,48.0,11.0,0.21456265784512504,0.11135417778252053,0.1368583929143101,0.26285609037439084,0.7197647246006484,0.0,20.729461989872192,1.0,42.080444495477394,72.64349158688822,0.0,0.18356164383561643,0.18142123287671233,5093,nan,0.009605071172621943,0.00010195257761773411,0.9894970301669226,0.7255469711238701,16.887173251733614,0.144688085587114,0.5921654175587625,0.5033406049249481
lazy_defer,46,cct_region,2013,0.5,pvgis,365,0.32494362877726723,88.072440650112,0.34,6276,0.1820332230640629,nan,0.1781389420012747,0.09935537243371123,0.6803603603603604,0.7134986225895317,0.1880178457616316,0.0,0.6945506692160612,0.0,0.1174314850223072,33.8559592096877,48.0,11.0,0.21456265784512504,0.11135417778252053,0.1368583929143101,0.2672696117959111,0.7252388355194801,0.0,20.64649507784094,1.0,44.592990583395554,72.68927819976476,0.0,0.1917808219178082,0.15031392694063928,5096,nan,0.009713877281775632,0.0001084641789284046,0.9889574009046281,0.751438875991474,16.688911954934294,0.14567390203987307,0.5992002370797678,0.5093202015178026
lazy_defer,7,cct_region,2014,0.5,pvgis,365,0.2592832308673501,70.275903079136,0.29,1853,0.37926119491626087,nan,0.3475445223961144,0.15514915651218178,0.7807807807807807,0.5212765957446809,0.229897463572585,0.0,0.6627091203453859,0.0,0.10739341608202914,32.65564849793128,48.0,13.916666666666666,0.4600308825276162,0.19622282931464546,0.18612661836322605,0.2595056403727739,0.7367667807869818,0.0,22.297233232776282,1.0,36.390932382790126,68.32952513333262,0.0,0.06301369863013699,0.20137937595129377,1427,nan,0.010797155144548555,1.2274017937175679e-05,0.9988645082221573,0.4061507468027695,15.164925859164839,0.15406563859179,0.6594163461706972,0.5605038942450926
lazy_defer,46,cct_region,2015,0.5,pvgis,365,0.32494362877726723,88.072440650112,0.34,6276,0.17716003272507383,nan,0.17176545570427024,0.09685229982961566,0.6771171171171171,0.7052341597796143,0.19646271510516253,0.0,0.6784576163161249,0.0,0.12507966857871256,33.127429891650735,48.0,11.0,0.21456265784512504,0.11135417778252053,0.1368583929143101,0.25966903670100555,0.7213329763945237,0.0,21.709066091403,1.0,43.41185730988292,72.72145979451821,0.0,0.20273972602739726,0.16890220700152206,5043,nan,0.010359008481674639,0.00010882898053366123,0.9896034896485006,0.7257538961300937,15.659795293994645,0.15117099497712505,0.638577951516064,0.5427912587886544
lazy_defer,78,cct_region,2011,0.5,pvgis,365,0.26856215194727723,72.79085383900801,0.3,2359,0.07609191209993617,-0.3818181818181818,0.08181432810512929,0.07240814836019642,0.5540229885057472,0.30434782608695654,0.34463755828740994,0.0,0.5120813904196694,0.0,0.14328105129292074,25.138123498657624,48.0,11.166666666666666,0.10864411416066382,0.24491656788547456,0.19389988146256956,0.25360458862412344,0.7232816574778834,0.0,19.639202912676332,1.0,36.76989662333198,68.56881709235725,0.0,0.12876712328767123,0.19934360730593606,1546,nan,0.008879374118362182,1.5076105361189834e-05,0.9983049986247629,0.41970224816760865,18.429940885134197,0.13770897502368062,0.5425953377889625,0.46120603712061814
lazy_defer,7,cct_region,2015,0.5,pvgis,365,0.2592832308673501,70.275903079136,0.3,1853,0.35788098348972563,nan,0.3281165677280086,0.15367293967648785,0.7501501501501502,0.4574468085106383,0.2638963842417701,0.0,0.6287101996762008,0.0,0.10739341608202914,31.023700305810397,48.0,13.916666666666666,0.4600308825276162,0.19622282931464546,0.18612661836322605,0.24913671049520503,0.730118882069287,0.0,21.709066091403,1.0,34.63975171205602,68.2932361183272,0.0,0.06301369863013699,0.22721651445966515,1364,nan,0.010237962458051903,9.559053106328298e-06,0.999067183894572,0.4010092727571999,15.996472088445781,0.1492987726529843,0.6251378394379208,0.5313671635222327
lazy_defer,78,cct_region,2012,0.5,pvgis,365,0.26856215194727723,72.79085383900801,0.29,2359,0.0788273912647032,-0.34973262032085556,0.08435777871979652,0.07440617878815278,0.5540229885057472,0.30434782608695654,0.34463755828740994,0.0,0.5260703688003391,0.0,0.12929207291225095,25.71750035325703,48.0,11.166666666666666,0.10864411416066382,0.24491656788547456,0.19389988146256956,0.25289525642413585,0.7233444775000466,0.0,20.729461989872192,1.0,34.77900081047541,68.52594175415058,0.0,0.1232876712328767,0.2235064687975647,1546,nan,0.009487129417557286,1.6683360539528116e-05,0.9982445613219593,0.4244666341294252,17.248255585040788,0.14294810464580998,0.5797687743375559,0.4928034581869225
lazy_defer,78,cct_region,2014,0.5,pvgis,365,0.26856215194727723,72.79085383900801,0.29,2359,0.08019513084708671,-0.3336898395721925,0.08562950402713014,0.07544788709682795,0.5714942528735633,0.33695652173913043,0.32301822806273844,0.0,0.5337007206443408,0.0,0.14328105129292074,26.175851349441857,48.0,11.166666666666666,0.10864411416066382,0.24491656788547456,0.19389988146256956,0.2627788992913491,0.7315264253152951,0.0,22.297233232776282,1.0,37.69324795667156,68.59410368846436,0.0,0.12876712328767123,0.1865962709284627,1597,nan,0.010843059504561678,1.9736565462196437e-05,0.9981831044847964,0.4244318156309622,15.09042338384155,0.15451697460241354,0.6626719307761604,0.5632711411597363
lazy_defer,78,cct_region,2013,0.5,pvgis,365,0.26856215194727723,72.79085383900801,0.31,2359,0.07745965168231969,-0.3657754010695186,0.0830860534124629,0.07336413046492764,0.5540229885057472,0.30434782608695654,0.34463755828740994,0.0,0.5222551928783383,0.0,0.1331072488342518,25.550374452451607,48.0,11.166666666666666,0.10864411416066382,0.24491656788547456,0.19389988146256956,0.2566843522839036,0.7278687668787659,0.0,20.64649507784094,1.0,36.85559110023469,68.54337665500125,0.0,0.12602739726027398,0.1973744292237443,1546,nan,0.009582007419713658,2.357415758531548e-05,0.9975457855002733,0.44213601557979176,17.065514514643766,0.14381993931898185,0.5859770586711047,0.498080499870439
lazy_defer,78,cct_region,2015,0.5,pvgis,365,0.26856215194727723,72.79085383900801,0.3,2359,0.07381234612929698,-0.40855614973262033,0.07969478592623994,0.0711004461093239,0.5471264367816092,0.28804347826086957,0.3535396354387452,0.0,0.5031793132683341,0.0,0.14328105129292074,24.71082379539353,48.0,11.166666666666666,0.10864411416066382,0.24491656788547456,0.19389988146256956,0.2514350846786524,0.7246406194744018,0.0,21.709066091403,1.0,35.879398106808,68.55082601717992,0.0,0.12876712328767123,0.21351788432267885,1525,nan,0.010262464065406582,2.078782076446259e-05,0.997978477917825,0.4273502269431726,15.9408904540631,0.1496026870361774,0.6273175283913419,0.5332198991326407
lazy_defer,0,cct_region,2011,1.0,pvgis,365,0.6324456329947064,85.70875921763201,0.3,1861,0.7935199386503067,1.0,0.8790972595378829,0.5145236624754218,0.9911991199119912,0.13953488372093023,0.0,0.0,0.0,0.0,1.0,2.470759448325273,11.416666666666666,11.416666666666666,0.500191717791411,0.6087039877300612,0.7935199386503067,0.7317447996206246,0.7769142916512453,0.0,19.639202912676332,1.0,86.59060994439086,80.56940676343527,0.0,2.5561643835616437,0.0,1861,nan,0.014922204853974734,0.00015772540378160776,0.9895407073450833,1.321688318112905,10.870354771347579,0.189430880520141,0.9199331770070939,0.7819432004560298
lazy_defer,0,cct_region,2012,1.0,pvgis,365,0.6324456329947064,85.70875921763201,0.3,1861,0.7685007668711655,0.914705882352941,0.8645889306824288,0.5005341277951005,0.9917491749174917,0.16279069767441862,0.0,0.0,0.2229983879634605,0.0,0.7770016120365395,12.463550062690308,48.0,10.979166666666666,0.500191717791411,0.6087039877300612,0.7935199386503067,0.7019687849311897,0.7620447236123337,0.0,20.729461989872192,1.0,81.90218548301715,78.30160446398324,0.0,2.1123287671232878,0.0,1861,nan,0.01551436912439838,0.00016480989131343815,0.9894886147324241,1.2981026209998356,10.45489637338313,0.1942736815463022,0.9564896334562205,0.8130161884377873
lazy_defer,0,cct_region,2014,1.0,pvgis,365,0.6324456329947064,85.70875921763201,0.29,1861,0.7935199386503067,1.0,0.8790972595378829,0.5145236624754218,0.9911991199119912,0.13953488372093023,0.0,0.0,0.0,0.0,1.0,2.470759448325273,11.416666666666666,11.416666666666666,0.500191717791411,0.6087039877300612,0.7935199386503067,0.7734105673130212,0.8267281793181086,0.0,22.297233232776282,1.0,88.76503964066944,80.56940676343527,0.0,2.5561643835616437,0.0,1861,nan,0.018686211280404506,0.0002015060800132914,0.9893313693672916,1.3391777053690008,8.678877849608204,0.21971538377183264,1.1522226920674354,0.97938928825732
lazy_defer,0,cct_region,2013,1.0,pvgis,365,0.6324456329947064,85.70875921763201,0.3,1861,0.7935199386503067,1.0,0.8790972595378829,0.5145236624754218,0.9911991199119912,0.13953488372093023,0.0,0.0,0.0,0.0,1.0,2.470759448325273,11.416666666666666,11.416666666666666,0.500191717791411,0.6087039877300612,0.7935199386503067,0.7398298262447777,0.7780993007251681,0.0,20.64649507784094,1.0,86.79241461900928,80.56940676343527,0.0,2.5561643835616437,0.0,1861,nan,0.016214645421668176,0.00017730143940382167,0.989183625294389,1.3141257450697603,10.00028814260505,0.19999622141638085,0.9999711865697326,0.8499755085842728
lazy_defer,0,cct_region,2015,1.0,pvgis,365,0.6324456329947064,85.70875921763201,0.29,1861,0.779045245398773,0.9506535947712419,0.8704997313272435,0.5046127156530448,0.9917491749174917,0.16279069767441862,0.0,0.0,0.13003761418592155,0.0,0.8699623858140785,8.256895934085618,48.0,11.333333333333334,0.500191717791411,0.6087039877300612,0.7935199386503067,0.7071851893118916,0.7578220482716437,0.0,21.709066091403,1.0,84.49354640107268,79.32867182711564,0.0,2.315068493150685,0.0,1861,nan,0.016589815785313107,0.00017990247121872838,0.9892721828437006,1.293521637647531,9.775011680064546,0.20301270561075524,1.0230166804193495,0.869564178356447
lazy_defer,100,cct_region,2011,1.0,pvgis,365,0.6105281741575894,82.73851465568,0.32,4890,0.45253961202428544,0.9080542121917727,0.4525562372188139,0.29053569035273213,0.9545551072414525,0.5469613259668509,0.0,0.0,0.0967280163599182,0.0,0.9032719836400818,7.665303340149967,48.0,10.666666666666666,0.13079900996382557,0.2012227369846206,0.4851177254553531,0.658943025347561,0.7677162703861655,0.0,19.639202912676332,1.0,83.58980476821888,79.64000724539001,0.0,1.2219178082191782,0.0,4890,nan,0.013716722604153412,0.00016693137515238362,0.9879764091354335,1.3751618703518096,11.806992026258122,0.1796760008967696,0.8469557680534154,0.7199124028454031
lazy_defer,100,cct_region,2014,1.0,pvgis,365,0.6105281741575894,82.73851465568,0.31,4890,0.4792578959615832,0.9834616992059231,0.4789366053169734,0.30985390813110253,0.9549798258653642,0.5303867403314917,0.0,0.0,0.027607361963190184,0.0,0.9723926380368099,4.722034764826176,11.583333333333334,10.833333333333334,0.13079900996382557,0.2012227369846206,0.4851177254553531,0.6977541782360589,0.784997841791162,0.0,22.297233232776282,1.0,85.68887941281247,80.40145129955393,0.0,1.347945205479452,0.0,4890,nan,0.01714754714584156,0.00021682536334090296,0.9875132047975679,1.4009167703957068,9.44026003486769,0.2077379611043143,1.0592928545468987,0.9003989263648638
lazy_defer,100,cct_region,2013,1.0,pvgis,365,0.6105281741575894,82.73851465568,0.32,4890,0.4508472424953988,0.9032778076303064,0.450920245398773,0.29127121896808733,0.9545551072414525,0.5469613259668509,0.0,0.0,0.09243353783231084,0.0,0.9075664621676892,7.486673483299251,48.0,10.666666666666666,0.13079900996382557,0.2012227369846206,0.4851177254553531,0.6666335492300831,0.7781406923281758,0.0,20.64649507784094,1.0,83.78461588415563,79.6764781543921,0.0,1.2273972602739727,0.0,4890,nan,0.014891518500874253,0.0001816273864193193,0.9879502668004807,1.3800588614166867,10.875247480167754,0.18937588663715177,0.9195193045708737,0.7815914088852426
lazy_defer,100,cct_region,2012,1.0,pvgis,365,0.6105281741575894,82.73851465568,0.32,4890,0.3698673605381735,0.6747268493641413,0.37300613496932516,0.2367888221159147,0.929071989806753,0.5359116022099447,0.0,0.0,0.281799591002045,0.0,0.718200408997955,15.75550443081118,48.0,10.166666666666666,0.13079900996382557,0.2012227369846206,0.4851177254553531,0.6361107277618292,0.7676540246792039,0.0,20.729461989872192,1.0,79.06385806743447,78.1591118060552,0.0,1.0054794520547945,0.0,4890,nan,0.014345270420526454,0.0001592336160352305,0.9890217813974302,1.3446397623896251,11.301606136672072,0.18475320721082034,0.8848299860275125,0.7521054881233856
lazy_defer,105,cct_region,2011,1.0,pvgis,365,0.529264676669618,71.725720549728,0.29,2169,0.3700670498084291,0.8170218363588528,0.3715998155832181,0.23665285793817833,0.8398268398268398,0.5888888888888889,0.0,0.0,0.38589211618257263,0.0,0.6141078838174274,21.325687720915937,48.0,10.0,0.07260536398467432,0.2796455938697318,0.43668582375478926,0.6215910821339975,0.7628931324266252,0.0,19.639202912676332,1.0,72.46370088419438,71.16147359433843,0.0,0.4273972602739726,0.0,2169,nan,0.013139580952998046,0.0001480546659306563,0.9888577117723075,1.175937095276897,12.336595955075305,0.1747721166907199,0.8105963781594043,0.6890069214354936
lazy_defer,100,cct_region,2015,1.0,pvgis,365,0.6105281741575894,82.73851465568,0.31,4890,0.37851959975460636,0.699146217684638,0.38118609406952964,0.24423220679064542,0.9301337863665322,0.5414364640883977,0.0,0.0,0.22719836400817997,0.0,0.7728016359918201,13.528050443081119,48.0,10.916666666666666,0.13079900996382557,0.2012227369846206,0.4851177254553531,0.6395479305358669,0.7703905422555525,0.0,21.709066091403,1.0,81.56541514577572,78.630031408485,0.0,1.0767123287671232,0.0,4890,nan,0.01535196215876242,0.00018869054099743387,0.9878582615130219,1.3367318597198448,10.54808925956652,0.19315676506770796,0.9480390006114677,0.8058331505197475
lazy_defer,105,cct_region,2012,1.0,pvgis,365,0.529264676669618,71.725720549728,0.29,2169,0.3742816091954023,0.8285977374375165,0.3748271092669433,0.23518153335602618,0.8431938431938432,0.6111111111111112,0.0,0.0,0.3651452282157676,0.0,0.6348547717842323,20.644882434301522,48.0,10.833333333333334,0.07260536398467432,0.2796455938697318,0.43668582375478926,0.5954377587805554,0.7625053897949133,0.0,20.729461989872192,1.0,68.5401739797723,71.16022704596003,0.0,0.42191780821917807,0.0,2169,nan,0.013724807474809872,0.00015188526850626875,0.9890546493090419,1.1594850185367551,11.812914997915929,0.17961889419525978,0.8465311061464703,0.7195514402244998
lazy_defer,105,cct_region,2014,1.0,pvgis,365,0.529264676669618,71.725720549728,0.29,2169,0.4045019157088122,0.9116022099447513,0.40433379437528816,0.24374823130279555,0.9081289081289081,0.6,0.0,0.0,0.06639004149377593,0.0,0.9336099585062241,6.743238051329338,48.0,10.5,0.07260536398467432,0.2796455938697318,0.43668582375478926,0.6353589125785902,0.7773590304911846,0.0,22.297233232776282,1.0,74.28338113827697,72.4534346440494,0.0,0.6273972602739726,0.0,2169,nan,0.015959014286046482,0.00019930545997244584,0.9876654588406972,1.1879218015196522,10.14487857683209,0.19812501064608712,0.9857190427923948,0.8378611863735355
lazy_defer,105,cct_region,2013,1.0,pvgis,365,0.529264676669618,71.725720549728,0.3,2169,0.38764367816091955,0.8652986056300974,0.3872752420470263,0.23637836665028633,0.8850408850408851,0.6222222222222222,0.0,0.0,0.2789303826648225,0.0,0.7210696173351775,16.43453204241586,48.0,10.5,0.07260536398467432,0.2796455938697318,0.43668582375478926,0.6184717347801735,0.7717437696536164,0.0,20.64649507784094,1.0,72.63258193940429,71.75266098000994,0.0,0.5287671232876713,0.0,2169,nan,0.014082552711282937,0.0001586170512233123,0.9888620770717225,1.180318477350271,11.510584773770859,0.18260355333093448,0.8687655924125571,0.7384507535506736
lazy_defer,105,cct_region,2015,1.0,pvgis,365,0.529264676669618,71.725720549728,0.3,2169,0.3710727969348659,0.8197842672980794,0.36883356385431076,0.22768856918142083,0.8455988455988456,0.6888888888888889,0.0,0.0,0.359612724757953,0.0,0.640387275242047,19.990394959274628,48.0,9.833333333333334,0.07260536398467432,0.2796455938697318,0.43668582375478926,0.597281615460719,0.764944612101532,0.0,21.709066091403,1.0,70.70876480699424,71.34347358042793,0.0,0.4602739726027397,0.0,2169,nan,0.014691999817930903,0.00017516535870688762,0.98821797184428,1.1588508867054512,11.025921208340394,0.18770443629236988,0.9069536967519457,0.7709106422391538
lazy_defer,130,cct_region,2011,1.0,pvgis,365,0.5053064365483766,68.47891018896,0.3,1455,0.2110030932390632,0.31921618204804036,0.20618556701030927,0.15775633014997822,0.9985152190051967,0.8611111111111112,0.0,0.0,0.44329896907216493,0.0,0.5567010309278351,23.207731958762885,48.0,12.583333333333334,0.13661805862424511,0.29496243923994697,0.36964206805125943,0.6160612815181712,0.7652443593744237,0.0,19.639202912676332,1.0,69.18348434531293,69.72550015740269,0.0,0.3232876712328767,0.0,1455,nan,0.01309226530365168,0.00017574792058429447,0.9867540137612114,1.1288197790415133,12.354840853607136,0.17461017118745492,0.8093993373520781,0.6879894367492665
lazy_defer,130,cct_region,2013,1.0,pvgis,365,0.5053064365483766,68.47891018896,0.29,1455,0.21321254971277068,0.32869785082174463,0.20824742268041238,0.1591527083910279,0.9985152190051967,0.8611111111111112,0.0,0.0,0.4144329896907217,0.0,0.5855670103092784,21.66202749140894,48.0,10.25,0.13661805862424511,0.29496243923994697,0.36964206805125943,0.620215057357009,0.7738675153328765,0.0,20.64649507784094,1.0,69.34472065669041,69.89949460698777,0.0,0.3561643835616438,0.0,1455,nan,0.014159091601366284,0.00017561526988234895,0.9877489458654656,1.1330255699194143,11.435475681597364,0.18336776506796704,0.8744717122780109,0.7433009554363094
lazy_defer,130,cct_region,2015,1.0,pvgis,365,0.5053064365483766,68.47891018896,0.29,1455,0.2176314626601856,0.3476611883691529,0.21237113402061855,0.16052810595796702,0.9985152190051967,0.8611111111111112,0.0,0.0,0.4756013745704467,0.0,0.5243986254295533,24.406357388316145,48.0,10.533333333333323,0.13661805862424511,0.29496243923994697,0.36964206805125943,0.597804745882011,0.7678794417985846,0.0,21.709066091403,1.0,67.50798901257977,69.59936351143962,0.0,0.3013698630136986,0.0,1455,nan,0.014733707967275784,0.00017752773096727854,0.9880943649097979,1.1096608066397111,10.993333828684968,0.18806234035897063,0.9096421664106064,0.7731958414490154
lazy_defer,130,cct_region,2014,1.0,pvgis,365,0.5053064365483766,68.47891018896,0.3,1455,0.2406098099867433,0.4462705436156764,0.23505154639175257,0.18367673751812283,0.9985152190051967,0.8425925925925926,0.0,0.0,0.2872852233676976,0.0,0.7127147766323024,16.067926689576176,48.0,10.083333333333334,0.13661805862424511,0.29496243923994697,0.36964206805125943,0.642298544644899,0.7798468870941756,0.0,22.297233232776282,1.0,70.92079307831544,70.40244008354085,0.0,0.4438356164383562,0.0,1455,nan,0.016146261247981627,0.0002138366965178648,0.9869293755304344,1.1435566370703594,10.019756139913827,0.19974138829627264,0.9980282813635425,0.8483240391590111
lazy_defer,130,cct_region,2012,1.0,pvgis,365,0.5053064365483766,68.47891018896,0.31,1455,0.21321254971277068,0.32869785082174463,0.20824742268041238,0.1592562494968469,0.9985152190051967,0.8611111111111112,0.0,0.0,0.4247422680412371,0.0,0.5752577319587628,22.188659793814434,48.0,10.749999999999943,0.13661805862424511,0.29496243923994697,0.36964206805125943,0.589030840626111,0.765463277071908,0.0,20.729461989872192,1.0,65.43756385190234,69.82833117574484,0.0,0.3424657534246575,0.0,1455,nan,0.01366682242907655,0.00017094927682791806,0.9876461846270397,1.1176957597611061,11.846140788624602,0.17929953107213314,0.8441567746352144,0.7175332584399323
lazy_defer,28,cct_region,2011,1.0,pvgis,365,0.515310481749955,69.834654076896,0.3,1333,0.2591268191268191,0.7075928917609049,0.26481620405101275,0.17236300337966348,0.8627946127946128,0.6827586206896552,0.0,0.0,0.43210802700675166,0.0,0.5678919729932483,23.18867216804201,48.0,11.333333333333334,0.1862785862785863,0.19176715176715176,0.2892307692307692,0.6237352095463826,0.7631783844344827,0.0,19.639202912676332,1.0,70.55317737618083,70.13188231874176,0.0,0.4301369863013699,0.0,1333,nan,0.0131790893554971,0.0001653224618335134,0.9876111091221865,1.144184523151251,12.284107690389115,0.17524051712252786,0.814059942491699,0.6919509511179442
lazy_defer,28,cct_region,2014,1.0,pvgis,365,0.515310481749955,69.834654076896,0.29,1333,0.27326403326403326,0.8449111470113089,0.27756939234808703,0.1824700476143862,0.8720538720538721,0.6827586206896552,0.0,0.0,0.13353338334583645,0.0,0.8664666166541636,9.526006501625407,48.0,9.916666666666666,0.1862785862785863,0.19176715176715176,0.2892307692307692,0.6404692016035605,0.7778511603337731,0.0,22.297233232776282,1.0,72.32488130749718,71.48113799262529,0.0,0.6767123287671233,0.0,1333,nan,0.01607934192576204,0.00023255209718026196,0.9857434031355782,1.1635329963098526,10.049365916578099,0.19935553926446192,0.9950876585659338,0.8458245097810437
lazy_defer,28,cct_region,2012,1.0,pvgis,365,0.515310481749955,69.834654076896,0.29,1333,0.267027027027027,0.7843295638126012,0.2685671417854464,0.17688605757579356,0.8762626262626263,0.7172413793103448,0.0,0.0,0.30007501875468867,0.0,0.6999249812453113,18.280070017504375,48.0,16.583333333333332,0.1862785862785863,0.19176715176715176,0.2892307692307692,0.5923966977877887,0.7632917171213938,0.0,20.729461989872192,1.0,66.73309523505122,70.45318236812531,0.0,0.4794520547945205,0.0,1333,nan,0.013685441964946988,0.0001735860539663072,0.9874748753138087,1.1374934450867373,11.827971745585943,0.17947396327054743,0.8454534906825323,0.7186354670801525
lazy_defer,28,cct_region,2013,1.0,pvgis,365,0.515310481749955,69.834654076896,0.29,1333,0.2661954261954262,0.7762520193861069,0.2678169542385596,0.17788813522301994,0.8779461279461279,0.7172413793103448,0.0,0.0,0.2670667666916729,0.0,0.732933233308327,15.613653413353338,48.0,9.916666666666666,0.1862785862785863,0.19176715176715176,0.2892307692307692,0.6207333626303637,0.7720906926727634,0.0,20.64649507784094,1.0,70.71760584034051,70.74192843310524,0.0,0.536986301369863,0.0,1333,nan,0.014134899448755818,0.00018134614214123745,0.9873328421903753,1.1574162614703658,11.450222112229,0.18321699034682237,0.8733455038675502,0.7423436782874177
lazy_defer,28,cct_region,2015,1.0,pvgis,365,0.515310481749955,69.834654076896,0.3,1333,0.25995841995841995,0.7156704361873992,0.26556639159789946,0.17128150799825628,0.8611111111111112,0.6827586206896552,0.0,0.0,0.45386346586646664,0.0,0.5461365341335334,23.926606651662915,48.0,10.416666666666666,0.1862785862785863,0.19176715176715176,0.2892307692307692,0.6045221366236757,0.7658200746177487,0.0,21.709066091403,1.0,68.84451062540988,70.02798389553242,0.0,0.410958904109589,0.0,1333,nan,0.014824002188456073,0.00017812073956315205,0.9881269644024527,1.1294793183623482,10.926733010754884,0.1887999528434493,0.9151866335671672,0.7779086385320921
lazy_defer,40,cct_region,2011,1.0,pvgis,365,0.4926895242489614,66.769071679648,0.3,1079,0.26133224189092397,1.3218997361477571,0.26506024096385544,0.18409032839557932,0.9544513457556936,0.6991150442477876,0.0,0.0,0.43002780352177944,0.0,0.5699721964782206,22.645350633302442,48.0,11.099999999999985,0.15880487056175177,0.08216514887956615,0.23636549677683413,0.6120579087809677,0.7681432987449627,0.0,19.639202912676332,1.0,67.45605344117615,68.81521203980479,0.0,0.18904109589041096,0.0,1079,nan,0.013031803237538999,0.00019023085545637357,0.9856125877366212,1.1049746182011422,12.397804352647402,0.17423057650659846,0.8065944352368023,0.685605269951282
lazy_defer,40,cct_region,2012,1.0,pvgis,365,0.4926895242489614,66.769071679648,0.29,1079,0.26951805996111733,1.4274406332453822,0.27247451343836887,0.17651008001021978,0.9544513457556936,0.6991150442477876,0.0,0.0,0.34661723818350326,0.0,0.6533827618164968,18.86600247142416,48.0,9.599999999999966,0.15880487056175177,0.08216514887956615,0.23636549677683413,0.5842784172112727,0.7681710042367484,0.0,20.729461989872192,1.0,63.80366421300925,68.98956104831102,0.0,0.21643835616438356,0.0,1079,nan,0.013590005401964757,0.00018780697582731093,0.9863688827603698,1.0942301550413043,11.897693721915791,0.17880729680017615,0.8404990272677636,0.7144241731775991
lazy_defer,40,cct_region,2013,1.0,pvgis,365,0.4926895242489614,66.769071679648,0.29,1079,0.267471605443569,1.4010554089709764,0.2706209453197405,0.1759822830023675,0.9544513457556936,0.6991150442477876,0.0,0.0,0.3262279888785913,0.0,0.6737720111214087,17.72343219029966,48.0,9.0,0.15880487056175177,0.08216514887956615,0.23636549677683413,0.6142186048269777,0.7765681229307907,0.0,20.64649507784094,1.0,67.6132638699357,69.07709197553677,0.0,0.2328767123287671,0.0,1079,nan,0.014062187980250324,0.0001980857626221273,0.9861092594578603,1.1113679548208055,11.495164453692393,0.1827596937154149,0.869931007971606,0.7394413567758652
lazy_defer,40,cct_region,2014,1.0,pvgis,365,0.4926895242489614,66.769071679648,0.31,1079,0.27105290084927863,1.4472295514511875,0.27803521779425394,0.19754797422865006,0.9544513457556936,0.6548672566371682,0.0,0.0,0.2567191844300278,0.0,0.7432808155699722,14.556765523632993,48.0,8.63749999999996,0.15880487056175177,0.08216514887956615,0.23636549677683413,0.6377686258262749,0.7821906514463105,0.0,22.297233232776282,1.0,69.14998360162295,69.33185650017137,0.0,0.27945205479452057,0.0,1079,nan,0.016056532522040416,0.00023496672051152222,0.9855773420841583,1.1138600400223881,10.06194638003819,0.19919223292875055,0.993843499289453,0.8447669743960351
lazy_defer,40,cct_region,2015,1.0,pvgis,365,0.4926895242489614,66.769071679648,0.3,1079,0.26133224189092397,1.3218997361477571,0.26506024096385544,0.1839468992436042,0.9544513457556936,0.6991150442477876,0.0,0.0,0.432808155699722,0.0,0.567191844300278,22.96045721346926,48.0,13.083333333333334,0.15880487056175177,0.08216514887956615,0.23636549677683413,0.5928467480053737,0.7706185816643281,0.0,21.709066091403,1.0,65.82239327249897,68.78834777460885,0.0,0.18356164383561643,0.0,1079,nan,0.014666004387239313,0.00020067667645203789,0.9865015819205171,1.0874081762852044,11.02628025224404,0.18770050385434955,0.906924164018489,0.7708855394157156
lazy_defer,46,cct_region,2011,1.0,pvgis,365,0.6498872575545345,88.072440650112,0.32,6276,0.13360367089958383,nan,0.13288718929254303,0.12172824550264598,0.9354954954954955,0.8732782369146006,0.0,0.0,0.06580624601657106,0.0,0.934193753983429,6.528083173996176,48.0,10.75,0.21456265784512504,0.11135417778252053,0.1368583929143101,0.6627900942244859,0.7705389789714477,0.0,19.639202912676332,1.0,88.97861111044423,83.96294139991389,0.0,1.7835616438356163,0.0,6276,nan,0.013667499827129745,0.00017619268803092177,0.9872727100924866,1.451798971449495,11.841074312324677,0.17934812176474368,0.844517966548997,0.7178402715666475
lazy_defer,46,cct_region,2012,1.0,pvgis,365,0.6498872575545345,88.072440650112,0.32,6276,0.13161170988510654,nan,0.13368387507966858,0.12559735560317192,0.9185585585585586,0.8484848484848485,0.0,0.0,0.17845761631612492,0.0,0.8215423836838751,11.188004567665178,48.0,9.916666666666666,0.21456265784512504,0.11135417778252053,0.1368583929143101,0.6359721898331862,0.7696835303072435,0.0,20.729461989872192,1.0,84.16088899095479,82.688771674032,0.0,1.5890410958904109,0.0,6276,nan,0.014255331161616727,0.00017324128196608539,0.9879931793222457,1.415086296483857,11.361081802787536,0.18413394212416612,0.8801978696735039,0.7481681892224783
lazy_defer,46,cct_region,2013,1.0,pvgis,365,0.6498872575545345,88.072440650112,0.32,6276,0.13378152456159073,nan,0.13304652644996814,0.1226958835368297,0.9345945945945946,0.8732782369146006,0.0,0.0,0.06676226896112174,0.0,0.9332377310388783,6.2114005736137665,48.0,9.916666666666666,0.21456265784512504,0.11135417778252053,0.1368583929143101,0.6699488062145437,0.7798933515970704,0.0,20.64649507784094,1.0,89.18598116679111,84.07342339583897,0.0,1.8082191780821917,0.0,6276,nan,0.014858757918862795,0.0001884668772501903,0.9874749743023128,1.4518871943597662,10.893981717567975,0.1891657367644023,0.9179380192894658,0.780247316396046
lazy_defer,46,cct_region,2014,1.0,pvgis,365,0.6498872575545345,88.072440650112,0.32,6276,0.1359691246042756,nan,0.1354365838113448,0.12435530716068956,0.9403603603603604,0.8691460055096418,0.0,0.0,0.0014340344168260039,0.0,0.998565965583174,3.4486137667304013,10.25,10.25,0.21456265784512504,0.11135417778252053,0.1368583929143101,0.7029885995060436,0.7875198991199404,0.0,22.297233232776282,1.0,91.21300736260577,84.94908349891287,0.0,1.9506849315068493,0.0,6276,nan,0.01713403756140593,0.00023079162198361657,0.9867092489337943,1.4852616601325646,9.440011767336777,0.20774157915246083,1.0593207134127554,0.9004226064008422
lazy_defer,46,cct_region,2015,1.0,pvgis,365,0.6498872575545345,88.072440650112,0.32,6276,0.14358126133817092,nan,0.14340344168260039,0.12131047997822159,0.9171171171171171,0.8581267217630854,0.0,0.0,0.20905035054174634,0.0,0.7909496494582536,13.499455598045465,48.0,13.333333333333334,0.21456265784512504,0.11135417778252053,0.1368583929143101,0.656108053735437,0.7727807430237227,0.0,21.709066091403,1.0,86.82371461976584,82.21998501727958,0.0,1.5095890410958903,0.0,6276,nan,0.015568625978596998,0.00017821284669445567,0.9886826271182618,1.4164376283280218,10.409974576338902,0.1948186500818072,0.9606171395201345,0.8165245685921143
lazy_defer,7,cct_region,2013,1.0,pvgis,365,0.5185664617347002,70.275903079136,0.3,1853,0.25406817911866025,nan,0.24446842957366433,0.14642057908296063,0.9825825825825826,0.851063829787234,0.0,0.0,0.32164058283864005,0.0,0.67835941716136,18.82843137254902,48.0,11.166666666666666,0.4600308825276162,0.19622282931464546,0.18612661836322605,0.6234837830757957,0.7771997470991392,0.0,20.64649507784094,1.0,71.1644337573732,70.80139975802314,0.0,0.42191780821917807,0.0,1853,nan,0.014179514114243147,0.0001676645783666406,0.9883137596625179,1.1618358768142623,11.42553496691496,0.18346960765558273,0.8752325408794515,0.7439476597475336
lazy_defer,7,cct_region,2012,1.0,pvgis,365,0.5185664617347002,70.275903079136,0.3,1853,0.26238270578453504,nan,0.2520237452779277,0.14763723269598011,0.9801801801801802,0.851063829787234,0.0,0.0,0.3378305450620615,0.0,0.6621694549379384,19.46766504767044,48.0,10.833333333333334,0.4600308825276162,0.19622282931464546,0.18612661836322605,0.5919152547217219,0.7684886903957305,0.0,20.729461989872192,1.0,67.1547470936892,70.69696763237981,0.0,0.40273972602739727,0.0,1853,nan,0.013680036144682233,0.00017098345514617047,0.9876555329437056,1.144610085074501,11.83481047352075,0.1794082494465924,0.8449649466186245,0.7182202046258308
lazy_defer,7,cct_region,2011,1.0,pvgis,365,0.5185664617347002,70.275903079136,0.3,1853,0.27307281149780266,nan,0.2617377226119806,0.16069169170202577,0.9819819819819819,0.851063829787234,0.0,0.0,0.3729087965461414,0.0,0.6270912034538586,21.944414463032917,48.0,26.75,0.4600308825276162,0.19622282931464546,0.18612661836322605,0.6221812105274633,0.7684810669825497,0.0,19.639202912676332,1.0,70.99896635492783,70.44754013208231,0.0,0.3561643835616438,0.0,1853,nan,0.013158451041115495,0.00016368717357358086,0.9877131455224585,1.1541024358383516,12.304645784882078,0.1750567928609379,0.8127011679024806,0.6907959927171085
lazy_defer,7,cct_region,2014,1.0,pvgis,365,0.5185664617347002,70.275903079136,0.29,1853,0.19034327117234828,nan,0.18996222342147867,0.1661786477251192,0.9891891891891892,0.8138297872340425,0.0,0.0,0.1705342687533729,0.0,0.829465731246627,11.723646339269651,48.0,10.833333333333334,0.4600308825276162,0.19622282931464546,0.18612661836322605,0.6405129326698404,0.7833927335654344,0.0,22.297233232776282,1.0,72.78186476558025,71.8097838078874,0.0,0.6082191780821918,0.0,1853,nan,0.016083260005881377,0.00022885790210785243,0.9859700681788375,1.162854638628929,10.049227988273968,0.19935733178572335,0.9951013164064534,0.8458361189454854
lazy_defer,7,cct_region,2015,1.0,pvgis,365,0.5185664617347002,70.275903079136,0.31,1853,0.3158332343508731,nan,0.3005936319481921,0.1565185309167349,0.9765765765765766,0.851063829787234,0.0,0.0,0.4355099838100378,0.0,0.5644900161899622,23.857753193020326,48.0,11.541666666666666,0.4600308825276162,0.19622282931464546,0.18612661836322605,0.60491217441371,0.7712733541481139,0.0,21.709066091403,1.0,69.27950342411204,70.18352538661411,0.0,0.31232876712328766,0.0,1853,nan,0.014827726374234958,0.0001744250544398702,0.9883733306339998,1.1360173414273294,10.926712252461922,0.1888001840407738,0.9151883722157027,0.7779101163833473
lazy_defer,78,cct_region,2011,1.0,pvgis,365,0.5371243038945545,72.79085383900801,0.3,2359,0.12204796206802226,0.15721925133689846,0.13141161509114033,0.105052226360927,0.9227586206896552,0.7445652173913043,0.0,0.0,0.32047477744807124,0.0,0.6795252225519288,18.442737035467005,48.0,14.75,0.10864411416066382,0.24491656788547456,0.19389988146256956,0.6260217603798572,0.764759286879331,0.0,19.639202912676332,1.0,73.53979324666396,72.52957507766773,0.0,0.7013698630136986,0.0,2359,nan,0.013208796406397508,0.00016228521723808524,0.9878629701167018,1.174289837258285,12.259605949845323,0.17546044972596064,0.815686902247145,0.6933338669100731
lazy_defer,78,cct_region,2012,1.0,pvgis,365,0.5371243038945545,72.79085383900801,0.31,2359,0.11265615026898879,0.047058823529411695,0.12420517168291649,0.10810675463891138,0.9103448275862069,0.7228260869565217,0.0,0.0,0.3798219584569733,0.0,0.6201780415430267,20.129044792991383,48.0,10.916666666666666,0.10864411416066382,0.24491656788547456,0.19389988146256956,0.5997847650469191,0.7648569623314037,0.0,20.729461989872192,1.0,69.55800162095082,72.30327778958089,0.0,0.6684931506849315,0.0,2359,nan,0.01379287217557378,0.0001701333553627077,0.987815420184017,1.170224039821942,11.739893067133671,0.18032668278541286,0.8517965149099547,0.7240270376734615
lazy_defer,78,cct_region,2013,1.0,pvgis,365,0.5371243038945545,72.79085383900801,0.3,2359,0.12788365095285856,0.2256684491978606,0.1360746078846969,0.11464326770212682,0.9236781609195402,0.7554347826086957,0.0,0.0,0.3391267486222976,0.0,0.6608732513777024,18.785678960011307,48.0,11.508333333333326,0.10864411416066382,0.24491656788547456,0.19389988146256956,0.631329376872555,0.7739069674613499,0.0,20.64649507784094,1.0,73.71118220046938,72.60714480216551,0.0,0.7232876712328767,0.0,2359,nan,0.014302651528308006,0.00017197748118388717,0.9881186950580142,1.1856615519693556,11.324932177639601,0.18450961557595247,0.8830074955984637,0.7505563712586941
lazy_defer,78,cct_region,2014,1.0,pvgis,365,0.5371243038945545,72.79085383900801,0.3,2359,0.17046594328439865,0.7251336898395719,0.1695633743111488,0.12066131169579491,0.9783908045977011,0.842391304347826,0.0,0.0,0.18228062738448494,0.0,0.8177193726155151,10.992546276670904,48.0,10.916666666666666,0.10864411416066382,0.24491656788547456,0.19389988146256956,0.648890184047696,0.7797876014232996,0.0,22.297233232776282,1.0,75.38649591334313,73.89093049211748,0.0,0.958904109589041,0.0,2359,nan,0.01624837055006771,0.00021940600894772852,0.9866766464700656,1.1926004824862102,9.954239495631759,0.2006026319286912,1.0045970869385172,0.8539075238977397
lazy_defer,78,cct_region,2015,1.0,pvgis,365,0.5371243038945545,72.79085383900801,0.32,2359,0.12223032734567339,0.15935828877005345,0.1331072488342518,0.11920277286686382,0.8979310344827586,0.7228260869565217,0.0,0.0,0.49512505298855447,0.0,0.5048749470114455,25.248869577504593,48.0,11.0,0.10864411416066382,0.24491656788547456,0.19389988146256956,0.6159470983856408,0.7672893449313082,0.0,21.709066091403,1.0,71.758796213616,71.57705809603159,0.0,0.5424657534246575,0.0,2359,nan,0.014988713092185094,0.00016852671483543093,0.9888814377168215,1.1633277622563918,10.814910492678491,0.19005728574675862,0.9246493539423954,0.7859519508510362
lazy_defer,0,cct_region,2011,2.0,pvgis,365,1.2648912659894127,85.70875921763201,0.3,1861,0.7935199386503067,1.0,0.8790972595378829,0.5145236624754218,0.9911991199119912,0.13953488372093023,0.0,0.0,0.0,0.0,1.0,2.355409278165861,11.333333333333334,11.333333333333334,0.500191717791411,0.6087039877300612,0.7935199386503067,0.9841759495289262,0.9999976851851852,0.9294044901065449,19.639202912676332,1.0,173.18121988878173,81.65572255291328,66.96407120481341,2.791780821917808,0.0,1861,nan,0.01939209433919693,0.0001374050473438735,0.9929642309500997,1.4018551143188653,8.393670958199904,0.22470707517262734,1.191373839860955,1.0126677638818116
lazy_defer,0,cct_region,2012,2.0,pvgis,365,1.2648912659894127,85.70875921763201,0.3,1861,0.7935199386503067,1.0,0.8790972595378829,0.5145236624754218,0.9911991199119912,0.13953488372093023,0.0,0.0,0.0,0.0,1.0,2.36687264911338,11.333333333333334,11.333333333333334,0.500191717791411,0.6087039877300612,0.7935199386503067,0.9794940803219612,0.9999976851851852,0.9178367579908676,20.729461989872192,1.0,163.8043709660343,81.55466992133465,59.002460551275554,2.76986301369863,0.0,1861,nan,0.020577960837570537,0.00014972324924244332,0.99277665326163,1.4433471573879524,7.908466336250246,0.2339410856592805,1.2644676698138975,1.074797519341813
lazy_defer,0,cct_region,2013,2.0,pvgis,365,1.2648912659894127,85.70875921763201,0.3,1861,0.7935199386503067,1.0,0.8790972595378829,0.5145236624754218,0.9911991199119912,0.13953488372093023,0.0,0.0,0.0,0.0,1.0,2.3723356618305567,11.333333333333334,11.333333333333334,0.500191717791411,0.6087039877300612,0.7935199386503067,0.982953838927645,0.9999976851851852,0.9144596651445966,20.64649507784094,1.0,173.58482923801856,81.64309097396601,67.35999223547866,2.789041095890411,0.0,1861,nan,0.020915397529212787,0.00014710801975891143,0.9930156448188524,1.4021101874165793,7.782748896984547,0.23650172613839027,1.2848930541591204,1.0921590960352523
lazy_defer,0,cct_region,2014,2.0,pvgis,365,1.2648912659894127,85.70875921763201,0.3,1861,0.7935199386503067,1.0,0.8790972595378829,0.5145236624754218,0.9911991199119912,0.13953488372093023,0.0,0.0,0.0,0.0,1.0,2.364544151889665,11.333333333333334,11.333333333333334,0.500191717791411,0.6087039877300612,0.7935199386503067,0.9858061092360001,0.9999976851851852,0.9396404109589042,22.297233232776282,1.0,177.53007928133889,81.50414360554477,71.53569351642447,2.758904109589041,0.0,1861,nan,0.023203250690673142,0.00016336292366488862,0.9930087035134331,1.3941277879670506,7.015316576656386,0.25389243174603227,1.4254524212457085,1.2116345580588523
lazy_defer,0,cct_region,2015,2.0,pvgis,365,1.2648912659894127,85.70875921763201,0.3,1861,0.7935199386503067,1.0,0.8790972595378829,0.5145236624754218,0.9911991199119912,0.13953488372093023,0.0,0.0,0.0,0.0,1.0,2.3475729894322046,11.333333333333334,11.333333333333334,0.500191717791411,0.6087039877300612,0.7935199386503067,0.9830696314243752,0.9999976851851852,0.9086853120243531,21.709066091403,1.0,168.98709280214536,81.66835413186067,62.96697284268545,2.7945205479452055,0.0,1861,nan,0.022151615195922982,0.0001634563916190047,0.992675067566879,1.4051830217442702,7.345895852761039,0.2460054020596928,1.3613043528573012,1.1571086999287061
lazy_defer,100,cct_region,2013,2.0,pvgis,365,1.2210563483151788,82.73851465568,0.31,4890,0.4838484483086881,0.9964176965789004,0.48282208588957054,0.31653789210647887,0.9556169038012317,0.5469613259668509,0.0,0.0,0.001226993865030675,0.0,0.9987730061349693,3.6463019768234486,10.75,10.75,0.13079900996382557,0.2012227369846206,0.4851177254553531,0.9822315282369006,0.9999976851851852,0.9155631659056317,20.64649507784094,1.0,167.56923176831125,80.89977259771166,62.3965872732623,1.441095890410959,0.0,4890,nan,0.020905809498908256,0.00015210607885992033,0.9927767742111899,1.542768394797255,7.7844452943886235,0.2364666809832029,1.2846130484349922,1.0919210911697432
lazy_defer,100,cct_region,2012,2.0,pvgis,365,1.2210563483151788,82.73851465568,0.31,4890,0.4838484483086881,0.9964176965789004,0.48282208588957054,0.31653789210647887,0.9556169038012317,0.5469613259668509,0.0,0.0,0.001226993865030675,0.0,0.9987730061349693,3.650085207907294,10.75,10.75,0.13079900996382557,0.2012227369846206,0.4851177254553531,0.979011222443204,0.9999976851851852,0.9164098173515982,20.729461989872192,1.0,158.12771613486893,80.87450943981676,53.54768600486296,1.4356164383561645,0.0,4890,nan,0.020566324650390724,0.00015382731550890266,0.9925759562110323,1.5852086478001337,7.911341195700208,0.23388338300248857,1.2640081817524154,1.0744069544895531
lazy_defer,100,cct_region,2014,2.0,pvgis,365,1.2210563483151788,82.73851465568,0.31,4890,0.4838484483086881,0.9964176965789004,0.48282208588957054,0.31653789210647887,0.9556169038012317,0.5469613259668509,0.0,0.0,0.001226993865030675,0.0,0.9987730061349693,3.6330606680299926,10.666666666666666,10.666666666666666,0.13079900996382557,0.2012227369846206,0.4851177254553531,0.9856531619038486,0.9999976851851852,0.9457857686453577,22.297233232776282,1.0,171.37775882562494,80.93766733455394,66.19374817747726,1.4493150684931506,0.0,4890,nan,0.023200703740661712,0.00016884380728244536,0.9927750502256815,1.5386074983319178,7.014435837608287,0.2539143217255949,1.4256314023694456,1.2117866920140288
lazy_defer,100,cct_region,2011,2.0,pvgis,365,1.2210563483151788,82.73851465568,0.31,4890,0.4838484483086881,0.9964176965789004,0.48282208588957054,0.31653789210647887,0.9556169038012317,0.5469613259668509,0.0,0.0,0.001226993865030675,0.0,0.9987730061349693,3.634935241990457,10.666666666666666,10.666666666666666,0.13079900996382557,0.2012227369846206,0.4851177254553531,0.9844607892689416,0.9999976851851852,0.9297469558599696,19.639202912676332,1.0,167.17960953643777,80.89977259771149,62.026580751083635,1.441095890410959,0.0,4890,nan,0.019395216371465854,0.00014292569733915093,0.9926847856446214,1.5399556125849392,8.389958024244029,0.2247740783812905,1.1919010763943652,1.0131159149352105
lazy_defer,105,cct_region,2011,2.0,pvgis,365,1.058529353339236,71.725720549728,0.29,2169,0.43668582375478926,1.0,0.43614568925772246,0.24900730762706702,0.9095719095719096,0.5777777777777777,0.0,0.0,0.0,0.0,1.0,3.798908867373597,10.583333333333334,10.583333333333334,0.07260536398467432,0.2796455938697318,0.43668582375478926,0.9812700350556671,0.9999976851851852,0.9139269406392694,19.639202912676332,1.0,144.92740176838876,72.93449832081686,48.84451684127006,0.7150684931506849,0.0,2169,nan,0.01935384318906649,0.0001361067456029972,0.9930165677151954,1.3745337998122205,8.41070358715471,0.22440039042823823,1.1889611726743705,1.010616996773215
lazy_defer,100,cct_region,2015,2.0,pvgis,365,1.2210563483151788,82.73851465568,0.3,4890,0.4838484483086881,0.9964176965789004,0.48282208588957054,0.31653789210647887,0.9556169038012317,0.5469613259668509,0.0,0.0,0.001226993865030675,0.0,0.9987730061349693,3.6390252215405594,10.666666666666666,10.666666666666666,0.13079900996382557,0.2012227369846206,0.4851177254553531,0.9828893871196325,0.9999976851851852,0.9064022070015221,21.709066091403,1.0,163.13083029155143,80.8745094398165,58.205459171356,1.4356164383561645,0.0,4890,nan,0.022143688285964566,0.00017087000715106573,0.9923426668407871,1.5435375751788996,7.346064827981086,0.2460015318375136,1.361273039942433,1.1570820839510683
lazy_defer,105,cct_region,2012,2.0,pvgis,365,1.058529353339236,71.725720549728,0.29,2169,0.43668582375478926,1.0,0.43614568925772246,0.24900730762706702,0.9095719095719096,0.5777777777777777,0.0,0.0,0.0,0.0,1.0,3.789726448440141,10.583333333333334,10.583333333333334,0.07260536398467432,0.2796455938697318,0.43668582375478926,0.9751728142290488,0.9999976851851852,0.905146499238965,20.729461989872192,1.0,137.0803479595446,72.93449832081684,41.50991092542347,0.7150684931506849,0.0,2169,nan,0.020519269243660043,0.00014722081075917842,0.9928763515056734,1.4185477282567096,7.931883517585398,0.23347215985635694,1.2607346007829643,1.0716244106655197
lazy_defer,105,cct_region,2013,2.0,pvgis,365,1.058529353339236,71.725720549728,0.29,2169,0.43668582375478926,1.0,0.43614568925772246,0.24900730762706702,0.9095719095719096,0.5777777777777777,0.0,0.0,0.0,0.0,1.0,3.783156600583986,10.583333333333334,10.583333333333334,0.07260536398467432,0.2796455938697318,0.43668582375478926,0.9786704583870787,0.9999976851851852,0.8861967275494673,20.64649507784094,1.0,145.26516387880858,72.9976562155541,49.10206492852491,0.7287671232876712,0.0,2169,nan,0.020861593610849726,0.00014509695834624077,0.9930928216480225,1.3802832930221758,7.803427735988429,0.23607546078231745,1.2814881278237837,1.0892649086502162
lazy_defer,105,cct_region,2014,2.0,pvgis,365,1.058529353339236,71.725720549728,0.29,2169,0.43668582375478926,1.0,0.43614568925772246,0.24900730762706702,0.9095719095719096,0.5777777777777777,0.0,0.0,0.0,0.0,1.0,3.794528968802827,10.583333333333334,10.583333333333334,0.07260536398467432,0.2796455938697318,0.43668582375478926,0.9822327136717964,0.9999976851851852,0.9220509893455099,22.297233232776282,1.0,148.56676227655393,72.97239305765933,52.48765345436796,0.7232876712328767,0.0,2169,nan,0.023145037933419817,0.00016063243615018307,0.9931075813910112,1.3676092904429842,7.033661303432176,0.25343759100119956,1.4217346512150588,1.2084744535328
lazy_defer,105,cct_region,2015,2.0,pvgis,365,1.058529353339236,71.725720549728,0.3,2169,0.43668582375478926,1.0,0.43614568925772246,0.24900730762706702,0.9095719095719096,0.5777777777777777,0.0,0.0,0.0,0.0,1.0,3.812740126018134,10.583333333333334,10.583333333333334,0.07260536398467432,0.2796455938697318,0.43668582375478926,0.9790048341164607,0.9999976851851852,0.8952435312024353,21.709066091403,1.0,141.41752961398848,72.93449832081677,45.51008280012306,0.7150684931506849,0.0,2169,nan,0.02207995627730408,0.00016067128432950705,0.9927757755987663,1.383835148378103,7.370484100537227,0.2454438891453664,1.3567629837599284,1.153248536195939
lazy_defer,130,cct_region,2011,2.0,pvgis,365,1.0106128730967532,68.47891018896,0.29,1455,0.36964206805125943,1.0,0.35670103092783506,0.25420072013863915,0.9985152190051967,0.8240740740740741,0.0,0.0,0.0,0.0,1.0,3.3647766323024055,10.083333333333334,10.083333333333334,0.13661805862424511,0.29496243923994697,0.36964206805125943,0.9795658212630447,0.9999976851851852,0.9104166666666667,19.639202912676332,1.0,138.36696869062587,71.43394875345848,44.112752421252885,0.6191780821917808,0.0,1455,nan,0.01933293875695621,0.00013412909533275195,0.9931099487426412,1.3595932558508348,8.420589740211748,0.22422289678019425,1.1875652785037045,1.0094304867281487
lazy_defer,130,cct_region,2012,2.0,pvgis,365,1.0106128730967532,68.47891018896,0.29,1455,0.36964206805125943,1.0,0.35670103092783506,0.25420072013863915,0.9985152190051967,0.8240740740740741,0.0,0.0,0.0,0.0,1.0,3.3646048109965636,10.083333333333334,10.083333333333334,0.13661805862424511,0.29496243923994697,0.36964206805125943,0.9728220984029577,0.9999976851851852,0.8782534246575342,20.729461989872192,1.0,130.87512770380468,71.42131717451103,37.29109007329631,0.6164383561643836,0.0,1455,nan,0.020483318515620814,0.00014794367253316977,0.9928291506751286,1.3988466007664009,7.945427203339602,0.23320208088517458,1.2585855667769288,1.0697977317603895
lazy_defer,130,cct_region,2014,2.0,pvgis,365,1.0106128730967532,68.47891018896,0.29,1455,0.36964206805125943,1.0,0.35670103092783506,0.25420072013863915,0.9985152190051967,0.8240740740740741,0.0,0.0,0.0,0.0,1.0,3.3599656357388317,10.083333333333334,10.083333333333334,0.13661805862424511,0.29496243923994697,0.36964206805125943,0.9800497936545851,0.9999976851851852,0.9071917808219178,22.297233232776282,1.0,141.84158615663088,71.43394875345845,47.617182061079134,0.6191780821917808,0.0,1455,nan,0.023111610805290235,0.00015931756856556073,0.9931537940383783,1.3520074517442349,7.0441621062765325,0.2531781752605665,1.419615257163054,1.206672968588596
lazy_defer,130,cct_region,2013,2.0,pvgis,365,1.0106128730967532,68.47891018896,0.3,1455,0.36964206805125943,1.0,0.35670103092783506,0.25420072013863915,0.9985152190051967,0.8240740740740741,0.0,0.0,0.0,0.0,1.0,3.361340206185567,10.083333333333334,10.083333333333334,0.13661805862424511,0.29496243923994697,0.36964206805125943,0.9765620095972973,0.9999976851851852,0.8781963470319635,20.64649507784094,1.0,138.68944131338083,71.43394875345845,44.41894099586113,0.6191780821917808,0.0,1455,nan,0.020833906556887587,0.00014398756264078858,0.9931362241691004,1.3626183536280418,7.8141395363604635,0.2358554459601564,1.279731434723986,1.0877717195153882
lazy_defer,130,cct_region,2015,2.0,pvgis,365,1.0106128730967532,68.47891018896,0.29,1455,0.36964206805125943,1.0,0.35670103092783506,0.25420072013863915,0.9985152190051967,0.8240740740740741,0.0,0.0,0.0,0.0,1.0,3.363745704467354,10.083333333333334,10.083333333333334,0.13661805862424511,0.29496243923994697,0.36964206805125943,0.9771310071919875,0.9999976851851852,0.8896499238964992,21.709066091403,1.0,135.01597802515954,71.42131717451102,40.94188988561089,0.6164383561643836,0.0,1455,nan,0.022050131336876805,0.0001599185926040436,0.9927997193562463,1.3618218908334647,7.380631396573453,0.2452131284746224,1.354897631744978,1.151662986983231
lazy_defer,28,cct_region,2012,2.0,pvgis,365,1.03062096349991,69.834654076896,0.29,1333,0.2892307692307692,1.0,0.2933233308327082,0.1927165890127566,0.8712121212121212,0.6689655172413793,0.0,0.0,0.0,0.0,1.0,3.591397849462366,10.333333333333334,10.333333333333334,0.1862785862785863,0.19176715176715176,0.2892307692307692,0.9744660204073371,0.9999976851851852,0.9017028158295282,20.729461989872192,1.0,133.46619047010245,72.14455807845718,38.854718260243644,0.8,0.0,1333,nan,0.020505812076070433,0.00014880791849134934,0.9927954172707835,1.4155788523097523,7.936441913341929,0.23338116714255852,1.2600104819250337,1.0710089096362785
lazy_defer,28,cct_region,2011,2.0,pvgis,365,1.03062096349991,69.834654076896,0.29,1333,0.2892307692307692,1.0,0.2933233308327082,0.1927165890127566,0.8712121212121212,0.6689655172413793,0.0,0.0,0.0,0.0,1.0,3.585396349087272,10.333333333333334,10.333333333333334,0.1862785862785863,0.19176715176715176,0.2892307692307692,0.980893705214781,0.9999976851851852,0.9118911719939117,19.639202912676332,1.0,141.10635475236165,72.13192649950967,46.017150748096604,0.7972602739726027,0.0,1333,nan,0.019348579399104934,0.00013470102543095157,0.9930863272254031,1.370889558155697,8.413582736434655,0.22434866000859155,1.1885543071556703,1.0102711610823198
lazy_defer,28,cct_region,2013,2.0,pvgis,365,1.03062096349991,69.834654076896,0.29,1333,0.2892307692307692,1.0,0.2933233308327082,0.1927165890127566,0.8712121212121212,0.6689655172413793,0.0,0.0,0.0,0.0,1.0,3.5810827706926736,10.333333333333334,10.333333333333334,0.1862785862785863,0.19176715176715176,0.2892307692307692,0.9782603310501823,0.9999976851851852,0.8834855403348554,20.64649507784094,1.0,141.43521168068102,72.14455807845715,46.31676965811141,0.8,0.0,1333,nan,0.02085665978116859,0.000143993672596797,0.993143371804415,1.372917491284546,7.805671008756111,0.23602934038392176,1.2811198407904167,1.0889518646718543
lazy_defer,28,cct_region,2014,2.0,pvgis,365,1.03062096349991,69.834654076896,0.29,1333,0.2892307692307692,1.0,0.2933233308327082,0.1927165890127566,0.8712121212121212,0.6689655172413793,0.0,0.0,0.0,0.0,1.0,3.5760190047511884,10.333333333333334,10.333333333333334,0.1862785862785863,0.19176715176715176,0.2892307692307692,0.9817774760846987,0.9999976851851852,0.9153729071537291,22.297233232776282,1.0,144.64976261499436,72.14455807845705,49.55063452387114,0.8,0.0,1333,nan,0.023138391857516614,0.00015907429637548615,0.9931720344468057,1.3617533635966104,7.036138211176455,0.25337633889840183,1.4212341628132943,1.2080490383913003
lazy_defer,40,cct_region,2011,2.0,pvgis,365,0.9853790484979228,66.769071679648,0.29,1079,0.23636549677683413,1.0,0.247451343836886,0.20203634497041997,0.9513457556935818,0.6460176991150443,0.0,0.0,0.0,0.0,1.0,3.4625424776027187,10.25,10.25,0.15880487056175177,0.08216514887956615,0.23636549677683413,0.9802588078546204,0.9999976851851852,0.9109684170471841,19.639202912676332,1.0,134.9121068823523,69.79548154799045,42.469152220954726,0.34794520547945207,0.0,1079,nan,0.019341046604628476,0.00013371352420672532,0.9931340091830584,1.3324289830974507,8.417263716962392,0.22428256940526636,1.1880345366687386,1.0098293561684277
lazy_defer,40,cct_region,2012,2.0,pvgis,365,0.9853790484979228,66.769071679648,0.29,1079,0.23636549677683413,1.0,0.247451343836886,0.20203634497041997,0.9513457556935818,0.6460176991150443,0.0,0.0,0.0,0.0,1.0,3.468798270003089,10.25,10.25,0.15880487056175177,0.08216514887956615,0.23636549677683413,0.9735024585060751,0.9999976851851852,0.8931221461187214,20.729461989872192,1.0,127.6073284260185,69.79548154799046,35.63787055630969,0.34794520547945207,0.0,1079,nan,0.020488068443047354,0.00014616972165978757,0.9929161561239611,1.376768086170956,7.944281272732751,0.23322490027190912,1.2587671126805537,1.0699520457784706
lazy_defer,28,cct_region,2015,2.0,pvgis,365,1.03062096349991,69.834654076896,0.31,1333,0.2892307692307692,1.0,0.2933233308327082,0.1927165890127566,0.8712121212121212,0.6689655172413793,0.0,0.0,0.0,0.0,1.0,3.5872718179544885,10.333333333333334,10.333333333333334,0.1862785862785863,0.19176715176715176,0.2892307692307692,0.9786396967667521,0.9999976851851852,0.8939212328767123,21.709066091403,1.0,137.68902125081976,72.1319264995097,42.77062989029131,0.7972602739726027,0.0,1333,nan,0.022074202188267403,0.00016219552965395548,0.9927058540816063,1.3758214487428866,7.371886126001252,0.24541197192613617,1.3565049471842996,1.1530292051066546
lazy_defer,40,cct_region,2013,2.0,pvgis,365,0.9853790484979228,66.769071679648,0.29,1079,0.23636549677683413,1.0,0.247451343836886,0.20203634497041997,0.9513457556935818,0.6460176991150443,0.0,0.0,0.0,0.0,1.0,3.4627741736175475,10.25,10.25,0.15880487056175177,0.08216514887956615,0.23636549677683413,0.9776787077620521,0.9999976851851852,0.8810312024353121,20.64649507784094,1.0,135.2265277398714,69.79548154799045,42.76769562401213,0.34794520547945207,0.0,1079,nan,0.02084808325709124,0.00014288256026559305,0.9931931402533442,1.3340022778968377,7.809273439597815,0.23595532609908432,1.2805288580745366,1.088449529363356
lazy_defer,40,cct_region,2014,2.0,pvgis,365,0.9853790484979228,66.769071679648,0.29,1079,0.23636549677683413,1.0,0.247451343836886,0.20203634497041997,0.9513457556935818,0.6460176991150443,0.0,0.0,0.0,0.0,1.0,3.466017917825147,10.25,10.25,0.15880487056175177,0.08216514887956615,0.23636549677683413,0.9809631872845422,0.9999976851851852,0.9130707762557078,22.297233232776282,1.0,138.2999672032459,69.79548154799045,45.860232330731506,0.34794520547945207,0.0,1079,nan,0.02312520615792372,0.0001586925874291347,0.9931844495131724,1.327005394984801,7.040238132873146,0.25327503454401656,1.4204064992214922,1.2073455243382685
lazy_defer,40,cct_region,2015,2.0,pvgis,365,0.9853790484979228,66.769071679648,0.3,1079,0.23636549677683413,1.0,0.247451343836886,0.20203634497041997,0.9513457556935818,0.6460176991150443,0.0,0.0,0.0,0.0,1.0,3.467330861909175,10.25,10.25,0.15880487056175177,0.08216514887956615,0.23636549677683413,0.9779771642364179,0.9999976851851852,0.891695205479452,21.709066091403,1.0,131.64478654499794,69.79548154799046,39.365146240979506,0.34794520547945207,0.0,1079,nan,0.022063104936829676,0.00016040913311174155,0.9927820086145286,1.3362368956422028,7.376159832918021,0.24531474719798718,1.3557189955906885,1.1523611462520853
lazy_defer,46,cct_region,2011,2.0,pvgis,365,1.299774515109069,88.072440650112,0.32,6276,0.1365026855902963,nan,0.13591459528362013,0.12461898059759485,0.9403603603603604,0.8691460055096418,0.0,0.0,0.0004780114722753346,0.0,0.9995219885277247,3.391199277671553,10.25,10.25,0.21456265784512504,0.11135417778252053,0.1368583929143101,0.9856897965282712,0.9999976851851852,0.9380422374429224,19.639202912676332,1.0,177.95722222088847,85.44491729246563,67.73000133637633,2.0575342465753423,0.0,6276,nan,0.019411633248448856,0.00014579615064749403,0.9925452293513466,1.5903587511508872,8.381683936262323,0.22492358434705018,1.1930776769971283,1.0141160254475592
lazy_defer,46,cct_region,2012,2.0,pvgis,365,1.299774515109069,88.072440650112,0.32,6276,0.1359691246042756,nan,0.1354365838113448,0.12435530716068956,0.9403603603603604,0.8691460055096418,0.0,0.0,0.0014340344168260039,0.0,0.998565965583174,3.39479764181007,10.25,10.25,0.21456265784512504,0.11135417778252053,0.1368583929143101,0.981775270754553,0.9999976851851852,0.9232020547945206,20.729461989872192,1.0,168.32177798190958,85.42908349891637,58.6518842516002,2.0547945205479454,0.0,6276,nan,0.020603191410551946,0.0001577065573306043,0.9924036735995437,1.6319467677241997,7.895814144580055,0.2341954813063688,1.266493843052819,1.0765197665948962
lazy_defer,46,cct_region,2014,2.0,pvgis,365,1.299774515109069,88.072440650112,0.32,6276,0.1359691246042756,nan,0.1354365838113448,0.12435530716068956,0.9403603603603604,0.8691460055096418,0.0,0.0,0.0014340344168260039,0.0,0.998565965583174,3.3923943063522417,10.25,10.25,0.21456265784512504,0.11135417778252053,0.1368583929143101,0.9873662879310636,0.9999976851851852,0.9541476407914764,22.297233232776282,1.0,182.42601472521153,85.45434665681107,72.16585774609457,2.0602739726027397,0.0,6276,nan,0.023226517753192337,0.00016976543535436153,0.9927439143223626,1.580983505095352,7.006420229570354,0.25411376584860634,1.4272623782677702,1.2131730215276049
lazy_defer,7,cct_region,2012,2.0,pvgis,365,1.0371329234694004,70.275903079136,0.29,1853,0.18612661836322605,nan,0.18564490016189963,0.1763299368752884,0.9891891891891892,0.8191489361702128,0.0,0.0,0.0,0.0,1.0,3.921838460154704,10.833333333333334,10.833333333333334,0.4600308825276162,0.19622282931464546,0.18612661836322605,0.9751441436178433,0.9999976851851852,0.904632800608828,20.729461989872192,1.0,134.3094941873784,72.82474956641047,39.04881191970862,0.7917808219178082,0.0,1853,nan,0.020515993561689757,0.00014695161127050243,0.9928881575186675,1.4077910547263446,7.933244291017296,0.2334449868714482,1.2605183495134347,1.0714405970864196
lazy_defer,7,cct_region,2011,2.0,pvgis,365,1.0371329234694004,70.275903079136,0.29,1853,0.18612661836322605,nan,0.18564490016189963,0.1763299368752884,0.9891891891891892,0.8191489361702128,0.0,0.0,0.0,0.0,1.0,3.938298255081849,10.833333333333334,10.833333333333334,0.4600308825276162,0.19622282931464546,0.18612661836322605,0.9813892327626852,0.9999976851851852,0.9136986301369863,19.639202912676332,1.0,141.99793270985566,72.79948640851559,46.19657665687458,0.7863013698630137,0.0,1853,nan,0.019355090220058407,0.0001347239738835219,0.9930874675077509,1.3624915194109157,8.410762165190029,0.22439933762297015,1.1889528919730266,1.0106099581770724
lazy_defer,7,cct_region,2013,2.0,pvgis,365,1.0371329234694004,70.275903079136,0.29,1853,0.18612661836322605,nan,0.18564490016189963,0.1763299368752884,0.9891891891891892,0.8191489361702128,0.0,0.0,0.0,0.0,1.0,3.955027882712718,10.833333333333334,10.833333333333334,0.4600308825276162,0.19622282931464546,0.18612661836322605,0.9787123922706116,0.9999976851851852,0.884484398782344,20.64649507784094,1.0,142.3288675147464,72.79948640851568,46.510800094918054,0.7863013698630137,0.0,1853,nan,0.020861999875006986,0.0001431344884989227,0.9931857380190054,1.363964087278748,7.804005867907729,0.23606357245266618,1.2813931933499458,1.089184214347454
lazy_defer,46,cct_region,2015,2.0,pvgis,365,1.299774515109069,88.072440650112,0.32,6276,0.1365026855902963,nan,0.13591459528362013,0.12461898059759485,0.9403603603603604,0.8691460055096418,0.0,0.0,0.0004780114722753346,0.0,0.9995219885277247,3.388291374548545,10.25,10.25,0.21456265784512504,0.11135417778252053,0.1368583929143101,0.9844119848298676,0.9999976851851852,0.926617199391172,21.709066091403,1.0,173.64742923953168,85.44491729246546,63.63537840558984,2.0575342465753423,0.0,6276,nan,0.022171390132427037,0.00017524883546518998,0.9921577094561295,1.5922161185404364,7.335518869952549,0.24624338083843944,1.3632300832817144,1.1587455707894572
lazy_defer,46,cct_region,2013,2.0,pvgis,365,1.299774515109069,88.072440650112,0.34,6276,0.1365026855902963,nan,0.13591459528362013,0.12461898059759485,0.9403603603603604,0.8691460055096418,0.0,0.0,0.0004780114722753346,0.0,0.9995219885277247,3.3913851710218825,10.25,10.25,0.21456265784512504,0.11135417778252053,0.1368583929143101,0.9844215886566676,0.9999976851851852,0.9350837138508371,20.64649507784094,1.0,178.37196233358222,85.3943909766753,68.17356824967247,2.0465753424657533,0.0,6276,nan,0.020930808861717432,0.00015751377005752374,0.9925307587138207,1.5854100910742366,7.773220975953612,0.23669881367774825,1.2864679945333997,1.0934977953533895
lazy_defer,7,cct_region,2014,2.0,pvgis,365,1.0371329234694004,70.275903079136,0.3,1853,0.18612661836322605,nan,0.18564490016189963,0.1763299368752884,0.9891891891891892,0.8191489361702128,0.0,0.0,0.0,0.0,1.0,3.9042993344126637,10.833333333333334,10.833333333333334,0.4600308825276162,0.19622282931464546,0.18612661836322605,0.9822591321728618,0.9999976851851852,0.9233162100456621,22.297233232776282,1.0,145.5637295311605,72.81211798746301,49.85025474456368,0.7890410958904109,0.0,1853,nan,0.02314593161680852,0.00015838333054842623,0.9932036907797459,1.3571358456798632,7.034070394228936,0.2534274718598952,1.4216519652979935,1.2084041705032946
lazy_defer,7,cct_region,2015,2.0,pvgis,365,1.0371329234694004,70.275903079136,0.3,1853,0.18612661836322605,nan,0.18564490016189963,0.1763299368752884,0.9891891891891892,0.8191489361702128,0.0,0.0,0.0,0.0,1.0,3.915272531030761,10.833333333333334,10.833333333333334,0.4600308825276162,0.19622282931464546,0.18612661836322605,0.9792624273702079,0.9999976851851852,0.894406392694064,21.709066091403,1.0,138.55900684822407,72.81211798746301,42.9169111366362,0.7890410958904109,0.0,1853,nan,0.022083243523792095,0.00015994822614413045,0.9928091153489881,1.3653612581592676,7.369634433397373,0.2454632371368377,1.3569194090119934,1.1533814976601944
lazy_defer,78,cct_region,2011,2.0,pvgis,365,1.074248607789109,72.79085383900801,0.3,2359,0.19389988146256956,1.0,0.18524798643493007,0.1234450203338796,0.9940229885057471,0.9293478260869565,0.0,0.0,0.001271725307333616,0.0,0.9987282746926663,3.02324431256182,11.916666666666666,11.916666666666666,0.10864411416066382,0.24491656788547456,0.19389988146256956,0.9814714201581015,0.9999976851851852,0.9139459665144597,19.639202912676332,1.0,147.07958649332792,75.16724248393716,48.6603299649292,1.1863013698630136,0.0,2359,nan,0.019355883244649427,0.00013657162290364218,0.9929936160513585,1.386845342690929,8.40962274597115,0.22441981843458292,1.1891139831202013,1.010746885652171
lazy_defer,78,cct_region,2012,2.0,pvgis,365,1.074248607789109,72.79085383900801,0.3,2359,0.19389988146256956,1.0,0.18524798643493007,0.1234450203338796,0.9940229885057471,0.9293478260869565,0.0,0.0,0.001271725307333616,0.0,0.9987282746926663,2.9837501766285146,11.666666666666666,11.666666666666666,0.10864411416066382,0.24491656788547456,0.19389988146256956,0.9746317038959721,0.9999976851851852,0.9049942922374429,20.729461989872192,1.0,139.11600324190164,75.12934774709476,41.29949657774371,1.178082191780822,0.0,2359,nan,0.020504806174124625,0.00014789083256806906,0.9928391515877978,1.4330064271725473,7.937180881309073,0.23336642501365445,1.2598931723414004,1.0709091964901902
lazy_defer,78,cct_region,2013,2.0,pvgis,365,1.074248607789109,72.79085383900801,0.3,2359,0.19389988146256956,1.0,0.18524798643493007,0.1234450203338796,0.9940229885057471,0.9293478260869565,0.0,0.0,0.001271725307333616,0.0,0.9987282746926663,3.00996184824078,11.75,11.75,0.10864411416066382,0.24491656788547456,0.19389988146256956,0.978797760157991,0.9999976851851852,0.8866152968036529,20.64649507784094,1.0,147.42236440093876,75.16724248393692,48.98580311954052,1.1863013698630136,0.0,2359,nan,0.02086307300458122,0.0001445524955471768,0.9931190464364337,1.3865972959389312,7.803080449429589,0.23608260291574845,1.2815451621713072,1.089313387845611
lazy_defer,78,cct_region,2014,2.0,pvgis,365,1.074248607789109,72.79085383900801,0.32,2359,0.19389988146256956,1.0,0.18524798643493007,0.1234450203338796,0.9940229885057471,0.9293478260869565,0.0,0.0,0.001271725307333616,0.0,0.9987282746926663,2.9728345344072347,11.75,11.75,0.10864411416066382,0.24491656788547456,0.19389988146256956,0.9824064636657324,0.9999976851851852,0.9232210806697108,22.297233232776282,1.0,150.77299182668625,75.15461090498964,52.350996818633156,1.1835616438356165,0.0,2359,nan,0.023148367771909706,0.00016170976125794875,0.9930626673794691,1.3801138802550212,7.032331471044849,0.2534704925029061,1.422003504979014,1.2087029792321622
lazy_defer,78,cct_region,2015,2.0,pvgis,365,1.074248607789109,72.79085383900801,0.3,2359,0.19389988146256956,1.0,0.18524798643493007,0.1234450203338796,0.9940229885057471,0.9293478260869565,0.0,0.0,0.001271725307333616,0.0,0.9987282746926663,2.9643210399886954,11.666666666666666,11.666666666666666,0.10864411416066382,0.24491656788547456,0.19389988146256956,0.979229112832626,0.9999976851851852,0.8950913242009132,21.709066091403,1.0,143.517592427232,75.11671616814694,45.32690559936396,1.1753424657534246,0.0,2359,nan,0.022083996968554422,0.0001617446369268267,0.9927291865654426,1.3938852036523286,7.368789709784286,0.2454824764890362,1.357074959911258,1.1535137159245692
ceiling_now,0,cct_region,2011,0.5,pvgis,365,0.3162228164973532,85.70875921763201,0.29,1861,0.24070168711656437,-0.8846405228758173,0.29177861364857605,0.17050151474867223,0.3844884488448845,0.046511627906976744,0.6211714132186996,0.0,0.055346587855991405,0.323481998925309,0.0,0.0,0.0,0.0,0.500191717791411,0.6087039877300612,0.7935199386503067,0.16755883788248782,0.656468377967113,0.0,19.639202912676332,0.31588850837138505,43.29530497219543,74.21437579354499,3.159849295309952,1.526027397260274,0.2385369101978691,0,nan,0.008063902467041738,7.085113852819813e-05,0.9912903153600515,0.6625773210091959,20.151094892013703,0.13113140628303677,0.4962509508087924,0.4218133081874736
ceiling_now,0,cct_region,2012,0.5,pvgis,365,0.3162228164973532,85.70875921763201,0.3,1861,0.24520705521472388,-0.8692810457516343,0.29768941429339063,0.17164468838185212,0.3932893289328933,0.06976744186046512,0.6120365394948952,0.0,0.060720042987641054,0.3272434175174637,0.0,0.0,0.0,0.0,0.500191717791411,0.6087039877300612,0.7935199386503067,0.16855723002514889,0.659844406622307,0.0,20.729461989872192,0.31588850837138505,40.951092741508575,74.30437203649812,3.001708276390762,1.5424657534246575,0.26742770167427704,0,nan,0.008635766836776155,6.884545788729833e-05,0.9920909219667938,0.634378432834163,18.83187743232258,0.1360701526138951,0.531014501126491,0.4513623259575173
ceiling_now,0,cct_region,2013,0.5,pvgis,365,0.3162228164973532,85.70875921763201,0.29,1861,0.2471242331288343,-0.862745098039216,0.2987641053197206,0.17343375537447323,0.3943894389438944,0.06976744186046512,0.6109618484685653,0.0,0.060720042987641054,0.3283181085437937,0.0,0.0,0.0,0.0,0.500191717791411,0.6087039877300612,0.7935199386503067,0.16928089626264678,0.6606235146609186,0.0,20.64649507784094,0.31588850837138505,43.39620730950464,74.33305961018571,3.355737253371479,1.547945205479452,0.2434836377473364,0,nan,0.008657281202037057,7.375259915642424e-05,0.9915528217120929,0.656071966193787,18.774889155346404,0.13629843355942628,0.5326263136500257,0.45273236660252175
ceiling_now,0,cct_region,2015,0.5,pvgis,365,0.3162228164973532,85.70875921763201,0.29,1861,0.2377300613496932,-0.8947712418300656,0.28747984954325634,0.16982547544104398,0.3756875687568757,0.046511627906976744,0.629768941429339,0.0,0.04567436861902203,0.3245566899516389,0.0,0.0,0.0,0.0,0.500191717791411,0.6087039877300612,0.7935199386503067,0.1680830594542003,0.6600995289748097,0.0,21.709066091403,0.31588850837138505,42.24677320053634,74.2126228967796,3.2968931068447693,1.5287671232876712,0.2581906392694064,0,nan,0.009347492187095161,6.993004490024258e-05,0.9925743963499207,0.6314584463907612,17.40648213393926,0.14220730921241198,0.5744986220105867,0.48832382870899865
ceiling_now,0,cct_region,2014,0.5,pvgis,365,0.3162228164973532,85.70875921763201,0.29,1861,0.2532592024539877,-0.8418300653594774,0.30521225147770015,0.17698445894412415,0.40154015401540155,0.06976744186046512,0.6039763567974208,0.0,0.055346587855991405,0.3406770553465879,0.0,0.0,0.0,0.0,0.500191717791411,0.6087039877300612,0.7935199386503067,0.17384411252488735,0.6636040868342065,0.0,22.297233232776282,0.31588850837138505,44.38251982033472,74.64221907780896,3.185901847384497,1.610958904109589,0.23028919330289194,0,nan,0.009798144938640889,8.451251098838783e-05,0.9914484022724518,0.6627011562079805,16.587055927466107,0.1461890695592747,0.6028797421151297,0.5124477807978604
ceiling_now,100,cct_region,2011,0.5,pvgis,365,0.3052640870787947,82.73851465568,0.3,4890,0.18681644136997314,0.15809899098453653,0.18629856850715745,0.11588128021204892,0.4143130176258229,0.16022099447513813,0.5486707566462168,0.0,0.040286298568507156,0.4110429447852761,0.0,0.0,0.0,0.0,0.13079900996382557,0.2012227369846206,0.4851177254553531,0.15704636452301898,0.702711364074368,0.0,19.639202912676332,0.31588850837138505,41.79490238410944,75.70167877695981,2.913385116036712,1.2575342465753425,0.27837709284627093,0,nan,0.007988740645233987,6.22981680778089e-05,0.992262095672076,0.6172869947278297,20.36062620365882,0.13040340718174226,0.49114402965675935,0.41747242520824546
ceiling_now,100,cct_region,2012,0.5,pvgis,365,0.3052640870787947,82.73851465568,0.31,4890,0.18702798756108396,0.1586960415547198,0.18650306748466258,0.11192097715948883,0.4346995115735825,0.16022099447513813,0.5269938650306748,0.0,0.06196319018404908,0.4110429447852761,0.0,0.0,0.0,0.0,0.13079900996382557,0.2012227369846206,0.4851177254553531,0.15790766644103882,0.7060357171186723,0.0,20.729461989872192,0.31588850837138505,39.53192903371723,75.80464119590908,2.6930298464746136,1.2575342465753425,0.3056411719939117,0,nan,0.008545350429962302,6.38586737266383e-05,0.992582515657649,0.6079009144225417,19.04056340770616,0.13524535660992965,0.5251945431379813,0.4464153616672842
ceiling_now,100,cct_region,2014,0.5,pvgis,365,0.3052640870787947,82.73851465568,0.31,4890,0.18967231494996933,0.16615917368201102,0.18997955010224948,0.11360544593741463,0.46188150350392865,0.16022099447513813,0.49611451942740287,0.0,0.0869120654396728,0.41697341513292435,0.0,0.0,0.0,0.0,0.13079900996382557,0.2012227369846206,0.4851177254553531,0.16214244230497432,0.7095456674768204,0.0,22.297233232776282,0.31588850837138505,42.844439706406234,76.07892929318939,2.908534647655548,1.2794520547945205,0.2697203196347032,0,nan,0.00968287703359566,7.553598797503832e-05,0.9922593983460151,0.6250590294655465,16.79824285635795,0.14512753846678839,0.5953003588238464,0.5060053050002694
ceiling_now,100,cct_region,2013,0.5,pvgis,365,0.3052640870787947,82.73851465568,0.32,4890,0.19062427280996808,0.16884590124783588,0.18997955010224948,0.11185281641901552,0.4419197281800807,0.16022099447513813,0.5196319018404908,0.0,0.06666666666666667,0.41370143149284255,0.0,0.0,0.0,0.0,0.13079900996382557,0.2012227369846206,0.4851177254553531,0.1593019442067346,0.7066593404674806,0.0,20.64649507784094,0.31588850837138505,41.892307942077814,75.92325138121114,2.908898523863094,1.2712328767123289,0.28269596651445966,0,nan,0.008557444981590638,6.67791065186332e-05,0.9922567983117802,0.6220127840767875,19.007413322550647,0.1353752203484888,0.526110514371562,0.4471939372158277
ceiling_now,100,cct_region,2015,0.5,pvgis,365,0.3052640870787947,82.73851465568,0.31,4890,0.19273973472107636,0.17481640694966882,0.19202453987730062,0.1301868596288793,0.4124017838182204,0.16022099447513813,0.5513292433537832,0.0,0.033946830265848674,0.4147239263803681,0.0,0.0,0.0,0.0,0.13079900996382557,0.2012227369846206,0.4851177254553531,0.15944271244965613,0.7062868065956741,0.0,21.709066091403,0.31588850837138505,40.78270757288786,75.77076192680595,2.8272807961963227,1.2712328767123289,0.29626141552511415,0,nan,0.009277268075350656,6.528904166414836e-05,0.9930116518586497,0.6025684177659956,17.545966246269895,0.14156482042724305,0.5699315648761096,0.4844418301446932
ceiling_now,105,cct_region,2011,0.5,pvgis,365,0.264632338334809,71.725720549728,0.3,2169,0.35613026819923366,0.7787424362009996,0.3619179345320424,0.2561246568687045,0.7623857623857624,0.2111111111111111,0.08898109727985247,0.0,0.26832641770401106,0.6426924850161365,0.0,0.0,0.0,0.0,0.07260536398467432,0.2796455938697318,0.43668582375478926,0.17952618302274517,0.708660038710198,0.0,19.639202912676332,0.31588850837138505,36.23185044209719,73.04411675223066,2.4135432118336575,0.8904109589041096,0.3097888127853881,0,nan,0.00816682889172968,8.338893713934965e-06,0.9989799727745304,0.40302330025322547,20.051477367946795,0.1314826259751255,0.4987163696968014,0.42390891424228117
ceiling_now,105,cct_region,2012,0.5,pvgis,365,0.264632338334809,71.725720549728,0.31,2169,0.353735632183908,0.7721652196790318,0.359612724757953,0.25700825277082157,0.7623857623857624,0.2111111111111111,0.08898109727985247,0.0,0.26187183033656064,0.6491470723835869,0.0,0.0,0.0,0.0,0.07260536398467432,0.2796455938697318,0.43668582375478926,0.17880447224455046,0.7109425549739445,0.0,20.729461989872192,0.31588850837138505,34.27008698988615,73.0993476465131,2.4362079020742167,0.9013698630136986,0.33668188736681887,0,nan,0.00872175701994468,8.162190645193853e-06,0.9990650325108058,0.4010161564459469,18.777286235380195,0.13628880478256788,0.532558319378334,0.45267457147158385
ceiling_now,105,cct_region,2013,0.5,pvgis,365,0.264632338334809,71.725720549728,0.3,2169,0.3590038314176245,0.7866350960273611,0.3646841862609497,0.25816265741706595,0.7628667628667629,0.24444444444444444,0.0875979714153988,0.0,0.2623328722913785,0.6500691562932227,0.0,0.0,0.0,0.0,0.07260536398467432,0.2796455938697318,0.43668582375478926,0.18005262268793323,0.7120979602750456,0.0,20.64649507784094,0.31588850837138505,36.316290969702145,73.1036380564419,2.6714940449087354,0.9013698630136986,0.315734398782344,0,nan,0.008748996369247516,9.635217870571089e-06,0.9988999174386165,0.40522226550646717,18.71573089911497,0.1365368115203066,0.5343098836964406,0.4541634011419745
ceiling_now,105,cct_region,2014,0.5,pvgis,365,0.264632338334809,71.725720549728,0.3,2169,0.3653256704980843,0.8039989476453565,0.37574919317657907,0.26371373809423737,0.7792207792207793,0.1111111111111111,0.08621484555094514,0.0,0.23697556477639464,0.6768095896726603,0.0,0.0,0.0,0.0,0.07260536398467432,0.2796455938697318,0.43668582375478926,0.18331332660819663,0.7148190564687742,0.0,22.297233232776282,0.31588850837138505,37.14169056913848,73.30915918253251,2.560787552903892,0.9397260273972603,0.30487062404870624,0,nan,0.00989786637466871,1.0210838404108714e-05,0.9989694429923662,0.40309400983132276,16.54450084550281,0.1464060897615913,0.6044304444952922,0.5137658778209983
ceiling_now,105,cct_region,2015,0.5,pvgis,365,0.264632338334809,71.725720549728,0.3,2169,0.357375478927203,0.782162588792423,0.3614568925772245,0.2472549720817629,0.7508417508417509,0.2222222222222222,0.10142923005993545,0.0,0.25633932687874594,0.6422314430613186,0.0,0.0,0.0,0.0,0.07260536398467432,0.2796455938697318,0.43668582375478926,0.1790018019720545,0.7114902079495296,0.0,21.709066091403,0.31588850837138505,35.35438240349712,73.03394679329693,2.7542207229896576,0.8904109589041096,0.3317066210045662,0,nan,0.009485207183330208,8.884752523017838e-06,0.9990641809050251,0.40099650103326123,17.265915786000722,0.14286478109590828,0.5791757659392758,0.49229940104838443
ceiling_now,130,cct_region,2011,0.5,pvgis,365,0.2526532182741883,68.47891018896,0.28,1455,0.16291059066136399,0.11283185840707964,0.15945017182130583,0.1271352847469251,0.5330363771343727,0.5555555555555556,0.43711340206185567,0.0,0.015807560137457044,0.5470790378006873,0.0,0.0,0.0,0.0,0.13661805862424511,0.29496243923994697,0.36964206805125943,0.2045004584823189,0.7191275597451369,0.0,19.639202912676332,0.31588850837138505,34.59174217265647,69.38713174496525,2.4931164340352896,0.410958904109589,0.27965182648401826,0,nan,0.008386495614380563,7.505226742116068e-06,0.9991058820597983,0.39999007066276804,19.528731880263415,0.1333818212428597,0.5120660195097683,0.4352561165833031
ceiling_now,130,cct_region,2012,0.5,pvgis,365,0.2526532182741883,68.47891018896,0.28,1455,0.16291059066136399,0.11283185840707964,0.15945017182130583,0.1271352847469251,0.5330363771343727,0.5555555555555556,0.43711340206185567,0.0,0.01443298969072165,0.5484536082474227,0.0,0.0,0.0,0.0,0.13661805862424511,0.29496243923994697,0.36964206805125943,0.2039186162411819,0.7211411820912552,0.0,20.729461989872192,0.31588850837138505,32.71878192595117,69.3866771592642,2.542460069174778,0.410958904109589,0.30480403348554036,0,nan,0.008959868311918197,8.1096192441591e-06,0.9990957137376555,0.39999007066276804,18.278835328015116,0.13834286760412995,0.5470808079699404,0.4650186867744493
ceiling_now,130,cct_region,2013,0.5,pvgis,365,0.2526532182741883,68.47891018896,0.28,1455,0.16291059066136399,0.11283185840707964,0.15945017182130583,0.1271352847469251,0.5330363771343727,0.5555555555555556,0.43711340206185567,0.0,0.01443298969072165,0.5484536082474227,0.0,0.0,0.0,0.0,0.13661805862424511,0.29496243923994697,0.36964206805125943,0.20499063675210233,0.7224365315215031,0.0,20.64649507784094,0.31588850837138505,34.672360328345206,69.3866771592642,2.781460622867209,0.410958904109589,0.28376141552511414,0,nan,0.009003153379036663,8.070748469626145e-06,0.999104367136426,0.39999007066276804,18.19111249587283,0.13871547730729983,0.5497189906482511,0.46726114205101343
ceiling_now,130,cct_region,2014,0.5,pvgis,365,0.2526532182741883,68.47891018896,0.28,1455,0.16291059066136399,0.11283185840707964,0.15945017182130583,0.1265968475231224,0.5397178916109874,0.5555555555555556,0.4309278350515464,0.0,0.016494845360824743,0.5525773195876289,0.0,0.0,0.0,0.0,0.13661805862424511,0.29496243923994697,0.36964206805125943,0.20923023487209674,0.725091341053698,0.0,22.297233232776282,0.31588850837138505,35.46039653915772,69.42865469928252,2.7568173453576654,0.41643835616438357,0.273382800608828,0,nan,0.010187812964591564,9.113972757917949e-06,0.9991062039755787,0.39999007066276804,16.075842539242483,0.14886824025409962,0.6220513777482679,0.5287436710860277
ceiling_now,130,cct_region,2015,0.5,pvgis,365,0.2526532182741883,68.47891018896,0.29,1455,0.16217410517012817,0.1096713021491783,0.15876288659793814,0.1272096986144424,0.5241276911655531,0.5555555555555556,0.44536082474226807,0.0,0.01718213058419244,0.5374570446735395,0.0,0.0,0.0,0.0,0.13661805862424511,0.29496243923994697,0.36964206805125943,0.20239990200551528,0.721740743519543,0.0,21.709066091403,0.31588850837138505,33.753994506289885,69.33423351641594,2.864800654935023,0.40273972602739727,0.2994767884322679,0,nan,0.009716706443568401,8.680795871952263e-06,0.9991074087171822,0.39999007066276804,16.855286868600142,0.14484514620757027,0.5932856603365847,0.504292811286097
ceiling_now,28,cct_region,2011,0.5,pvgis,365,0.2576552408749775,69.834654076896,0.28,1333,0.17812889812889812,-0.0791599353796448,0.18904726181545387,0.1411502558447624,0.5471380471380471,0.38620689655172413,0.2940735183795949,0.0,0.1140285071267817,0.5918979744936234,0.0,0.0,0.0,0.0,0.1862785862785863,0.19176715176715176,0.2892307692307692,0.19742919655932126,0.7132254852595137,0.0,19.639202912676332,0.31588850837138505,35.27658868809041,70.79597084527565,2.5992838317928126,0.663013698630137,0.29244672754946727,0,nan,0.008319871487348467,7.4502349169425845e-06,0.9991053263983998,0.39999007066276804,19.68510372196783,0.1328035891423175,0.5079983393148383,0.4317985884176125
ceiling_now,28,cct_region,2012,0.5,pvgis,365,0.2576552408749775,69.834654076896,0.29,1333,0.17812889812889812,-0.0791599353796448,0.18904726181545387,0.14089023813030643,0.5429292929292929,0.38620689655172413,0.29182295573893474,0.0,0.1110277569392348,0.5971492873218305,0.0,0.0,0.0,0.0,0.1862785862785863,0.19176715176715176,0.2892307692307692,0.19684086841609458,0.7153714327099325,0.0,20.729461989872192,0.31588850837138505,33.36654761752561,70.82418040467826,2.6393211405100083,0.6684931506849315,0.31855974124809744,0,nan,0.008886863979258983,8.050144651140464e-06,0.9990949721898381,0.39999007066276804,18.428979700697862,0.13771297586195275,0.5426236374670989,0.46123009184703395
ceiling_now,28,cct_region,2013,0.5,pvgis,365,0.2576552408749775,69.834654076896,0.29,1333,0.18228690228690228,-0.038772213247173046,0.19279819954988747,0.14214671359816802,0.5547138047138047,0.38620689655172413,0.2873218304576144,0.0,0.10652663165791448,0.6061515378844711,0.0,0.0,0.0,0.0,0.1862785862785863,0.19176715176715176,0.2892307692307692,0.19783975445630334,0.7165980072646037,0.0,20.64649507784094,0.31588850837138505,35.358802920170255,70.8763807801741,2.886920302983186,0.6767123287671233,0.2982305936073059,0,nan,0.008925605406132445,8.010949613580556e-06,0.9991032803184539,0.39999007066276804,18.349141635520954,0.13804669083790033,0.5449846210049208,0.46323692785418275
ceiling_now,28,cct_region,2014,0.5,pvgis,365,0.2576552408749775,69.834654076896,0.29,1333,0.1930977130977131,0.06623586429725352,0.20255063765941486,0.14326073039013634,0.5723905723905723,0.38620689655172413,0.27831957989497375,0.0,0.0900225056264066,0.6316579144786196,0.0,0.0,0.0,0.0,0.1862785862785863,0.19176715176715176,0.2892307692307692,0.20155481265058506,0.7192748062469976,0.0,22.297233232776282,0.31588850837138505,36.16244065374859,71.00622650480851,2.827788247483093,0.6986301369863014,0.288308599695586,0,nan,0.010097496323828843,9.041510622386132e-06,0.9991053800252382,0.39999007066276804,16.21961887583348,0.14809853320653388,0.6165372982283549,0.5240567034941016
ceiling_now,28,cct_region,2015,0.5,pvgis,365,0.2576552408749775,69.834654076896,0.29,1333,0.17979209979209979,-0.0630048465266561,0.1905476369092273,0.1422406017267173,0.5404040404040404,0.38620689655172413,0.3008252063015754,0.0,0.13053263315828958,0.568642160540135,0.0,0.0,0.0,0.0,0.1862785862785863,0.19176715176715176,0.2892307692307692,0.19595392484042712,0.7159185792834588,0.0,21.709066091403,0.31588850837138505,34.42225531270494,70.67627859014117,3.0165022126487493,0.6410958904109589,0.3123002283105023,0,nan,0.00965858422268286,8.622796038834948e-06,0.9991080364760849,0.39999007066276804,16.956727161374708,0.14434743822016038,0.5897364452958082,0.5012759785014369
ceiling_now,40,cct_region,2011,0.5,pvgis,365,0.2463447621244807,66.769071679648,0.29,1079,0.1385449708380231,-0.26121372031662293,0.15384615384615385,0.11866834948692194,0.6356107660455487,0.25663716814159293,0.3262279888785913,0.0,0.0009267840593141798,0.6728452270620945,0.0,0.0,0.0,0.0,0.15880487056175177,0.08216514887956615,0.23636549677683413,0.21132351957311005,0.724231184352931,0.0,19.639202912676332,0.31588850837138505,33.728026720588076,69.07073192383504,2.4430590538194976,0.3315068493150685,0.2866343226788432,0,nan,0.008446706962583267,7.558673110510144e-06,0.9991059338047533,0.39999007066276804,19.38952463675911,0.13390408517414587,0.515742401494556,0.43838104127037253
ceiling_now,40,cct_region,2012,0.5,pvgis,365,0.2463447621244807,66.769071679648,0.29,1079,0.15399570244551314,-0.06200527704485509,0.1686746987951807,0.13114557646766054,0.6356107660455487,0.24778761061946902,0.3262279888785913,0.0,0.0,0.6737720111214087,0.0,0.0,0.0,0.0,0.15880487056175177,0.08216514887956615,0.23636549677683413,0.2109388193436464,0.7260961650275579,0.0,20.729461989872192,0.31588850837138505,31.901832106504624,69.08168340075308,2.4485835265486493,0.33424657534246577,0.3108447488584475,0,nan,0.009024538966940759,8.16904433295427e-06,0.999095615144123,0.39999007066276804,18.147845765012747,0.13890052170809997,0.5510295893785373,0.4683751509717567
ceiling_now,40,cct_region,2013,0.5,pvgis,365,0.2463447621244807,66.769071679648,0.28,1079,0.15399570244551314,-0.06200527704485509,0.1686746987951807,0.13114557646766054,0.6356107660455487,0.24778761061946902,0.3262279888785913,0.0,0.0,0.6737720111214087,0.0,0.0,0.0,0.0,0.15880487056175177,0.08216514887956615,0.23636549677683413,0.21157708657206006,0.7274635918632715,0.0,20.64649507784094,0.31588850837138505,33.80663193496785,69.08168340075308,2.7512957769087296,0.33424657534246577,0.2912956621004566,0,nan,0.009068217324176259,8.126222130446798e-06,0.9991046810768028,0.39999007066276804,18.06059797016977,0.13927623764942731,0.5536915231996606,0.4706377947197115
ceiling_now,40,cct_region,2014,0.5,pvgis,365,0.2463447621244807,66.769071679648,0.29,1079,0.16320474777448069,0.0567282321899732,0.17701575532900835,0.12650884706163715,0.6356107660455487,0.24778761061946902,0.3262279888785913,0.0,0.0,0.6737720111214087,0.0,0.0,0.0,0.0,0.15880487056175177,0.08216514887956615,0.23636549677683413,0.215783915787942,0.7300905859862092,0.0,22.297233232776282,0.31588850837138505,34.574991800811475,69.09621149254264,2.7141869869751956,0.33424657534246577,0.2811073059360731,0,nan,0.010260698668191253,9.176304208948535e-06,0.9991064833570409,0.39999007066276804,15.96165408727261,0.14948891883965487,0.6265014857059037,0.5325262628500181
ceiling_now,40,cct_region,2015,0.5,pvgis,365,0.2463447621244807,66.769071679648,0.29,1079,0.15583751151130665,-0.03825857519788943,0.1686746987951807,0.13035750856012915,0.6356107660455487,0.26548672566371684,0.3262279888785913,0.0,0.017608897126969416,0.6561631139944393,0.0,0.0,0.0,0.0,0.15880487056175177,0.08216514887956615,0.23636549677683413,0.20951253101939077,0.7267294337613198,0.0,21.709066091403,0.31588850837138505,32.911196636249485,69.02364563152314,2.773780133060929,0.3232876712328767,0.305660197869102,0,nan,0.00980038424080123,8.745246966571432e-06,0.9991084584032175,0.39999007066276804,16.71139034645301,0.14556101491572837,0.5983942564134108,0.5086351179513992
ceiling_now,46,cct_region,2011,0.5,pvgis,365,0.32494362877726723,88.072440650112,0.3,6276,0.06541457688613808,nan,0.06835564053537285,0.07203371660186843,0.35315315315315315,0.26584022038567495,0.6042065009560229,0.0,0.0788718929254302,0.31692160611854686,0.0,0.0,0.0,0.0,0.21456265784512504,0.11135417778252053,0.1368583929143101,0.16172991583042426,0.6943316667455427,0.0,19.639202912676332,0.31588850837138505,44.48930555522212,75.90947823039798,3.4972122934872276,1.3397260273972602,0.2524923896499239,0,nan,0.008022529123854389,7.231739851156403e-05,0.991066242168798,0.6801147672055445,20.250438519874344,0.13078444709911996,0.49381646674889146,0.4197439967365577
ceiling_now,7,cct_region,2011,0.5,pvgis,365,0.2592832308673501,70.275903079136,0.28,1853,0.1559567644613375,nan,0.149487317862925,0.10753471567388931,0.6246246246246246,0.2978723404255319,0.3880194279546681,0.0,0.04317323259579061,0.5688073394495413,0.0,0.0,0.0,0.0,0.4600308825276162,0.19622282931464546,0.18612661836322605,0.194445145857484,0.7196250811519881,0.0,19.639202912676332,0.31588850837138505,35.499483177463915,70.78973020721556,2.5104936768924215,0.5506849315068493,0.28788051750380517,0,nan,0.008296586398510756,7.427149603216998e-06,0.9991055951968064,0.39999007066276804,19.740356982705215,0.13260136929593014,0.5065764519233938,0.43058998413488475
ceiling_now,46,cct_region,2013,0.5,pvgis,365,0.32494362877726723,88.072440650112,0.31,6276,0.07235086970440721,nan,0.0745697896749522,0.07773395822077914,0.3769369369369369,0.30165289256198347,0.5791905672402804,0.0,0.10293180369662205,0.3178776290630975,0.0,0.0,0.0,0.0,0.21456265784512504,0.11135417778252053,0.1368583929143101,0.16322758855324473,0.6984659937331036,0.0,20.64649507784094,0.31588850837138505,44.592990583395554,76.11686665736268,3.671627731314926,1.3506849315068492,0.25930365296803654,0,nan,0.008593858249542839,7.698993466692974e-05,0.991120830046692,0.6793732159659647,18.905208388668132,0.13577834174339198,0.5289547617996131,0.4496115475296711
ceiling_now,46,cct_region,2012,0.5,pvgis,365,0.32494362877726723,88.072440650112,0.32,6276,0.07163945505637961,nan,0.07393244104525175,0.07775538061701608,0.37045045045045044,0.2975206611570248,0.584289356277884,0.0,0.09862970044614404,0.31708094327597197,0.0,0.0,0.0,0.0,0.21456265784512504,0.11135417778252053,0.1368583929143101,0.16249185841467853,0.6980200416338457,0.0,20.729461989872192,0.31588850837138505,42.080444495477394,76.04288525999121,3.3106338379942843,1.3424657534246576,0.2825437595129376,0,nan,0.00858036959080046,7.131116688441348e-05,0.9917575360347096,0.6532060953072746,18.947092064554553,0.13561263966204118,0.5277854757832519,0.44861765441576407
ceiling_now,46,cct_region,2014,0.5,pvgis,365,0.32494362877726723,88.072440650112,0.31,6276,0.0741471916906769,nan,0.07632249840662843,0.08178893713731232,0.38828828828828826,0.3044077134986226,0.5685149776927979,0.0,0.09847036328871893,0.3330146590184831,0.0,0.0,0.0,0.0,0.21456265784512504,0.11135417778252053,0.1368583929143101,0.16606822364897364,0.7014371495768675,0.0,22.297233232776282,0.31588850837138505,45.60650368130288,76.53736708167541,3.574558442777712,1.4191780821917808,0.24777397260273973,0,nan,0.009717992309147005,8.508296959220074e-05,0.9913207878983927,0.6818073903172623,16.721711010881172,0.14550928089097703,0.5980249266054645,0.5083211876146447
ceiling_now,46,cct_region,2015,0.5,pvgis,365,0.32494362877726723,88.072440650112,0.31,6276,0.06199978657560559,nan,0.06500956022944551,0.07101583189728042,0.3425225225225225,0.2465564738292011,0.6201402166985341,0.0,0.05927342256214149,0.3205863607393244,0.0,0.0,0.0,0.0,0.21456265784512504,0.11135417778252053,0.1368583929143101,0.16278625775627836,0.6982033699193442,0.0,21.709066091403,0.31588850837138505,43.41185730988292,75.88952563169445,3.660935004111234,1.356164383561644,0.27382039573820394,0,nan,0.009310719119698968,7.312048137536056e-05,0.9922078291526861,0.6519503001038505,17.468775980593612,0.14191916487146117,0.5724499536263551,0.48658246058240184
ceiling_now,7,cct_region,2012,0.5,pvgis,365,0.2592832308673501,70.275903079136,0.29,1853,0.1642712911272123,nan,0.15704263356718834,0.10986227763715045,0.6318318318318318,0.2978723404255319,0.3783054506206152,0.0,0.0528872099298435,0.5688073394495413,0.0,0.0,0.0,0.0,0.4600308825276162,0.19622282931464546,0.18612661836322605,0.19471741428787048,0.7217936796641593,0.0,20.729461989872192,0.31588850837138505,33.5773735468446,70.79744576415243,2.4352863100897886,0.5506849315068493,0.31191019786910196,0,nan,0.008870084126654219,8.032386389553747e-06,0.9990952600838531,0.39999007066276804,18.46384777538706,0.1375680952854007,0.5415989192312527,0.46035908134656484
ceiling_now,7,cct_region,2013,0.5,pvgis,365,0.2592832308673501,70.275903079136,0.29,1853,0.1660529754127569,nan,0.1586616297895305,0.1108517143333356,0.6372372372372372,0.2978723404255319,0.3766864543982731,0.0,0.05450620615218565,0.5688073394495413,0.0,0.0,0.0,0.0,0.4600308825276162,0.19622282931464546,0.18612661836322605,0.19556275231034229,0.7230102767736318,0.0,20.64649507784094,0.31588850837138505,35.5822168786866,70.79970022976121,2.7198185025466666,0.5506849315068493,0.2914764079147641,0,nan,0.008904189937631708,9.042052201129416e-06,0.9989855473063594,0.40301001527817343,18.391105719673373,0.13787094043978443,0.543741097051211,0.46217993249352934
ceiling_now,7,cct_region,2014,0.5,pvgis,365,0.2592832308673501,70.275903079136,0.29,1853,0.17199192303123892,nan,0.1640582838640043,0.13262476438392007,0.6552552552552553,0.2978723404255319,0.3604964921748516,0.0,0.07069616837560712,0.5688073394495413,0.0,0.0,0.0,0.0,0.4600308825276162,0.19622282931464546,0.18612661836322605,0.1995410044783166,0.7256936614936045,0.0,22.297233232776282,0.31588850837138505,36.390932382790126,70.84045154201769,2.692450923049686,0.5506849315068493,0.2803748097412481,0,nan,0.010076248946097488,9.022594255446205e-06,0.9991053692288457,0.39999007066276804,16.253820353086283,0.14791733880492497,0.6152399732965669,0.5229539773020818
ceiling_now,7,cct_region,2015,0.5,pvgis,365,0.2592832308673501,70.275903079136,0.3,1853,0.13279486874925764,nan,0.12844036697247707,0.07723399639566739,0.5987987987987988,0.28191489361702127,0.41446303291958986,0.0,0.019967620075553156,0.565569347004857,0.0,0.0,0.0,0.0,0.4600308825276162,0.19622282931464546,0.18612661836322605,0.19297583414388197,0.7223721006834407,0.0,21.709066091403,0.31588850837138505,34.63975171205602,70.7287263622944,2.876076528763584,0.5452054794520548,0.3077720700152207,0,nan,0.009625848742534013,8.596130706867222e-06,0.9991077710423418,0.39999007066276804,17.014388891702566,0.1440670429770322,0.5877378296482171,0.4995771552009845
ceiling_now,78,cct_region,2011,0.5,pvgis,365,0.26856215194727723,72.79085383900801,0.3,2359,0.06897966627154188,-0.46524064171123003,0.06909707503179313,0.07146413646696745,0.5365517241379311,0.2826086956521739,0.43959304790165327,0.0,0.0771513353115727,0.48325561678677403,0.0,0.0,0.0,0.0,0.10864411416066382,0.24491656788547456,0.19389988146256956,0.19049071687202948,0.713412689597095,0.0,19.639202912676332,0.31588850837138505,36.76989662333198,71.48323326369243,2.7601510798384825,0.7205479452054795,0.28401826484018267,0,nan,0.008261082392580577,8.767456954927127e-06,0.9989398287617738,0.4031048512017934,19.82190666233167,0.13230487904122068,0.5044923361990894,0.428818485769226
ceiling_now,78,cct_region,2012,0.5,pvgis,365,0.26856215194727723,72.79085383900801,0.3,2359,0.07116804960335552,-0.439572192513369,0.07036880033912675,0.07352821421864658,0.535632183908046,0.29347826086956524,0.43959304790165327,0.0,0.07376006782534972,0.486646884272997,0.0,0.0,0.0,0.0,0.10864411416066382,0.24491656788547456,0.19389988146256956,0.19075433216594964,0.7157727356605529,0.0,20.729461989872192,0.31588850837138505,34.77900081047541,71.53609212004672,2.66803764853217,0.7315068493150685,0.3090753424657534,0,nan,0.008833175675385913,8.99274496997336e-06,0.9989829706309064,0.40304432939541723,18.53891308512224,0.13725795694835863,0.5394059486704834,0.4584950563699109
ceiling_now,78,cct_region,2013,0.5,pvgis,365,0.26856215194727723,72.79085383900801,0.29,2359,0.06656332634266435,-0.49358288770053477,0.06570580754557016,0.0693691587749689,0.5333333333333333,0.29891304347826086,0.43959304790165327,0.0,0.06824925816023739,0.4921576939381094,0.0,0.0,0.0,0.0,0.10864411416066382,0.24491656788547456,0.19389988146256956,0.19158829715407216,0.7169058247811332,0.0,20.64649507784094,0.31588850837138505,36.85559110023469,71.5685701351376,2.9570409341398953,0.736986301369863,0.288308599695586,0,nan,0.008864961925101807,1.2716422115654767e-05,0.9985675959841865,0.41452808123538093,18.464759075256346,0.1375643157418297,0.5415721894471114,0.4603363610300447
ceiling_now,78,cct_region,2014,0.5,pvgis,365,0.26856215194727723,72.79085383900801,0.29,2359,0.07568159022522111,-0.3866310160427808,0.07418397626112759,0.07192005793097116,0.5521839080459771,0.34782608695652173,0.41670199236964817,0.0,0.07884696905468419,0.5044510385756676,0.0,0.0,0.0,0.0,0.10864411416066382,0.24491656788547456,0.19389988146256956,0.19511588608230046,0.7196334595711378,0.0,22.297233232776282,0.31588850837138505,37.69324795667156,71.73029183631607,2.9363277293520187,0.7589041095890411,0.2786244292237443,0,nan,0.010029468071456413,1.1090057387787512e-05,0.9988954740119548,0.4051632308905948,16.32620315777806,0.14753624248703112,0.6125122849053757,0.5206354421695694
ceiling_now,78,cct_region,2015,0.5,pvgis,365,0.26856215194727723,72.79085383900801,0.3,2359,0.06843257043858848,-0.4716577540106952,0.06782534972445951,0.0715118984935473,0.526896551724138,0.29347826086956524,0.44722339974565495,0.0,0.08223823654090716,0.4705383637134379,0.0,0.0,0.0,0.0,0.10864411416066382,0.24491656788547456,0.19389988146256956,0.18944325481895852,0.7162976045122518,0.0,21.709066091403,0.31588850837138505,35.879398106808,71.34955821824943,3.13155149058775,0.6986301369863014,0.3030346270928463,0,nan,0.009581900370022049,9.40503578071311e-06,0.9990194206749978,0.4020768231929349,17.09091566720583,0.14369769195663684,0.5851061578396335,0.4973402341636885
ceiling_now,0,cct_region,2011,1.0,pvgis,365,0.6324456329947064,85.70875921763201,0.3,1861,0.7433857361963189,0.8290849673202612,0.8382590005373455,0.4406032554984056,0.9917491749174917,0.6976744186046512,0.0,0.0,0.199892530897367,0.800107469102633,0.0,0.0,0.0,0.0,0.500191717791411,0.6087039877300612,0.7935199386503067,0.3260013113651608,0.6778076986762265,0.0,19.639202912676332,0.31588850837138505,86.59060994439086,86.00776153460579,12.844511616537114,3.8,0.0,0,nan,0.009678554165544582,9.990127820467397e-05,0.9897835318901479,1.2957623898528376,16.76381231902802,0.14529886861966557,0.5965230229074653,0.5070445694713456
ceiling_now,0,cct_region,2012,1.0,pvgis,365,0.6324456329947064,85.70875921763201,0.29,1861,0.7015912576687114,0.6866013071895419,0.7915099408919936,0.4239559029383888,0.9493949394939494,0.6976744186046512,0.04137560451370231,0.0,0.2595378828586781,0.6990865126276196,0.0,0.0,0.0,0.0,0.500191717791411,0.6087039877300612,0.7935199386503067,0.3105625787827126,0.6882346114928213,0.0,20.729461989872192,0.31588850837138505,81.90218548301715,83.65676405658229,12.625697166622437,3.3205479452054796,0.0,0,nan,0.010206492262328986,9.994297097758178e-05,0.9903028575142447,1.264196496302241,15.905032935078108,0.14979982097023115,0.6287318008594172,0.5344220307305046
ceiling_now,0,cct_region,2013,1.0,pvgis,365,0.6324456329947064,85.70875921763201,0.3,1861,0.7414685582822085,0.822549019607843,0.8371843095110156,0.4402955935366244,0.9917491749174917,0.6976744186046512,0.0,0.0,0.2181622783449758,0.7818377216550242,0.0,0.0,0.0,0.0,0.500191717791411,0.6087039877300612,0.7935199386503067,0.3238003579846129,0.6858019546045039,0.0,20.64649507784094,0.31588850837138505,86.79241461900928,85.57623261607107,13.33997435541828,3.7095890410958905,0.0,0,nan,0.010327553067812707,0.00010502379792782948,0.9899330913848604,1.2866694157566825,15.712723130495196,0.1508716321859197,0.6364269208430229,0.5409628827165694
ceiling_now,0,cct_region,2014,1.0,pvgis,365,0.6324456329947064,85.70875921763201,0.3,1861,0.7540260736196318,0.8653594771241829,0.8538420204191295,0.4923449528100201,0.9917491749174917,0.16279069767441862,0.0,0.0,0.1676518001074691,0.832348199892531,0.0,0.0,0.0,0.0,0.500191717791411,0.6087039877300612,0.7935199386503067,0.3366892155531717,0.6905086147334178,0.0,22.297233232776282,0.31588850837138505,88.76503964066944,86.70202193426887,14.410664646822534,3.9424657534246577,0.0,0,nan,0.011727041203059431,0.00011763312547918636,0.9900686906016689,1.2987587669100324,13.839484926489757,0.16277804293849718,0.722570243987859,0.6141847073896801
ceiling_now,0,cct_region,2015,1.0,pvgis,365,0.6324456329947064,85.70875921763201,0.3,1861,0.7046587423312882,0.6970588235294115,0.814078452444922,0.4061929142491161,0.993949394939494,0.7441860465116279,0.0,0.0,0.2896292315959162,0.7103707684040839,0.0,0.0,0.0,0.0,0.500191717791411,0.6087039877300612,0.7935199386503067,0.2935321091247592,0.6862200526019835,0.0,21.709066091403,0.31588850837138505,84.49354640107268,83.91061059929626,13.483919013858062,3.372602739726027,0.0,0,nan,0.010717595553821471,0.00010035609106392228,0.9907231891620286,1.2579061008775034,15.152978790258494,0.15413773134817688,0.6599362500545948,0.5609458125464056
ceiling_now,100,cct_region,2012,1.0,pvgis,365,0.6105281741575894,82.73851465568,0.33,4890,0.3576188360728565,0.6401576213505286,0.3595092024539877,0.2434154588239089,0.8891484391590572,0.5524861878453039,0.04294478527607362,0.0,0.1296523517382413,0.8274028629856851,0.0,0.0,0.0,0.0,0.13079900996382557,0.2012227369846206,0.4851177254553531,0.2905206443564464,0.7327393101332901,0.0,20.729461989872192,0.31588850837138505,79.06385806743447,84.38710267685556,9.978297277851327,2.3863013698630136,0.0,0,nan,0.009970449369252506,0.00010396343223681101,0.989680447457797,1.318072384645822,16.271339586636472,0.14782480456799585,0.6145775488708333,0.5223909165402083
ceiling_now,100,cct_region,2011,1.0,pvgis,365,0.6105281741575894,82.73851465568,0.33,4890,0.35761883607285655,0.6401576213505288,0.3595092024539877,0.209459032349404,0.941601189212147,0.585635359116022,0.0,0.0,0.05357873210633947,0.9464212678936605,0.0,0.0,0.0,0.0,0.13079900996382557,0.2012227369846206,0.4851177254553531,0.303520526397111,0.722474370281136,0.0,19.639202912676332,0.31588850837138505,83.58980476821888,86.23050927323992,10.392227191428873,2.7095890410958905,0.0,0,nan,0.009419169165591901,0.00010298606607565572,0.9891845844170699,1.3506192837618096,17.215030404443777,0.14310530725855508,0.5808877338618388,0.493754573782563
ceiling_now,100,cct_region,2013,1.0,pvgis,365,0.6105281741575894,82.73851465568,0.33,4890,0.3423875103128768,0.5971699802973314,0.34662576687116564,0.2141501394764519,0.9354427691654279,0.5303867403314917,0.0,0.0,0.07075664621676891,0.9292433537832311,0.0,0.0,0.0,0.0,0.13079900996382557,0.2012227369846206,0.4851177254553531,0.30343602704140704,0.7300574398057522,0.0,20.64649507784094,0.31588850837138505,83.78461588415563,85.95984850291599,10.893625728074694,2.652054794520548,0.0,0,nan,0.010068169144507323,0.00010580435630667906,0.9896004883147952,1.3481084342480476,16.112111144763162,0.1486728468064128,0.6206511307024002,0.52755346109704
ceiling_now,100,cct_region,2014,1.0,pvgis,365,0.6105281741575894,82.73851465568,0.33,4890,0.4159844302003342,0.8048838736640994,0.4175869120654397,0.2805137057861176,0.9575281376088342,0.5359116022099447,0.0,0.0,0.020245398773006136,0.9797546012269939,0.0,0.0,0.0,0.0,0.13079900996382557,0.2012227369846206,0.4851177254553531,0.3289229572642714,0.7341438753239472,0.0,22.297233232776282,0.31588850837138505,85.68887941281247,86.99963412538429,11.085692477994392,2.8219178082191783,0.0,0,nan,0.011613770339802685,0.00012491194826037952,0.9893589463284647,1.3723610161627144,13.964445736442075,0.16189017919844617,0.7161043258525952,0.608688676974706
ceiling_now,105,cct_region,2011,1.0,pvgis,365,0.529264676669618,71.725720549728,0.31,2169,0.38352490421455937,0.8539857932123125,0.3932687874596588,0.22767313434028214,0.8465608465608465,0.35555555555555557,0.0,0.0,0.030428769017980636,0.9695712309820194,0.0,0.0,0.0,0.0,0.07260536398467432,0.2796455938697318,0.43668582375478926,0.30226891808162676,0.7264021473456613,0.0,19.639202912676332,0.31588850837138505,72.46370088419438,75.33972749066047,10.45981780214275,1.2767123287671234,0.0,0,nan,0.009334356983363143,8.141915529571104e-05,0.9913529002711285,1.113966447887506,17.40952518571019,0.14219318774872958,0.5743982040479795,0.4882384734407825
ceiling_now,105,cct_region,2013,1.0,pvgis,365,0.529264676669618,71.725720549728,0.3,2169,0.39137931034482754,0.8755590634043672,0.3941908713692946,0.22708985336076948,0.8581048581048581,0.5333333333333333,0.0,0.0,0.039188566159520516,0.9608114338404795,0.0,0.0,0.0,0.0,0.07260536398467432,0.2796455938697318,0.43668582375478926,0.3046381841968713,0.7328533312000076,0.0,20.64649507784094,0.31588850837138505,72.63258193940429,75.281608589305,10.751180404879035,1.2602739726027397,0.0,0,nan,0.010020125585006355,9.081530770826187e-05,0.9910181150624964,1.1127703716975117,16.212555643274012,0.1481360435794633,0.616805901551285,0.5242850163185923
ceiling_now,105,cct_region,2012,1.0,pvgis,365,0.529264676669618,71.725720549728,0.31,2169,0.3927681992337164,0.8793738489871086,0.39511295527893037,0.23421046968385134,0.8335738335738335,0.5222222222222223,0.04103273397879207,0.0,0.025357307514983864,0.9336099585062241,0.0,0.0,0.0,0.0,0.07260536398467432,0.2796455938697318,0.43668582375478926,0.28772399565874407,0.7347910842985359,0.0,20.729461989872192,0.31588850837138505,68.5401739797723,74.91629981386491,10.072276793469399,1.210958904109589,0.0,0,nan,0.009882762884154076,9.169405795684677e-05,0.9908071127592194,1.1022158106738702,16.434397659979133,0.14697254240702262,0.6084798607710394,0.5172078816553836
ceiling_now,100,cct_region,2015,1.0,pvgis,365,0.6105281741575894,82.73851465568,0.34,4890,0.303145691861818,0.4864170995283302,0.30593047034764825,0.1580243611852497,0.9114461669144192,0.6132596685082873,0.0,0.0,0.17321063394683026,0.8267893660531698,0.0,0.0,0.0,0.0,0.13079900996382557,0.2012227369846206,0.4851177254553531,0.2731259089509383,0.730611730684331,0.0,21.709066091403,0.31588850837138505,81.56541514577572,84.40430259197593,11.15755434115578,2.3808219178082193,0.0,0,nan,0.010476230881020536,0.0001037388296827003,0.9901947895391654,1.2943320166278884,15.493824303027665,0.15212229540613953,0.6454184457252358,0.5486056788664505
ceiling_now,105,cct_region,2014,1.0,pvgis,365,0.529264676669618,71.725720549728,0.3,2169,0.4129310344827586,0.9347540121020783,0.4149377593360996,0.23008442114658229,0.8744588744588745,0.5333333333333333,0.0,0.0,0.0,1.0,0.0,0.0,0.0,0.0,0.07260536398467432,0.2796455938697318,0.43668582375478926,0.32613020282306493,0.7367939431350158,0.0,22.297233232776282,0.31588850837138505,74.28338113827697,75.55776022063162,11.042259133275266,1.3068493150684932,0.0,0,nan,0.011497092709908726,0.000103391247717901,0.9910873332444093,1.1209588643122688,14.13080630323358,0.16073111766225112,0.7076737013734086,0.6015226461673973
ceiling_now,105,cct_region,2015,1.0,pvgis,365,0.529264676669618,71.725720549728,0.31,2169,0.38548850574712645,0.8593791107603264,0.39557399723374825,0.23384462424072605,0.8201058201058201,0.32222222222222224,0.04241585984324574,0.0,0.0239741816505302,0.9336099585062241,0.0,0.0,0.0,0.0,0.07260536398467432,0.2796455938697318,0.43668582375478926,0.2635056076560198,0.7334086153860708,0.0,21.709066091403,0.31588850837138505,70.70876480699424,74.88844823415057,11.481954914720351,1.210958904109589,0.0,0,nan,0.010378640838091988,8.644912281509642e-05,0.9917392852676821,1.0796430012358222,15.663906611537803,0.15114767246939975,0.6384103434729461,0.5426487919520042
ceiling_now,130,cct_region,2011,1.0,pvgis,365,0.5053064365483766,68.47891018896,0.29,1455,0.27441449403446755,0.5913400758533501,0.26597938144329897,0.1614635825630713,0.9992576095025983,0.8518518518518519,0.0,0.0,0.13127147766323025,0.8687285223367698,0.0,0.0,0.0,0.0,0.13661805862424511,0.29496243923994697,0.36964206805125943,0.32709146949624957,0.7361300310249145,0.0,19.639202912676332,0.31588850837138505,69.18348434531293,71.62429045262947,11.924045730997994,0.7013698630136986,0.0,0,nan,0.009623324554700129,9.607019138207446e-05,0.9901156199648337,1.0244601285982096,16.86567899663368,0.14479389635774786,0.5929200954195771,0.5039820811066406
ceiling_now,130,cct_region,2012,1.0,pvgis,365,0.5053064365483766,68.47891018896,0.29,1455,0.2351598173515982,0.42288242730720604,0.2274914089347079,0.1621556129676459,0.8878990348923533,0.75,0.11271477663230241,0.0,0.12577319587628866,0.7615120274914089,0.0,0.0,0.0,0.0,0.13661805862424511,0.29496243923994697,0.36964206805125943,0.31542967774422453,0.7439936432048172,0.0,20.729461989872192,0.31588850837138505,65.43756385190234,70.99963213491974,11.48909644268189,0.6082191780821918,0.0049752663622526635,0,nan,0.010214447157484199,0.00010038447863524515,0.9902679479242562,1.0073255293918228,15.892086038028683,0.1498712064168234,0.6292440134083517,0.534857411397099
ceiling_now,130,cct_region,2013,1.0,pvgis,365,0.5053064365483766,68.47891018896,0.29,1455,0.2633672116659302,0.5439317319848292,0.2556701030927835,0.1593316178680194,0.9992576095025983,0.8518518518518519,0.0,0.0,0.15051546391752577,0.8494845360824742,0.0,0.0,0.0,0.0,0.13661805862424511,0.29496243923994697,0.36964206805125943,0.3251575200087097,0.74233869677098,0.0,20.64649507784094,0.31588850837138505,69.34472065669041,71.54411344806519,12.435853058732754,0.6876712328767123,0.0,0,nan,0.01028920793161278,9.918313214825369e-05,0.990452503035408,1.01884910537815,15.77955535393976,0.15049634478498986,0.6337314186424937,0.5386717058461197
ceiling_now,130,cct_region,2014,1.0,pvgis,365,0.5053064365483766,68.47891018896,0.29,1455,0.30681985564884373,0.7304045512010113,0.29621993127147767,0.18313231814641703,0.9992576095025983,0.8518518518518519,0.0,0.0,0.07353951890034365,0.9264604810996564,0.0,0.0,0.0,0.0,0.13661805862424511,0.29496243923994697,0.36964206805125943,0.34147346086138125,0.7461141717218058,0.0,22.297233232776282,0.31588850837138505,70.92079307831544,71.80516320712222,12.969955309410889,0.7315068493150685,0.0,0,nan,0.011731505810938965,0.00011514956856925884,0.9902799933921907,1.0217253034652463,13.83717062560447,0.16279462864935912,0.7226910956417548,0.6142874312954916
ceiling_now,130,cct_region,2015,1.0,pvgis,365,0.5053064365483766,68.47891018896,0.29,1455,0.22705847694800413,0.3881163084702907,0.21993127147766323,0.1547518783203232,0.9138827023014106,0.8333333333333334,0.07766323024054983,0.0,0.19243986254295534,0.7298969072164948,0.0,0.0,0.0,0.0,0.13661805862424511,0.29496243923994697,0.36964206805125943,0.29693811068570575,0.7427821545153995,0.0,21.709066091403,0.31588850837138505,67.50798901257977,70.87129236686476,12.62914807657824,0.5835616438356165,0.0,0,nan,0.01077797990814894,9.348748171828657e-05,0.9914006565658816,0.9869495038711051,15.07838693254751,0.15459028712606593,0.663200914310964,0.5637207771643195
ceiling_now,28,cct_region,2012,1.0,pvgis,365,0.515310481749955,69.834654076896,0.3,1333,0.25106029106029104,0.6292407108239096,0.2528132033008252,0.1670967156272997,0.8333333333333334,0.6551724137931034,0.046511627906976744,0.0,0.072768192048012,0.8807201800450113,0.0,0.0,0.0,0.0,0.1862785862785863,0.19176715176715176,0.2892307692307692,0.3047292873178065,0.7386210654295923,0.0,20.729461989872192,0.31588850837138505,66.73309523505122,72.74297924727121,11.025885368043125,0.9753424657534246,0.005698249619482496,0,nan,0.010080645673814148,0.00010769656222735711,0.989429432214558,1.0448452945786328,16.08938805069824,0.14879516738982945,0.6215276782740052,0.5282985265329044
ceiling_now,28,cct_region,2013,1.0,pvgis,365,0.515310481749955,69.834654076896,0.29,1333,0.2544698544698545,0.6623586429725368,0.2565641410352588,0.16822681835020808,0.8703703703703703,0.7241379310344828,0.0,0.0,0.06001500375093773,0.9399849962490623,0.0,0.0,0.0,0.0,0.1862785862785863,0.19176715176715176,0.2892307692307692,0.31342564758915625,0.7368422093280111,0.0,20.64649507784094,0.31588850837138505,70.71760584034051,73.16290567240452,12.052821376127119,1.0465753424657533,0.0,0,nan,0.010143162895497432,0.0001089517852717517,0.9893727500457908,1.0537843762337828,15.989305322196381,0.14933784720817966,0.6254180402770834,0.5316053342355209
ceiling_now,28,cct_region,2014,1.0,pvgis,365,0.515310481749955,69.834654076896,0.3,1333,0.2562162162162162,0.6793214862681747,0.25881470367591897,0.17113053081225144,0.8712121212121212,0.7172413793103448,0.0,0.0,0.02625656414103526,0.9737434358589647,0.0,0.0,0.0,0.0,0.1862785862785863,0.19176715176715176,0.2892307692307692,0.33412720608116375,0.7406683308831898,0.0,22.297233232776282,0.31588850837138505,72.32488130749718,73.38054684949937,12.369027358759634,1.0876712328767124,0.0,0,nan,0.011620471257118101,0.00012203310962018226,0.9896075738352841,1.0616082992391247,13.959900436002446,0.1619222119814666,0.7163374872080104,0.6088868641268088
ceiling_now,40,cct_region,2011,1.0,pvgis,365,0.4926895242489614,66.769071679648,0.29,1079,0.21098946075923464,0.6728232189973616,0.22613531047265986,0.15446114520162332,0.9503105590062112,0.6283185840707964,0.0,0.0,0.04077849860982391,0.959221501390176,0.0,0.0,0.0,0.0,0.15880487056175177,0.08216514887956615,0.23636549677683413,0.32824390675701004,0.7408841465127158,0.0,19.639202912676332,0.31588850837138505,67.45605344117615,70.19860688057459,11.803010999878092,0.4547945205479452,0.0,0,nan,0.009627993272354973,0.00010260417841680353,0.9894555109348743,0.9932026524793396,16.84626176946502,0.14488970319956884,0.5936035030706736,0.5045629776100725
ceiling_now,28,cct_region,2015,1.0,pvgis,365,0.515310481749955,69.834654076896,0.3,1333,0.2508108108108108,0.6268174474959615,0.25731432858214554,0.16292686616944502,0.8156565656565656,0.6068965517241379,0.042010502625656414,0.0,0.08252063015753938,0.8754688672168042,0.0,0.0,0.0,0.0,0.1862785862785863,0.19176715176715176,0.2892307692307692,0.28539912798622985,0.7372728241890482,0.0,21.709066091403,0.31588850837138505,68.84451062540988,72.6810285762312,12.200710309699135,0.9698630136986301,0.0,0,nan,0.010642056011091914,0.00010198901406859915,0.9905073914126606,1.0276399550169713,15.257213781691258,0.15351234104093803,0.6554276647811055,0.5571135150639397
ceiling_now,28,cct_region,2011,1.0,pvgis,365,0.515310481749955,69.834654076896,0.32,1333,0.25646569646569645,0.6817447495961229,0.26106526631657917,0.17088023914157932,0.8686868686868687,0.696551724137931,0.0,0.0,0.042010502625656414,0.9579894973743436,0.0,0.0,0.0,0.0,0.1862785862785863,0.19176715176715176,0.2892307692307692,0.32027843923962024,0.7304789495655198,0.0,19.639202912676332,0.31588850837138505,70.55317737618083,73.26472960062337,11.273932678775335,1.0684931506849316,0.0,0,nan,0.009534682485000412,0.00010197296620703584,0.9894182201778047,1.062725334568851,17.01048591588393,0.1440859651512234,0.5878726833230714,0.4996917808246107
ceiling_now,40,cct_region,2012,1.0,pvgis,365,0.4926895242489614,66.769071679648,0.3,1079,0.21395681980967973,0.7110817941952506,0.22798887859128822,0.1604666771609959,0.8985507246376812,0.4424778761061947,0.06672845227062095,0.0,0.03429101019462465,0.8989805375347544,0.0,0.0,0.0,0.0,0.15880487056175177,0.08216514887956615,0.23636549677683413,0.31403995643546134,0.7484547144784918,0.0,20.729461989872192,0.31588850837138505,63.80366421300925,70.00199330461525,11.491471419206096,0.43561643835616437,0.012747336377473363,0,nan,0.010193454751247015,0.00010779636690782022,0.9895356043968445,0.970804736436549,15.913037159155532,0.14975574309454676,0.6284155500916757,0.5341532175779243
ceiling_now,40,cct_region,2013,1.0,pvgis,365,0.4926895242489614,66.769071679648,0.31,1079,0.2232681878645247,0.8311345646437994,0.23725671918443003,0.15843777093683353,0.9503105590062112,0.6283185840707964,0.0,0.0,0.061167747914735865,0.9388322520852641,0.0,0.0,0.0,0.0,0.15880487056175177,0.08216514887956615,0.23636549677683413,0.3297668422343111,0.7469398687377311,0.0,20.64649507784094,0.31588850837138505,67.6132638699357,70.18990940817028,12.102653141195576,0.4547945205479452,0.0,0,nan,0.010335945567616321,0.00011020046335805022,0.9894506104900995,0.9909818417012108,15.692312872415421,0.1509868470590403,0.6372546915998853,0.5416664878599026
ceiling_now,40,cct_region,2014,1.0,pvgis,365,0.4926895242489614,66.769071679648,0.31,1079,0.20986391077458305,0.6583113456464382,0.2242817423540315,0.15306114126129974,0.9503105590062112,0.6371681415929203,0.0,0.0,0.006487488415199258,0.9935125115848007,0.0,0.0,0.0,0.0,0.15880487056175177,0.08216514887956615,0.23636549677683413,0.3408171448804704,0.750652109613453,0.0,22.297233232776282,0.31588850837138505,69.14998360162295,70.26472930304213,12.920768253390492,0.4657534246575342,0.0,0,nan,0.011716342140181895,0.00012155443358186253,0.9897317540473142,0.9859433046719075,13.847408685111708,0.1627212958841141,0.7221567751337968,0.6138332588637273
ceiling_now,40,cct_region,2015,1.0,pvgis,365,0.4926895242489614,66.769071679648,0.3,1079,0.23595620587332447,0.9947229551451188,0.2520852641334569,0.17196290634190678,0.9296066252587992,0.4424778761061947,0.03429101019462465,0.0,0.06580166821130677,0.8999073215940686,0.0,0.0,0.0,0.0,0.15880487056175177,0.08216514887956615,0.23636549677683413,0.30153385958586054,0.7473540955222674,0.0,21.709066091403,0.31588850837138505,65.82239327249897,70.04375562135517,12.244908152480408,0.4383561643835616,0.0,0,nan,0.010845870451349772,0.00010257896972898595,0.9906307308200655,0.9649955822543019,14.97236599672201,0.15524086007396087,0.667897111397715,0.5677125446880578
ceiling_now,46,cct_region,2011,1.0,pvgis,365,0.6498872575545345,88.072440650112,0.34,6276,0.15085547611425318,nan,0.15694710006373486,0.09642145676753101,0.8954954954954955,0.790633608815427,0.0,0.0,0.19231994901210964,0.8076800509878904,0.0,0.0,0.0,0.0,0.21456265784512504,0.11135417778252053,0.1368583929143101,0.25672478826057765,0.7152364630529483,0.0,19.639202912676332,0.31588850837138505,88.97861111044423,89.31489412251757,12.63565318610839,3.158904109589041,0.0,0,nan,0.008867599001905377,9.556720371375079e-05,0.9893377851619177,1.409156697078423,18.288648014384037,0.13830139957693577,0.546787274386548,0.4647691832285658
ceiling_now,46,cct_region,2012,1.0,pvgis,365,0.6498872575545345,88.072440650112,0.33,6276,0.13723188560452462,nan,0.13957934990439771,0.09380674763334242,0.8246846846846847,0.7837465564738292,0.08333333333333333,0.0,0.16220522625876355,0.7544614404079031,0.0,0.0,0.0,0.0,0.21456265784512504,0.11135417778252053,0.1368583929143101,0.2415076811606194,0.7263599409348419,0.0,20.729461989872192,0.31588850837138505,84.16088899095479,87.75878220335741,12.189183844764406,2.958904109589041,0.0007229832572298326,0,nan,0.009375326122478616,0.00010672673139098634,0.9887443433362185,1.3749914516547723,17.287837808465003,0.14276157509155785,0.5784413360879341,0.491675135674744
ceiling_now,46,cct_region,2013,1.0,pvgis,365,0.6498872575545345,88.072440650112,0.34,6276,0.14886351509977588,nan,0.1534416826003824,0.09605260386206514,0.8965765765765765,0.8071625344352618,0.0,0.0,0.1988527724665392,0.8011472275334608,0.0,0.0,0.0,0.0,0.21456265784512504,0.11135417778252053,0.1368583929143101,0.2601359899408944,0.723153264112885,0.0,20.64649507784094,0.31588850837138505,89.18598116679111,89.02665892719604,13.189672598800605,3.0931506849315067,0.0,0,nan,0.009535790076007328,0.00010312267072574043,0.9893014208723185,1.401049522393012,17.006502303338046,0.14410528678456214,0.58801038694695,0.4998088289049075
ceiling_now,7,cct_region,2011,1.0,pvgis,365,0.5185664617347002,70.275903079136,0.3,1853,0.20424040859959616,nan,0.19967620075553158,0.15653139606037414,0.9855855855855856,0.8457446808510638,0.0,0.0,0.04641122504047491,0.9535887749595251,0.0,0.0,0.0,0.0,0.4600308825276162,0.19622282931464546,0.18612661836322605,0.32672536021893855,0.7369326650957628,0.0,19.639202912676332,0.31588850837138505,70.99896635492783,73.74835597244733,10.885885139025437,1.0246575342465754,0.0,0,nan,0.009611796008109253,0.0001088168933955089,0.988805552232343,1.0532455962332885,16.86356544489234,0.14480431468954846,0.5929944075396472,0.5040452464087001
ceiling_now,7,cct_region,2012,1.0,pvgis,365,0.5185664617347002,70.275903079136,0.3,1853,0.2001425347428436,nan,0.19643820831084727,0.15945413839216796,0.9279279279279279,0.7819148936170213,0.05774419859686994,0.0,0.07177549919050188,0.8704803022126282,0.0,0.0,0.0,0.0,0.4600308825276162,0.19622282931464546,0.18612661836322605,0.3074967230764402,0.7451012300026122,0.0,20.729461989872192,0.31588850837138505,67.1547470936892,73.14436210760549,10.818719076067726,0.9178082191780822,0.002654109589041096,0,nan,0.010121682279152954,0.00010626072271144935,0.9896107435588876,1.0386241697396368,16.027092818087606,0.14913219609494655,0.6239434758070631,0.5303519544360037
ceiling_now,46,cct_region,2015,1.0,pvgis,365,0.6498872575545345,88.072440650112,0.34,6276,0.165670686159428,nan,0.17065009560229447,0.10195898177826,0.8756756756756757,0.7865013774104683,0.0,0.0,0.34639898024219246,0.6536010197578075,0.0,0.0,0.0,0.0,0.21456265784512504,0.11135417778252053,0.1368583929143101,0.24993578564185326,0.7240906103023039,0.0,21.709066091403,0.31588850837138505,86.82371461976584,86.54066628360675,13.422987859595247,2.6410958904109587,0.0,0,nan,0.010171770636919892,9.612057745938225e-05,0.9906387226498101,1.3524729080478435,15.964737881078154,0.1494720460408674,0.6263804689115676,0.5324233985748323
ceiling_now,46,cct_region,2014,1.0,pvgis,365,0.6498872575545345,88.072440650112,0.35,6276,0.12732543663074022,nan,0.1340025493945188,0.08612183269585813,0.9048648648648648,0.8085399449035813,0.0,0.0,0.08476736775015933,0.9152326322498406,0.0,0.0,0.0,0.0,0.21456265784512504,0.11135417778252053,0.1368583929143101,0.27507308428721666,0.727703006510502,0.0,22.297233232776282,0.31588850837138505,91.21300736260577,91.08327926004377,13.144294675874567,3.4684931506849317,0.0,0,nan,0.010892245178880572,0.0001290727196031373,0.9882888125728689,1.4425850768895492,14.873374794092705,0.1558562074646216,0.6723423660359669,0.5714910111305719
ceiling_now,7,cct_region,2014,1.0,pvgis,365,0.5185664617347002,70.275903079136,0.3,1853,0.19052143960090273,nan,0.1867242309767944,0.15695693615243808,0.9867867867867868,0.851063829787234,0.0,0.0,0.03184025903939557,0.9681597409606044,0.0,0.0,0.0,0.0,0.4600308825276162,0.19622282931464546,0.18612661836322605,0.34032244060440575,0.7471364119587437,0.0,22.297233232776282,0.31588850837138505,72.78186476558025,73.88433682708312,12.006805509613574,1.0493150684931507,0.0,0,nan,0.011703187344463425,0.0001199147218311794,0.9898575922664973,1.0530069091621628,13.864736251944132,0.16259741484058388,0.7212542538339153,0.613066115758828
ceiling_now,7,cct_region,2013,1.0,pvgis,365,0.5185664617347002,70.275903079136,0.31,1853,0.22306687255018415,nan,0.21532649757150565,0.15540977208695367,0.9843843843843844,0.8617021276595744,0.0,0.0,0.07609282245008095,0.923907177549919,0.0,0.0,0.0,0.0,0.4600308825276162,0.19622282931464546,0.18612661836322605,0.3203342529775575,0.7432957130843583,0.0,20.64649507784094,0.31588850837138505,71.1644337573732,73.5420218705525,11.658506495794215,0.9863013698630136,0.0,0,nan,0.010224383527558856,0.00010701224315394853,0.9896420342876319,1.04786219898435,15.866606552202635,0.15001201553018473,0.6302544887023609,0.5357163153970067
ceiling_now,7,cct_region,2015,1.0,pvgis,365,0.5185664617347002,70.275903079136,0.31,1853,0.23233163083501607,nan,0.2266594711279007,0.12198090719100538,0.9369369369369369,0.7978723404255319,0.040474905558553695,0.0,0.09713977334052887,0.8623853211009175,0.0,0.0,0.0,0.0,0.4600308825276162,0.19622282931464546,0.18612661836322605,0.29209951284827695,0.7438070646392378,0.0,21.709066091403,0.31588850837138505,69.27950342411204,73.04929406817475,11.79440842909209,0.9041095890410958,0.0,0,nan,0.010715509512661859,0.00010900223036732257,0.9899300556962748,1.021000693587633,15.143795463527953,0.1541932198547208,0.6603364410252253,0.5612859748714415
ceiling_now,78,cct_region,2011,1.0,pvgis,365,0.5371243038945545,72.79085383900801,0.31,2359,0.22558584845445423,1.3716577540106942,0.2166172106824926,0.12601080084208657,0.9802298850574712,0.9021739130434783,0.0,0.0,0.08435777871979652,0.9156422212802034,0.0,0.0,0.0,0.0,0.10864411416066382,0.24491656788547456,0.19389988146256956,0.3155111192327335,0.7313492326692641,0.0,19.639202912676332,0.31588850837138505,73.53979324666396,75.95683300685984,11.68563360684409,1.4164383561643836,0.0,0,nan,0.009508812546066489,9.874964656466896e-05,0.9897216750113356,1.0843034415681647,17.06199642972049,0.14383689800760424,0.5860978837494587,0.49818320118703985
ceiling_now,78,cct_region,2012,1.0,pvgis,365,0.5371243038945545,72.79085383900801,0.31,2359,0.17744141515455458,0.8069518716577537,0.17337855023314963,0.11560279126195945,0.8859770114942529,0.7228260869565217,0.08859686307757525,0.0,0.10470538363713437,0.8066977532852904,0.0,0.0,0.0,0.0,0.10864411416066382,0.24491656788547456,0.19389988146256956,0.30107106632342623,0.7399045194987807,0.0,20.729461989872192,0.31588850837138505,69.55800162095082,74.95006516991272,11.407789487186765,1.2602739726027397,0.004233257229832572,0,nan,0.010061472785932274,0.00010937340742792274,0.9892463807486024,1.071160650710845,16.11706525814976,0.14864622179880493,0.6204603530374984,0.5273913000818736
ceiling_now,78,cct_region,2013,1.0,pvgis,365,0.5371243038945545,72.79085383900801,0.32,2359,0.21564694082246738,1.2550802139037425,0.20813904196693514,0.12822630329372944,0.9806896551724138,0.8913043478260869,0.0,0.0,0.11106401017380246,0.8889359898261976,0.0,0.0,0.0,0.0,0.10864411416066382,0.24491656788547456,0.19389988146256956,0.30997619163945245,0.7379251716770189,0.0,20.64649507784094,0.31588850837138505,73.71118220046938,75.74535854275882,12.429419593053398,1.3753424657534246,0.0,0,nan,0.010122064562234403,0.00010688483802862684,0.989550751123485,1.0771283245466914,16.02551595619147,0.14914075946463357,0.6240048699422057,0.5304041394508748
ceiling_now,78,cct_region,2014,1.0,pvgis,365,0.5371243038945545,72.79085383900801,0.31,2359,0.22098112519376312,1.317647058823529,0.21195421788893598,0.12183727319230565,0.9797701149425287,0.907608695652174,0.0,0.0,0.06697753285290377,0.9330224671470962,0.0,0.0,0.0,0.0,0.10864411416066382,0.24491656788547456,0.19389988146256956,0.32966667356487095,0.7418895454662762,0.0,22.297233232776282,0.31588850837138505,75.38649591334313,76.14440675746218,12.829086395429892,1.4493150684931506,0.0,0,nan,0.011587680163333431,0.00011862449017317551,0.9898666151544551,1.0875412156237516,14.003069002640993,0.16161877358326304,0.7141291668357836,0.6070097918104161
ceiling_now,78,cct_region,2015,1.0,pvgis,365,0.5371243038945545,72.79085383900801,0.31,2359,0.18190936445700737,0.8593582887700529,0.18058499364137345,0.10456894291429218,0.8680459770114942,0.7445652173913043,0.07842306061890632,0.0,0.11445527766002543,0.8071216617210683,0.0,0.0,0.0,0.0,0.10864411416066382,0.24491656788547456,0.19389988146256956,0.28176197676067805,0.7384241189705718,0.0,21.709066091403,0.31588850837138505,71.758796213616,74.90315799729996,12.591508788551982,1.2602739726027397,0.0,0,nan,0.010599345395332303,9.906721277497614e-05,0.9907400082232851,1.055515489061695,15.322291056971226,0.15312597279928297,0.6526439135517056,0.5547473265189498
ceiling_now,0,cct_region,2011,2.0,pvgis,365,1.2648912659894127,85.70875921763201,0.3,1861,0.7910276073619631,0.9915032679738561,0.876947877485223,0.513137842308067,0.9911991199119912,0.13953488372093023,0.0,0.0,0.0,1.0,0.0,0.0,0.0,0.0,0.500191717791411,0.6087039877300612,0.7935199386503067,0.37416096047191955,0.7178327217409197,0.0,19.639202912676332,0.31588850837138505,173.18121988878173,90.30738721298859,84.9127898773149,4.67945205479452,0.0,0,nan,0.010055127845664539,6.550992160873819e-05,0.9935270955136271,1.3226697035115593,16.197021926727366,0.14821864698719145,0.6173974478295046,0.524787830655079
ceiling_now,0,cct_region,2012,2.0,pvgis,365,1.2648912659894127,85.70875921763201,0.31,1861,0.7824961656441717,0.9624183006535947,0.8710370768404084,0.5082230234412762,0.9917491749174917,0.13953488372093023,0.0,0.0,0.0,1.0,0.0,0.0,0.0,0.0,0.500191717791411,0.6087039877300612,0.7935199386503067,0.37643450779762605,0.7417100234223856,0.0,20.729461989872192,0.31588850837138505,163.8043709660343,90.29687164178868,77.68488839700721,4.67945205479452,0.0,0,nan,0.010760474787370349,7.329687713653937e-05,0.9932344081630711,1.3524780343687177,15.130851646618268,0.1542715385747535,0.6609013315013892,0.5617661317761808
ceiling_now,0,cct_region,2013,2.0,pvgis,365,1.2648912659894127,85.70875921763201,0.31,1861,0.7935199386503067,1.0,0.8790972595378829,0.5145236624754218,0.9911991199119912,0.13953488372093023,0.0,0.0,0.0,1.0,0.0,0.0,0.0,0.0,0.500191717791411,0.6087039877300612,0.7935199386503067,0.37921562824809324,0.7334140801540462,0.0,20.64649507784094,0.31588850837138505,173.58482923801856,90.31679588195713,84.37788420535763,4.67945205479452,0.0,0,nan,0.010823353055521517,7.155279170320872e-05,0.9934324543317246,1.3272813640307162,15.045948457714024,0.1547884179890866,0.6646307494741565,0.564936137053033
ceiling_now,0,cct_region,2014,2.0,pvgis,365,1.2648912659894127,85.70875921763201,0.3,1861,0.7896855828220858,0.9869281045751633,0.876947877485223,0.51291827363802,0.9911991199119912,0.13953488372093023,0.0,0.0,0.0,1.0,0.0,0.0,0.0,0.0,0.500191717791411,0.6087039877300612,0.7935199386503067,0.3812239876348875,0.7421516746273905,0.0,22.297233232776282,0.31588850837138505,177.53007928133889,90.3174876958519,89.82770841147327,4.67945205479452,0.0,0,nan,0.012155400278584519,7.555329788268494e-05,0.9938227794414941,1.3052683216648473,13.402404874169946,0.1660058321642437,0.7461347492398697,0.6342145368538892
ceiling_now,0,cct_region,2015,2.0,pvgis,365,1.2648912659894127,85.70875921763201,0.31,1861,0.7935199386503067,1.0,0.8790972595378829,0.5145236624754218,0.9911991199119912,0.13953488372093023,0.0,0.0,0.0,1.0,0.0,0.0,0.0,0.0,0.500191717791411,0.6087039877300612,0.7935199386503067,0.3801237636440923,0.7355782407254425,0.0,21.709066091403,0.31588850837138505,168.98709280214536,90.31970150031508,80.72301881552697,4.67945205479452,0.0,0,nan,0.011644921746550891,7.744923023257265e-05,0.9933930405046928,1.328245797076691,13.983876824376873,0.16175346057581663,0.7151092737435925,0.6078428826820537
ceiling_now,105,cct_region,2011,2.0,pvgis,365,1.058529353339236,71.725720549728,0.3,2169,0.43668582375478926,1.0,0.43614568925772246,0.24900730762706702,0.9095719095719096,0.5777777777777777,0.0,0.0,0.0,1.0,0.0,0.0,0.0,0.0,0.07260536398467432,0.2796455938697318,0.43668582375478926,0.38777995357208184,0.7585887987597056,0.0,19.639202912676332,0.31588850837138505,144.92740176838876,75.61684112724261,71.36217403487159,1.3068493150684932,0.0,0,nan,0.01017844145847446,5.5731555044437365e-05,0.9945543665354476,1.1483770278112457,16.0173363898044,0.1491852054140228,0.6243235302447262,0.5306750007080172
ceiling_now,100,cct_region,2011,2.0,pvgis,365,1.2210563483151788,82.73851465568,0.34,4890,0.48257917116202315,0.9928353931578004,0.4815950920245399,0.3145612590971939,0.9556169038012317,0.5469613259668509,0.0,0.0,0.0,1.0,0.0,0.0,0.0,0.0,0.13079900996382557,0.2012227369846206,0.4851177254553531,0.3737269983753011,0.7588232243839795,0.0,19.639202912676332,0.31588850837138505,167.17960953643777,87.35374147591902,80.7883193506667,2.863013698630137,0.0,0,nan,0.010060015724925667,6.584872983201089e-05,0.9934969769616981,1.4144594319151427,16.188661477882015,0.14826316750028934,0.6177162956716736,0.5250588513209226
ceiling_now,105,cct_region,2012,2.0,pvgis,365,1.058529353339236,71.725720549728,0.31,2169,0.43668582375478926,1.0,0.43614568925772246,0.24900730762706702,0.9095719095719096,0.5777777777777777,0.0,0.0,0.0,1.0,0.0,0.0,0.0,0.0,0.07260536398467432,0.2796455938697318,0.43668582375478926,0.3905697329591953,0.7789824112701895,0.0,20.729461989872192,0.31588850837138505,137.0803479595446,75.61684112724261,64.07652942458121,1.3068493150684932,0.0,0,nan,0.010887732095189095,6.30497223055946e-05,0.9942424455754504,1.1896098681788638,14.969177046985747,0.1552605632596602,0.668039396461921,0.5678334869926328
ceiling_now,100,cct_region,2013,2.0,pvgis,365,1.2210563483151788,82.73851465568,0.33,4890,0.484059994499799,0.9970147471490838,0.48302658486707567,0.3165411214342847,0.9556169038012317,0.5469613259668509,0.0,0.0,0.0,1.0,0.0,0.0,0.0,0.0,0.13079900996382557,0.2012227369846206,0.4851177254553531,0.37689401981964604,0.7738452798964812,0.0,20.64649507784094,0.31588850837138505,167.56923176831125,87.35415656425587,81.15791078450914,2.863013698630137,0.0,0,nan,0.010798446199675479,6.983251654239246e-05,0.9935746479855925,1.418153341057722,15.082810821218569,0.15456332891256597,0.663006393074423,0.5635554341132595
ceiling_now,100,cct_region,2012,2.0,pvgis,365,1.2210563483151788,82.73851465568,0.34,4890,0.48257917116202315,0.9928353931578004,0.4815950920245399,0.31752128287823156,0.9554045444892758,0.5469613259668509,0.0,0.0,0.0,1.0,0.0,0.0,0.0,0.0,0.13079900996382557,0.2012227369846206,0.4851177254553531,0.3759494809035545,0.7831451555207867,0.0,20.729461989872192,0.31588850837138505,158.12771613486893,87.35042076922424,72.35143887030692,2.863013698630137,0.0,0,nan,0.010754359505625933,7.234506897589681e-05,0.9933179049564527,1.4606118683463238,15.140728252023903,0.15421176707925233,0.6604702121024643,0.5613996802870946
ceiling_now,100,cct_region,2015,2.0,pvgis,365,1.2210563483151788,82.73851465568,0.33,4890,0.4851177254553531,1.0,0.4840490797546012,0.31731063722233166,0.9556169038012317,0.5469613259668509,0.0,0.0,0.0,1.0,0.0,0.0,0.0,0.0,0.13079900996382557,0.2012227369846206,0.4851177254553531,0.3780092436964152,0.7767273016548474,0.0,21.709066091403,0.31588850837138505,163.13083029155143,87.35581691760325,76.93985917135997,2.863013698630137,0.0,0,nan,0.011617217589130743,7.675768349379543e-05,0.993436134273904,1.4184909033000848,14.017832944519306,0.16151539939152204,0.7133770276460458,0.606370473499139
ceiling_now,100,cct_region,2014,2.0,pvgis,365,1.2210563483151788,82.73851465568,0.35,4890,0.4851177254553531,1.0,0.4840490797546012,0.31731063722233166,0.9556169038012317,0.5469613259668509,0.0,0.0,0.0,1.0,0.0,0.0,0.0,0.0,0.13079900996382557,0.2012227369846206,0.4851177254553531,0.3795594216261952,0.7816140023902353,0.0,22.297233232776282,0.31588850837138505,171.37775882562494,87.35581691760325,85.04094817748172,2.863013698630137,0.0,0,nan,0.012138535028057097,7.507234396550406e-05,0.9938533848617509,1.4128365236191909,13.421439451581465,0.16586115283084502,0.7450765647064546,0.6333150800004863
ceiling_now,105,cct_region,2013,2.0,pvgis,365,1.058529353339236,71.725720549728,0.31,2169,0.435727969348659,0.9973691133912128,0.4352236053480867,0.24870005943008566,0.9086099086099086,0.5777777777777777,0.0,0.0,0.0,1.0,0.0,0.0,0.0,0.0,0.07260536398467432,0.2796455938697318,0.43668582375478926,0.390971178164081,0.7713502059632347,0.0,20.64649507784094,0.31588850837138505,145.26516387880858,75.6160109505689,71.68371019353704,1.3068493150684932,0.0,0,nan,0.010937242870074745,6.093239727920044e-05,0.9944597721169195,1.152075882936072,14.904671715458937,0.1556608251567374,0.6709305773993081,0.5702909907894118
ceiling_now,105,cct_region,2014,2.0,pvgis,365,1.058529353339236,71.725720549728,0.32,2169,0.43668582375478926,1.0,0.43614568925772246,0.24900730762706702,0.9095719095719096,0.5777777777777777,0.0,0.0,0.0,1.0,0.0,0.0,0.0,0.0,0.07260536398467432,0.2796455938697318,0.43668582375478926,0.3938009858309268,0.7783195753613246,0.0,22.297233232776282,0.31588850837138505,148.56676227655393,75.61684112724261,75.06783696375909,1.3068493150684932,0.0,0,nan,0.012291103138941722,6.606933849514867e-05,0.994653361145862,1.1410975699526422,13.26550973762823,0.16705782940697622,0.7538345828984271,0.6407593954636629
ceiling_now,105,cct_region,2015,2.0,pvgis,365,1.058529353339236,71.725720549728,0.31,2169,0.43668582375478926,1.0,0.43614568925772246,0.24900730762706702,0.9095719095719096,0.5777777777777777,0.0,0.0,0.0,1.0,0.0,0.0,0.0,0.0,0.07260536398467432,0.2796455938697318,0.43668582375478926,0.39194163364685614,0.7738770848424144,0.0,21.709066091403,0.31588850837138505,141.41752961398848,75.61684112724261,68.0277399937251,1.3068493150684932,0.0,0,nan,0.011789663984448931,6.634799099778688e-05,0.9944038525656695,1.154690187864505,13.826250527451407,0.16287295929059853,0.7232618836282073,0.6147726010839762
ceiling_now,130,cct_region,2011,2.0,pvgis,365,1.0106128730967532,68.47891018896,0.28,1455,0.3689055825600236,0.9968394437420985,0.35601374570446737,0.25349615125002006,0.9985152190051967,0.8240740740740741,0.0,0.0,0.0,1.0,0.0,0.0,0.0,0.0,0.13661805862424511,0.29496243923994697,0.36964206805125943,0.39809694506975873,0.7666544524720528,0.0,19.639202912676332,0.31588850837138505,138.36696869062587,72.15996664634797,68.58673452837023,0.7835616438356164,0.0,0,nan,0.010278336951964727,5.200113544584343e-05,0.9949661729358872,1.078858894385262,15.868231072588259,0.1500030250297798,0.6301899659927819,0.5356614710938645
ceiling_now,130,cct_region,2012,2.0,pvgis,365,1.0106128730967532,68.47891018896,0.29,1455,0.3689055825600236,0.9968394437420985,0.35601374570446737,0.25349615125002006,0.9985152190051967,0.8240740740740741,0.0,0.0,0.0,1.0,0.0,0.0,0.0,0.0,0.13661805862424511,0.29496243923994697,0.36964206805125943,0.40079862917355413,0.7860390940130646,0.0,20.729461989872192,0.31588850837138505,130.87512770380468,72.15913646967427,61.81404972550831,0.7835616438356164,0.0,0,nan,0.010989583287874076,5.8777286908423475e-05,0.9946799992170259,1.1181212903979068,14.836969767545574,0.15608445863978715,0.6739920722810951,0.5728932614389308
ceiling_now,130,cct_region,2013,2.0,pvgis,365,1.0106128730967532,68.47891018896,0.3,1455,0.3689055825600236,0.9968394437420985,0.35601374570446737,0.2537982251948624,0.9985152190051967,0.8240740740740741,0.0,0.0,0.0,1.0,0.0,0.0,0.0,0.0,0.13661805862424511,0.29496243923994697,0.36964206805125943,0.40126135750137853,0.778967340118045,0.0,20.64649507784094,0.31588850837138505,138.68944131338083,72.1574761163269,68.89541363299894,0.7835616438356164,0.0,0,nan,0.011051632040584783,5.585557897803281e-05,0.9949713579802099,1.0831202831744813,14.757990055310307,0.15658329962661,0.6775990471955726,0.5759591901162368
ceiling_now,130,cct_region,2015,2.0,pvgis,365,1.0106128730967532,68.47891018896,0.28,1455,0.3689055825600236,0.9968394437420985,0.35601374570446737,0.25349615125002006,0.9985152190051967,0.8240740740740741,0.0,0.0,0.0,1.0,0.0,0.0,0.0,0.0,0.13661805862424511,0.29496243923994697,0.36964206805125943,0.4028330511448418,0.7812316227525155,0.0,21.709066091403,0.31588850837138505,135.01597802515954,72.15996664634797,65.403240413781,0.7835616438356164,0.0,0,nan,0.011917719240859324,6.101063638146686e-05,0.9949067524681907,1.0821366227203448,13.684605422185967,0.16389963857218592,0.7307481430036444,0.6211359215530978
ceiling_now,130,cct_region,2014,2.0,pvgis,365,1.0106128730967532,68.47891018896,0.29,1455,0.3689055825600236,0.9968394437420985,0.35601374570446737,0.25349615125002006,0.9985152190051967,0.8240740740740741,0.0,0.0,0.0,1.0,0.0,0.0,0.0,0.0,0.13661805862424511,0.29496243923994697,0.36964206805125943,0.40484413545660053,0.7855187212562225,0.0,22.297233232776282,0.31588850837138505,141.84158615663088,72.15996664634797,72.0909746945128,0.7835616438356164,0.0,0,nan,0.012428978689701015,6.163342759885114e-05,0.995065619921582,1.0731655996649607,13.123791715695866,0.16816856592173868,0.7619749091293596,0.6476786727599557
ceiling_now,28,cct_region,2011,2.0,pvgis,365,1.03062096349991,69.834654076896,0.27,1333,0.29006237006237,1.0080775444264944,0.2940735183795949,0.1972486554264408,0.8695286195286195,0.6689655172413793,0.0,0.0,0.0,1.0,0.0,0.0,0.0,0.0,0.1862785862785863,0.19176715176715176,0.2892307692307692,0.3971237932443734,0.7616078016156066,0.0,19.639202912676332,0.31588850837138505,141.10635475236165,73.57968263678393,69.76939461083602,1.1178082191780823,0.0,0,nan,0.010265927128350947,5.345378599728683e-05,0.9948200588348315,1.1074819840026187,15.885080044004145,0.14990988145024664,0.6295215367060438,0.5350933062001373
ceiling_now,40,cct_region,2011,2.0,pvgis,365,0.9853790484979228,66.769071679648,0.27,1079,0.23636549677683413,1.0,0.247451343836886,0.20203634497041997,0.9513457556935818,0.6460176991150443,0.0,0.0,0.0,1.0,0.0,0.0,0.0,0.0,0.15880487056175177,0.08216514887956615,0.23636549677683413,0.4047588258407546,0.7707573159689489,0.0,19.639202912676332,0.31588850837138505,134.9121068823523,70.34118681115211,67.1234469577976,0.4712328767123288,0.0,0,nan,0.010342303634487517,5.090957263251284e-05,0.9951016522399795,1.0419891787941358,15.772234107224087,0.15053730923421393,0.6340255877523239,0.5389217495894754
ceiling_now,28,cct_region,2014,2.0,pvgis,365,1.03062096349991,69.834654076896,0.28,1333,0.29006237006237,1.0080775444264944,0.2940735183795949,0.1972486554264408,0.8695286195286195,0.6689655172413793,0.0,0.0,0.0,1.0,0.0,0.0,0.0,0.0,0.1862785862785863,0.19176715176715176,0.2892307692307692,0.4036386413200955,0.7809133782329407,0.0,22.297233232776282,0.31588850837138505,144.64976261499436,73.57968263678393,73.31544680766254,1.1178082191780823,0.0,0,nan,0.012407869348764996,6.43498382521889e-05,0.994840546234212,1.1035810650116515,13.143145527752223,0.16801555332427498,0.76085287033341,0.6467249397833984
ceiling_now,28,cct_region,2012,2.0,pvgis,365,1.03062096349991,69.834654076896,0.29,1333,0.29006237006237,1.0080775444264944,0.2940735183795949,0.1974605726867596,0.8703703703703703,0.6689655172413793,0.0,0.0,0.0,1.0,0.0,0.0,0.0,0.0,0.1862785862785863,0.19176715176715176,0.2892307692307692,0.3997150764866031,0.7815234350300366,0.0,20.729461989872192,0.31588850837138505,133.46619047010245,73.57885246011024,62.63286598386778,1.1178082191780823,0.0,0,nan,0.010975274333674612,6.118238450687116e-05,0.9944563381102126,1.150751195941,14.852972834926385,0.155983992870792,0.673265891693093,0.572276007939129
ceiling_now,28,cct_region,2013,2.0,pvgis,365,1.03062096349991,69.834654076896,0.3,1333,0.29006237006237,1.0080775444264944,0.2940735183795949,0.1972486554264408,0.8695286195286195,0.6689655172413793,0.0,0.0,0.0,1.0,0.0,0.0,0.0,0.0,0.1862785862785863,0.19176715176715176,0.2892307692307692,0.4004883160513045,0.7741752821210425,0.0,20.64649507784094,0.31588850837138505,141.43521168068102,73.57968263678393,70.08164509979736,1.1178082191780823,0.0,0,nan,0.01103893676422735,6.0115676451550566e-05,0.9945837109273201,1.111477477376511,14.76920599349502,0.15651215206696212,0.6770844691586277,0.5755217987848336
ceiling_now,28,cct_region,2015,2.0,pvgis,365,1.03062096349991,69.834654076896,0.29,1333,0.29006237006237,1.0080775444264944,0.2940735183795949,0.1972486554264408,0.8695286195286195,0.6689655172413793,0.0,0.0,0.0,1.0,0.0,0.0,0.0,0.0,0.1862785862785863,0.19176715176715176,0.2892307692307692,0.4016585355995611,0.7764792007519412,0.0,21.709066091403,0.31588850837138505,137.68902125081976,73.57968263678393,66.52287375303186,1.1178082191780823,0.0,0,nan,0.011909081186296055,6.335466010752427e-05,0.9947082898651276,1.1141613010790183,13.691799557918019,0.16384701228033416,0.7303641831520212,0.620809555679218
ceiling_now,40,cct_region,2012,2.0,pvgis,365,0.9853790484979228,66.769071679648,0.29,1079,0.23636549677683413,1.0,0.247451343836886,0.20167967865346237,0.9513457556935818,0.6460176991150443,0.0,0.0,0.0,1.0,0.0,0.0,0.0,0.0,0.15880487056175177,0.08216514887956615,0.23636549677683413,0.40691239722207234,0.7895770443932743,0.0,20.729461989872192,0.31588850837138505,127.6073284260185,70.33911136946787,60.294135471679155,0.4712328767123288,0.0,0,nan,0.011050301723054348,5.73050803042027e-05,0.9948409156608896,1.0847720235456726,14.75783170317349,0.1565843048540182,0.677606317861019,0.5759653701818662
ceiling_now,40,cct_region,2013,2.0,pvgis,365,0.9853790484979228,66.769071679648,0.29,1079,0.23636549677683413,1.0,0.247451343836886,0.20203634497041997,0.9513457556935818,0.6460176991150443,0.0,0.0,0.0,1.0,0.0,0.0,0.0,0.0,0.15880487056175177,0.08216514887956615,0.23636549677683413,0.40822625845144067,0.7826903474608541,0.0,20.64649507784094,0.31588850837138505,135.2265277398714,70.34118681115211,67.42199036085654,0.4712328767123288,0.0,0,nan,0.011125715498946854,5.5740543653096375e-05,0.9950149118826088,1.0432669873502927,14.660361870981712,0.15720693808985875,0.6821114027064847,0.579794692300512
ceiling_now,40,cct_region,2014,2.0,pvgis,365,0.9853790484979228,66.769071679648,0.29,1079,0.23636549677683413,1.0,0.247451343836886,0.20203634497041997,0.9513457556935818,0.6460176991150443,0.0,0.0,0.0,1.0,0.0,0.0,0.0,0.0,0.15880487056175177,0.08216514887956615,0.23636549677683413,0.4114550281378338,0.7891622049511278,0.0,22.297233232776282,0.31588850837138505,138.2999672032459,70.34118681115211,70.51452706757414,0.4712328767123288,0.0,0,nan,0.012508887672249992,6.075952063779666e-05,0.995166171356649,1.036028714011296,13.041272305697065,0.16882574620876956,0.7667963497420042,0.6517768972807034
ceiling_now,40,cct_region,2015,2.0,pvgis,365,0.9853790484979228,66.769071679648,0.29,1079,0.23636549677683413,1.0,0.247451343836886,0.20203634497041997,0.9513457556935818,0.6460176991150443,0.0,0.0,0.0,1.0,0.0,0.0,0.0,0.0,0.15880487056175177,0.08216514887956615,0.23636549677683413,0.4094847146752824,0.7849654161957372,0.0,21.709066091403,0.31588850837138505,131.64478654499794,70.34118681115211,64.01944097782255,0.4712328767123288,0.0,0,nan,0.012002112611417606,6.13074363406061e-05,0.9949179058593753,1.0463531060977487,13.588533863533417,0.16460743645138887,0.735914565944181,0.6255273810525539
ceiling_now,46,cct_region,2011,2.0,pvgis,365,1.299774515109069,88.072440650112,0.34,6276,0.13655604168889837,nan,0.13639260675589548,0.12197690367774684,0.9414414414414415,0.8650137741046832,0.0,0.0,0.0,1.0,0.0,0.0,0.0,0.0,0.21456265784512504,0.11135417778252053,0.1368583929143101,0.3762430821975437,0.7538578902953836,0.0,19.639202912676332,0.31588850837138505,177.95722222088847,93.03786189809637,85.35109994337164,3.734246575342466,0.0,0,nan,0.010078335822073481,6.976438674432032e-05,0.9931253746702559,1.5171457491264437,16.1531901002076,0.14845254377934836,0.619072761353281,0.5262118471502889
ceiling_now,7,cct_region,2011,2.0,pvgis,365,1.0371329234694004,70.275903079136,0.3,1853,0.18612661836322605,nan,0.18564490016189963,0.1763299368752884,0.9891891891891892,0.8191489361702128,0.0,0.0,0.0,1.0,0.0,0.0,0.0,0.0,0.4600308825276162,0.19622282931464546,0.18612661836322605,0.39381397403427676,0.7681420613904717,0.0,19.639202912676332,0.31588850837138505,141.99793270985566,74.074160092734,70.12190297266491,1.0712328767123287,0.0,0,nan,0.010234990436129885,5.405588071970706e-05,0.9947462690850966,1.088534815358587,15.931913102630721,0.14965196286359894,0.6276710107305803,0.5335203591209933
ceiling_now,46,cct_region,2012,2.0,pvgis,365,1.299774515109069,88.072440650112,0.34,6276,0.13593355387187422,nan,0.13798597833014659,0.11825828451412038,0.9394594594594594,0.8443526170798898,0.0,0.0,0.0,1.0,0.0,0.0,0.0,0.0,0.21456265784512504,0.11135417778252053,0.1368583929143101,0.37989322952760274,0.7794196633365192,0.0,20.729461989872192,0.31588850837138505,168.32177798190958,93.03066703359113,76.38015667046997,3.734246575342466,0.0,0,nan,0.0107872600629636,7.533642555314788e-05,0.9930646024058071,1.555510205628655,15.090700644388358,0.1545152871460086,0.6626597555441277,0.5632607922125086
ceiling_now,46,cct_region,2014,2.0,pvgis,365,1.299774515109069,88.072440650112,0.33,6276,0.13655604168889837,nan,0.13639260675589548,0.12278171704750696,0.9421621621621622,0.8650137741046832,0.0,0.0,0.0,1.0,0.0,0.0,0.0,0.0,0.21456265784512504,0.11135417778252053,0.1368583929143101,0.38299485277079187,0.7778639357722011,0.0,22.297233232776282,0.31588850837138505,182.42601472521153,93.03993733978061,89.91024933245932,3.734246575342466,0.0,0,nan,0.012172440113576384,8.02301766301126e-05,0.9934520251724851,1.5051982735394298,13.37865036326116,0.16618692917827982,0.747459551485163,0.6353406187623886
ceiling_now,46,cct_region,2013,2.0,pvgis,365,1.299774515109069,88.072440650112,0.33,6276,0.13655604168889837,nan,0.13639260675589548,0.12263249501467918,0.941981981981982,0.8650137741046832,0.0,0.0,0.0,1.0,0.0,0.0,0.0,0.0,0.21456265784512504,0.11135417778252053,0.1368583929143101,0.3799903626502219,0.7695666267807956,0.0,20.64649507784094,0.31588850837138505,178.37196233358222,93.0391071631069,85.74289527586876,3.734246575342466,0.0,0,nan,0.010828223824807947,7.6046418337469e-05,0.9930259965461447,1.5115378626379838,15.033027261226906,0.15486756445173044,0.6652020132892289,0.5654217112958445
ceiling_now,7,cct_region,2012,2.0,pvgis,365,1.0371329234694004,70.275903079136,0.3,1853,0.18731440788692244,nan,0.1867242309767944,0.17677461840453698,0.9891891891891892,0.8191489361702128,0.0,0.0,0.0,1.0,0.0,0.0,0.0,0.0,0.4600308825276162,0.19622282931464546,0.18612661836322605,0.3964381371521909,0.7881129592105746,0.0,20.729461989872192,0.31588850837138505,134.3094941873784,74.07374500439717,63.03657437646744,1.0712328767123287,0.0,0,nan,0.010943971070304566,6.094706941789383e-05,0.9944618334599051,1.134059119596819,14.89553940772198,0.15571775672010135,0.671341918293735,0.5706406305496748
ceiling_now,46,cct_region,2015,2.0,pvgis,365,1.299774515109069,88.072440650112,0.34,6276,0.13655604168889837,nan,0.13639260675589548,0.12278171704750696,0.9421621621621622,0.8650137741046832,0.0,0.0,0.0,1.0,0.0,0.0,0.0,0.0,0.21456265784512504,0.11135417778252053,0.1368583929143101,0.3809066527147238,0.7727460039455357,0.0,21.709066091403,0.31588850837138505,173.64742923953168,93.03993733978061,81.25440157090142,3.734246575342466,0.0,0,nan,0.011652922784256064,8.050806958122721e-05,0.9931385738251571,1.5190777412080505,13.970695687474967,0.16184616501025717,0.7157839683649554,0.6084163731102121
ceiling_now,7,cct_region,2013,2.0,pvgis,365,1.0371329234694004,70.275903079136,0.3,1853,0.18612661836322605,nan,0.18564490016189963,0.1763299368752884,0.9891891891891892,0.8191489361702128,0.0,0.0,0.0,1.0,0.0,0.0,0.0,0.0,0.4600308825276162,0.19622282931464546,0.18612661836322605,0.397110647146675,0.7807019842110045,0.0,20.64649507784094,0.31588850837138505,142.3288675147464,74.074160092734,70.43612641070975,1.0712328767123287,0.0,0,nan,0.011002472367336508,5.953192582777503e-05,0.9946183418257609,1.093175759148025,14.818670060568193,0.15619959370501946,0.674824391063915,0.5736007324043279
ceiling_now,7,cct_region,2014,2.0,pvgis,365,1.0371329234694004,70.275903079136,0.3,1853,0.18612661836322605,nan,0.18564490016189963,0.1763299368752884,0.9891891891891892,0.8191489361702128,0.0,0.0,0.0,1.0,0.0,0.0,0.0,0.0,0.4600308825276162,0.19622282931464546,0.18612661836322605,0.4000708373191206,0.7874741397162637,0.0,22.297233232776282,0.31588850837138505,145.5637295311605,74.074160092734,73.82497053403772,1.0712328767123287,0.0,0,nan,0.012366168453827842,6.347436505192311e-05,0.9948933073961297,1.084500257314157,13.188165920584693,0.16766124830198004,0.7582555497267094,0.6445172172677031
ceiling_now,7,cct_region,2015,2.0,pvgis,365,1.0371329234694004,70.275903079136,0.3,1853,0.18612661836322605,nan,0.18564490016189963,0.1763299368752884,0.9891891891891892,0.8191489361702128,0.0,0.0,0.0,1.0,0.0,0.0,0.0,0.0,0.4600308825276162,0.19622282931464546,0.18612661836322605,0.3983219423403444,0.7831654474019772,0.0,21.709066091403,0.31588850837138505,138.55900684822407,74.074160092734,66.85486903137452,1.0712328767123287,0.0,0,nan,0.01186709169289199,6.315644375307312e-05,0.9947061919392036,1.0937755955045771,13.740216460836157,0.1634941825380829,0.7277905721866228,0.6186219863586293
ceiling_now,78,cct_region,2011,2.0,pvgis,365,1.074248607789109,72.79085383900801,0.31,2359,0.19389988146256956,1.0,0.18524798643493007,0.12337905189428057,0.9940229885057471,0.9293478260869565,0.0,0.0,0.0,1.0,0.0,0.0,0.0,0.0,0.10864411416066382,0.24491656788547456,0.19389988146256956,0.39137569888445134,0.7639058945577499,0.0,19.639202912676332,0.31588850837138505,147.07958649332792,76.7474088525535,72.29433312467943,1.5397260273972602,0.0,0,nan,0.010214000271506887,5.4172834227285e-05,0.9947241993615172,1.1343604277048758,15.964299602375066,0.14947444368044505,0.6263976653577877,0.5324380155541196
ceiling_now,78,cct_region,2012,2.0,pvgis,365,1.074248607789109,72.79085383900801,0.3,2359,0.19526762104495307,1.016042780748663,0.18651971174226367,0.12337548236485371,0.9935632183908046,0.9293478260869565,0.0,0.0,0.0,1.0,0.0,0.0,0.0,0.0,0.10864411416066382,0.24491656788547456,0.19389988146256956,0.39370033129442555,0.7846372556087552,0.0,20.729461989872192,0.31588850837138505,139.11600324190164,76.74035235082714,65.10131413395784,1.5397260273972602,0.0,0,nan,0.010917034941751084,6.118703412202469e-05,0.9944265078392024,1.177787762840048,14.931761462762125,0.15549233257539852,0.6697133506277007,0.5692563480335455
ceiling_now,78,cct_region,2013,2.0,pvgis,365,1.074248607789109,72.79085383900801,0.31,2359,0.19389988146256956,1.0,0.18524798643493007,0.12337905189428057,0.9940229885057471,0.9293478260869565,0.0,0.0,0.0,1.0,0.0,0.0,0.0,0.0,0.10864411416066382,0.24491656788547456,0.19389988146256956,0.3950739721856908,0.7769239401094593,0.0,20.64649507784094,0.31588850837138505,147.42236440093876,76.7474088525535,72.61980627929191,1.5397260273972602,0.0,0,nan,0.010981080288454348,6.0639368190867436e-05,0.9945081590479999,1.135611289403136,14.845893296189258,0.15602841231919629,0.6735869509830619,0.5725489083356026
ceiling_now,78,cct_region,2014,2.0,pvgis,365,1.074248607789109,72.79085383900801,0.31,2359,0.19389988146256956,1.0,0.18524798643493007,0.12337905189428057,0.9940229885057471,0.9293478260869565,0.0,0.0,0.0,1.0,0.0,0.0,0.0,0.0,0.10864411416066382,0.24491656788547456,0.19389988146256956,0.3980925531174295,0.7839662589911436,0.0,22.297233232776282,0.31588850837138505,150.77299182668625,76.7474088525535,75.97230524154051,1.5397260273972602,0.0,0,nan,0.012344224847102426,6.652720501666918e-05,0.9946395508719144,1.1311748624994022,13.208240011611615,0.16750399788974069,0.757103141009613,0.6435376698581711
ceiling_now,78,cct_region,2015,2.0,pvgis,365,1.074248607789109,72.79085383900801,0.31,2359,0.19389988146256956,1.0,0.18524798643493007,0.12337905189428057,0.9940229885057471,0.9293478260869565,0.0,0.0,0.0,1.0,0.0,0.0,0.0,0.0,0.10864411416066382,0.24491656788547456,0.19389988146256956,0.39612564595822825,0.7793260451459213,0.0,21.709066091403,0.31588850837138505,143.517592427232,76.7474088525535,68.91038244332444,1.5397260273972602,0.0,0,nan,0.01183829924941532,6.415883205939605e-05,0.9946096149534647,1.1435770961461957,13.772297344539789,0.16326168375667371,0.7260952729839684,0.6171809820363731
sunsched,0,cct_region,2011,0.5,pvgis,365,0.3162228164973532,85.70875921763201,0.35,1861,0.29342407975460116,-0.704901960784314,0.32885545405695865,0.2627163530157782,0.40594059405940597,0.06976744186046512,0.599677592692101,0.0,0.053197205803331545,0.0,0.34712520150456744,0.4481013791868171,0.8333333333333334,5.791666666666666,0.500191717791411,0.6087039877300612,0.7935199386503067,0.1855766238684445,0.6792555828812734,0.0,19.639202912676332,0.31588850837138505,43.29530497219543,73.06754387525045,3.521134177421154,1.2575342465753425,0.2268169710806697,651,0.9436619718309859,0.008217370707978488,6.691792660836684e-05,0.9919223086543624,0.6405781343079208,19.787358825790772,0.13243019917378573,0.505373157076731,0.4295671835152214
sunsched,0,cct_region,2012,0.5,pvgis,365,0.3162228164973532,85.70875921763201,0.35,1861,0.2975460122699386,-0.6908496732026146,0.3315421816227834,0.2661510902549467,0.41144114411441146,0.06976744186046512,0.5937667920472864,0.0,0.05373455131649651,0.0,0.3524986566362171,0.44228013612753003,0.8333333333333334,5.875,0.500191717791411,0.6087039877300612,0.7935199386503067,0.18691678781834703,0.6826316115364675,0.0,20.729461989872192,0.31588850837138505,40.951092741508575,73.1599769765609,3.3640058986137555,1.273972602739726,0.25565068493150683,660,0.9436619718309859,0.00880400318215696,6.452809265943701e-05,0.9927239256806056,0.613413427803194,18.483803771936753,0.13748541079683463,0.5410141831944036,0.4598620557152431
sunsched,0,cct_region,2013,0.5,pvgis,365,0.3162228164973532,85.70875921763201,0.34,1861,0.29467024539877296,-0.7006535947712421,0.32993014508328855,0.2635009346661718,0.41089108910891087,0.06976744186046512,0.5943041375604514,0.0,0.055346587855991405,0.0,0.35034927458355725,0.4999552212072363,0.8333333333333334,5.574999999999989,0.500191717791411,0.6087039877300612,0.7935199386503067,0.1872685005114762,0.6834071113235495,0.0,20.64649507784094,0.31588850837138505,43.39620730950464,73.14471477226863,3.753539520080147,1.2712328767123289,0.2306697108066971,659,0.9464788732394366,0.008830679523946665,7.016200490375305e-05,0.9921173739947694,0.6363000608904097,18.416707150403777,0.13776409421865754,0.5429852317427307,0.46153744698132104
sunsched,0,cct_region,2015,0.5,pvgis,365,0.3162228164973532,85.70875921763201,0.34,1861,0.28508435582822084,-0.7333333333333335,0.32079527135948416,0.202406000709446,0.39713971397139713,0.06976744186046512,0.6082751209027405,0.0,0.053197205803331545,0.0,0.338527673293928,0.4436682787032062,0.75,4.712499999999996,0.500191717791411,0.6087039877300612,0.7935199386503067,0.18483992308681513,0.6828849072885744,0.0,21.709066091403,0.31588850837138505,42.24677320053634,72.9449873760247,3.769184902203853,1.2356164383561643,0.2462709284627093,636,0.9436619718309859,0.009520724636368615,6.779425374607733e-05,0.9929296427818514,0.6191498565570412,17.09588245145853,0.14367382887032565,0.5849361697703328,0.4971957443047829
sunsched,0,cct_region,2014,0.5,pvgis,365,0.3162228164973532,85.70875921763201,0.36,1861,0.3030099693251534,-0.6722222222222223,0.33799032778076304,0.26912276732461266,0.41804180418041803,0.06976744186046512,0.5873186458893068,0.0,0.054809242342826435,0.0,0.35787211176786676,0.46829661472326706,0.8333333333333334,5.791666666666666,0.500191717791411,0.6087039877300612,0.7935199386503067,0.1933720281096583,0.6863860509987523,0.0,22.297233232776282,0.31588850837138505,44.38251982033472,73.28829536716582,3.5840178924677604,1.2986301369863014,0.21588660578386606,671,0.9492957746478873,0.010011364399315166,8.145979727264133e-05,0.9919289392457484,0.6456156804507294,16.241657303850594,0.14798169385018745,0.6157007140908697,0.5233456069772392
sunsched,105,cct_region,2013,0.5,pvgis,365,0.264632338334809,71.725720549728,0.36,2169,0.24046934865900385,0.4610628781899501,0.24020285846011988,0.14866297675077228,0.8042328042328042,0.5222222222222223,0.08483171968649147,0.0,0.3739050253573075,0.0,0.541263254956201,0.5020746887966805,0.9166666666666666,2.3333333333333335,0.07260536398467432,0.2796455938697318,0.43668582375478926,0.1889449333336149,0.7166970177468596,0.0,20.64649507784094,0.31588850837138505,36.316290969702145,72.17899222180762,2.8434328094608956,0.7123287671232876,0.303824200913242,1176,0.9464788732394366,0.008836155618990947,9.383520470595379e-06,0.9989391804928278,0.40419095989259535,18.53184856734114,0.13728704230696598,0.5396115753731713,0.4586698390671956
sunsched,105,cct_region,2011,0.5,pvgis,365,0.264632338334809,71.725720549728,0.39,2169,0.24046934865900385,0.4610628781899501,0.24020285846011988,0.14866297675077228,0.8042328042328042,0.5222222222222223,0.08483171968649147,0.0,0.3752881512217612,0.0,0.5398801290917473,0.5682342093130475,0.9166666666666666,2.3333333333333335,0.07260536398467432,0.2796455938697318,0.43668582375478926,0.1883432763139613,0.713259096182012,0.0,19.639202912676332,0.31588850837138505,36.23185044209719,72.16475953555903,2.5565790441658227,0.7095890410958904,0.29868721461187214,1176,0.9464788732394366,0.008240741839495839,8.218462181862148e-06,0.999003697207733,0.40201360208664944,19.87210337230632,0.1321235366716046,0.5032179942227937,0.42773529508937463
sunsched,105,cct_region,2012,0.5,pvgis,365,0.264632338334809,71.725720549728,0.39,2169,0.24046934865900385,0.4610628781899501,0.24020285846011988,0.14866297675077228,0.8042328042328042,0.5222222222222223,0.08483171968649147,0.0,0.3739050253573075,0.0,0.541263254956201,0.503765175964346,0.9166666666666666,2.3333333333333335,0.07260536398467432,0.2796455938697318,0.43668582375478926,0.18805048535200658,0.7155416124457585,0.0,20.729461989872192,0.31588850837138505,34.27008698988615,72.1789922218076,2.5457199385537352,0.7123287671232876,0.3246194824961948,1176,0.9408450704225352,0.00880634795218966,7.976885618929425e-06,0.9990950088899933,0.39999007066276804,18.597475682521488,0.1370176611091164,0.5377073840939781,0.4570512764798814
sunsched,100,cct_region,2012,0.5,pvgis,365,0.3052640870787947,82.73851465568,0.43,4890,0.14050898013581262,0.02740462117141321,0.14171779141104293,0.10347205158808288,0.5374814185602038,0.2983425414364641,0.4378323108384458,0.0,0.365439672801636,0.0,0.1967280163599182,0.3796864349011588,0.8333333333333334,11.416666666666666,0.13079900996382557,0.2012227369846206,0.4851177254553531,0.18192027382629822,0.7154877241773875,0.0,20.729461989872192,0.31588850837138505,39.53192903371723,73.78576622135198,3.2406913532172075,0.8191780821917808,0.2835426179604262,963,0.9436619718309859,0.008755359839258474,6.208688606713788e-05,0.9929586321300008,0.5939606266473427,18.59089109755148,0.1370446070446507,0.5378978311220947,0.45721315645378047
sunsched,100,cct_region,2011,0.5,pvgis,365,0.3052640870787947,82.73851465568,0.44,4890,0.14048782551670155,0.027344916114394935,0.14151329243353783,0.1033110879312249,0.5374814185602038,0.2983425414364641,0.43803680981595094,0.0,0.3660531697341513,0.0,0.19591002044989775,0.4083844580777096,0.8333333333333334,11.345833333333331,0.13079900996382557,0.2012227369846206,0.4851177254553531,0.18102594506158276,0.7121633711330833,0.0,19.639202912676332,0.31588850837138505,41.79490238410944,73.77052506969135,3.370106148697203,0.8164383561643835,0.2560977929984779,963,0.9436619718309859,0.008180799682441836,6.041338798969032e-05,0.9926693573539015,0.6052904578212365,19.890784333332007,0.13205627282481136,0.5027453836117708,0.42733357607000516
sunsched,100,cct_region,2015,0.5,pvgis,365,0.3052640870787947,82.73851465568,0.43,4890,0.14023397008736857,0.026628455430175016,0.1408997955010225,0.10191178749357242,0.5374814185602038,0.30939226519337015,0.43803680981595094,0.0,0.3703476482617587,0.0,0.19161554192229038,0.6110429447852761,0.8333333333333334,11.416666666666666,0.13079900996382557,0.2012227369846206,0.4851177254553531,0.18112142417047397,0.7157388136543893,0.0,21.709066091403,0.31588850837138505,40.78270757288786,73.68352784489873,3.628163488138758,0.8,0.2762557077625571,963,0.9323943661971831,0.009489830015934822,6.150132553491587e-05,0.9935609682738269,0.5866653978066688,17.16244426756177,0.14335529892967636,0.5826675876757662,0.49526744952440127
sunsched,100,cct_region,2013,0.5,pvgis,365,0.3052640870787947,82.73851465568,0.44,4890,0.14050898013581262,0.02740462117141321,0.14171779141104293,0.10347205158808288,0.5374814185602038,0.2983425414364641,0.4378323108384458,0.0,0.365439672801636,0.0,0.1967280163599182,0.3793796864349011,0.8333333333333334,11.416666666666666,0.13079900996382557,0.2012227369846206,0.4851177254553531,0.1825377202401841,0.7161113475261958,0.0,20.64649507784094,0.31588850837138505,41.892307942077814,73.78576622135199,3.6144255859903587,0.8191780821917808,0.2607115677321157,963,0.9408450704225352,0.008776405834526154,6.546942755296465e-05,0.9925955268975861,0.6108569354933197,18.539527755161355,0.1372554272883807,0.5393880648991195,0.45847985516425155
sunsched,100,cct_region,2014,0.5,pvgis,365,0.3052640870787947,82.73851465568,0.44,4890,0.14619957267669395,0.04346528150934393,0.1488752556237219,0.11165760787036004,0.5523465703971119,0.30386740331491713,0.41840490797546015,0.0,0.3805725971370143,0.0,0.20102249488752555,0.5576687116564417,0.8333333333333334,11.408333333333331,0.13079900996382557,0.2012227369846206,0.4851177254553531,0.1874780821645375,0.7189976745355355,0.0,22.297233232776282,0.31588850837138505,42.844439706406234,73.9271080343524,3.460632431521286,0.8328767123287671,0.24542427701674277,1002,0.9436619718309859,0.009949103957383288,7.365442225707754e-05,0.9926512822651004,0.6116520472995144,16.3551974037383,0.14738448599879506,0.611426432414341,0.5197124675521899
sunsched,105,cct_region,2014,0.5,pvgis,365,0.264632338334809,71.725720549728,0.4,2169,0.24056513409961686,0.4613259668508288,0.24112494236975565,0.14937603376081152,0.8056758056758057,0.5888888888888889,0.07976025818349469,0.0,0.3789764868603043,0.0,0.541263254956201,0.5667358229598893,0.9166666666666666,2.3333333333333335,0.07260536398467432,0.2796455938697318,0.43668582375478926,0.1930294612180624,0.7194181139405882,0.0,22.297233232776282,0.31588850837138505,37.14169056913848,72.19690935141182,2.734885886796752,0.7150684931506849,0.2907629375951294,1179,0.9436619718309859,0.010004346567560718,9.87628905732227e-06,0.999013773789666,0.40203560223657137,16.369137593204126,0.14731170449735764,0.6109057330027966,0.519269873052377
sunsched,105,cct_region,2015,0.5,pvgis,365,0.264632338334809,71.725720549728,0.39,2169,0.24046934865900385,0.4610628781899501,0.24020285846011988,0.14897078744719397,0.8027898027898028,0.5222222222222223,0.08621484555094514,0.0,0.3739050253573075,0.0,0.5398801290917473,0.5006915629322268,0.9166666666666666,2.3333333333333335,0.07260536398467432,0.2796455938697318,0.43668582375478926,0.18733081621878436,0.7160892654213435,0.0,21.709066091403,0.31588850837138505,35.35438240349712,72.17590366767664,2.9232793350352493,0.7123287671232876,0.3207572298325723,1173,0.9436619718309859,0.00956491437530334,8.969711887735332e-06,0.9990631062789097,0.40099650103326123,17.12201550970363,0.14354848873267856,0.5840433910559572,0.49643688239756356
sunsched,130,cct_region,2012,0.5,pvgis,365,0.2526532182741883,68.47891018896,0.33,1455,0.16224775371925174,0.10998735777496835,0.15945017182130583,0.12646406255541137,0.5486265775798069,0.5462962962962963,0.4309278350515464,0.0,0.21030927835051547,0.0,0.35876288659793815,0.4443298969072164,0.6666666666666666,0.9166666666666666,0.13661805862424511,0.29496243923994697,0.36964206805125943,0.20910226191827996,0.7218121282839898,0.0,20.729461989872192,0.31588850837138505,32.71878192595117,68.79472799537889,2.5798299135252365,0.29863013698630136,0.29644216133942164,524,0.9464788732394366,0.009011616708033236,8.153456188735799e-06,0.9990960461253128,0.39999007066276804,18.17387681109834,0.1387890906428747,0.5502403314351315,0.4677042817198617
sunsched,130,cct_region,2013,0.5,pvgis,365,0.2526532182741883,68.47891018896,0.34,1455,0.16224775371925174,0.10998735777496835,0.15945017182130583,0.12646406255541137,0.5486265775798069,0.5462962962962963,0.4309278350515464,0.0,0.21030927835051547,0.0,0.35876288659793815,0.4438717067583046,0.6666666666666666,0.9166666666666666,0.13661805862424511,0.29496243923994697,0.36964206805125943,0.20992801757122642,0.7231069145123138,0.0,20.64649507784094,0.31588850837138505,34.672360328345206,68.80735957432634,2.8266454265165595,0.3013698630136986,0.27566590563165905,524,0.9408450704225352,0.00905552611714248,8.112297345534553e-06,0.9991049623810492,0.39999007066276804,18.085914765417098,0.13916685959557773,0.5529164617717571,0.4699789925059935
sunsched,130,cct_region,2011,0.5,pvgis,365,0.2526532182741883,68.47891018896,0.36,1455,0.16224775371925174,0.10998735777496835,0.15945017182130583,0.12646406255541137,0.5486265775798069,0.5462962962962963,0.4309278350515464,0.0,0.21168384879725086,0.0,0.35738831615120276,0.5091638029782359,0.6666666666666666,0.9166666666666666,0.13661805862424511,0.29496243923994697,0.36964206805125943,0.20983306454568607,0.7197994573224321,0.0,19.639202912676332,0.31588850837138505,34.59174217265647,68.781029011564,2.510679652337649,0.2958904109589041,0.27081430745814306,524,0.9464788732394366,0.008436417190632867,7.5469656897023185e-06,0.9991062295445615,0.39999007066276804,19.413179496534124,0.13381483407604533,0.5151139720201589,0.437846876217135
sunsched,130,cct_region,2014,0.5,pvgis,365,0.2526532182741883,68.47891018896,0.34,1455,0.16224775371925174,0.10998735777496835,0.15945017182130583,0.12636279278833185,0.5530809205642168,0.5462962962962963,0.4268041237113402,0.0,0.21305841924398625,0.0,0.36013745704467354,0.44381443298969064,0.6666666666666666,0.9166666666666666,0.13661805862424511,0.29496243923994697,0.36964206805125943,0.2145929556509528,0.7257612471161605,0.0,22.297233232776282,0.31588850837138505,35.46039653915772,68.82394924127459,2.792727727534504,0.3041095890410959,0.264925799086758,526,0.9464788732394366,0.01024982884988427,9.16494548782993e-06,0.9991066428471802,0.39999007066276804,15.978583777186577,0.1493963651567599,0.6258376924666815,0.5319620385966793
sunsched,130,cct_region,2015,0.5,pvgis,365,0.2526532182741883,68.47891018896,0.35,1455,0.16151126822801593,0.10682680151706701,0.15876288659793814,0.12627819850490762,0.5419450631031922,0.5462962962962963,0.43711340206185567,0.0,0.20824742268041238,0.0,0.354639175257732,0.4896907216494845,0.6666666666666666,0.9166666666666666,0.13661805862424511,0.29496243923994697,0.36964206805125943,0.207333663293679,0.7224129423190759,0.0,21.709066091403,0.31588850837138505,33.753994506289885,68.75432659818154,2.8648006549347937,0.29315068493150687,0.2903443683409437,520,0.9408450704225352,0.009769047887759966,8.725452476597172e-06,0.9991076237735343,0.39999007066276804,16.76498177293854,0.14529303831109674,0.5964814119954284,0.5070092001961141
sunsched,40,cct_region,2012,0.5,pvgis,365,0.2463447621244807,66.769071679648,0.3,1079,0.16146526143456463,0.03430079155672837,0.1696014828544949,0.14445370881904537,0.6614906832298136,0.30973451327433627,0.3262279888785913,0.0,0.32344763670064874,0.0,0.35032437442076,0.7160951498300896,0.8333333333333334,12.049999999999992,0.15880487056175177,0.08216514887956615,0.23636549677683413,0.21524875043077155,0.7261411317924702,0.0,20.729461989872192,0.31588850837138505,31.901832106504624,68.37381852095054,2.5092964705288594,0.20821917808219179,0.30105593607305936,379,0.9464788732394366,0.009069219543024384,8.205742857777321e-06,0.9990960274968564,0.39999007066276804,18.05844572292284,0.13928554965658502,0.5537575134335235,0.470693886418495
sunsched,40,cct_region,2011,0.5,pvgis,365,0.2463447621244807,66.769071679648,0.33,1079,0.16146526143456463,0.03430079155672837,0.1696014828544949,0.14445370881904537,0.6614906832298136,0.30973451327433627,0.3262279888785913,0.0,0.32344763670064874,0.0,0.35032437442076,0.7129286376274329,0.8333333333333334,12.049999999999992,0.15880487056175177,0.08216514887956615,0.23636549677683413,0.2154311859912259,0.7242761511178433,0.0,19.639202912676332,0.31588850837138505,33.728026720588076,68.38645009989798,2.511113827061972,0.21095890410958903,0.27741628614916286,379,0.952112676056338,0.0084862482423059,7.591032628802435e-06,0.9991062895843575,0.39999007066276804,19.299186919245134,0.13424685922668878,0.5181565442028031,0.4404330625723826
sunsched,28,cct_region,2011,0.5,pvgis,365,0.2576552408749775,69.834654076896,0.41,1333,0.17313929313929313,-0.1276252019386109,0.17779444861215304,0.13372822051267202,0.6363636363636364,0.45517241379310347,0.2760690172543136,0.0,0.3675918979744936,0.0,0.3563390847711928,1.0278819704926232,2.5,19.333333333333332,0.1862785862785863,0.19176715176715176,0.2892307692307692,0.2071010361447177,0.7175055939818547,0.0,19.639202912676332,0.31588850837138505,35.27658868809041,69.841718087984,2.6490570393210673,0.4767123287671233,0.27903348554033486,478,0.9492957746478873,0.008407112172523958,7.525552858758646e-06,0.9991056593160205,0.39999007066276804,19.480837699585543,0.13356070035922285,0.5133249480443416,0.43632620583769033
sunsched,40,cct_region,2013,0.5,pvgis,365,0.2463447621244807,66.769071679648,0.35,1079,0.16146526143456463,0.03430079155672837,0.1696014828544949,0.14445370881904537,0.6614906832298136,0.30973451327433627,0.3262279888785913,0.0,0.32344763670064874,0.0,0.35032437442076,0.7129286376274329,0.8333333333333334,12.049999999999992,0.15880487056175177,0.08216514887956615,0.23636549677683413,0.21553441872213458,0.7275085586281839,0.0,20.64649507784094,0.31588850837138505,33.80663193496785,68.38645009989798,2.8318073855653276,0.21095890410958903,0.2819159056316591,379,0.9436619718309859,0.009111658137217848,8.159735533948818e-06,0.9991052742886096,0.39999007066276804,17.974502793390567,0.139650399842848,0.556343622682966,0.4728920792805211
sunsched,28,cct_region,2012,0.5,pvgis,365,0.2576552408749775,69.834654076896,0.4,1333,0.17313929313929313,-0.1276252019386109,0.17779444861215304,0.13372822051267202,0.6363636363636364,0.45517241379310347,0.2760690172543136,0.0,0.3675918979744936,0.0,0.3563390847711928,1.0301950487621905,2.5,19.333333333333332,0.1862785862785863,0.19176715176715176,0.2892307692307692,0.20635248662416142,0.7196509693458233,0.0,20.729461989872192,0.31588850837138505,33.36654761752561,69.82908650903649,2.7400128908239947,0.473972602739726,0.30491818873668186,478,0.9464788732394366,0.008980018924133085,8.130172518247243e-06,0.9990954564248077,0.39999007066276804,18.237814044502528,0.1385166830065514,0.5483113258858084,0.46606462700293716
sunsched,28,cct_region,2014,0.5,pvgis,365,0.2576552408749775,69.834654076896,0.39,1333,0.1782120582120582,-0.07835218093699531,0.18304576144036008,0.13524618839476857,0.6439393939393939,0.4689655172413793,0.2670667666916729,0.0,0.3743435858964741,0.0,0.35858964741185295,1.2063015753938484,4.66666666666661,19.333333333333332,0.1862785862785863,0.19176715176715176,0.2892307692307692,0.211755423548495,0.723553272868453,0.0,22.297233232776282,0.31588850837138505,36.16244065374859,69.86939529839412,2.941393926101393,0.4794520547945205,0.27262176560121765,486,0.9464788732394366,0.010214196831855777,9.137939295395989e-06,0.9991061684372127,0.39999007066276804,16.034317128258543,0.14909298389460035,0.623662356183302,0.5301130027558068
sunsched,40,cct_region,2014,0.5,pvgis,365,0.2463447621244807,66.769071679648,0.35,1079,0.16146526143456463,0.03430079155672837,0.1696014828544949,0.14445370881904537,0.6614906832298136,0.30973451327433627,0.3262279888785913,0.0,0.32344763670064874,0.0,0.35032437442076,0.7098393574297188,0.8333333333333334,12.049999999999992,0.15880487056175177,0.08216514887956615,0.23636549677683413,0.22017155253033807,0.7301355527511215,0.0,22.297233232776282,0.31588850837138505,34.574991800811475,68.38645009989798,2.7878828574795715,0.21095890410958903,0.27128995433789954,379,0.9464788732394366,0.01031236916491189,9.218272671243114e-06,0.9991068939029981,0.39999007066276804,15.881684171187363,0.14992863925363775,0.6296561430268242,0.5352077215728005
sunsched,28,cct_region,2013,0.5,pvgis,365,0.2576552408749775,69.834654076896,0.42,1333,0.17313929313929313,-0.1276252019386109,0.17779444861215304,0.13372822051267202,0.6363636363636364,0.45517241379310347,0.2760690172543136,0.0,0.3675918979744936,0.0,0.3563390847711928,1.0278194548637158,2.5,19.333333333333332,0.1862785862785863,0.19176715176715176,0.2892307692307692,0.20743235493386347,0.7208769634351998,0.0,20.64649507784094,0.31588850837138505,35.358802920170255,69.84171808798402,2.9747400854271038,0.4767123287671233,0.28398021308980215,478,0.9436619718309859,0.009025768495203746,8.091269266730425e-06,0.9991043397310025,0.39999007066276804,18.14553204309109,0.1389104408148979,0.5510998507099437,0.46843487310345217
sunsched,28,cct_region,2015,0.5,pvgis,365,0.2576552408749775,69.834654076896,0.42,1333,0.1748024948024948,-0.1114701130856222,0.17929482370592648,0.13427335606512045,0.6338383838383839,0.45517241379310347,0.27831957989497375,0.0,0.37209302325581395,0.0,0.3495873968492123,1.2399349837459364,5.016666666666633,19.333333333333332,0.1862785862785863,0.19176715176715176,0.2892307692307692,0.20514272388789193,0.7201986880057998,0.0,21.709066091403,0.31588850837138505,34.42225531270494,69.79753258240841,3.0156541986346057,0.4684931506849315,0.29892503805175036,475,0.9436619718309859,0.009751232842382837,8.705593495127483e-06,0.9991080278269866,0.39999007066276804,16.795617401273535,0.1451405794972762,0.5953934149060662,0.5060844026701563
sunsched,40,cct_region,2015,0.5,pvgis,365,0.2463447621244807,66.769071679648,0.35,1079,0.16146526143456463,0.03430079155672837,0.1696014828544949,0.14445370881904537,0.6614906832298136,0.30973451327433627,0.3262279888785913,0.0,0.32344763670064874,0.0,0.35032437442076,0.7129286376274329,0.8333333333333334,12.049999999999992,0.15880487056175177,0.08216514887956615,0.23636549677683413,0.21318520022227447,0.7267744005262321,0.0,21.709066091403,0.31588850837138505,32.911196636249485,68.38645009989798,2.838280175811324,0.21095890410958903,0.29701293759512937,379,0.9380281690140845,0.009837613934845394,8.778713975949878e-06,0.9991084334853332,0.39999007066276804,16.64814695853235,0.14587936418176772,0.600667451152868,0.5105673334799378
sunsched,7,cct_region,2011,0.5,pvgis,365,0.2592832308673501,70.275903079136,0.35,1853,0.24284356811972924,nan,0.22504047490555856,0.13760630681507063,0.6708708708708708,0.3351063829787234,0.34916351861845657,0.0,0.39071775499190503,0.0,0.2601187263896384,0.503193020327397,0.75,11.870833333333303,0.4600308825276162,0.19622282931464546,0.18612661836322605,0.20578862541305404,0.7224777150245422,0.0,19.639202912676332,0.31588850837138505,35.499483177463915,69.64759819859405,2.6453265547959037,0.34794520547945207,0.2727834855403349,485,0.9464788732394366,0.00839878404203934,7.515288184529015e-06,0.9991059932689395,0.39999007066276804,19.50016117551513,0.13348842832261187,0.5128162741832226,0.43589383305573925
sunsched,46,cct_region,2011,0.5,pvgis,365,0.32494362877726723,88.072440650112,0.46,6276,0.08513854800270337,nan,0.08444869343530911,0.07398676104676573,0.4338738738738739,0.3787878787878788,0.5183237731038878,0.0,0.2609942638623327,0.0,0.2206819630337795,0.701827066071808,0.8333333333333334,11.166666666666648,0.21456265784512504,0.11135417778252053,0.1368583929143101,0.18318685042847016,0.7076647430720958,0.0,19.639202912676332,0.31588850837138505,44.48930555522212,74.52535477529689,3.926609850397017,0.9726027397260274,0.23796613394216135,1431,0.9436619718309859,0.008198104479093067,7.027623458476152e-05,0.9915006048925025,0.6654395411886045,19.82542864261458,0.1322921267510161,0.5044027133166287,0.42874230631913435
sunsched,7,cct_region,2012,0.5,pvgis,365,0.2592832308673501,70.275903079136,0.35,1853,0.24284356811972924,nan,0.22504047490555856,0.13760630681507063,0.6708708708708708,0.3351063829787234,0.34916351861845657,0.0,0.39071775499190503,0.0,0.2601187263896384,0.503193020327397,0.75,11.870833333333303,0.4600308825276162,0.19622282931464546,0.18612661836322605,0.20550217263498086,0.7246452957438082,0.0,20.729461989872192,0.31588850837138505,33.5773735468446,69.64759819859405,2.661038673432329,0.34794520547945207,0.2980974124809741,485,0.9464788732394366,0.008974625286901997,8.122985968939966e-06,0.9990957126124227,0.39999007066276804,18.248779421333968,0.13847014748292075,0.5479818550663927,0.46578457680643387
sunsched,46,cct_region,2014,0.5,pvgis,365,0.32494362877726723,88.072440650112,0.46,6276,0.09700138725856364,nan,0.09608030592734225,0.07950136498386215,0.4578378378378378,0.384297520661157,0.4912364563416189,0.0,0.2783620140216699,0.0,0.2304015296367113,0.6786966220522626,0.8333333333333334,11.5,0.21456265784512504,0.11135417778252053,0.1368583929143101,0.18824948032973382,0.7147778116179638,0.0,22.297233232776282,0.31588850837138505,45.60650368130288,74.91767296165612,4.198363680493203,1.0136986301369864,0.23274353120243532,1486,0.9436619718309859,0.009954275530614813,8.181730295255118e-05,0.9918476936882349,0.6617118551036525,16.33346707203813,0.14749817497792617,0.6122398848875982,0.5204039021544585
sunsched,46,cct_region,2013,0.5,pvgis,365,0.32494362877726723,88.072440650112,0.47,6276,0.08572546508732615,nan,0.08540471637985979,0.0746399145878817,0.43891891891891893,0.3760330578512397,0.5132249840662843,0.0,0.26035691523263227,0.0,0.22641810070108348,0.484238899511366,0.8333333333333334,10.75,0.21456265784512504,0.11135417778252053,0.1368583929143101,0.18386825512067706,0.7118070334272047,0.0,20.64649507784094,0.31588850837138505,44.592990583395554,74.65674995190277,4.301705707588406,0.9917808219178083,0.24628995433789955,1438,0.9464788732394366,0.0087895353977645,7.259278587709441e-05,0.9918086508824041,0.6561849792890062,18.497158744732943,0.13743017173794425,0.5406235702468356,0.45953003470981024
sunsched,46,cct_region,2012,0.5,pvgis,365,0.32494362877726723,88.072440650112,0.47,6276,0.08499626507309785,nan,0.08460803059273422,0.0742669898808231,0.4369369369369369,0.3760330578512397,0.5154557042702358,0.0,0.2594008922880816,0.0,0.2251434034416826,0.5148449118334395,0.8333333333333334,10.783333333333323,0.21456265784512504,0.11135417778252053,0.1368583929143101,0.18287594394705448,0.7113531179603987,0.0,20.729461989872192,0.31588850837138505,42.080444495477394,74.6171178612621,3.9595552224812347,0.9863013698630136,0.2707572298325723,1434,0.9464788732394366,0.008760773075341411,6.745959047572682e-05,0.9923586528550692,0.6321787806289653,18.568177576889635,0.13713769707194656,0.5385558145698812,0.457772442384399
sunsched,46,cct_region,2015,0.5,pvgis,365,0.32494362877726723,88.072440650112,0.46,6276,0.08188382598797708,nan,0.08110261312938177,0.07198648805859646,0.4183783783783784,0.37052341597796146,0.5360101975780752,0.0,0.25111536010197577,0.0,0.212874442319949,0.7058237731038878,0.8333333333333334,11.708333333333332,0.21456265784512504,0.11135417778252053,0.1368583929143101,0.18245431808796025,0.7115427406203091,0.0,21.709066091403,0.31588850837138505,43.41185730988292,74.23328361281357,4.4024684532998455,0.9397260273972603,0.25950342465753423,1383,0.952112676056338,0.009507085594074073,7.052158659180086e-05,0.9926368261652908,0.63497854354419,17.115359686070743,0.14358037701574122,0.5842705139371657,0.49662993684659085
sunsched,7,cct_region,2013,0.5,pvgis,365,0.2592832308673501,70.275903079136,0.36,1853,0.24284356811972924,nan,0.22504047490555856,0.13760630681507063,0.6708708708708708,0.3351063829787234,0.34916351861845657,0.0,0.39071775499190503,0.0,0.2601187263896384,0.5029681597409607,0.75,11.870833333333303,0.4600308825276162,0.19622282931464546,0.18612661836322605,0.2064552705615869,0.7258613307922983,0.0,20.64649507784094,0.31588850837138505,35.5822168786866,69.64759819859405,2.9195469843563586,0.34794520547945207,0.2765315829528158,485,0.9408450704225352,0.0090173599217845,8.083051355963023e-06,0.9991044149987963,0.39999007066276804,18.16245388916926,0.13883795120695708,0.550586394383815,0.4679984352262427
sunsched,7,cct_region,2015,0.5,pvgis,365,0.2592832308673501,70.275903079136,0.36,1853,0.23512293621570263,nan,0.2180248246087426,0.10929051068220536,0.6408408408408408,0.3351063829787234,0.3766864543982731,0.0,0.3858607663248786,0.0,0.23745277927684835,0.5361575822989746,0.75,12.0,0.4600308825276162,0.19622282931464546,0.18612661836322605,0.2034105702142095,0.7252239296931762,0.0,21.709066091403,0.31588850837138505,34.63975171205602,69.49909610027078,3.06671151762362,0.3315068493150685,0.29208523592085234,446,0.9436619718309859,0.009733568848567542,8.689925009497407e-06,0.99910801743092,0.39999007066276804,16.82609707243516,0.14498942071111498,0.5943148881734549,0.5051676549474367
sunsched,7,cct_region,2014,0.5,pvgis,365,0.2592832308673501,70.275903079136,0.37,1853,0.25412756859484503,nan,0.23529411764705882,0.13986768227381197,0.6894894894894895,0.3351063829787234,0.3297355639503508,0.0,0.40582838640043173,0.0,0.26443604964921746,0.670399352401511,0.8333333333333334,12.0,0.4600308825276162,0.19622282931464546,0.18612661836322605,0.21098577970613458,0.7285442267079089,0.0,22.297233232776282,0.31588850837138505,36.390932382790126,69.70714875896935,2.87796328247541,0.3561643835616438,0.26575342465753427,499,0.9436619718309859,0.010206178529984665,9.13062794483804e-06,0.9991061819271764,0.39999007066276804,16.04691441978986,0.149024688286986,0.6231727632115678,0.5296968487298326
sunsched,78,cct_region,2011,0.5,pvgis,365,0.26856215194727723,72.79085383900801,0.4,2359,0.07449621592048875,-0.40053475935828864,0.07460788469690546,0.079186751783132,0.5595402298850575,0.32608695652173914,0.41543026706231456,0.0,0.29376854599406527,0.0,0.29080118694362017,0.6203546700579342,0.8333333333333334,9.208333333333334,0.10864411416066382,0.24491656788547456,0.19389988146256956,0.20015100342746936,0.7146010060883244,0.0,19.639202912676332,0.31588850837138505,36.76989662333198,70.53433380611824,2.890714858963762,0.5424657534246575,0.2718321917808219,692,0.9380281690140845,0.00834601751237783,8.876574734545413e-06,0.9989375598730523,0.4031048512017934,19.620140018512906,0.13304274145574901,0.5096803585787021,0.4332283047918968
sunsched,78,cct_region,2012,0.5,pvgis,365,0.26856215194727723,72.79085383900801,0.42,2359,0.07449621592048875,-0.40053475935828864,0.07460788469690546,0.079186751783132,0.5595402298850575,0.32608695652173914,0.41543026706231456,0.0,0.29376854599406527,0.0,0.29080118694362017,0.6203546700579342,0.8333333333333334,9.208333333333334,0.10864411416066382,0.24491656788547456,0.19389988146256956,0.20009163854127757,0.7169601051881594,0.0,20.729461989872192,0.31588850837138505,34.77900081047541,70.53433380611824,2.880992864445296,0.5424657534246575,0.2969939117199391,692,0.9464788732394366,0.008922138174216237,8.362237706565317e-06,0.9990636316756224,0.4009993746911311,18.355543840537855,0.13801982808663038,0.5447945365647624,0.463075356080048
sunsched,78,cct_region,2013,0.5,pvgis,365,0.26856215194727723,72.79085383900801,0.41,2359,0.07449621592048875,-0.40053475935828864,0.07460788469690546,0.079186751783132,0.5595402298850575,0.32608695652173914,0.41543026706231456,0.0,0.29376854599406527,0.0,0.29080118694362017,0.6203546700579342,0.8333333333333334,9.208333333333334,0.10864411416066382,0.24491656788547456,0.19389988146256956,0.20115874924330265,0.7180926393868209,0.0,20.64649507784094,0.31588850837138505,36.85559110023469,70.53433380611824,3.143143931463481,0.5424657534246575,0.2754090563165906,692,0.9408450704225352,0.008963126925682364,1.174003127466363e-05,0.9986918991299851,0.4112781577194528,18.264804661190173,0.13840223451531575,0.5475010647799821,0.46537590506298476
sunsched,78,cct_region,2015,0.5,pvgis,365,0.26856215194727723,72.79085383900801,0.41,2359,0.06856934439682684,-0.47005347593582886,0.06909707503179313,0.07400398186150446,0.5443678160919541,0.27717391304347827,0.437049597286986,0.0,0.2793556591776176,0.0,0.2835947435353964,0.592906598841317,0.8333333333333334,9.333333333333334,0.10864411416066382,0.24491656788547456,0.19389988146256956,0.19795813233173215,0.7174859210034812,0.0,21.709066091403,0.31588850837138505,35.879398106808,70.4198269002164,3.3375037528307003,0.5287671232876713,0.2921613394216134,674,0.9464788732394366,0.009669639014106701,8.640787930566437e-06,0.999107197962106,0.39999007066276804,16.93732720916836,0.14444218383996288,0.5904119272482905,0.501850138161047
sunsched,78,cct_region,2014,0.5,pvgis,365,0.26856215194727723,72.79085383900801,0.42,2359,0.07449621592048875,-0.40053475935828864,0.07460788469690546,0.079186751783132,0.5595402298850575,0.32608695652173914,0.41543026706231456,0.0,0.29376854599406527,0.0,0.29080118694362017,0.6203546700579342,0.8333333333333334,9.208333333333334,0.10864411416066382,0.24491656788547456,0.19389988146256956,0.20542400060101024,0.7208217760623672,0.0,22.297233232776282,0.31588850837138505,37.69324795667156,70.53433380611824,3.137657884856666,0.5424657534246575,0.2634132420091324,692,0.9464788732394366,0.010144621365902159,1.1212672375419424e-05,0.9988959378094248,0.40516323089059486,16.140889188535006,0.14851840092915614,0.6195445544042936,0.5266128712436495
sunsched,0,cct_region,2011,1.0,pvgis,365,0.6324456329947064,85.70875921763201,0.38,1861,0.7128067484662576,0.7248366013071894,0.832348199892531,0.4546034421584648,0.9900990099009901,0.13953488372093023,0.0,0.0,0.10693175711982805,0.0,0.893068242880172,0.9964624753716639,3.8333333333333335,4.412499999999985,0.500191717791411,0.6087039877300612,0.7935199386503067,0.3506633409171282,0.7005548257512418,0.0,19.639202912676332,0.31588850837138505,86.59060994439086,81.73484208440193,16.625192307635405,2.8328767123287673,0.0,1664,0.9464788732394366,0.009885972672034843,8.401339623829587e-05,0.9915733687426458,1.1831985685904158,16.44176739129416,0.1469344019993094,0.6082071204397985,0.5169760523738287
sunsched,0,cct_region,2012,1.0,pvgis,365,0.6324456329947064,85.70875921763201,0.39,1861,0.6663151840490796,0.5663398692810455,0.7689414293390651,0.4446736695578521,0.9158415841584159,0.16279069767441862,0.07254164427727028,0.0,0.1429339065018807,0.0,0.784524449220849,3.4338169442951822,44.0,7.25,0.500191717791411,0.6087039877300612,0.7935199386503067,0.32922388755183124,0.7110285802392439,0.0,20.729461989872192,0.31588850837138505,81.90218548301715,80.53216224335226,16.018746348059622,2.6136986301369864,0.0,1542,0.9408450704225352,0.010391052348569355,8.894317422527285e-05,0.99151305226879,1.16872120607916,15.64162804005453,0.15127419247682383,0.6393196395152955,0.5434216935880012
sunsched,0,cct_region,2014,1.0,pvgis,365,0.6324456329947064,85.70875921763201,0.38,1861,0.7128067484662576,0.7248366013071894,0.832348199892531,0.4546034421584648,0.9900990099009901,0.13953488372093023,0.0,0.0,0.10693175711982805,0.0,0.893068242880172,0.9943578721117678,3.8333333333333335,4.412499999999985,0.500191717791411,0.6087039877300612,0.7935199386503067,0.35860530196303214,0.7132342153988986,0.0,22.297233232776282,0.31588850837138505,88.76503964066944,81.78536840019167,18.442379943754414,2.8438356164383563,0.0,1664,0.9436619718309859,0.011947091626070907,9.952755419566006e-05,0.9917381339356444,1.1761169317897695,13.607485168744503,0.16446707092657809,0.7348896490417892,0.6246562016855208
sunsched,0,cct_region,2013,1.0,pvgis,365,0.6324456329947064,85.70875921763201,0.39,1861,0.7128067484662576,0.7248366013071894,0.832348199892531,0.4546034421584648,0.9900990099009901,0.13953488372093023,0.0,0.0,0.10693175711982805,0.0,0.893068242880172,0.9964176965789002,3.8333333333333335,4.412499999999985,0.500191717791411,0.6087039877300612,0.7935199386503067,0.3530219733840714,0.7085204795752872,0.0,20.64649507784094,0.31588850837138505,86.79241461900928,81.74747366334942,16.64031193121842,2.835616438356164,0.0,1664,0.9408450704225352,0.010606467577006118,9.333941231839339e-05,0.9912765330803145,1.1780082845117674,15.32029428124657,0.15313778159887748,0.6527289761163992,0.5548196296989394
sunsched,0,cct_region,2015,1.0,pvgis,365,0.6324456329947064,85.70875921763201,0.38,1861,0.7128067484662576,0.7248366013071894,0.832348199892531,0.4546034421584648,0.9900990099009901,0.13953488372093023,0.0,0.0,0.10693175711982805,0.0,0.893068242880172,1.0006716818914563,3.8333333333333335,4.412499999999985,0.500191717791411,0.6087039877300612,0.7935199386503067,0.3361725436720455,0.708970030765816,0.0,21.709066091403,0.31588850837138505,84.49354640107268,81.6843157686121,15.313563955062687,2.8219178082191783,0.0,1664,0.9408450704225352,0.011206918547584021,9.445271053597829e-05,0.991642367250955,1.1757180506267282,14.504805486432574,0.15821697973983306,0.6894266875452929,0.586012684413499
sunsched,100,cct_region,2011,1.0,pvgis,365,0.6105281741575894,82.73851465568,0.5,4890,0.2476782805525586,0.3298704400262703,0.2519427402862986,0.15502277983326715,0.922913569760034,0.6243093922651933,0.0,0.0,0.6725971370143149,0.0,0.32740286298568505,0.6574471710974779,0.9166666666666666,11.333333333333334,0.13079900996382557,0.2012227369846206,0.4851177254553531,0.35310944546557466,0.7319379075714302,0.0,19.639202912676332,0.31588850837138505,83.58980476821888,79.10373277107274,14.558302498977275,1.4465753424657535,0.0,1605,0.9436619718309859,0.00989846885930936,8.571653365142977e-05,0.9914147694300766,1.2181205023116353,16.41838421235275,0.14705552855374482,0.6090733333232798,0.5177123333247879
sunsched,105,cct_region,2011,1.0,pvgis,365,0.529264676669618,71.725720549728,0.41,2169,0.2537835249042146,0.49763220205209163,0.25633932687874594,0.15161495974927694,0.8773448773448773,0.6777777777777778,0.0,0.0,0.43245735361917936,0.0,0.5675426463808206,0.6060780697710157,0.9166666666666666,3.6666666666666665,0.07260536398467432,0.2796455938697318,0.43668582375478926,0.3422100256201457,0.7309912617289448,0.0,19.639202912676332,0.31588850837138505,72.46370088419438,72.74260122749392,10.910360655176488,0.7863013698630137,0.0,1233,0.9436619718309859,0.00974074166435704,7.928555866702548e-05,0.9919261365710746,1.0800292567101792,16.692844949009224,0.14565412957241286,0.5990590597676122,0.5092002008024704
sunsched,105,cct_region,2012,1.0,pvgis,365,0.529264676669618,71.725720549728,0.39,2169,0.24707854406130267,0.47921599579058144,0.24988473951129553,0.15032146641568567,0.862914862914863,0.6777777777777778,0.013831258644536652,0.0,0.4250806823420931,0.0,0.5610880590133702,0.6018134316889503,0.9166666666666666,3.9166666666666665,0.07260536398467432,0.2796455938697318,0.43668582375478926,0.31879944285884604,0.7393869193762277,0.0,20.729461989872192,0.31588850837138505,68.5401739797723,72.65743387249267,10.968108442179688,0.7780821917808219,0.0,1219,0.9464788732394366,0.010214370210267608,8.801782677355044e-05,0.9914565607064021,1.0650307699008204,15.911281077709178,0.14976540992982967,0.6284849064736494,0.5342121705026021
sunsched,100,cct_region,2012,1.0,pvgis,365,0.6105281741575894,82.73851465568,0.48,4890,0.2476782805525586,0.3298704400262703,0.2519427402862986,0.15502277983326715,0.922913569760034,0.6243093922651933,0.0,0.0,0.6725971370143149,0.0,0.32740286298568505,0.6574812542603954,0.9166666666666666,11.333333333333334,0.13079900996382557,0.2012227369846206,0.4851177254553531,0.3365320584156942,0.7423838306400017,0.0,20.729461989872192,0.31588850837138505,79.06385806743447,79.10373277107274,13.534432499649112,1.4465753424657535,0.0,1605,0.9436619718309859,0.010443177973536246,9.318575648293918e-05,0.9911557954081024,1.214426528467459,15.557947317436799,0.15175248087863225,0.6427583148319542,0.5463445676071611
sunsched,105,cct_region,2013,1.0,pvgis,365,0.529264676669618,71.725720549728,0.41,2169,0.2537835249042146,0.49763220205209163,0.25633932687874594,0.15161495974927694,0.8773448773448773,0.6777777777777778,0.0,0.0,0.43245735361917936,0.0,0.5675426463808206,0.6060780697710157,0.9166666666666666,3.6666666666666665,0.07260536398467432,0.2796455938697318,0.43668582375478926,0.3348151864077379,0.7374354438961267,0.0,20.64649507784094,0.31588850837138505,72.63258193940429,72.74260122749392,11.722677550469777,0.7863013698630137,0.0,1233,0.9464788732394366,0.01034782396406058,8.709239809512071e-05,0.9916537521650888,1.0716824590107776,15.709200355787617,0.15089149781224354,0.6365696390342223,0.5410841931790888
sunsched,100,cct_region,2015,1.0,pvgis,365,0.6105281741575894,82.73851465568,0.48,4890,0.2476782805525586,0.3298704400262703,0.2519427402862986,0.15502277983326715,0.922913569760034,0.6243093922651933,0.0,0.0,0.6725971370143149,0.0,0.32740286298568505,0.6568336741649625,0.9166666666666666,11.333333333333334,0.13079900996382557,0.2012227369846206,0.4851177254553531,0.3215311194079025,0.7402943423746252,0.0,21.709066091403,0.31588850837138505,81.56541514577572,79.10373277107277,14.234913525318277,1.4465753424657535,0.0,1605,0.9436619718309859,0.011009791575619767,9.254561379875061e-05,0.991664312457835,1.1968525977948532,14.7648363612325,0.1565398584010137,0.6772848513415726,0.5756921236403367
sunsched,100,cct_region,2013,1.0,pvgis,365,0.6105281741575894,82.73851465568,0.49,4890,0.2476782805525586,0.3298704400262703,0.2519427402862986,0.15502277983326715,0.922913569760034,0.6243093922651933,0.0,0.0,0.6725971370143149,0.0,0.32740286298568505,0.6573960463531017,0.9166666666666666,11.333333333333334,0.13079900996382557,0.2012227369846206,0.4851177254553531,0.3547149002458307,0.7395075504259773,0.0,20.64649507784094,0.31588850837138505,83.78461588415563,79.10373277107274,14.736420694748933,1.4465753424657535,0.0,1605,0.9408450704225352,0.010607050197271858,9.20785578338716e-05,0.9913938265496682,1.220547183884245,15.321265458251835,0.1531320377584393,0.652687601246027,0.5547844610591229
sunsched,105,cct_region,2015,1.0,pvgis,365,0.529264676669618,71.725720549728,0.39,2169,0.2537835249042146,0.49763220205209163,0.25633932687874594,0.15161495974927694,0.8773448773448773,0.6777777777777778,0.0,0.0,0.43245735361917936,0.0,0.5675426463808206,0.6033118180421084,0.9166666666666666,3.6666666666666665,0.07260536398467432,0.2796455938697318,0.43668582375478926,0.29932655163006033,0.738006495522243,0.0,21.709066091403,0.31588850837138505,70.70876480699424,72.74260122749394,12.11130539633208,0.7863013698630137,0.0,1233,0.9436619718309859,0.010765388412994336,8.655844768617655e-05,0.9920236941078471,1.0469651694456998,15.105510000507953,0.1544252399280439,0.6620100876874551,0.5627085745343368
sunsched,105,cct_region,2014,1.0,pvgis,365,0.529264676669618,71.725720549728,0.39,2169,0.2537835249042146,0.49763220205209163,0.25633932687874594,0.15161495974927694,0.8773448773448773,0.6777777777777778,0.0,0.0,0.43245735361917936,0.0,0.5675426463808206,0.6012371292454279,0.9166666666666666,3.6666666666666665,0.07260536398467432,0.2796455938697318,0.43668582375478926,0.3577619860586593,0.7413775685487412,0.0,22.297233232776282,0.31588850837138505,74.28338113827697,72.74260122749394,11.978126105218886,0.7863013698630137,0.0,1233,0.9436619718309859,0.011881706356194436,9.977155034206394e-05,0.9916728511190065,1.0781786386211059,13.681466769601226,0.16392261463538538,0.7309157832564374,0.6212784157679717
sunsched,100,cct_region,2014,1.0,pvgis,365,0.6105281741575894,82.73851465568,0.5,4890,0.2476782805525586,0.3298704400262703,0.2519427402862986,0.15502277983326715,0.922913569760034,0.6243093922651933,0.0,0.0,0.6725971370143149,0.0,0.32740286298568505,0.6554192229038854,0.9166666666666666,11.333333333333334,0.13079900996382557,0.2012227369846206,0.4851177254553531,0.3612299364502182,0.7438208339230078,0.0,22.297233232776282,0.31588850837138505,85.68887941281247,79.10373277107276,16.490495497290425,1.4465753424657535,0.0,1605,0.9436619718309859,0.011968961841229104,0.00010392302579191276,0.9913920304105778,1.2152417846427999,13.577880815941107,0.1646865014032265,0.7364919559655806,0.6260181625707435
sunsched,130,cct_region,2011,1.0,pvgis,365,0.5053064365483766,68.47891018896,0.38,1455,0.3410664309913095,0.877370417193426,0.33127147766323023,0.2082410602606199,0.985894580549369,0.8055555555555556,0.0,0.0,0.29759450171821306,0.0,0.7024054982817869,0.7767468499427261,0.8583333333333295,0.9166666666666666,0.13661805862424511,0.29496243923994697,0.36964206805125943,0.3373714595281584,0.7367703108644912,0.0,19.639202912676332,0.31588850837138505,69.18348434531293,71.06750823125071,12.248260562397212,0.5917808219178082,0.0,1026,0.9408450704225352,0.009728037124686471,9.487820990057637e-05,0.9903411353280727,1.015412419484012,16.68793695612991,0.14567880505299802,0.5992352455722061,0.5093499587363752
sunsched,130,cct_region,2013,1.0,pvgis,365,0.5053064365483766,68.47891018896,0.36,1455,0.3410664309913095,0.877370417193426,0.33127147766323023,0.2082410602606199,0.985894580549369,0.8055555555555556,0.0,0.0,0.29759450171821306,0.0,0.7024054982817869,0.7767468499427261,0.8583333333333295,0.9166666666666666,0.13661805862424511,0.29496243923994697,0.36964206805125943,0.34003392007585215,0.7429759474375878,0.0,20.64649507784094,0.31588850837138505,69.34472065669041,71.06750823125071,12.495566256479883,0.5917808219178082,0.0,1026,0.9408450704225352,0.01045349011401041,9.921364429100721e-05,0.9905982725789152,1.0162946646241657,15.533857064833963,0.15189107668291468,0.6437551187874849,0.5471918509693622
sunsched,130,cct_region,2012,1.0,pvgis,365,0.5053064365483766,68.47891018896,0.38,1455,0.2945205479452055,0.6776232616940581,0.2865979381443299,0.1923409228153063,0.896807720861173,0.75,0.0879725085910653,0.0,0.30515463917525776,0.0,0.6068728522336769,2.015292096219931,0.9166666666666666,0.9166666666666666,0.13661805862424511,0.29496243923994697,0.36964206805125943,0.3234852602268005,0.7446320202752726,0.0,20.729461989872192,0.31588850837138505,65.43756385190234,70.54141708963364,11.877233905557489,0.5205479452054794,0.0037576103500761033,927,0.9464788732394366,0.010305478665496358,9.909207424877621e-05,0.9904761016357698,0.9991721968940085,15.755017283202767,0.15063378444654063,0.6347184404971433,0.5395106744225718
sunsched,130,cct_region,2014,1.0,pvgis,365,0.5053064365483766,68.47891018896,0.37,1455,0.3410664309913095,0.877370417193426,0.33127147766323023,0.2082410602606199,0.985894580549369,0.8055555555555556,0.0,0.0,0.29759450171821306,0.0,0.7024054982817869,0.7761168384879725,0.8583333333333295,0.9166666666666666,0.13661805862424511,0.29496243923994697,0.36964206805125943,0.3511082681749464,0.7467504685317174,0.0,22.297233232776282,0.31588850837138505,70.92079307831544,71.08013981019816,13.344333567970962,0.5945205479452055,0.0,1026,0.9436619718309859,0.011845793056681412,0.00011155382335557963,0.9906706876973,1.0118505081569706,13.709077228717417,0.16372083538104665,0.7294436987379618,0.6200271439272675
sunsched,130,cct_region,2015,1.0,pvgis,365,0.5053064365483766,68.47891018896,0.38,1455,0.309250257769922,0.740834386852086,0.30034364261168384,0.19400996788723013,0.9123979213066072,0.8055555555555556,0.06941580756013746,0.0,0.2914089347079038,0.0,0.6391752577319587,1.215635738831615,0.9166666666666666,0.9166666666666666,0.13661805862424511,0.29496243923994697,0.36964206805125943,0.3099583226452839,0.7434306964970389,0.0,21.709066091403,0.31588850837138505,67.50798901257977,70.68083549390629,12.683603566211326,0.5397260273972603,0.0,949,0.9436619718309859,0.010932500020491885,9.256121146002656e-05,0.9916044718924759,0.9857524278963172,14.868324844665622,0.15588780640665045,0.6725707236338562,0.5716851150887778
sunsched,40,cct_region,2012,1.0,pvgis,365,0.4926895242489614,66.769071679648,0.37,1079,0.22623554691496986,0.8693931398416892,0.23076923076923078,0.1683808951801454,0.94824016563147,0.5752212389380531,0.03429101019462465,0.0,0.5004633920296571,0.0,0.4652455977757183,2.0867315415508187,9.82499999999978,12.333333333333334,0.15880487056175177,0.08216514887956615,0.23636549677683413,0.3211914008371487,0.7484996812434042,0.0,20.729461989872192,0.31588850837138505,63.80366421300925,69.11729532933991,11.955969984519665,0.27945205479452057,0.00684931506849315,527,0.9464788732394366,0.010268482587162148,0.00010725542708329577,0.9896628628309582,0.9602684308366677,15.798798273812377,0.15038884680900144,0.6329595344334326,0.5380156042684177
sunsched,40,cct_region,2013,1.0,pvgis,365,0.4926895242489614,66.769071679648,0.37,1079,0.2171288243118797,0.7519788918205808,0.22335495829471733,0.1643744845884526,0.9668737060041408,0.7168141592920354,0.0,0.0,0.5004633920296571,0.0,0.4995366079703429,1.2788075378436823,2.033333333333303,12.333333333333334,0.15880487056175177,0.08216514887956615,0.23636549677683413,0.3376857792668453,0.7469848355026434,0.0,20.64649507784094,0.31588850837138505,67.6132638699357,69.24338749695498,12.557290492601235,0.29315068493150687,0.0,544,0.9436619718309859,0.010418644862071837,0.00010678459336114585,0.9898546093712095,0.9747435025188936,15.57410959078506,0.15165972388820792,0.6420912824394682,0.545777590073548
sunsched,40,cct_region,2011,1.0,pvgis,365,0.4926895242489614,66.769071679648,0.38,1079,0.2171288243118797,0.7519788918205808,0.22335495829471733,0.1643744845884526,0.9668737060041408,0.7168141592920354,0.0,0.0,0.5004633920296571,0.0,0.4995366079703429,1.2795026258881679,2.033333333333303,12.333333333333334,0.15880487056175177,0.08216514887956615,0.23636549677683413,0.3372104559010926,0.7409291132776282,0.0,19.639202912676332,0.31588850837138505,67.45605344117615,69.24338749695498,12.199175064140462,0.29315068493150687,0.0,544,0.9492957746478873,0.009716365505837583,0.00010169340375168355,0.9896422088430984,0.9777475330048899,16.696191511836027,0.14563731226247745,0.5989389851518498,0.5090981373790724
sunsched,40,cct_region,2014,1.0,pvgis,365,0.4926895242489614,66.769071679648,0.37,1079,0.2171288243118797,0.7519788918205808,0.22335495829471733,0.1643744845884526,0.9668737060041408,0.7168141592920354,0.0,0.0,0.5004633920296571,0.0,0.4995366079703429,1.2664504170528268,2.033333333333303,12.333333333333334,0.15880487056175177,0.08216514887956615,0.23636549677683413,0.35177783223031134,0.7506970763783652,0.0,22.297233232776282,0.31588850837138505,69.14998360162295,69.25601907590243,13.203589500616358,0.2958904109589041,0.0,544,0.9408450704225352,0.011844921095174496,0.00011972401702659747,0.9899935170743588,0.97249978564295,13.700714922319483,0.1637818670098593,0.7298889186949841,0.6204055808907365
sunsched,40,cct_region,2015,1.0,pvgis,365,0.4926895242489614,66.769071679648,0.38,1079,0.21702650158600229,0.7506596306068606,0.22242817423540315,0.16450621695486675,0.9668737060041408,0.6637168141592921,0.006487488415199258,0.0,0.5004633920296571,0.0,0.49304911955514363,1.3046030274945937,1.9249999999999925,12.149999999999997,0.15880487056175177,0.08216514887956615,0.23636549677683413,0.30941241761461596,0.7473990622871797,0.0,21.709066091403,0.31588850837138505,65.82239327249897,69.19832823907055,12.672440956108256,0.28493150684931506,0.0,539,0.9464788732394366,0.010930000349082248,0.00010128597064136349,0.9908182991805528,0.9510968902669104,14.85993446982686,0.15594035218429136,0.6729504776959164,0.572007906041529
sunsched,28,cct_region,2011,1.0,pvgis,365,0.515310481749955,69.834654076896,0.42,1333,0.22436590436590437,0.36995153473344117,0.2280570142535634,0.15562078916716449,0.9006734006734006,0.7379310344827587,0.0,0.0,0.5093773443360841,0.0,0.490622655663916,1.5917729432358088,11.699999999999989,20.195833333333336,0.1862785862785863,0.19176715176715176,0.2892307692307692,0.33940252838855584,0.7347283761258127,0.0,19.639202912676332,0.31588850837138505,70.55317737618083,71.14903728387266,12.30936322050289,0.6657534246575343,0.0,659,0.9464788732394366,0.009723361187901668,9.591289261555967e-05,0.9902321809301704,1.0276372764799633,16.694125297331116,0.14564769474691042,0.5990131152063832,0.5091611479254258
sunsched,28,cct_region,2013,1.0,pvgis,365,0.515310481749955,69.834654076896,0.42,1333,0.22436590436590437,0.36995153473344117,0.2280570142535634,0.15562078916716449,0.9006734006734006,0.7379310344827587,0.0,0.0,0.5093773443360841,0.0,0.490622655663916,1.5913353338334584,11.699999999999989,20.195833333333336,0.1862785862785863,0.19176715176715176,0.2892307692307692,0.33748873058995854,0.741088696431382,0.0,20.64649507784094,0.31588850837138505,70.71760584034051,71.14903728387266,12.81648591486515,0.6657534246575343,0.0,659,0.9464788732394366,0.010399856679714978,0.00010189323854803784,0.9902974990510066,1.0233459874044308,15.609226377017304,0.15145881217105506,0.6406467404895728,0.5445497294161369
sunsched,28,cct_region,2012,1.0,pvgis,365,0.515310481749955,69.834654076896,0.45,1333,0.22353430353430354,0.36187399030694684,0.22730682670667668,0.15719343212045314,0.8796296296296297,0.6758620689655173,0.02700675168792198,0.0,0.4966241560390098,0.0,0.4763690922730683,1.7615653913478373,12.333333333333334,20.191666666666663,0.1862785862785863,0.19176715176715176,0.2892307692307692,0.3273240527436676,0.7428615564568252,0.0,20.729461989872192,0.31588850837138505,66.73309523505122,70.9926896809382,11.794135100573408,0.6438356164383562,0.0,646,0.9436619718309859,0.010323882951919945,0.00010236537649321047,0.9901819548826352,1.022542287620175,15.722260458948723,0.15081789163583303,0.6360408559640829,0.5406347275694704
sunsched,28,cct_region,2014,1.0,pvgis,365,0.515310481749955,69.834654076896,0.43,1333,0.22436590436590437,0.36995153473344117,0.2280570142535634,0.15562078916716449,0.9006734006734006,0.7379310344827587,0.0,0.0,0.5093773443360841,0.0,0.490622655663916,1.587146786696674,11.699999999999989,20.195833333333336,0.1862785862785863,0.19176715176715176,0.2892307692307692,0.3562893408674581,0.7449138388882791,0.0,22.297233232776282,0.31588850837138505,72.32488130749718,71.16166886282014,13.258935304637198,0.6684931506849315,0.0,659,0.9436619718309859,0.011882946224106173,0.00011347017585851216,0.9905413273368164,1.0268375248149122,13.664429973393798,0.16404750318861938,0.7318270882481844,0.6220530250109568
sunsched,28,cct_region,2015,1.0,pvgis,365,0.515310481749955,69.834654076896,0.44,1333,0.22353430353430354,0.36187399030694684,0.22730682670667668,0.15676285633970452,0.8872053872053872,0.6758620689655173,0.020255063765941484,0.0,0.4988747186796699,0.0,0.4808702175543886,1.5902725681420353,11.699999999999989,20.166666666666668,0.1862785862785863,0.19176715176715176,0.2892307692307692,0.30626487986679046,0.7415461046729915,0.0,21.709066091403,0.31588850837138505,68.84451062540988,71.03050160445076,13.02733805555384,0.6493150684931507,0.0,647,0.9408450704225352,0.010874643739572714,9.488328992022221e-05,0.9913502843226407,0.9972340439943076,14.94359705648747,0.15541889886750804,0.6691829257841703,0.5688054869165448
sunsched,46,cct_region,2012,1.0,pvgis,365,0.6498872575545345,88.072440650112,0.5,6276,0.18886280368512787,nan,0.18483110261312938,0.11508450248650402,0.909009009009009,0.849862258953168,0.0,0.0,0.5291586998087954,0.0,0.47084130019120457,0.701136605056299,2.0208333333333335,8.883333333333288,0.21456265784512504,0.11135417778252053,0.1368583929143101,0.325300991686061,0.739693017261395,0.0,20.729461989872192,0.31588850837138505,84.16088899095479,82.6947452490566,14.576731842333103,1.8602739726027397,0.0,2957,0.9436619718309859,0.010260231351670698,9.979854640378785e-05,0.9903669634754301,1.2892525452715269,15.822752775979662,0.15025537455838822,0.6320012795233004,0.5372010875948053
sunsched,46,cct_region,2011,1.0,pvgis,365,0.6498872575545345,88.072440650112,0.52,6276,0.18886280368512787,nan,0.18483110261312938,0.11508450248650402,0.909009009009009,0.849862258953168,0.0,0.0,0.5291586998087954,0.0,0.47084130019120457,0.7016411727214786,2.0208333333333335,8.883333333333288,0.21456265784512504,0.11135417778252053,0.1368583929143101,0.34522283075161087,0.7285699932486228,0.0,19.639202912676332,0.31588850837138505,88.97861111044423,82.68211367010908,14.952248551955247,1.8575342465753424,0.0,2957,0.9464788732394366,0.009736080871542862,9.02718142253443e-05,0.9908132938932583,1.3045419593536667,16.682099357822416,0.14570817219824217,0.5994449370852651,0.5095281965224754
sunsched,46,cct_region,2015,1.0,pvgis,365,0.6498872575545345,88.072440650112,0.5,6276,0.18886280368512787,nan,0.18483110261312938,0.11508450248650402,0.909009009009009,0.849862258953168,0.0,0.0,0.5291586998087954,0.0,0.47084130019120457,0.7010038240917782,2.0208333333333335,8.883333333333288,0.21456265784512504,0.11135417778252053,0.1368583929143101,0.29792535437232587,0.7374459738616619,0.0,21.709066091403,0.31588850837138505,86.82371461976584,82.69474524905661,16.125384990184227,1.8602739726027397,0.0,2957,0.9408450704225352,0.010702674939920635,9.172500270791735e-05,0.9915025380571936,1.2648650781661206,15.18604023384676,0.15393848951738176,0.658499506521254,0.559724580543066
sunsched,46,cct_region,2014,1.0,pvgis,365,0.6498872575545345,88.072440650112,0.51,6276,0.18886280368512787,nan,0.18483110261312938,0.11508450248650402,0.909009009009009,0.849862258953168,0.0,0.0,0.5291586998087954,0.0,0.47084130019120457,0.7008312088379011,2.0208333333333335,8.883333333333288,0.21456265784512504,0.11135417778252053,0.1368583929143101,0.35683373107187394,0.7410586111911025,0.0,22.297233232776282,0.31588850837138505,91.21300736260577,82.69474524905661,17.09629661451495,1.8602739726027397,0.0,2957,0.9436619718309859,0.011844201468606338,0.00010744094318136489,0.9910103616323562,1.2991775138792154,13.715620513153466,0.1636731285353279,0.7290957044495263,0.6197313487820973
sunsched,46,cct_region,2013,1.0,pvgis,365,0.6498872575545345,88.072440650112,0.52,6276,0.18886280368512787,nan,0.18483110261312938,0.11508450248650402,0.909009009009009,0.849862258953168,0.0,0.0,0.5291586998087954,0.0,0.47084130019120457,0.701136605056299,2.0208333333333335,8.883333333333288,0.21456265784512504,0.11135417778252053,0.1368583929143101,0.3402990072178722,0.7365074469473334,0.0,20.64649507784094,0.31588850837138505,89.18598116679111,82.6947452490566,15.731627088658076,1.8602739726027397,0.0,2957,0.9464788732394366,0.01037525875400358,9.4221840853258e-05,0.9910003328245772,1.2927882993052924,15.65733756739743,0.15118494260655058,0.6386781888654269,0.5428764605356129
sunsched,7,cct_region,2013,1.0,pvgis,365,0.5185664617347002,70.275903079136,0.38,1853,0.3238508136358238,nan,0.30545062061521855,0.16835835075157612,0.9825825825825826,0.8776595744680851,0.0,0.0,0.5709660010793308,0.0,0.4290339989206692,1.0298165137614679,2.1999999999999886,15.833333333333334,0.4600308825276162,0.19622282931464546,0.18612661836322605,0.33954350761739827,0.7461127303914731,0.0,20.64649507784094,0.31588850837138505,71.1644337573732,71.40421870735113,12.757373795338264,0.6109589041095891,0.0,799,0.9464788732394366,0.010424677405931672,0.00010008672202638137,0.9904903596119071,1.0147030991783992,15.57509411479741,0.15165407949329068,0.6420506949296256,0.5457430906901818
sunsched,7,cct_region,2011,1.0,pvgis,365,0.5185664617347002,70.275903079136,0.38,1853,0.3238508136358238,nan,0.30545062061521855,0.16835835075157612,0.9825825825825826,0.8776595744680851,0.0,0.0,0.5709660010793308,0.0,0.4290339989206692,1.0298165137614679,2.1999999999999886,15.833333333333334,0.4600308825276162,0.19622282931464546,0.18612661836322605,0.34542833539604034,0.7397528421106527,0.0,19.639202912676332,0.31588850837138505,70.99896635492783,71.40421870735113,12.031470290080795,0.6109589041095891,0.0,799,0.9464788732394366,0.009791896697662405,0.0001026894956303259,0.9896216482807602,1.0202696241604507,16.567058856904,0.14629091763798097,0.6036074409087219,0.5130663247724137
sunsched,7,cct_region,2012,1.0,pvgis,365,0.5185664617347002,70.275903079136,0.38,1853,0.3232569188739756,nan,0.3049109552077712,0.16910966707969072,0.9483483483483484,0.8617021276595744,0.032379924446842956,0.0,0.5558553696708041,0.0,0.4117647058823529,1.204218384601547,2.25,15.833333333333334,0.4600308825276162,0.19622282931464546,0.18612661836322605,0.33180840973215703,0.7479193714316918,0.0,20.729461989872192,0.31588850837138505,67.1547470936892,71.257096556035,11.59417473126844,0.589041095890411,0.0,775,0.9436619718309859,0.010379454836501755,0.00010004335722705529,0.9904534210152426,1.014884359539769,15.642370350050411,0.15126997139943366,0.6392893005482236,0.5433959054659901
sunsched,7,cct_region,2015,1.0,pvgis,365,0.5185664617347002,70.275903079136,0.38,1853,0.3250386031595202,nan,0.30652995143011336,0.16971208635254487,0.9519519519519519,0.8617021276595744,0.02914193200215866,0.0,0.5547760388559093,0.0,0.416082029141932,1.11283504227379,2.25,18.875,0.4600308825276162,0.19622282931464546,0.18612661836322605,0.30971206605188384,0.7466256319284904,0.0,21.709066091403,0.31588850837138505,69.27950342411204,71.30215159547986,12.88031713070774,0.5972602739726027,0.0,777,0.9436619718309859,0.010912488541883111,0.00010315610298723185,0.990635491039077,0.9920644573200526,14.881034847590602,0.15580831505327786,0.6719962759592023,0.571196834565322
sunsched,7,cct_region,2014,1.0,pvgis,365,0.5185664617347002,70.275903079136,0.4,1853,0.3238508136358238,nan,0.30545062061521855,0.16835835075157612,0.9825825825825826,0.8776595744680851,0.0,0.0,0.5709660010793308,0.0,0.4290339989206692,1.068312646159381,2.25,17.316666666666645,0.4600308825276162,0.19622282931464546,0.18612661836322605,0.360063744186248,0.7499524516571342,0.0,22.297233232776282,0.31588850837138505,72.78186476558025,71.40421870735115,13.123011133416357,0.6109589041095891,0.0,799,0.9436619718309859,0.011931682547417489,0.00011645855278852955,0.9903338986637085,1.0205411464046212,13.605766272623361,0.16447978702108323,0.7349824919542642,0.6247351181611247
sunsched,78,cct_region,2012,1.0,pvgis,365,0.5371243038945545,72.79085383900801,0.44,2359,0.14420534330263518,0.4171122994652405,0.15048749470114456,0.12109271755308257,0.8804597701149425,0.75,0.0317931326833404,0.0,0.5247986434930055,0.0,0.4434082238236541,1.5105270594884836,6.333333333333333,8.833333333333334,0.10864411416066382,0.24491656788547456,0.19389988146256956,0.32869481293567426,0.7410596255472836,0.0,20.729461989872192,0.31588850837138505,69.55800162095082,72.94282191452231,12.235252317205473,0.8767123287671232,0.0,1080,0.9464788732394366,0.010351151854534783,0.00010129560790788489,0.9903089101120234,1.0471814764147944,15.682852501100482,0.15104034675892053,0.6376391029181897,0.5419932374804612
sunsched,78,cct_region,2011,1.0,pvgis,365,0.5371243038945545,72.79085383900801,0.45,2359,0.14780705753624512,0.4593582887700535,0.15345485375158965,0.12467898410343949,0.9126436781609195,0.7717391304347826,0.0,0.0,0.5260703688003391,0.0,0.47392963119966086,1.0845697329376855,3.5,8.833333333333334,0.10864411416066382,0.24491656788547456,0.19389988146256956,0.34319818690560944,0.7325063530922999,0.0,19.639202912676332,0.31588850837138505,73.53979324666396,73.25542413417688,12.655581549442628,0.9205479452054794,0.0,1132,0.9436619718309859,0.009772420138612268,9.034360017333376e-05,0.9908399306151829,1.0534329871986694,16.620512887716632,0.14601918908211886,0.6016661499892995,0.5114162274909045
sunsched,78,cct_region,2013,1.0,pvgis,365,0.5371243038945545,72.79085383900801,0.43,2359,0.14780705753624512,0.4593582887700535,0.15345485375158965,0.12467898410343949,0.9126436781609195,0.7717391304347826,0.0,0.0,0.5260703688003391,0.0,0.47392963119966086,1.083086053412463,3.5,8.833333333333334,0.10864411416066382,0.24491656788547456,0.19389988146256956,0.3378369889985568,0.739079167881684,0.0,20.64649507784094,0.31588850837138505,73.71118220046938,73.25542413417689,13.370608604201983,0.9205479452054794,0.0,1132,0.9436619718309859,0.010407795172689456,9.511983863810248e-05,0.9909434820204187,1.046807142800031,15.607494838546781,0.15146869865136392,0.6407178156037182,0.5446101432631605
sunsched,78,cct_region,2014,1.0,pvgis,365,0.5371243038945545,72.79085383900801,0.44,2359,0.14780705753624512,0.4593582887700535,0.15345485375158965,0.12467898410343949,0.9126436781609195,0.7717391304347826,0.0,0.0,0.5260703688003391,0.0,0.47392963119966086,1.0829447506005372,3.5,8.833333333333334,0.10864411416066382,0.24491656788547456,0.19389988146256956,0.3578490555165522,0.7430485183241129,0.0,22.297233232776282,0.31588850837138505,75.38649591334313,73.25542413417689,13.81390295833165,0.9205479452054794,0.0,1132,0.9464788732394366,0.011908479486774037,0.00010801651308883569,0.9910109808142017,1.0539780894614688,13.641596671014662,0.1642153429335993,0.7330520203142906,0.6230942172671471
sunsched,78,cct_region,2015,1.0,pvgis,365,0.5371243038945545,72.79085383900801,0.44,2359,0.14598340475973376,0.4379679144385026,0.15175922000847816,0.12368928152192225,0.903448275862069,0.7717391304347826,0.00847816871555744,0.0,0.5353963543874523,0.0,0.45612547689699023,1.5781404549950542,6.5,8.833333333333334,0.10864411416066382,0.24491656788547456,0.19389988146256956,0.3066556816570676,0.7395856712429402,0.0,21.709066091403,0.31588850837138505,71.758796213616,73.07995547765823,13.514803967353629,0.8931506849315068,0.0,1113,0.9408450704225352,0.010872711968056562,9.289216355836817e-05,0.9915287691910607,1.023413531781985,14.948943064284125,0.15538576569682416,0.6689436140734195,0.5686020719624066
sunsched,0,cct_region,2012,2.0,pvgis,365,1.2648912659894127,85.70875921763201,0.4,1861,0.7128067484662576,0.7248366013071894,0.832348199892531,0.4546034421584648,0.9900990099009901,0.13953488372093023,0.0,0.0,0.10693175711982805,0.0,0.893068242880172,0.9464445638545586,3.75,4.412499999999985,0.500191717791411,0.6087039877300612,0.7935199386503067,0.3901300772314781,0.7648951126177533,0.0,20.729461989872192,0.31588850837138505,163.8043709660343,82.35378945282561,83.5707733415798,2.967123287671233,0.0,1664,0.9436619718309859,0.010885550778023771,6.248666346144569e-05,0.9942924324295178,1.2101601696571418,14.972929413616649,0.15523737978134855,0.6678719790735019,0.5676911822124766
sunsched,0,cct_region,2011,2.0,pvgis,365,1.2648912659894127,85.70875921763201,0.41,1861,0.7128067484662576,0.7248366013071894,0.832348199892531,0.4546034421584648,0.9900990099009901,0.13953488372093023,0.0,0.0,0.10693175711982805,0.0,0.893068242880172,0.944742969729536,3.8333333333333335,4.4958333333333185,0.500191717791411,0.6087039877300612,0.7935199386503067,0.38624224496542353,0.7405282874373655,0.0,19.639202912676332,0.31588850837138505,173.18121988878173,82.46747366335175,91.35232009438546,2.9917808219178084,0.0,1664,0.9464788732394366,0.010162332067618773,5.6188939695957296e-05,0.9945012649427706,1.171674220641912,16.041870610399336,0.14905202084102254,0.6233686982562607,0.5298633935178215
sunsched,0,cct_region,2015,2.0,pvgis,365,1.2648912659894127,85.70875921763201,0.4,1861,0.7128067484662576,0.7248366013071894,0.832348199892531,0.4546034421584648,0.9900990099009901,0.13953488372093023,0.0,0.0,0.10693175711982805,0.0,0.893068242880172,0.938205265986029,3.75,4.412499999999985,0.500191717791411,0.6087039877300612,0.7935199386503067,0.3923443656861713,0.7586095143622986,0.0,21.709066091403,0.31588850837138505,168.98709280214536,82.44221050545688,87.3931164690989,2.9863013698630136,0.0,1664,0.9436619718309859,0.011789454238516406,6.610214832766968e-05,0.9944243740090493,1.1771990306905853,13.826781846434004,0.16286914540802033,0.723234090988356,0.6147489773401027
sunsched,0,cct_region,2013,2.0,pvgis,365,1.2648912659894127,85.70875921763201,0.42,1861,0.7128067484662576,0.7248366013071894,0.832348199892531,0.4546034421584648,0.9900990099009901,0.13953488372093023,0.0,0.0,0.10693175711982805,0.0,0.893068242880172,0.9466684578183772,3.8333333333333335,4.4958333333333185,0.500191717791411,0.6087039877300612,0.7935199386503067,0.39122656671953865,0.7563498051137819,0.0,20.64649507784094,0.31588850837138505,173.58482923801856,82.42957892650969,91.77350428294716,2.9835616438356163,0.0,1664,0.9436619718309859,0.01094237828899545,6.173908364882063e-05,0.9943894560955611,1.17161884150671,14.896623352682367,0.15571099586768022,0.6712930684522775,0.5705991081844358
sunsched,0,cct_region,2014,2.0,pvgis,365,1.2648912659894127,85.70875921763201,0.42,1861,0.7128067484662576,0.7248366013071894,0.832348199892531,0.4546034421584648,0.9900990099009901,0.13953488372093023,0.0,0.0,0.10693175711982805,0.0,0.893068242880172,0.9536987282822855,3.8333333333333335,4.4958333333333185,0.500191717791411,0.6087039877300612,0.7935199386503067,0.3945490119087231,0.7650962867047673,0.0,22.297233232776282,0.31588850837138505,177.53007928133889,82.3411578738783,95.88314359467073,2.9643835616438357,0.0,1664,0.9464788732394366,0.012300735400231667,6.654315109905878e-05,0.994619418425576,1.1653707153570696,13.254669663064396,0.16714200312722616,0.7544510918945122,0.6412834281103353
sunsched,105,cct_region,2013,2.0,pvgis,365,1.058529353339236,71.725720549728,0.41,2169,0.2537835249042146,0.49763220205209163,0.25633932687874594,0.15161495974927694,0.8773448773448773,0.6777777777777778,0.0,0.0,0.43245735361917936,0.0,0.5675426463808206,0.5748040571692024,0.9166666666666666,3.583333333333333,0.07260536398467432,0.2796455938697318,0.43668582375478926,0.39523141487057184,0.7757868376601579,0.0,20.64649507784094,0.31588850837138505,145.26516387880858,72.8057591222313,74.49396202184904,0.8,0.0,1233,0.9464788732394366,0.01098190357700224,5.813450303999376e-05,0.9947342117283919,1.0910625286998779,14.848154566180924,0.15601421998804177,0.6734843684060657,0.5724617131451558
sunsched,105,cct_region,2011,2.0,pvgis,365,1.058529353339236,71.725720549728,0.42,2169,0.2537835249042146,0.49763220205209163,0.25633932687874594,0.15161495974927694,0.8773448773448773,0.6777777777777778,0.0,0.0,0.43245735361917936,0.0,0.5675426463808206,0.5734593514676501,0.9166666666666666,3.583333333333333,0.07260536398467432,0.2796455938697318,0.43668582375478926,0.3917825834047462,0.763067477126998,0.0,19.639202912676332,0.31588850837138505,144.92740176838876,72.8057591222313,74.17325603985687,0.8,0.0,1233,0.9464788732394366,0.010214811745286444,5.50713280986881e-05,0.9946375895708679,1.0870116643522318,15.96164149656264,0.14948898774166852,0.6265019798968366,0.5325266829123111
sunsched,105,cct_region,2012,2.0,pvgis,365,1.058529353339236,71.725720549728,0.43,2169,0.2537835249042146,0.49763220205209163,0.25633932687874594,0.15161495974927694,0.8773448773448773,0.6777777777777778,0.0,0.0,0.43245735361917936,0.0,0.5675426463808206,0.5757261410788381,0.9166666666666666,3.583333333333333,0.07260536398467432,0.2796455938697318,0.43668582375478926,0.3949670842430614,0.7835183599461412,0.0,20.729461989872192,0.31588850837138505,137.0803479595446,72.8057591222313,66.85503720086136,0.8,0.0,1233,0.9408450704225352,0.010929510539705648,6.0427680337399924e-05,0.994501545038061,1.1275373597419316,14.91584288709025,0.1555912727259039,0.6704280861428931,0.5698638732214591
sunsched,105,cct_region,2014,2.0,pvgis,365,1.058529353339236,71.725720549728,0.42,2169,0.2537835249042146,0.49763220205209163,0.25633932687874594,0.15161495974927694,0.8773448773448773,0.6777777777777778,0.0,0.0,0.43245735361917936,0.0,0.5675426463808206,0.5687720915936684,0.9166666666666666,3.583333333333333,0.07260536398467432,0.2796455938697318,0.43668582375478926,0.3982987055007113,0.7827842437835593,0.0,22.297233232776282,0.31588850837138505,148.56676227655393,72.80575912223131,77.87067446664744,0.8,0.0,1233,0.9436619718309859,0.012344414248630883,6.312936989001301e-05,0.9949120170896858,1.0793419808157885,13.211655495153664,0.16747728731310352,0.7569074143409377,0.643371302189797
sunsched,100,cct_region,2011,2.0,pvgis,365,1.2210563483151788,82.73851465568,0.54,4890,0.2476782805525586,0.3298704400262703,0.2519427402862986,0.15502277983326715,0.922913569760034,0.6243093922651933,0.0,0.0,0.6725971370143149,0.0,0.32740286298568505,0.6378834355828221,0.9166666666666666,11.416666666666666,0.13079900996382557,0.2012227369846206,0.4851177254553531,0.3855451067399434,0.7687018500111158,0.0,19.639202912676332,0.31588850837138505,167.17960953643777,79.20478540265249,88.92144163034662,1.4684931506849315,0.0,1605,0.9436619718309859,0.01016050717901586,5.772802805953981e-05,0.9943504894054928,1.2202087265949197,16.042319295555515,0.14904958874200935,0.6233512633532032,0.5298485738502227
sunsched,100,cct_region,2012,2.0,pvgis,365,1.2210563483151788,82.73851465568,0.54,4890,0.2476782805525586,0.3298704400262703,0.2519427402862986,0.15502277983326715,0.922913569760034,0.6243093922651933,0.0,0.0,0.6725971370143149,0.0,0.32740286298568505,0.6412235855487388,0.9166666666666666,11.416666666666666,0.13079900996382557,0.2012227369846206,0.4851177254553531,0.3896267332748768,0.792993093833146,0.0,20.729461989872192,0.31588850837138505,158.12771613486893,79.20478540265255,80.39786729894833,1.4684931506849315,0.0,1605,0.9436619718309859,0.01088073140309155,6.336621485969566e-05,0.9942100100829,1.262625541892734,14.978319597598514,0.15520409648811395,0.6676316348332765,0.5674868896082851
sunsched,105,cct_region,2015,2.0,pvgis,365,1.058529353339236,71.725720549728,0.43,2169,0.2537835249042146,0.49763220205209163,0.25633932687874594,0.15161495974927694,0.8773448773448773,0.6777777777777778,0.0,0.0,0.43245735361917936,0.0,0.5675426463808206,0.5778392500384202,0.9166666666666666,3.583333333333333,0.07260536398467432,0.2796455938697318,0.43668582375478926,0.39644413529899053,0.7784081211281685,0.0,21.709066091403,0.31588850837138505,141.41752961398848,72.80575912223128,70.8388219987102,0.8,0.0,1233,0.9408450704225352,0.01184458405925537,6.184010717084187e-05,0.9948061562139522,1.0921561252543075,13.767709728603869,0.16329486900290546,0.7263372192706784,0.6173866363800766
sunsched,100,cct_region,2013,2.0,pvgis,365,1.2210563483151788,82.73851465568,0.55,4890,0.2476782805525586,0.3298704400262703,0.2519427402862986,0.15502277983326715,0.922913569760034,0.6243093922651933,0.0,0.0,0.6725971370143149,0.0,0.32740286298568505,0.6381049761417859,0.9166666666666666,11.416666666666666,0.13079900996382557,0.2012227369846206,0.4851177254553531,0.3894551939096785,0.7836733658463939,0.0,20.64649507784094,0.31588850837138505,167.56923176831125,79.19215382370496,89.30407973147462,1.4657534246575343,0.0,1605,0.9464788732394366,0.010920969915663116,6.324634548942187e-05,0.9942420702592044,1.2229360775039615,14.923612930740893,0.15554295395843099,0.6700790248587306,0.5695671711299211
sunsched,100,cct_region,2014,2.0,pvgis,365,1.2210563483151788,82.73851465568,0.53,4890,0.2476782805525586,0.3298704400262703,0.2519427402862986,0.15502277983326715,0.922913569760034,0.6243093922651933,0.0,0.0,0.6725971370143149,0.0,0.32740286298568505,0.6364860259032038,0.9166666666666666,11.416666666666666,0.13079900996382557,0.2012227369846206,0.4851177254553531,0.39256458842392256,0.7914806959609771,0.0,22.297233232776282,0.31588850837138505,171.37775882562494,79.20478540265248,93.11041589669097,1.4684931506849315,0.0,1605,0.9436619718309859,0.01228133854517337,6.72884262443326e-05,0.9945509386266118,1.2170286520773745,13.274689745541064,0.16698664705206,0.7533132744860553,0.640316283313147
sunsched,100,cct_region,2015,2.0,pvgis,365,1.2210563483151788,82.73851465568,0.55,4890,0.2476782805525586,0.3298704400262703,0.2519427402862986,0.15502277983326715,0.922913569760034,0.6243093922651933,0.0,0.0,0.6725971370143149,0.0,0.32740286298568505,0.64093387866394,0.9166666666666666,11.416666666666666,0.13079900996382557,0.2012227369846206,0.4851177254553531,0.3907853162933445,0.7866342436413252,0.0,21.709066091403,0.31588850837138505,163.13083029155143,79.20478540265252,85.07505689272514,1.4684931506849315,0.0,1605,0.9436619718309859,0.01177182040644098,6.607794805436881e-05,0.9944181014166863,1.224153432835528,13.847406602096854,0.1627213107938742,0.7221568837652057,0.6138333512004248
sunsched,130,cct_region,2011,2.0,pvgis,365,1.0106128730967532,68.47891018896,0.4,1455,0.3410664309913095,0.877370417193426,0.33127147766323023,0.2082410602606199,0.985894580549369,0.8055555555555556,0.0,0.0,0.29759450171821306,0.0,0.7024054982817869,0.76815578465063,0.8333333333333334,0.9166666666666666,0.13661805862424511,0.29496243923994697,0.36964206805125943,0.4003902241233253,0.7673698596151399,0.0,19.639202912676332,0.31588850837138505,138.36696869062587,71.10540296809313,69.64129820661887,0.6,0.0,1026,0.9436619718309859,0.01029998907063294,5.088365094065964e-05,0.9950841197346958,1.0574038421107401,15.836750797576196,0.15017755609542827,0.6314426568820224,0.5367262583497191
sunsched,130,cct_region,2012,2.0,pvgis,365,1.0106128730967532,68.47891018896,0.4,1455,0.3410664309913095,0.877370417193426,0.33127147766323023,0.2082410602606199,0.985894580549369,0.8055555555555556,0.0,0.0,0.29759450171821306,0.0,0.7024054982817869,0.7458762886597938,0.8333333333333334,0.9166666666666666,0.13661805862424511,0.29496243923994697,0.36964206805125943,0.40324208138385853,0.7867506956179091,0.0,20.729461989872192,0.31588850837138505,130.87512770380468,71.14329770493543,62.79497919229696,0.6082191780821918,0.0,1026,0.9436619718309859,0.011015011471303524,5.8381823988682735e-05,0.9947277386044345,1.0983026169885404,14.803429035495547,0.1562956898792831,0.6755191635682569,0.5741912890330184
sunsched,130,cct_region,2013,2.0,pvgis,365,1.0106128730967532,68.47891018896,0.4,1455,0.3410664309913095,0.877370417193426,0.33127147766323023,0.2082410602606199,0.985894580549369,0.8055555555555556,0.0,0.0,0.29759450171821306,0.0,0.7024054982817869,0.7467926689576173,0.8333333333333334,0.9166666666666666,0.13661805862424511,0.29496243923994697,0.36964206805125943,0.40364204893369304,0.7796075075257206,0.0,20.64649507784094,0.31588850837138505,138.68944131338083,71.14329770493543,69.90959204438445,0.6082191780821918,0.0,1026,0.9464788732394366,0.011077915405324589,5.613861750540555e-05,0.994957935591987,1.0619901937195175,14.72277676153443,0.15680733797355806,0.6792196989719068,0.5773367441261208
sunsched,130,cct_region,2014,2.0,pvgis,365,1.0106128730967532,68.47891018896,0.38,1455,0.3410664309913095,0.877370417193426,0.33127147766323023,0.2082410602606199,0.985894580549369,0.8055555555555556,0.0,0.0,0.29759450171821306,0.0,0.7024054982817869,0.74106529209622,0.8333333333333334,0.9166666666666666,0.13661805862424511,0.29496243923994697,0.36964206805125943,0.4072879612463423,0.7862261623399793,0.0,22.297233232776282,0.31588850837138505,141.84158615663088,71.14329770493542,73.10672359947289,0.6082191780821918,0.0,1026,0.9380281690140845,0.012459158207826773,6.042328316900273e-05,0.99517369784186,1.0533015157035126,13.093424244802952,0.1684095079133432,0.7637421512534588,0.64918082856544
sunsched,130,cct_region,2015,2.0,pvgis,365,1.0106128730967532,68.47891018896,0.4,1455,0.3410664309913095,0.877370417193426,0.33127147766323023,0.2082410602606199,0.985894580549369,0.8055555555555556,0.0,0.0,0.29759450171821306,0.0,0.7024054982817869,0.745475372279496,0.8333333333333334,0.9166666666666666,0.13661805862424511,0.29496243923994697,0.36964206805125943,0.40528272604713816,0.7819635541797277,0.0,21.709066091403,0.31588850837138505,135.01597802515954,71.14329770493542,66.41990935518754,0.6082191780821918,0.0,1026,0.9408450704225352,0.011946186986770873,6.087728139501264e-05,0.9949298779422364,1.0620917478156722,13.652312352787154,0.1641365099324068,0.7324766487604185,0.6226051514463558
sunsched,40,cct_region,2011,2.0,pvgis,365,0.9853790484979228,66.769071679648,0.4,1079,0.2171288243118797,0.7519788918205808,0.22335495829471733,0.1643744845884526,0.9668737060041408,0.7168141592920354,0.0,0.0,0.5004633920296571,0.0,0.4995366079703429,1.215400061785604,1.9166666666666667,12.0,0.15880487056175177,0.08216514887956615,0.23636549677683413,0.40616254971485377,0.7708214997864928,0.0,19.639202912676332,0.31588850837138505,134.9121068823523,69.2686506548499,68.19598311409237,0.29863013698630136,0.0,544,0.9436619718309859,0.010356065705764847,5.011452580766525e-05,0.9951841574244873,1.0164494561557478,15.752580503232284,0.15064745519440126,0.6348166256282958,0.5395941317840515
sunsched,40,cct_region,2014,2.0,pvgis,365,0.9853790484979228,66.769071679648,0.39,1079,0.2171288243118797,0.7519788918205808,0.22335495829471733,0.1643744845884526,0.9668737060041408,0.7168141592920354,0.0,0.0,0.5004633920296571,0.0,0.4995366079703429,1.2107661414890332,1.9166666666666667,12.0,0.15880487056175177,0.08216514887956615,0.23636549677683413,0.4131113846222183,0.7892263887686717,0.0,22.297233232776282,0.31588850837138505,138.2999672032459,69.26865065484992,71.58706322386902,0.29863013698630136,0.0,544,0.9436619718309859,0.012530529213167593,5.964026424782632e-05,0.9952629498471159,1.010922890625655,13.020014712513754,0.1689963049992227,0.7680482872564524,0.6528410441679846
sunsched,40,cct_region,2013,2.0,pvgis,365,0.9853790484979228,66.769071679648,0.4,1079,0.2171288243118797,0.7519788918205808,0.22335495829471733,0.1643744845884526,0.9668737060041408,0.7168141592920354,0.0,0.0,0.5004633920296571,0.0,0.4995366079703429,1.2114612295335188,1.9166666666666667,12.0,0.15880487056175177,0.08216514887956615,0.23636549677683413,0.4097160692846863,0.782754531278398,0.0,20.64649507784094,0.31588850837138505,135.2265277398714,69.2686506548499,68.49452651715137,0.29863013698630136,0.0,544,0.9436619718309859,0.01114346371078188,5.492247330380857e-05,0.9950955010480117,1.0191902255043503,14.638197784422474,0.15734961360880484,0.6831442058148508,0.5806725749426233
sunsched,40,cct_region,2012,2.0,pvgis,365,0.9853790484979228,66.769071679648,0.41,1079,0.2171288243118797,0.7519788918205808,0.22335495829471733,0.1643744845884526,0.9668737060041408,0.7168141592920354,0.0,0.0,0.5004633920296571,0.0,0.4995366079703429,1.2118473895582331,1.9166666666666667,12.0,0.15880487056175177,0.08216514887956615,0.23636549677683413,0.4086463106792768,0.7896412282108181,0.0,20.729461989872192,0.31588850837138505,127.6073284260185,69.2686506548499,61.364146694382256,0.29863013698630136,0.0,544,0.9464788732394366,0.011069527749676903,5.6815348707294306e-05,0.9948936188462906,1.0589738580487036,14.732980133678959,0.15674231676412864,0.6787493032139797,0.5769369077318828
sunsched,28,cct_region,2012,2.0,pvgis,365,1.03062096349991,69.834654076896,0.46,1333,0.22436590436590437,0.36995153473344117,0.2280570142535634,0.15562078916716449,0.9006734006734006,0.7379310344827587,0.0,0.0,0.5093773443360841,0.0,0.490622655663916,1.5590772693173294,11.299999999999955,20.195833333333336,0.1862785862785863,0.19176715176715176,0.2892307692307692,0.4044758702781408,0.7857506019259698,0.0,20.729461989872192,0.31588850837138505,133.46619047010245,71.16166886282011,65.03538845561523,0.6684931506849315,0.0,659,0.9436619718309859,0.011024992790085578,5.8402494607622045e-05,0.9947306314439333,1.099556294851785,14.790069975703116,0.15638007391544273,0.676129323013876,0.5747099245617947
sunsched,40,cct_region,2015,2.0,pvgis,365,0.9853790484979228,66.769071679648,0.4,1079,0.2171288243118797,0.7519788918205808,0.22335495829471733,0.1643744845884526,0.9668737060041408,0.7168141592920354,0.0,0.0,0.5004633920296571,0.0,0.4995366079703429,1.2119246215631758,1.9166666666666667,12.0,0.15880487056175177,0.08216514887956615,0.23636549677683413,0.4110160161732784,0.7850296000132811,0.0,21.709066091403,0.31588850837138505,131.64478654499794,69.2686506548499,65.0919771341172,0.29863013698630136,0.0,544,0.9436619718309859,0.01201762309187721,6.032085810136895e-05,0.9950057014379938,1.020011813764044,13.572193455102191,0.1647287596946464,0.7368005792932979,0.6262804923993032
sunsched,28,cct_region,2011,2.0,pvgis,365,1.03062096349991,69.834654076896,0.49,1333,0.22436590436590437,0.36995153473344117,0.2280570142535634,0.15562078916716449,0.9006734006734006,0.7379310344827587,0.0,0.0,0.5093773443360841,0.0,0.490622655663916,1.5572643160790196,11.299999999999955,20.195833333333336,0.1862785862785863,0.19176715176715176,0.2892307692307692,0.40153114675580687,0.7659105318141599,0.0,19.639202912676332,0.31588850837138505,141.10635475236165,71.16166886282008,72.18740838478138,0.6684931506849315,0.0,659,0.9492957746478873,0.01030991680941808,5.1504943710352126e-05,0.9950291625090156,1.0546582867577303,15.820627297551768,0.15026720203467225,0.6320861879824129,0.5372732597850509
sunsched,28,cct_region,2014,2.0,pvgis,365,1.03062096349991,69.834654076896,0.47,1333,0.22436590436590437,0.36995153473344117,0.2280570142535634,0.15562078916716449,0.9006734006734006,0.7379310344827587,0.0,0.0,0.5093773443360841,0.0,0.490622655663916,1.5538884721180293,11.299999999999955,20.195833333333336,0.1862785862785863,0.19176715176715176,0.2892307692307692,0.4085121102265302,0.7851754930418318,0.0,22.297233232776282,0.31588850837138505,144.64976261499436,71.1616688628201,75.73241422937195,0.6684931506849315,0.0,659,0.9436619718309859,0.012470810873445409,6.046399314001574e-05,0.995174952765481,1.04922376981333,13.081206307755112,0.16850674343899807,0.7644554916981595,0.6497871679434355
sunsched,28,cct_region,2013,2.0,pvgis,365,1.03062096349991,69.834654076896,0.48,1333,0.22436590436590437,0.36995153473344117,0.2280570142535634,0.15562078916716449,0.9006734006734006,0.7379310344827587,0.0,0.0,0.5093773443360841,0.0,0.490622655663916,1.554013503375844,11.299999999999955,20.195833333333336,0.1862785862785863,0.19176715176715176,0.2892307692307692,0.4051019142934554,0.7784394222638348,0.0,20.64649507784094,0.31588850837138505,141.43521168068102,71.16166886282008,72.49965887374263,0.6684931506849315,0.0,659,0.9436619718309859,0.011090570374488032,5.5973655871650435e-05,0.9949783847155498,1.0581043153267897,14.706279487392,0.15691264742949196,0.6799816369988894,0.5779843914490559
sunsched,28,cct_region,2015,2.0,pvgis,365,1.03062096349991,69.834654076896,0.48,1333,0.22436590436590437,0.36995153473344117,0.2280570142535634,0.15562078916716449,0.9006734006734006,0.7379310344827587,0.0,0.0,0.5093773443360841,0.0,0.490622655663916,1.5542635658914727,11.299999999999955,20.195833333333336,0.1862785862785863,0.19176715176715176,0.2892307692307692,0.40642419346926223,0.7808296387977959,0.0,21.709066091403,0.31588850837138505,137.68902125081976,71.16166886282008,68.94088752697733,0.6684931506849315,0.0,659,0.9408450704225352,0.011964452184295591,6.100438210241041e-05,0.9949270631210069,1.0603256209709266,13.631431864885174,0.16429023091663641,0.7335986489988765,0.623558851649045
sunsched,46,cct_region,2011,2.0,pvgis,365,1.299774515109069,88.072440650112,0.56,6276,0.18886280368512787,nan,0.18483110261312938,0.11508450248650402,0.909009009009009,0.849862258953168,0.0,0.0,0.5291586998087954,0.0,0.47084130019120457,0.6754833227108561,2.0208333333333335,8.75,0.21456265784512504,0.11135417778252053,0.1368583929143101,0.38849791133954065,0.7676596409681233,0.0,19.639202912676332,0.31588850837138505,177.95722222088847,83.01053472274424,95.36323229068998,1.9287671232876713,0.0,2957,0.9436619718309859,0.010186596572588975,6.054051871572753e-05,0.9940919577657353,1.2794831063987697,15.997072193763238,0.14929550227296062,0.6251143883628086,0.5313472301083872
sunsched,7,cct_region,2011,2.0,pvgis,365,1.0371329234694004,70.275903079136,0.41,1853,0.3238508136358238,nan,0.30545062061521855,0.16835835075157612,0.9825825825825826,0.8776595744680851,0.0,0.0,0.5709660010793308,0.0,0.4290339989206692,1.025993883792049,2.25,18.616666666666635,0.4600308825276162,0.19622282931464546,0.18612661836322605,0.39910152059352905,0.7710318440584543,0.0,19.639202912676332,0.31588850837138505,141.99793270985566,71.44211344419328,72.75394962118749,0.6191780821917808,0.0,799,0.9464788732394366,0.010286881228787301,5.116039046184314e-05,0.9950512493230261,1.0378530224170794,15.856406645120108,0.1500685042674832,0.6306599107735139,0.5360609241574869
sunsched,46,cct_region,2013,2.0,pvgis,365,1.299774515109069,88.072440650112,0.57,6276,0.18886280368512787,nan,0.18483110261312938,0.11508450248650402,0.909009009009009,0.849862258953168,0.0,0.0,0.5291586998087954,0.0,0.47084130019120457,0.6778202676864244,2.0208333333333335,8.75,0.21456265784512504,0.11135417778252053,0.1368583929143101,0.39293368158536884,0.7834442734258201,0.0,20.64649507784094,0.31588850837138505,178.37196233358222,82.96000840695409,95.80679920398671,1.917808219178082,0.0,2957,0.9464788732394366,0.01095836300303135,6.468636242350207e-05,0.994131717977584,1.2783193991720778,14.87103852974773,0.15587082360185855,0.6724479921154262,0.5715807932981122
sunsched,46,cct_region,2012,2.0,pvgis,365,1.299774515109069,88.072440650112,0.58,6276,0.18886280368512787,nan,0.18483110261312938,0.11508450248650402,0.909009009009009,0.849862258953168,0.0,0.0,0.5291586998087954,0.0,0.47084130019120457,0.6784443382196728,2.0833333333333335,8.833333333333334,0.21456265784512504,0.11135417778252053,0.1368583929143101,0.39342243357239726,0.7933254623081629,0.0,20.729461989872192,0.31588850837138505,168.32177798190958,82.97263998590152,86.33384946895431,1.9205479452054794,0.0,2957,0.9408450704225352,0.010915375640015455,6.513513407470042e-05,0.9940681143696526,1.3240945844017724,14.92864905845631,0.1555116616990656,0.6698529760357328,0.5693750296303729
sunsched,46,cct_region,2014,2.0,pvgis,365,1.299774515109069,88.072440650112,0.57,6276,0.18886280368512787,nan,0.18483110261312938,0.11508450248650402,0.909009009009009,0.849862258953168,0.0,0.0,0.5291586998087954,0.0,0.47084130019120457,0.6750849798172933,2.0208333333333335,8.75,0.21456265784512504,0.11135417778252053,0.1368583929143101,0.3963875868091048,0.7917674865726876,0.0,22.297233232776282,0.31588850837138505,182.42601472521153,83.01053472274413,99.85004198371003,1.9287671232876713,0.0,2957,0.9408450704225352,0.012324742263701144,6.835753554677823e-05,0.9944842261698783,1.2744672266499364,13.22705331872968,0.16735703024889115,0.7560262863566044,0.6426223434031137
sunsched,7,cct_region,2012,2.0,pvgis,365,1.0371329234694004,70.275903079136,0.42,1853,0.3238508136358238,nan,0.30545062061521855,0.16835835075157612,0.9825825825825826,0.8776595744680851,0.0,0.0,0.5709660010793308,0.0,0.4290339989206692,1.0301762906997662,2.25,18.616666666666635,0.4600308825276162,0.19622282931464546,0.18612661836322605,0.4020818966158009,0.7909986707069366,0.0,20.729461989872192,0.31588850837138505,134.3094941873784,71.42948186524599,65.61369587982792,0.6164383561643836,0.0,799,0.9408450704225352,0.011000561855596619,5.884508682185963e-05,0.9946791824255822,1.082876667168044,14.822150290921778,0.1561776766881735,0.6746659427765193,0.5734660513600414
sunsched,7,cct_region,2013,2.0,pvgis,365,1.0371329234694004,70.275903079136,0.43,1853,0.3238508136358238,nan,0.30545062061521855,0.16835835075157612,0.9825825825825826,0.8776595744680851,0.0,0.0,0.5709660010793308,0.0,0.4290339989206692,1.0268483540205073,2.25,17.891666666666634,0.4600308825276162,0.19622282931464546,0.18612661836322605,0.402620193930929,0.783585447463437,0.0,20.64649507784094,0.31588850837138505,142.3288675147464,71.44211344419323,73.06817305923154,0.6191780821917808,0.0,799,0.9436619718309859,0.011062047197886017,5.620926651092615e-05,0.9949444171673032,1.0420858499644483,14.74369586219845,0.15667412204663023,0.6782559877431498,0.5765175895816774
sunsched,46,cct_region,2015,2.0,pvgis,365,1.299774515109069,88.072440650112,0.57,6276,0.18886280368512787,nan,0.18483110261312938,0.11508450248650402,0.909009009009009,0.849862258953168,0.0,0.0,0.5291586998087954,0.0,0.47084130019120457,0.6771696409602719,2.0833333333333335,8.75,0.21456265784512504,0.11135417778252053,0.1368583929143101,0.39441655266420567,0.7866490725035371,0.0,21.709066091403,0.31588850837138505,173.64742923953168,83.02316630169159,91.2559777809566,1.9315068493150684,0.0,2957,0.9436619718309859,0.011818517113906303,6.746813923709009e-05,0.9943237234608509,1.2812129826996923,13.791384419363858,0.16312383729832525,0.7250903677196796,0.6163268125617277
sunsched,7,cct_region,2015,2.0,pvgis,365,1.0371329234694004,70.275903079136,0.41,1853,0.3238508136358238,nan,0.30545062061521855,0.16835835075157612,0.9825825825825826,0.8776595744680851,0.0,0.0,0.5709660010793308,0.0,0.4290339989206692,1.0316153984529592,2.25,18.616666666666635,0.4600308825276162,0.19622282931464546,0.18612661836322605,0.4038861501121692,0.7860520106186851,0.0,21.709066091403,0.31588850837138505,138.55900684822407,71.42948186524579,69.49954725884446,0.6164383561643836,0.0,799,0.9436619718309859,0.011934274329571448,6.001233307122047e-05,0.9949965900633229,1.0429349599159377,13.666856265787581,0.1640296993336564,0.7316971661605258,0.621942591236447
sunsched,7,cct_region,2014,2.0,pvgis,365,1.0371329234694004,70.275903079136,0.44,1853,0.3238508136358238,nan,0.30545062061521855,0.16835835075157612,0.9825825825825826,0.8776595744680851,0.0,0.0,0.5709660010793308,0.0,0.4290339989206692,1.0132667745997483,2.25,17.891666666666634,0.4600308825276162,0.19622282931464546,0.18612661836322605,0.4058850179264309,0.7903556477512476,0.0,22.297233232776282,0.31588850837138505,145.5637295311605,71.44211344419327,76.38987554678755,0.6191780821917808,0.0,799,0.9408450704225352,0.012437823768505203,5.982699921511062e-05,0.9952129403895942,1.0332056445543327,13.116400424020782,0.1682271137000041,0.7624042936114128,0.6480436495697008
sunsched,78,cct_region,2012,2.0,pvgis,365,1.074248607789109,72.79085383900801,0.49,2359,0.14780705753624512,0.4593582887700535,0.15345485375158965,0.12467898410343949,0.9126436781609195,0.7717391304347826,0.0,0.0,0.5260703688003391,0.0,0.47392963119966086,1.0585346898403278,4.333333333333333,8.833333333333334,0.10864411416066382,0.24491656788547456,0.19389988146256956,0.39940595497302533,0.7858392198056089,0.0,20.729461989872192,0.31588850837138505,139.11600324190164,73.30595044996679,68.38353506896384,0.9315068493150684,0.0,1132,0.9436619718309859,0.010974520913722847,5.921441799252737e-05,0.9946333298550019,1.1161460592778376,14.856636207124398,0.15596102332250084,0.6730998767543739,0.5721348952412179
sunsched,78,cct_region,2013,2.0,pvgis,365,1.074248607789109,72.79085383900801,0.49,2359,0.14780705753624512,0.4593582887700535,0.15345485375158965,0.12467898410343949,0.9126436781609195,0.7717391304347826,0.0,0.0,0.5260703688003391,0.0,0.47392963119966086,1.079270877490462,4.333333333333333,8.833333333333334,0.10864411416066382,0.24491656788547456,0.19389988146256956,0.4002427415017345,0.7781506622910269,0.0,20.64649507784094,0.31588850837138505,147.42236440093876,73.31858202891426,76.03444252191933,0.9342465753424658,0.0,1132,0.9436619718309859,0.011037452721735785,5.7227730644343855e-05,0.9948418766191625,1.0769117750083463,14.775025971462197,0.1564752736259929,0.676817761221868,0.5752950970385877
sunsched,78,cct_region,2011,2.0,pvgis,365,1.074248607789109,72.79085383900801,0.51,2359,0.14780705753624512,0.4593582887700535,0.15345485375158965,0.12467898410343949,0.9126436781609195,0.7717391304347826,0.0,0.0,0.5260703688003391,0.0,0.47392963119966086,1.0761622156280912,3.633333333333288,8.833333333333334,0.10864411416066382,0.24491656788547456,0.19389988146256956,0.39636554345235653,0.7651388651760588,0.0,19.639202912676332,0.31588850837138505,147.07958649332792,73.30595044996682,75.72160094625463,0.9315068493150684,0.0,1132,0.9464788732394366,0.010261676446919136,5.191411374080722e-05,0.9949664364281797,1.0739701821326855,15.893998396083433,0.14986065528600612,0.6291683030787382,0.5347930576169274
sunsched,78,cct_region,2014,2.0,pvgis,365,1.074248607789109,72.79085383900801,0.5,2359,0.14780705753624512,0.4593582887700535,0.15345485375158965,0.12467898410343949,0.9126436781609195,0.7717391304347826,0.0,0.0,0.5260703688003391,0.0,0.47392963119966086,1.0742193019641089,4.333333333333333,8.833333333333334,0.10864411416066382,0.24491656788547456,0.19389988146256956,0.40352796912448347,0.7851739544569434,0.0,22.297233232776282,0.31588850837138505,150.77299182668625,73.31858202891425,79.38700464206259,0.9342465753424658,0.0,1132,0.9436619718309859,0.012411428239718912,6.152899370330954e-05,0.9950670083644289,1.067733587415702,13.142367825149217,0.16802169374712572,0.7608978939749361,0.6467632098786957
sunsched,78,cct_region,2015,2.0,pvgis,365,1.074248607789109,72.79085383900801,0.5,2359,0.14780705753624512,0.4593582887700535,0.15345485375158965,0.12467898410343949,0.9126436781609195,0.7717391304347826,0.0,0.0,0.5260703688003391,0.0,0.47392963119966086,1.056591776176346,4.333333333333333,8.833333333333334,0.10864411416066382,0.24491656788547456,0.19389988146256956,0.4014806249861375,0.7805678794628952,0.0,21.709066091403,0.31588850837138505,143.517592427232,73.30595044996673,72.33765026489968,0.9315068493150684,0.0,1132,0.9408450704225352,0.011901878042364979,6.074650243382578e-05,0.9949219753402494,1.0770089401154743,13.703029064826957,0.16376497041612514,0.729765656388198,0.6203008079299683
sunsched_no_defer,0,cct_region,2011,0.5,pvgis,365,0.3162228164973532,85.70875921763201,0.3,1861,0.24990414110429446,-0.8532679738562092,0.3014508328855454,0.18166838533470386,0.39713971397139713,0.06976744186046512,0.6088124664159055,0.0,0.10531972058033315,0.2858678130037614,0.0,0.0,0.0,0.0,0.500191717791411,0.6087039877300612,0.7935199386503067,0.17856018133023027,0.6641278409238393,0.0,19.639202912676332,0.31588850837138505,43.29530497219543,73.53566240612967,3.4263705826843105,1.378082191780822,0.2324200913242009,0,0.9436619718309859,0.008154971488328345,6.869568844782198e-05,0.9916465869822869,0.6481122126339768,19.933223014170153,0.13190391383871336,0.5016750172759914,0.4264237646845927
sunsched_no_defer,0,cct_region,2014,0.5,pvgis,365,0.3162228164973532,85.70875921763201,0.28,1861,0.25661426380368096,-0.8303921568627453,0.30897367006985493,0.24049453297153836,0.411991199119912,0.06976744186046512,0.5937667920472864,0.0,0.10800644814615798,0.2982267598065556,0.0,0.0,0.0,0.0,0.500191717791411,0.6087039877300612,0.7935199386503067,0.1860876567683674,0.6712583090413181,0.0,22.297233232776282,0.31588850837138505,44.38251982033472,73.86270460971276,3.472334052289245,1.441095890410959,0.22282153729071538,0,0.9492957746478873,0.009929926963508777,8.180943915968484e-05,0.9918286463137523,0.6485335553292789,16.373202932640048,0.1472905015930004,0.6107540498423163,0.5191409423659689
sunsched_no_defer,0,cct_region,2012,0.5,pvgis,365,0.3162228164973532,85.70875921763201,0.29,1861,0.2545053680981595,-0.8375816993464054,0.3062869425040301,0.23936176275519436,0.40319031903190317,0.06976744186046512,0.6029016657710908,0.0,0.10370768404083826,0.2933906501880709,0.0,0.0,0.0,0.0,0.500191717791411,0.6087039877300612,0.7935199386503067,0.18017312937799904,0.6675038695790332,0.0,20.729461989872192,0.31588850837138505,40.951092741508575,73.72772505401804,3.201693796005884,1.4164383561643836,0.2617484779299848,0,0.9436619718309859,0.00874013535910653,6.628232820245561e-05,0.9924734062639369,0.6196037131801082,18.61417407730082,0.1369494083030297,0.5372250177994503,0.45664126512953274
sunsched_no_defer,0,cct_region,2013,0.5,pvgis,365,0.3162228164973532,85.70875921763201,0.3,1861,0.2545053680981595,-0.8375816993464054,0.3062869425040301,0.23936176275519436,0.40374037403740376,0.06976744186046512,0.6023643202579259,0.0,0.10585706609349813,0.29177861364857605,0.0,0.0,0.0,0.0,0.500191717791411,0.6087039877300612,0.7935199386503067,0.18051085183885257,0.6682793693661153,0.0,20.64649507784094,0.31588850837138505,43.39620730950464,73.68954607811597,3.617907428489305,1.4082191780821918,0.23774733637747336,0,0.9464788732394366,0.008765111586901263,7.071659632015247e-05,0.9919966080311025,0.6393090437670511,18.55221586814808,0.13720324541209172,0.5390191700587527,0.4581662945499398
sunsched_no_defer,0,cct_region,2015,0.5,pvgis,365,0.3162228164973532,85.70875921763201,0.29,1861,0.24635736196319016,-0.8653594771241833,0.29607737775389575,0.18043566167991007,0.38998899889988997,0.06976744186046512,0.61579795808705,0.0,0.10370768404083826,0.28049435787211174,0.0,0.0,0.0,0.0,0.500191717791411,0.6087039877300612,0.7935199386503067,0.17831499913787277,0.6677571653311402,0.0,21.709066091403,0.31588850837138505,42.24677320053634,73.40710083149374,3.658938442073204,1.3534246575342466,0.2515696347031963,0,0.9436619718309859,0.009450524708180304,6.781281798052584e-05,0.9928755606959572,0.6212230547753641,17.221935172865035,0.14307259030120678,0.5806548392863566,0.4935566133934032
sunsched_no_defer,100,cct_region,2011,0.5,pvgis,365,0.3052640870787947,82.73851465568,0.31,4890,0.10793086670474497,-0.06454116663681408,0.11022494887525562,0.08859694875385389,0.5510724145253769,0.2983425414364641,0.4229038854805726,0.0,0.49079754601226994,0.08629856850715746,0.0,0.0,0.0,0.0,0.13079900996382557,0.2012227369846206,0.4851177254553531,0.18741753912966652,0.7144087897211531,0.0,19.639202912676332,0.31588850837138505,41.79490238410944,73.13721407826117,3.4048314039634824,0.7342465753424657,0.24712709284627093,0,0.9436619718309859,0.008236099256595911,6.122068538621793e-05,0.9926216313443021,0.6063526486082721,19.756281904905173,0.1325432870344354,0.5061681164570322,0.43024289898847734
sunsched_no_defer,100,cct_region,2012,0.5,pvgis,365,0.3052640870787947,82.73851465568,0.3,4890,0.10854435065896638,-0.06280971998328252,0.11247443762781185,0.0925744066298441,0.5525589297090677,0.30386740331491713,0.41840490797546015,0.0,0.4950920245398773,0.08650306748466258,0.0,0.0,0.0,0.0,0.13079900996382557,0.2012227369846206,0.4851177254553531,0.18745234857200324,0.7177331427654573,0.0,20.729461989872192,0.31588850837138505,39.53192903371723,73.1650346714822,3.407887818746409,0.736986301369863,0.2762937595129376,0,0.9436619718309859,0.008806534735510713,6.183814913774285e-05,0.9930271144501842,0.5922250865261403,18.484133894815177,0.1374840444185339,0.541004520790937,0.4598538426722964
sunsched_no_defer,100,cct_region,2013,0.5,pvgis,365,0.3052640870787947,82.73851465568,0.3,4890,0.10894628842207696,-0.06167532389993425,0.11267893660531697,0.0930348233033876,0.5534083669568911,0.30939226519337015,0.41840490797546015,0.0,0.4934560327198364,0.08813905930470348,0.0,0.0,0.0,0.0,0.13079900996382557,0.2012227369846206,0.4851177254553531,0.18836982985267792,0.7183567661142656,0.0,20.64649507784094,0.31588850837138505,41.892307942077814,73.21983060674178,3.7217014749547452,0.7479452054794521,0.25332001522070013,0,0.9408450704225352,0.008834334092282558,6.518966223419294e-05,0.9926749268800921,0.608176062672712,18.419434157450773,0.13775272990748522,0.5429048424896885,0.4614691161162352
sunsched_no_defer,100,cct_region,2014,0.5,pvgis,365,0.3052640870787947,82.73851465568,0.31,4890,0.11207717205051722,-0.05283897546122152,0.11533742331288344,0.0924144376502778,0.5633892546188151,0.32044198895027626,0.4051124744376278,0.0,0.5044989775051125,0.09038854805725971,0.0,0.0,0.0,0.0,0.13079900996382557,0.2012227369846206,0.4851177254553531,0.1929937524409789,0.7212430931236053,0.0,22.297233232776282,0.31588850837138505,42.844439706406234,73.36771882184415,3.6483260193693297,0.7671232876712328,0.23984969558599695,0,0.9436619718309859,0.010009142749610395,7.27544072111609e-05,0.9927836590594525,0.6079881395314359,16.259260462508976,0.14788858461287302,0.6150341230499542,0.5227790045924611
sunsched_no_defer,100,cct_region,2015,0.5,pvgis,365,0.3052640870787947,82.73851465568,0.3,4890,0.10346724207230648,-0.0771389336676816,0.10572597137014315,0.084545884915751,0.5379061371841155,0.2983425414364641,0.43803680981595094,0.0,0.4787321063394683,0.08323108384458078,0.0,0.0,0.0,0.0,0.13079900996382557,0.2012227369846206,0.4851177254553531,0.18592471854406822,0.7179842322424591,0.0,21.709066091403,0.31588850837138505,40.78270757288786,73.014076081356,3.8483306527546373,0.7205479452054795,0.2690258751902588,0,0.9323943661971831,0.00953938368555529,6.097387864744609e-05,0.9936487908664151,0.5829819213386395,17.07480067619789,0.14377520795222898,0.5856583739767988,0.49780961788027894
sunsched_no_defer,105,cct_region,2012,0.5,pvgis,365,0.264632338334809,71.725720549728,0.29,2169,0.1254310344827586,0.14509339647461195,0.13278008298755187,0.10114896615280299,0.7811447811447811,0.6222222222222222,0.07422775472568004,0.0,0.706777316735823,0.218994928538497,0.0,0.0,0.0,0.0,0.07260536398467432,0.2796455938697318,0.43668582375478926,0.19786809179460962,0.7215692512312551,0.0,20.729461989872192,0.31588850837138505,34.27008698988615,70.90788534810314,2.6543352140301995,0.5205479452054794,0.3067922374429224,0,0.9408450704225352,0.00889985028252752,8.058749315213894e-06,0.9990953264917269,0.39999007066276804,18.402095401178588,0.13782504082041513,0.5434163763415516,0.46190391989031887
sunsched_no_defer,105,cct_region,2011,0.5,pvgis,365,0.264632338334809,71.725720549728,0.3,2169,0.1253352490421456,0.14483030781373327,0.1318579990779161,0.10006048032116019,0.7811447811447811,0.6444444444444445,0.07422775472568004,0.0,0.7081604426002767,0.21761180267404334,0.0,0.0,0.0,0.0,0.07260536398467432,0.2796455938697318,0.43668582375478926,0.19748038512348412,0.7192867349675085,0.0,19.639202912676332,0.31588850837138505,36.23185044209719,70.88102108290704,2.7419684292984092,0.5150684931506849,0.28223934550989344,0,0.9464788732394366,0.00832209473353482,8.309960140458092e-06,0.9990024542088852,0.4020136020866467,19.677818528245943,0.13283033308118541,0.5081864123122081,0.4319584504653768
sunsched_no_defer,105,cct_region,2013,0.5,pvgis,365,0.264632338334809,71.725720549728,0.29,2169,0.1254310344827586,0.14509339647461195,0.13278008298755187,0.10114896615280299,0.7811447811447811,0.6222222222222222,0.07422775472568004,0.0,0.706777316735823,0.218994928538497,0.0,0.0,0.0,0.0,0.07260536398467432,0.2796455938697318,0.43668582375478926,0.19892600231224403,0.7227246565323561,0.0,20.64649507784094,0.31588850837138505,36.316290969702145,70.90788534810314,2.9134049455442055,0.5205479452054794,0.28550228310502285,0,0.9464788732394366,0.008937960966569295,8.858874941125099e-06,0.9990098297386046,0.4020607636091389,18.32206244596922,0.13816050946576064,0.5457900839214725,0.4639215713332516
sunsched_no_defer,105,cct_region,2014,0.5,pvgis,365,0.264632338334809,71.725720549728,0.3,2169,0.1254310344827586,0.14509339647461195,0.13278008298755187,0.10114896615280299,0.7811447811447811,0.6222222222222222,0.07422775472568004,0.0,0.706777316735823,0.218994928538497,0.0,0.0,0.0,0.0,0.07260536398467432,0.2796455938697318,0.43668582375478926,0.2029817411786952,0.7254457527260848,0.0,22.297233232776282,0.31588850837138505,37.14169056913848,70.90788534810314,2.9024778920150256,0.5205479452054794,0.2736967275494673,0,0.9436619718309859,0.010116239815272965,9.981244883279131e-06,0.9990143169081551,0.4020356022365714,16.188091377343593,0.14826620495184595,0.617738049959103,0.5250773424652375
sunsched_no_defer,105,cct_region,2015,0.5,pvgis,365,0.264632338334809,71.725720549728,0.29,2169,0.12476053639846743,0.14325177584846094,0.13047487321346243,0.09955418249634199,0.7797017797017797,0.5666666666666667,0.07976025818349469,0.0,0.7035500230520978,0.21668971876440757,0.0,0.0,0.0,0.0,0.07260536398467432,0.2796455938697318,0.43668582375478926,0.19578907318050365,0.72211690420684,0.0,21.709066091403,0.31588850837138505,35.35438240349712,70.84899336440427,3.1421124077300084,0.5095890410958904,0.30338660578386606,0,0.9436619718309859,0.009651802439948873,8.621317824025582e-06,0.9991075631835415,0.39999007066276804,16.96863366858984,0.1442893911970483,0.5893226405441658,0.5009242444625409
sunsched_no_defer,130,cct_region,2011,0.5,pvgis,365,0.2526532182741883,68.47891018896,0.28,1455,0.14530858742082783,0.037294563843236456,0.1436426116838488,0.10574963670190515,0.5530809205642168,0.5462962962962963,0.4268041237113402,0.0,0.38144329896907214,0.19175257731958764,0.0,0.0,0.0,0.0,0.13661805862424511,0.29496243923994697,0.36964206805125943,0.21311136955446577,0.7200992418756985,0.0,19.639202912676332,0.31588850837138505,34.59174217265647,68.32843425028149,2.5828365455043185,0.2273972602739726,0.2652111872146119,0,0.9464788732394366,0.008467478035626766,7.572740509187345e-06,0.9991064666502635,0.39999007066276804,19.341971648189777,0.13408413681913578,0.5170103742208672,0.43945881808773707
sunsched_no_defer,130,cct_region,2012,0.5,pvgis,365,0.2526532182741883,68.47891018896,0.28,1455,0.14530858742082783,0.037294563843236456,0.1436426116838488,0.10574963670190515,0.5530809205642168,0.5462962962962963,0.4268041237113402,0.0,0.38144329896907214,0.19175257731958764,0.0,0.0,0.0,0.0,0.13661805862424511,0.29496243923994697,0.36964206805125943,0.2127391195772538,0.7221109531087434,0.0,20.729461989872192,0.31588850837138505,32.71878192595117,68.32843425028149,2.607851347885933,0.2273972602739726,0.28984969558599694,0,0.9464788732394366,0.009048581487473215,8.184353662122003e-06,0.9990963271209963,0.39999007066276804,18.09963895549288,0.13910768795337025,0.5524972086233355,0.4696226273298352
sunsched_no_defer,130,cct_region,2013,0.5,pvgis,365,0.2526532182741883,68.47891018896,0.28,1455,0.14530858742082783,0.037294563843236456,0.1436426116838488,0.10574963670190515,0.5508537490720119,0.5462962962962963,0.4288659793814433,0.0,0.37938144329896906,0.19175257731958764,0.0,0.0,0.0,0.0,0.13661805862424511,0.29496243923994697,0.36964206805125943,0.21314924217760484,0.7234051764337777,0.0,20.64649507784094,0.31588850837138505,34.672360328345206,68.32700996134638,2.912515853262719,0.2273972602739726,0.26986301369863014,0,0.9408450704225352,0.009090036208377497,8.139519711636371e-06,0.9991053679380465,0.39999007066276804,18.017259363643767,0.1394641571835098,0.5550233694353404,0.47176986402003934
sunsched_no_defer,130,cct_region,2014,0.5,pvgis,365,0.2526532182741883,68.47891018896,0.28,1455,0.14530858742082783,0.037294563843236456,0.1436426116838488,0.10525315238415735,0.5642167780252413,0.5462962962962963,0.41649484536082476,0.0,0.38831615120274915,0.19518900343642612,0.0,0.0,0.0,0.0,0.13661805862424511,0.29496243923994697,0.36964206805125943,0.21803922666193537,0.7260590331060415,0.0,22.297233232776282,0.31588850837138505,35.46039653915772,68.3559084176519,2.872354734990715,0.23013698630136986,0.25878995433789953,0,0.9464788732394366,0.01029011169695674,9.197852705732333e-06,0.9991069447265972,0.39999007066276804,15.916036996321026,0.14973923434178682,0.6282971070192592,0.5340525409663703
sunsched_no_defer,130,cct_region,2015,0.5,pvgis,365,0.2526532182741883,68.47891018896,0.28,1455,0.14530858742082783,0.037294563843236456,0.1436426116838488,0.10587605348564734,0.5463994060876021,0.5462962962962963,0.4329896907216495,0.0,0.3752577319587629,0.19175257731958764,0.0,0.0,0.0,0.0,0.13661805862424511,0.29496243923994697,0.36964206805125943,0.21047245304972753,0.7227142964598942,0.0,21.709066091403,0.31588850837138505,33.753994506289885,68.32163506768669,2.927927156867545,0.2273972602739726,0.2845319634703196,0,0.9408450704225352,0.009802211158461478,8.753981871389221e-06,0.9991077348919116,0.39999007066276804,16.7082636095707,0.1455767001890379,0.598506238210886,0.5087303024792531
sunsched_no_defer,28,cct_region,2011,0.5,pvgis,365,0.2576552408749775,69.834654076896,0.29,1333,0.15625779625779626,-0.29159935379644614,0.16054013503375844,0.11045413616960795,0.6515151515151515,0.496551724137931,0.2670667666916729,0.0,0.582145536384096,0.15078769692423105,0.0,0.0,0.0,0.0,0.1862785862785863,0.19176715176715176,0.2892307692307692,0.2122383400499522,0.7212409883674589,0.0,19.639202912676332,0.31588850837138505,35.27658868809041,69.1808018295214,2.7241275638616407,0.3643835616438356,0.2700818112633181,0,0.9492957746478873,0.008455734137551265,7.565867954699446e-06,0.9991060380761906,0.39999007066276804,19.368826784155864,0.13398235031781225,0.5162935324601191,0.4388495025911013
sunsched_no_defer,28,cct_region,2013,0.5,pvgis,365,0.2576552408749775,69.834654076896,0.28,1333,0.15625779625779626,-0.29159935379644614,0.16054013503375844,0.11045413616960795,0.6515151515151515,0.496551724137931,0.2670667666916729,0.0,0.582145536384096,0.15078769692423105,0.0,0.0,0.0,0.0,0.1862785862785863,0.19176715176715176,0.2892307692307692,0.21264607480959186,0.7246113076786986,0.0,20.64649507784094,0.31588850837138505,35.358802920170255,69.1808018295214,3.025879757734854,0.3643835616438356,0.2743055555555556,0,0.9436619718309859,0.009081264863847093,8.135261463552893e-06,0.9991049726768106,0.39999007066276804,18.03465460526065,0.13938862658405682,0.5544880242443364,0.471314820607686
sunsched_no_defer,28,cct_region,2012,0.5,pvgis,365,0.2576552408749775,69.834654076896,0.29,1333,0.15542619542619543,-0.29967689822294047,0.15978994748687173,0.11013447163061674,0.6515151515151515,0.496551724137931,0.2670667666916729,0.0,0.5806451612903226,0.1522880720180045,0.0,0.0,0.0,0.0,0.1862785862785863,0.19176715176715176,0.2892307692307692,0.21188311495760598,0.723385901736848,0.0,20.729461989872192,0.31588850837138505,33.36654761752561,69.19450081333629,2.7446489490599433,0.36712328767123287,0.29539573820395737,0,0.9464788732394366,0.009035751907669521,8.177070826031122e-06,0.999095849730192,0.39999007066276804,18.125329402604287,0.13899715375764166,0.551714111113654,0.4689569944466058
sunsched_no_defer,28,cct_region,2014,0.5,pvgis,365,0.2576552408749775,69.834654076896,0.3,1333,0.1570893970893971,-0.28352180936995175,0.16129032258064516,0.10986449139709595,0.6616161616161617,0.496551724137931,0.25806451612903225,0.0,0.5881470367591898,0.15378844711177794,0.0,0.0,0.0,0.0,0.1862785862785863,0.19176715176715176,0.2892307692307692,0.2170743327556704,0.7272871364833964,0.0,22.297233232776282,0.31588850837138505,36.16244065374859,69.22905484762857,3.016424813944319,0.3726027397260274,0.2639269406392694,0,0.9464788732394366,0.0102762192206473,9.18862738515589e-06,0.999106634610808,0.39999007066276804,15.937549025860768,0.1496210216665611,0.6274490502757787,0.5333316927344118
sunsched_no_defer,28,cct_region,2015,0.5,pvgis,365,0.2576552408749775,69.834654076896,0.29,1333,0.15126819126819127,-0.34006462035541224,0.15603900975243812,0.10949997253584408,0.6439393939393939,0.47586206896551725,0.2760690172543136,0.0,0.5746436609152288,0.14928732183045762,0.0,0.0,0.0,0.0,0.1862785862785863,0.19176715176715176,0.2892307692307692,0.20997388309474657,0.7239343500100095,0.0,21.709066091403,0.31588850837138505,34.42225531270494,69.14119516365012,3.0820875626720134,0.3589041095890411,0.29003044140030443,0,0.9436619718309859,0.00980247586564275,8.749443996722392e-06,0.9991082210712127,0.39999007066276804,16.707820547952945,0.14557892325875332,0.5985221095294327,0.5087437931000178
sunsched_no_defer,40,cct_region,2011,0.5,pvgis,365,0.2463447621244807,66.769071679648,0.28,1079,0.120126880180088,-0.4986807387862797,0.12882298424467098,0.11030153631196926,0.6697722567287785,0.34513274336283184,0.3262279888785913,0.0,0.5162187210379982,0.15755329008341057,0.0,0.0,0.0,0.0,0.15880487056175177,0.08216514887956615,0.23636549677683413,0.2181501009461339,0.7247407453045098,0.0,19.639202912676332,0.31588850837138505,33.728026720588076,67.90114525684679,2.586249533030741,0.13150684931506848,0.2712614155251142,0,0.952112676056338,0.008512929678463592,7.612527952360482e-06,0.9991065676610781,0.39999007066276804,19.2387042817012,0.13447807218628316,0.5197855247201576,0.441817696012134
sunsched_no_defer,40,cct_region,2012,0.5,pvgis,365,0.2463447621244807,66.769071679648,0.29,1079,0.120126880180088,-0.4986807387862797,0.12882298424467098,0.11030153631196926,0.6697722567287785,0.34513274336283184,0.3262279888785913,0.0,0.5162187210379982,0.15755329008341057,0.0,0.0,0.0,0.0,0.15880487056175177,0.08216514887956615,0.23636549677683413,0.21797312998239532,0.7266057259791368,0.0,20.729461989872192,0.31588850837138505,31.901832106504624,67.90114525684679,2.5750366640283846,0.13150684931506848,0.2948820395738204,0,0.9464788732394366,0.009097763129296528,8.22902560671436e-06,0.999096306534562,0.39999007066276804,18.001793658555176,0.1395314265956451,0.5555002012395358,0.4721751710536054
sunsched_no_defer,40,cct_region,2015,0.5,pvgis,365,0.2463447621244807,66.769071679648,0.27,1079,0.120126880180088,-0.4986807387862797,0.12882298424467098,0.11030153631196926,0.6697722567287785,0.34513274336283184,0.3262279888785913,0.0,0.5162187210379982,0.15755329008341057,0.0,0.0,0.0,0.0,0.15880487056175177,0.08216514887956615,0.23636549677683413,0.2157464144102547,0.7272389947128987,0.0,21.709066091403,0.31588850837138505,32.911196636249485,67.90114525684679,2.8985427991576835,0.13150684931506848,0.29002092846270927,0,0.9380281690140845,0.009864279503746309,8.802128680002187e-06,0.9991084720042126,0.39999007066276804,16.60314357075826,0.14610730201205568,0.6022955807966494,0.511951243677152
sunsched_no_defer,40,cct_region,2013,0.5,pvgis,365,0.2463447621244807,66.769071679648,0.29,1079,0.120126880180088,-0.4986807387862797,0.12882298424467098,0.11030153631196926,0.6697722567287785,0.34513274336283184,0.3262279888785913,0.0,0.5162187210379982,0.15755329008341057,0.0,0.0,0.0,0.0,0.15880487056175177,0.08216514887956615,0.23636549677683413,0.2184518690072758,0.7279731528148504,0.0,20.64649507784094,0.31588850837138505,33.80663193496785,67.90114525684679,2.8667953336916088,0.13150684931506848,0.2750665905631659,0,0.9436619718309859,0.009143833112590956,8.184530979125931e-06,0.9991057129369854,0.39999007066276804,17.911262654105382,0.13992742098276312,0.5583079313343625,0.47456174163420817
sunsched_no_defer,40,cct_region,2014,0.5,pvgis,365,0.2463447621244807,66.769071679648,0.3,1079,0.120126880180088,-0.4986807387862797,0.12882298424467098,0.11030153631196926,0.6697722567287785,0.34513274336283184,0.3262279888785913,0.0,0.5162187210379982,0.15755329008341057,0.0,0.0,0.0,0.0,0.15880487056175177,0.08216514887956615,0.23636549677683413,0.22305006258640467,0.7306001469377881,0.0,22.297233232776282,0.31588850837138505,34.574991800811475,67.90114525684679,2.8586522167285895,0.13150684931506848,0.2649353120243531,0,0.9464788732394366,0.010346837262940244,9.24591030551788e-06,0.9991072000725714,0.39999007066276804,15.828782859959777,0.1502218358327685,0.6317605142778118,0.53699643713614
sunsched_no_defer,46,cct_region,2011,0.5,pvgis,365,0.32494362877726723,88.072440650112,0.31,6276,0.11053605093728879,nan,0.10691523263224983,0.07918671157361953,0.4499099099099099,0.39669421487603307,0.48502230720203954,0.0,0.41937539834289356,0.09560229445506692,0.0,0.0,0.0,0.0,0.21456265784512504,0.11135417778252053,0.1368583929143101,0.19075016166560016,0.7134798648264801,0.0,19.639202912676332,0.31588850837138505,44.48930555522212,73.71065540627195,4.162940132677579,0.8465753424657534,0.22928082191780821,0,0.9436619718309859,0.00826364238351077,6.970658503295398e-05,0.9916352254902466,0.6614570687448054,19.67086611250322,0.13285587306451563,0.5083660242923309,0.4321111206484813
sunsched_no_defer,46,cct_region,2012,0.5,pvgis,365,0.32494362877726723,88.072440650112,0.3,6276,0.11343506562800129,nan,0.10994263862332695,0.08079078166164999,0.45675675675675675,0.40082644628099173,0.47594008922880815,0.0,0.427182919056724,0.09687699171446781,0.0,0.0,0.0,0.0,0.21456265784512504,0.11135417778252053,0.1368583929143101,0.19145796479477648,0.7171682397147829,0.0,20.729461989872192,0.31588850837138505,42.080444495477394,73.81272335761432,4.068892633126226,0.8547945205479452,0.2600932267884323,0,0.9464788732394366,0.008841095705600927,6.859069224459405e-05,0.9923015593162539,0.6348941569015433,18.398424423628356,0.13784036724202486,0.5435248024367457,0.4619960820712339
sunsched_no_defer,46,cct_region,2013,0.5,pvgis,365,0.32494362877726723,88.072440650112,0.3,6276,0.11343506562800129,nan,0.10994263862332695,0.08079078166164999,0.45675675675675675,0.40082644628099173,0.47594008922880815,0.0,0.427182919056724,0.09687699171446781,0.0,0.0,0.0,0.0,0.21456265784512504,0.11135417778252053,0.1368583929143101,0.1917138539399566,0.717614191814041,0.0,20.64649507784094,0.31588850837138505,44.592990583395554,73.81272335761432,4.51587117049136,0.8547945205479452,0.23635844748858448,0,0.9464788732394366,0.008867286895146001,7.310318085425145e-05,0.9918232671916082,0.6553118122873861,18.335239339168375,0.13810508457010484,0.545397843737859,0.4635881671771802
sunsched_no_defer,46,cct_region,2015,0.5,pvgis,365,0.32494362877726723,88.072440650112,0.3,6276,0.09572084089211397,nan,0.09321223709369025,0.07439773006246414,0.42486486486486486,0.38705234159779617,0.5119502868068834,0.0,0.3949968132568515,0.09305289993626514,0.0,0.0,0.0,0.0,0.21456265784512504,0.11135417778252053,0.1368583929143101,0.18907980468779628,0.7173515680002815,0.0,21.709066091403,0.31588850837138505,43.41185730988292,73.40714438188165,4.710966938489608,0.821917808219178,0.2512747336377473,0,0.952112676056338,0.009576835334162138,6.904214051565949e-05,0.9928423162437106,0.629419810924973,16.994222895669317,0.1441648995651098,0.5884352618764537,0.5001699725949856
sunsched_no_defer,46,cct_region,2014,0.5,pvgis,365,0.32494362877726723,88.072440650112,0.31,6276,0.12705865613772988,nan,0.12300828553218611,0.0882872928311704,0.4810810810810811,0.40082644628099173,0.4491714467813894,0.0,0.45092415551306564,0.09990439770554493,0.0,0.0,0.0,0.0,0.21456265784512504,0.11135417778252053,0.1368583929143101,0.1961596517100858,0.7205853476578048,0.0,22.297233232776282,0.31588850837138505,45.60650368130288,74.09967651580078,4.4648166987757465,0.8794520547945206,0.22432458143074582,0,0.9436619718309859,0.010041356272043065,8.175285360030439e-05,0.9919241358968253,0.6606878908811751,16.19306774178158,0.14823969811487436,0.6175482101021451,0.5249159785868234
sunsched_no_defer,7,cct_region,2012,0.5,pvgis,365,0.2592832308673501,70.275903079136,0.29,1853,0.29742249673357884,nan,0.27415002698327035,0.14389695187218401,0.6810810810810811,0.3404255319148936,0.3410685375067458,0.0,0.5412844036697247,0.11764705882352941,0.0,0.0,0.0,0.0,0.4600308825276162,0.19622282931464546,0.18612661836322605,0.2081828644846077,0.7252491634921119,0.0,20.729461989872192,0.31588850837138505,33.5773735468446,69.3015064113007,2.723822562505284,0.3041095890410959,0.2938546423135464,0,0.9464788732394366,0.009001453279917977,8.145663797404543e-06,0.9990958905220652,0.39999007066276804,18.194393874028673,0.13870147767259056,0.5496198482475614,0.4671768710104272
sunsched_no_defer,7,cct_region,2013,0.5,pvgis,365,0.2592832308673501,70.275903079136,0.28,1853,0.29445302292433784,nan,0.27145169994603346,0.14336503037828977,0.6780780780780781,0.3404255319148936,0.34430652995143013,0.0,0.5380464112250405,0.11764705882352941,0.0,0.0,0.0,0.0,0.4600308825276162,0.19622282931464546,0.18612661836322605,0.20913872525949795,0.726465198540602,0.0,20.64649507784094,0.31588850837138505,35.5822168786866,69.29865783343051,2.9752090432261595,0.3041095890410959,0.27228881278538813,0,0.9408450704225352,0.009045939131068487,8.1056409850094e-06,0.9991047491823734,0.39999007066276804,18.105078553947955,0.139084258886623,0.5523312130462655,0.4694815310893257
sunsched_no_defer,7,cct_region,2011,0.5,pvgis,365,0.2592832308673501,70.275903079136,0.3,1853,0.29207744387694506,nan,0.2692930383162439,0.14294501107130497,0.675075075075075,0.3404255319148936,0.3475445223961144,0.0,0.5348084187803562,0.11764705882352941,0.0,0.0,0.0,0.0,0.4600308825276162,0.19622282931464546,0.18612661836322605,0.20890338119137858,0.7230815827728458,0.0,19.639202912676332,0.31588850837138505,35.499483177463915,69.29580925556034,2.6479390223397568,0.3041095890410959,0.2675133181126332,0,0.9464788732394366,0.00842786927356411,7.539672276252011e-06,0.9991061876994157,0.39999007066276804,19.432868386283047,0.13374070526113357,0.5145920715985827,0.4374032608587953
sunsched_no_defer,7,cct_region,2014,0.5,pvgis,365,0.2592832308673501,70.275903079136,0.3,1853,0.30217365482836445,nan,0.2784673502428494,0.14443674351994595,0.6942942942942943,0.35106382978723405,0.32703723691311387,0.0,0.5509983810037776,0.12196438208310847,0.0,0.0,0.0,0.0,0.4600308825276162,0.19622282931464546,0.18612661836322605,0.21358686518182124,0.7291480944562125,0.0,22.297233232776282,0.31588850837138505,36.390932382790126,69.39390934189278,2.9578406654543468,0.32054794520547947,0.2623192541856925,0,0.9436619718309859,0.010236468104479687,9.155360908162943e-06,0.9991064125146613,0.39999007066276804,15.999435503633842,0.14928262526079694,0.6250220514172996,0.5312687437047047
sunsched_no_defer,7,cct_region,2015,0.5,pvgis,365,0.2592832308673501,70.275903079136,0.3,1853,0.28257512768737386,nan,0.26065839179708583,0.12384633104200825,0.6594594594594595,0.3404255319148936,0.36211548839719376,0.0,0.5299514301133297,0.10793308148947653,0.0,0.0,0.0,0.0,0.4600308825276162,0.19622282931464546,0.18612661836322605,0.20623993086561393,0.7258277974414798,0.0,21.709066091403,0.31588850837138505,34.63975171205602,69.22033137975852,3.067305969494733,0.29315068493150687,0.2878234398782344,0,0.9436619718309859,0.009762761383240264,8.715533076498734e-06,0.9991080638933971,0.39999007066276804,16.775784585364356,0.14523921747054624,0.5960973061566532,0.5066827102331553
sunsched_no_defer,78,cct_region,2011,0.5,pvgis,365,0.26856215194727723,72.79085383900801,0.29,2359,0.06802224856387343,-0.47647058823529415,0.07164052564646037,0.06747873223772193,0.5282758620689655,0.2826086956521739,0.41543026706231456,0.0,0.4357778719796524,0.14879186095803307,0.0,0.0,0.0,0.0,0.10864411416066382,0.24491656788547456,0.19389988146256956,0.20523080875444705,0.7156607255587506,0.0,19.639202912676332,0.31588850837138505,36.76989662333198,69.91150138556588,2.9505361323449817,0.44931506849315067,0.26338470319634705,0,0.9380281690140845,0.00839292574749786,8.931610544807756e-06,0.998936948086097,0.40310485120179346,19.510470702299433,0.1334499255124777,0.5125452969631038,0.43566350241863827
sunsched_no_defer,78,cct_region,2013,0.5,pvgis,365,0.26856215194727723,72.79085383900801,0.28,2359,0.06802224856387343,-0.47647058823529415,0.07164052564646037,0.06747873223772193,0.5282758620689655,0.2826086956521739,0.41543026706231456,0.0,0.4357778719796524,0.14879186095803307,0.0,0.0,0.0,0.0,0.10864411416066382,0.24491656788547456,0.19389988146256956,0.20565198548869396,0.7191522986336034,0.0,20.64649507784094,0.31588850837138505,36.85559110023469,69.91150138556588,3.278540465939592,0.44931506849315067,0.26766552511415526,0,0.9408450704225352,0.009010178973120873,1.0700692673521303e-05,0.9988137861195403,0.408212872004407,18.171641558479312,0.13879864713105095,0.5503080152565395,0.46776181296805863
sunsched_no_defer,78,cct_region,2012,0.5,pvgis,365,0.26856215194727723,72.79085383900801,0.29,2359,0.06802224856387343,-0.47647058823529415,0.07164052564646037,0.06747873223772193,0.5282758620689655,0.2826086956521739,0.41543026706231456,0.0,0.4357778719796524,0.14879186095803307,0.0,0.0,0.0,0.0,0.10864411416066382,0.24491656788547456,0.19389988146256956,0.20469216301029822,0.718019764434942,0.0,20.729461989872192,0.31588850837138505,34.77900081047541,69.91150138556588,3.0110660784856718,0.44931506849315067,0.289630898021309,0,0.9464788732394366,0.008967429587311388,8.403535739102252e-06,0.9990637598065942,0.40099937469113117,18.26283862252552,0.138410560221091,0.5475600045912865,0.4654260039025935
sunsched_no_defer,78,cct_region,2014,0.5,pvgis,365,0.26856215194727723,72.79085383900801,0.29,2359,0.06893407495212911,-0.4657754010695187,0.07248834251801611,0.06790212925040456,0.5319540229885057,0.2826086956521739,0.4116150911403137,0.0,0.4387452310300975,0.1496396778295888,0.0,0.0,0.0,0.0,0.10864411416066382,0.24491656788547456,0.19389988146256956,0.21029004909236695,0.7218820201044714,0.0,22.297233232776282,0.31588850837138505,37.69324795667156,69.92947323618608,3.2550765624341382,0.4520547945205479,0.25597412480974124,0,0.9464788732394366,0.01020013976182566,1.0973176641342922e-05,0.9989253691828238,0.40415481672143666,16.05350884049671,0.14898897750242512,0.6229167778432289,0.5294792611667446
sunsched_no_defer,78,cct_region,2015,0.5,pvgis,365,0.26856215194727723,72.79085383900801,0.29,2359,0.06802224856387343,-0.47647058823529415,0.07164052564646037,0.0675691513431928,0.526896551724138,0.2826086956521739,0.41670199236964817,0.0,0.4345061466723188,0.14879186095803307,0.0,0.0,0.0,0.0,0.10864411416066382,0.24491656788547456,0.19389988146256956,0.20287668542282328,0.7185461650455854,0.0,21.709066091403,0.31588850837138505,35.879398106808,69.9100770966308,3.3394925956369224,0.44931506849315067,0.2845224505327245,0,0.9464788732394366,0.009721491227643436,8.685101353212365e-06,0.9991074055536558,0.39999007066276804,16.846990875230503,0.14488610191246598,0.593577813038566,0.5045411410827811
sunsched_no_defer,0,cct_region,2012,1.0,pvgis,365,0.6324456329947064,85.70875921763201,0.28,1861,0.5300038343558281,0.10163398692810421,0.6555615260612574,0.3861560590996093,0.8509350935093509,0.13953488372093023,0.1370231058570661,0.0,0.26544868350349277,0.5975282106394412,0.0,0.0,0.0,0.0,0.500191717791411,0.6087039877300612,0.7935199386503067,0.32149454502624025,0.6959008382818096,0.0,20.729461989872192,0.31588850837138505,81.90218548301715,81.55468329166425,15.372211874964464,2.8986301369863012,0.0,0,0.9408450704225352,0.010326665362110602,9.129970394769006e-05,0.9912363207815753,1.1817117068208198,15.73476113517169,0.15074754683388336,0.6355355454139778,0.5402052136018811
sunsched_no_defer,0,cct_region,2011,1.0,pvgis,365,0.6324456329947064,85.70875921763201,0.3,1861,0.6079371165644171,0.36732026143790825,0.7727028479312198,0.3977427003578553,0.9900990099009901,0.16279069767441862,0.0,0.0,0.27780763030628697,0.722192369693713,0.0,0.0,0.0,0.0,0.500191717791411,0.6087039877300612,0.7935199386503067,0.3412514386313238,0.6854270837938076,0.0,19.639202912676332,0.31588850837138505,86.59060994439086,84.42272471049563,15.9068042560993,3.4602739726027396,0.0,0,0.9464788732394366,0.009816372660659252,8.543318393944403e-05,0.9913719592890172,1.215165255340877,16.55497940493439,0.1463525533644977,0.604047867134126,0.513440687064007
sunsched_no_defer,0,cct_region,2015,1.0,pvgis,365,0.6324456329947064,85.70875921763201,0.29,1861,0.5792753067484662,0.2696078431372547,0.723804406233208,0.39456861442523383,0.9262926292629263,0.18604651162790697,0.06233207952713595,0.0,0.24825362708221385,0.6894142933906502,0.0,0.0,0.0,0.0,0.500191717791411,0.6087039877300612,0.7935199386503067,0.32233478936467347,0.6938422888083818,0.0,21.709066091403,0.31588850837138505,84.49354640107268,83.69004372497298,14.861332362203353,3.3232876712328765,0.0,0,0.9408450704225352,0.01106999230065486,9.395449711619542e-05,0.9915841145772072,1.1991510357786956,14.68335480259712,0.15705935684422845,0.6810432720886952,0.578886781275391
sunsched_no_defer,0,cct_region,2013,1.0,pvgis,365,0.6324456329947064,85.70875921763201,0.3,1861,0.6108128834355827,0.37712418300653566,0.7743148844707146,0.3995072468063115,0.9900990099009901,0.16279069767441862,0.0,0.0,0.2681354110693176,0.7318645889306824,0.0,0.0,0.0,0.0,0.500191717791411,0.6087039877300612,0.7935199386503067,0.3441188437552262,0.6933927376178529,0.0,20.64649507784094,0.31588850837138505,86.79241461900928,84.6470681964072,15.838532956475065,3.506849315068493,0.0,0,0.9408450704225352,0.010535018292064375,9.287545071290971e-05,0.9912611611518954,1.213815895807371,15.423958480991894,0.1525285440899985,0.6483419941984253,0.5510906950686615
sunsched_no_defer,0,cct_region,2014,1.0,pvgis,365,0.6324456329947064,85.70875921763201,0.31,1861,0.6108128834355827,0.37712418300653566,0.7743148844707146,0.3995072468063115,0.9900990099009901,0.16279069767441862,0.0,0.0,0.2563138097796883,0.7436861902203117,0.0,0.0,0.0,0.0,0.500191717791411,0.6087039877300612,0.7935199386503067,0.34976164447666896,0.6981064734414645,0.0,22.297233232776282,0.31588850837138505,88.76503964066944,84.89880964994823,17.663884982945646,3.558904109589041,0.0,0,0.9436619718309859,0.011867956002855421,0.00010129198057757319,0.9915373145649773,1.2121882681719227,13.69544620145584,0.16382035633133996,0.7301697113699728,0.6206442546644769
sunsched_no_defer,100,cct_region,2012,1.0,pvgis,365,0.6105281741575894,82.73851465568,0.3,4890,0.18829726470774893,0.16227834497581958,0.19325153374233128,0.12506354955964258,0.9260989594393714,0.6629834254143646,0.0,0.0,0.8447852760736196,0.15521472392638036,0.0,0.0,0.0,0.0,0.13079900996382557,0.2012227369846206,0.4851177254553531,0.34035524333942035,0.7445818522603938,0.0,20.729461989872192,0.31588850837138505,79.06385806743447,77.91319742716578,14.429855053249188,1.2931506849315069,0.0,0,0.9436619718309859,0.01047579573749621,8.966287389355674e-05,0.9915135842946846,1.1955366471833533,15.515104252292177,0.1519992473190055,0.644533213402199,0.5478532313918693
sunsched_no_defer,100,cct_region,2013,1.0,pvgis,365,0.6105281741575894,82.73851465568,0.3,4890,0.18829726470774893,0.16227834497581958,0.19325153374233128,0.12506354955964258,0.9260989594393714,0.6629834254143646,0.0,0.0,0.8447852760736196,0.15521472392638036,0.0,0.0,0.0,0.0,0.13079900996382557,0.2012227369846206,0.4851177254553531,0.35822003363293065,0.7417220679529041,0.0,20.64649507784094,0.31588850837138505,83.78461588415563,77.91319742716578,15.725103813266875,1.2931506849315069,0.0,0,0.9408450704225352,0.010641686384697044,8.985259257590641e-05,0.9916272407185778,1.201063652496373,15.274993845351156,0.15340647030423094,0.6546647482312037,0.5564650359965232
sunsched_no_defer,100,cct_region,2011,1.0,pvgis,365,0.6105281741575894,82.73851465568,0.31,4890,0.18829726470774893,0.16227834497581958,0.19325153374233128,0.12506354955964258,0.9260989594393714,0.6629834254143646,0.0,0.0,0.8447852760736196,0.15521472392638036,0.0,0.0,0.0,0.0,0.13079900996382557,0.2012227369846206,0.4851177254553531,0.35689067370165406,0.734157798809995,0.0,19.639202912676332,0.31588850837138505,83.58980476821888,77.91319742716578,15.518489781483021,1.2931506849315069,0.0,0,0.9436619718309859,0.009931223383684712,8.368623409327193e-05,0.9916438353128304,1.1978258621134057,16.36801509800948,0.14731756066812096,0.6109476280490542,0.5193054838416961
sunsched_no_defer,100,cct_region,2014,1.0,pvgis,365,0.6105281741575894,82.73851465568,0.31,4890,0.18829726470774893,0.16227834497581958,0.19325153374233128,0.12506354955964258,0.9260989594393714,0.6629834254143646,0.0,0.0,0.8447852760736196,0.15521472392638036,0.0,0.0,0.0,0.0,0.13079900996382557,0.2012227369846206,0.4851177254553531,0.36447267410595574,0.7460407555666465,0.0,22.297233232776282,0.31588850837138505,85.68887941281247,77.91319742716578,17.47802700041477,1.2931506849315069,0.0,0,0.9436619718309859,0.012002659897977257,0.00010157363561463814,0.991608420695722,1.1941861917811893,13.542715560970043,0.16494832096683587,0.7384043440164902,0.6276436924140167
sunsched_no_defer,100,cct_region,2015,1.0,pvgis,365,0.6105281741575894,82.73851465568,0.32,4890,0.18829726470774893,0.16227834497581958,0.19325153374233128,0.12506354955964258,0.9260989594393714,0.6629834254143646,0.0,0.0,0.8447852760736196,0.15521472392638036,0.0,0.0,0.0,0.0,0.13079900996382557,0.2012227369846206,0.4851177254553531,0.3285692587027769,0.7425232396412258,0.0,21.709066091403,0.31588850837138505,81.56541514577572,77.91319742716578,14.893194539028388,1.2931506849315069,0.0,0,0.9436619718309859,0.011086634867556032,9.136995924345921e-05,0.9918259152094479,1.1823464818316463,14.664888266641183,0.15717785066298406,0.6819008653988456,0.5796157355890189
sunsched_no_defer,105,cct_region,2011,1.0,pvgis,365,0.529264676669618,71.725720549728,0.31,2169,0.12840038314176247,0.1532491449618522,0.13646841862609496,0.10055044807466418,0.8513708513708513,0.6555555555555556,0.0,0.0,0.776855693868142,0.223144306131858,0.0,0.0,0.0,0.0,0.07260536398467432,0.2796455938697318,0.43668582375478926,0.35428937616016265,0.7370171461284766,0.0,19.639202912676332,0.31588850837138505,72.46370088419438,71.19375708846931,11.826799325027388,0.5424657534246575,0.0,0,0.9436619718309859,0.009862824333071552,7.692432448318861e-05,0.9922609386682305,1.0548826883518374,16.491784397827725,0.1466764057960308,0.6063625232280617,0.5154081447438524
sunsched_no_defer,105,cct_region,2012,1.0,pvgis,365,0.529264676669618,71.725720549728,0.31,2169,0.12840038314176247,0.1532491449618522,0.13646841862609496,0.10055044807466418,0.8513708513708513,0.6555555555555556,0.0,0.0,0.776855693868142,0.223144306131858,0.0,0.0,0.0,0.0,0.07260536398467432,0.2796455938697318,0.43668582375478926,0.33843135954979836,0.745413388571081,0.0,20.729461989872192,0.31588850837138505,68.5401739797723,71.19375708846931,11.487585306580364,0.5424657534246575,0.0,0,0.9464788732394366,0.010425484590705627,8.691191920358164e-05,0.99173243521383,1.047406106723853,15.593417892339957,0.15154915028845428,0.6412962231270898,0.5451017896580262
sunsched_no_defer,105,cct_region,2013,1.0,pvgis,365,0.529264676669618,71.725720549728,0.3,2169,0.12840038314176247,0.1532491449618522,0.13646841862609496,0.10055044807466418,0.8513708513708513,0.6555555555555556,0.0,0.0,0.776855693868142,0.223144306131858,0.0,0.0,0.0,0.0,0.07260536398467432,0.2796455938697318,0.43668582375478926,0.3481840937987294,0.7434613282956584,0.0,20.64649507784094,0.31588850837138505,72.63258193940429,71.19375708846931,12.574065153223513,0.5424657534246575,0.0,0,0.9464788732394366,0.010493888596943276,8.504845479506225e-05,0.9919605859852351,1.0473259668483803,15.495336726864657,0.1521135394793115,0.6453554495955385,0.5485521321562077
sunsched_no_defer,105,cct_region,2014,1.0,pvgis,365,0.529264676669618,71.725720549728,0.31,2169,0.12840038314176247,0.1532491449618522,0.13646841862609496,0.10055044807466418,0.8513708513708513,0.6555555555555556,0.0,0.0,0.776855693868142,0.223144306131858,0.0,0.0,0.0,0.0,0.07260536398467432,0.2796455938697318,0.43668582375478926,0.3682931708926848,0.7474034529482728,0.0,22.297233232776282,0.31588850837138505,74.28338113827697,71.19375708846931,12.989943296224421,0.5424657534246575,0.0,0,0.9436619718309859,0.012008850688320328,9.801309137448828e-05,0.9919043368160404,1.0530932189639377,13.539773372516008,0.16497028467119323,0.7385647990459507,0.6277800791890581
sunsched_no_defer,105,cct_region,2015,1.0,pvgis,365,0.529264676669618,71.725720549728,0.3,2169,0.12840038314176247,0.1532491449618522,0.13646841862609496,0.10055044807466418,0.8513708513708513,0.6555555555555556,0.0,0.0,0.776855693868142,0.223144306131858,0.0,0.0,0.0,0.0,0.07260536398467432,0.2796455938697318,0.43668582375478926,0.31717079368136125,0.7440329647170963,0.0,21.709066091403,0.31588850837138505,70.70876480699424,71.19375708846931,12.72938075402994,0.5424657534246575,0.0,0,0.9436619718309859,0.010962765105088932,8.517413174474358e-05,0.992290495999401,1.0240692939359903,14.837535608674367,0.15608090285039522,0.673966369061569,0.5728714137023337
sunsched_no_defer,130,cct_region,2011,1.0,pvgis,365,0.5053064365483766,68.47891018896,0.3,1455,0.2894387980556783,0.6558154235145384,0.2824742268041237,0.165831296414379,0.9866369710467706,0.8148148148148148,0.0,0.0,0.5814432989690722,0.41855670103092785,0.0,0.0,0.0,0.0,0.13661805862424511,0.29496243923994697,0.36964206805125943,0.34627718009499153,0.7370383789053683,0.0,19.639202912676332,0.31588850837138505,69.18348434531293,70.24443649455364,12.399193261727682,0.4657534246575342,0.0,0,0.9408450704225352,0.009815423626601294,9.383583079513971e-05,0.9905304900735948,1.0052855085944403,16.54252697023032,0.14641618177399507,0.6045025659015607,0.5138271810163266
sunsched_no_defer,130,cct_region,2012,1.0,pvgis,365,0.5053064365483766,68.47891018896,0.31,1455,0.27014287818529975,0.573008849557522,0.2632302405498282,0.15583786577870634,0.9064587973273942,0.8148148148148148,0.07560137457044673,0.0,0.5388316151202749,0.38556701030927837,0.0,0.0,0.0,0.0,0.13661805862424511,0.29496243923994697,0.36964206805125943,0.3287587887928804,0.7448981688591245,0.0,20.729461989872192,0.31588850837138505,65.43756385190234,69.90891063959126,12.212292025772406,0.42191780821917807,0.0,0,0.9464788732394366,0.010357907751836303,9.613483100956021e-05,0.9908040520929856,0.9915314157626722,15.68045954757972,0.15105388893314764,0.6377364113377341,0.542075949637074
sunsched_no_defer,130,cct_region,2013,1.0,pvgis,365,0.5053064365483766,68.47891018896,0.3,1455,0.2894387980556783,0.6558154235145384,0.2824742268041237,0.165831296414379,0.9866369710467706,0.8148148148148148,0.0,0.0,0.5814432989690722,0.41855670103092785,0.0,0.0,0.0,0.0,0.13661805862424511,0.29496243923994697,0.36964206805125943,0.3462013955081571,0.7432409702148599,0.0,20.64649507784094,0.31588850837138505,69.34472065669041,70.24443649455364,12.800554213409422,0.4657534246575342,0.0,0,0.9408450704225352,0.01051635029355753,9.659080429614876e-05,0.9908987712825728,1.004255177121728,15.44568940104094,0.15240181251015372,0.6474298259115624,0.5503153520248281
sunsched_no_defer,130,cct_region,2014,1.0,pvgis,365,0.5053064365483766,68.47891018896,0.3,1455,0.2894387980556783,0.6558154235145384,0.2824742268041237,0.165831296414379,0.9866369710467706,0.8148148148148148,0.0,0.0,0.5814432989690722,0.41855670103092785,0.0,0.0,0.0,0.0,0.13661805862424511,0.29496243923994697,0.36964206805125943,0.3567592565354304,0.7470145394458234,0.0,22.297233232776282,0.31588850837138505,70.92079307831544,70.24443649455364,13.69315089250144,0.4657534246575342,0.0,0,0.9436619718309859,0.011908987883625039,0.00010917258890334596,0.9909160316878031,0.9995915006337491,13.639707358184738,0.16422925428058166,0.7331535594859614,0.6231805255630671
sunsched_no_defer,130,cct_region,2015,1.0,pvgis,365,0.5053064365483766,68.47891018896,0.3,1455,0.2798644866696126,0.6147281921618204,0.27353951890034367,0.1595482774560762,0.9220489977728286,0.8148148148148148,0.05979381443298969,0.0,0.5443298969072164,0.3958762886597938,0.0,0.0,0.0,0.0,0.13661805862424511,0.29496243923994697,0.36964206805125943,0.3174093880800808,0.7437048430050597,0.0,21.709066091403,0.31588850837138505,67.50798901257977,69.9682567772303,12.91005472013734,0.4273972602739726,0.0,0,0.9436619718309859,0.011011472461197644,9.058347631516454e-05,0.9918408376948371,0.974061102948645,14.765210403516871,0.1565374861215253,0.6772676939041883,0.5756775398185601
sunsched_no_defer,28,cct_region,2013,1.0,pvgis,365,0.515310481749955,69.834654076896,0.28,1333,0.1955925155925156,0.09046849757673657,0.1980495123780945,0.12352586299655431,0.9090909090909091,0.7793103448275862,0.0,0.0,0.7996999249812453,0.2003000750187547,0.0,0.0,0.0,0.0,0.1862785862785863,0.19176715176715176,0.2892307692307692,0.3523959957532686,0.7447915759893325,0.0,20.64649507784094,0.31588850837138505,70.71760584034051,70.04441023150135,12.899756091366251,0.473972602739726,0.0,0,0.9464788732394366,0.010560312193487994,9.826957380722651e-05,0.9907802392520215,1.0138223912926654,15.379550057210722,0.15278858184170907,0.650214080568078,0.5526819684828663
sunsched_no_defer,28,cct_region,2011,1.0,pvgis,365,0.515310481749955,69.834654076896,0.3,1333,0.1955925155925156,0.09046849757673657,0.1980495123780945,0.12352586299655431,0.9090909090909091,0.7793103448275862,0.0,0.0,0.7996999249812453,0.2003000750187547,0.0,0.0,0.0,0.0,0.1862785862785863,0.19176715176715176,0.2892307692307692,0.34992872955586524,0.7384341419358371,0.0,19.639202912676332,0.31588850837138505,70.55317737618083,70.04441023150135,12.632517496153952,0.473972602739726,0.0,0,0.9464788732394366,0.009827167716452558,9.006055281816036e-05,0.9909187778709078,1.0139883766621804,16.5292345177656,0.1464842029476282,0.6049886937747789,0.5142403897085621
sunsched_no_defer,28,cct_region,2012,1.0,pvgis,365,0.515310481749955,69.834654076896,0.29,1333,0.1955925155925156,0.09046849757673657,0.1980495123780945,0.12438917622953126,0.898989898989899,0.7172413793103448,0.015753938484621154,0.0,0.7861965491372843,0.1980495123780945,0.0,0.0,0.0,0.0,0.1862785862785863,0.19176715176715176,0.2892307692307692,0.3353931803179269,0.746565027514506,0.0,20.729461989872192,0.31588850837138505,66.73309523505122,69.97726015428643,12.249383028369921,0.4657534246575342,0.0,0,0.9436619718309859,0.01040378742423536,9.590092283245315e-05,0.990866307678624,1.007561651742318,15.61229118526823,0.1514413182785458,0.6405209767952578,0.5444428302759691
sunsched_no_defer,28,cct_region,2015,1.0,pvgis,365,0.515310481749955,69.834654076896,0.29,1333,0.1955925155925156,0.09046849757673657,0.1980495123780945,0.12352586299655431,0.9090909090909091,0.7793103448275862,0.0,0.0,0.7996999249812453,0.2003000750187547,0.0,0.0,0.0,0.0,0.1862785862785863,0.19176715176715176,0.2892307692307692,0.32181345638042796,0.7452731771933095,0.0,21.709066091403,0.31588850837138505,68.84451062540988,70.04441023150135,13.072457636880552,0.473972602739726,0.0,0,0.9408450704225352,0.011041913040683027,9.245158577350448e-05,0.9916967344904595,0.988665306380379,14.722366055759268,0.15680995698668188,0.6792386469760465,0.5773528499296395
sunsched_no_defer,28,cct_region,2014,1.0,pvgis,365,0.515310481749955,69.834654076896,0.3,1333,0.1955925155925156,0.09046849757673657,0.1980495123780945,0.12352586299655431,0.9090909090909091,0.7793103448275862,0.0,0.0,0.7996999249812453,0.2003000750187547,0.0,0.0,0.0,0.0,0.1862785862785863,0.19176715176715176,0.2892307692307692,0.36398837883489926,0.7486157571891188,0.0,22.297233232776282,0.31588850837138505,72.32488130749718,70.04441023150135,13.758300665816606,0.473972602739726,0.0,0,0.9436619718309859,0.011971172379685856,0.00010686747583891339,0.9911519189274715,1.009901253962446,13.572085685245336,0.16472956076868417,0.7368064298968677,0.6262854654123375
sunsched_no_defer,40,cct_region,2011,1.0,pvgis,365,0.4926895242489614,66.769071679648,0.3,1079,0.18499948838637062,0.3377308707124011,0.19091751621872105,0.1352010797733579,0.9782608695652174,0.7522123893805309,0.0,0.0,0.7636700648748842,0.23632993512511585,0.0,0.0,0.0,0.0,0.15880487056175177,0.08216514887956615,0.23636549677683413,0.3437629605178937,0.7413753926391484,0.0,19.639202912676332,0.31588850837138505,67.45605344117615,68.62562653210018,12.387129320215058,0.19452054794520549,0.0,0,0.9492957746478873,0.009783474067219133,0.00010131872824528864,0.989750040254584,0.9690753069203123,16.583472736444815,0.14620730212363264,0.6030100063434489,0.5125585053919316
sunsched_no_defer,40,cct_region,2013,1.0,pvgis,365,0.4926895242489614,66.769071679648,0.29,1079,0.18499948838637062,0.3377308707124011,0.19091751621872105,0.1352010797733579,0.9782608695652174,0.7522123893805309,0.0,0.0,0.7636700648748842,0.23632993512511585,0.0,0.0,0.0,0.0,0.15880487056175177,0.08216514887956615,0.23636549677683413,0.3443352294411567,0.7474281142479257,0.0,20.64649507784094,0.31588850837138505,67.6132638699357,68.62562653210018,12.74008517584103,0.19452054794520549,0.0,0,0.9436619718309859,0.010491581009091778,0.00010692398035099635,0.989911409160301,0.9675735732671035,15.466727806636513,0.15227944082332978,0.6465491683191817,0.5495667930713044
sunsched_no_defer,40,cct_region,2012,1.0,pvgis,365,0.4926895242489614,66.769071679648,0.3,1079,0.18499948838637062,0.3377308707124011,0.19091751621872105,0.13614789911098185,0.9782608695652174,0.6902654867256637,0.006487488415199258,0.0,0.7608897126969416,0.23262279888785914,0.0,0.0,0.0,0.0,0.15880487056175177,0.08216514887956615,0.23636549677683413,0.3264476087384516,0.7489440565281925,0.0,20.729461989872192,0.31588850837138505,63.80366421300925,68.6075368025696,12.203408303159925,0.1917808219178082,0.0029490106544901064,0,0.9464788732394366,0.010325263295371282,0.00010596556229137007,0.9898415072914896,0.9571472307275638,15.714753656140301,0.1508601854831485,0.6363446872164396,0.5408929841339737
sunsched_no_defer,40,cct_region,2015,1.0,pvgis,365,0.4926895242489614,66.769071679648,0.3,1079,0.18499948838637062,0.3377308707124011,0.19091751621872105,0.1359315454809736,0.9782608695652174,0.7079646017699115,0.004633920296570899,0.0,0.76274328081557,0.23262279888785914,0.0,0.0,0.0,0.0,0.15880487056175177,0.08216514887956615,0.23636549677683413,0.31808004513114974,0.7478470100336897,0.0,21.709066091403,0.31588850837138505,65.82239327249897,68.6084863285263,12.73939620754421,0.1917808219178082,0.0,0,0.9464788732394366,0.01102422001578927,0.00010138342945043683,0.9908873770353719,0.9443998145163719,14.73395961269214,0.15673607948644408,0.6787041815552278,0.5768985543219436
sunsched_no_defer,40,cct_region,2014,1.0,pvgis,365,0.4926895242489614,66.769071679648,0.31,1079,0.18499948838637062,0.3377308707124011,0.19091751621872105,0.1352010797733579,0.9782608695652174,0.7522123893805309,0.0,0.0,0.7636700648748842,0.23632993512511585,0.0,0.0,0.0,0.0,0.15880487056175177,0.08216514887956615,0.23636549677683413,0.3573345375808642,0.751139430930329,0.0,22.297233232776282,0.31588850837138505,69.14998360162295,68.62562653210018,13.463308043048498,0.19452054794520549,0.0,0,0.9408450704225352,0.01191229840139244,0.00011492155669251128,0.9904448777778226,0.9622545227211587,13.629433268890793,0.16430496768156178,0.733706222607584,0.6236502892164464
sunsched_no_defer,46,cct_region,2012,1.0,pvgis,365,0.6498872575545345,88.072440650112,0.29,6276,0.21545192615515954,nan,0.20936902485659656,0.10835145796820825,0.8601801801801802,0.8429752066115702,0.0,0.0,0.8154875717017208,0.18451242829827916,0.0,0.0,0.0,0.0,0.21456265784512504,0.11135417778252053,0.1368583929143101,0.3462137550499269,0.7454784330117904,0.0,20.729461989872192,0.31588850837138505,84.16088899095479,80.25869250201875,15.559694807858548,1.5534246575342465,0.0,0,0.9436619718309859,0.010482652918558022,9.179957476105528e-05,0.9913187396870851,1.257076782031969,15.501908201162891,0.15207551380686468,0.6450818744527103,0.5483195932848037
sunsched_no_defer,46,cct_region,2011,1.0,pvgis,365,0.6498872575545345,88.072440650112,0.32,6276,0.21545192615515954,nan,0.20936902485659656,0.10835145796820825,0.8601801801801802,0.8429752066115702,0.0,0.0,0.8154875717017208,0.18451242829827916,0.0,0.0,0.0,0.0,0.21456265784512504,0.11135417778252053,0.1368583929143101,0.3596542236098919,0.7343490377728698,0.0,19.639202912676332,0.31588850837138505,88.97861111044423,80.25869250201875,17.115098897476827,1.5534246575342465,0.0,0,0.9464788732394366,0.009911074263152058,8.782326918823911e-05,0.9912167047512804,1.2591196639788176,16.39422659336154,0.14718101140418527,0.6099708298559974,0.5184752053775978
sunsched_no_defer,7,cct_region,2011,1.0,pvgis,365,0.5185664617347002,70.275903079136,0.3,1853,0.40266064853308,nan,0.37560712358337833,0.16163250837787588,0.984984984984985,0.8936170212765957,0.0,0.0,0.8111171073934161,0.18888289260658392,0.0,0.0,0.0,0.0,0.4600308825276162,0.19622282931464546,0.18612661836322605,0.35135920486539873,0.7403567098589563,0.0,19.639202912676332,0.31588850837138505,70.99896635492783,70.60674217698606,12.34817838985018,0.4931506849315068,0.0,0,0.9464788732394366,0.009848074399148856,9.455196325342406e-05,0.9904902427379784,1.013208192611303,16.48701116325405,0.1467009627624528,0.6065380741833801,0.5155573630558731
sunsched_no_defer,7,cct_region,2012,1.0,pvgis,365,0.5185664617347002,70.275903079136,0.3,1853,0.4032545432949282,nan,0.3761467889908257,0.1631778703686458,0.9543543543543543,0.8776595744680851,0.02914193200215866,0.0,0.7911494873178629,0.1797085806799784,0.0,0.0,0.0,0.0,0.4600308825276162,0.19622282931464546,0.18612661836322605,0.33694965761903073,0.7485232391799955,0.0,20.729461989872192,0.31588850837138505,67.1547470936892,70.47097940320319,11.967297900813588,0.4712328767123288,0.0,0,0.9436619718309859,0.010428124390599175,9.471787420665692e-05,0.9909988317012558,1.0058561240203385,15.577938707419666,0.15163777489780794,0.6419334539580046,0.5456434358643039
sunsched_no_defer,46,cct_region,2013,1.0,pvgis,365,0.6498872575545345,88.072440650112,0.32,6276,0.21545192615515954,nan,0.20936902485659656,0.10835145796820825,0.8601801801801802,0.8429752066115702,0.0,0.0,0.8154875717017208,0.18451242829827916,0.0,0.0,0.0,0.0,0.21456265784512504,0.11135417778252053,0.1368583929143101,0.3588063131144383,0.7422589013242429,0.0,20.64649507784094,0.31588850837138505,89.18598116679111,80.25869250201875,17.369075500349286,1.5534246575342465,0.0,0,0.9464788732394366,0.010594196611538351,8.938494895709102e-05,0.9916334285042004,1.2581250855264088,15.343561604390327,0.15300036072879541,0.6517391631639587,0.5539782886893649
sunsched_no_defer,7,cct_region,2013,1.0,pvgis,365,0.5185664617347002,70.275903079136,0.29,1853,0.40266064853308,nan,0.37560712358337833,0.16163250837787588,0.984984984984985,0.8936170212765957,0.0,0.0,0.8111171073934161,0.18888289260658392,0.0,0.0,0.0,0.0,0.4600308825276162,0.19622282931464546,0.18612661836322605,0.3477409228883957,0.7467165981397768,0.0,20.64649507784094,0.31588850837138505,71.1644337573732,70.60674217698606,12.951575717138455,0.4931506849315068,0.0,0,0.9464788732394366,0.010510439508687654,9.503047448712636e-05,0.9910394848471695,1.0091876587462858,15.456570249979544,0.15233848374058145,0.6469740594627217,0.5499279505433134
sunsched_no_defer,46,cct_region,2014,1.0,pvgis,365,0.6498872575545345,88.072440650112,0.32,6276,0.21545192615515954,nan,0.20936902485659656,0.10835145796820825,0.8601801801801802,0.8429752066115702,0.0,0.0,0.8154875717017208,0.18451242829827916,0.0,0.0,0.0,0.0,0.21456265784512504,0.11135417778252053,0.1368583929143101,0.36898930425121873,0.7468120485890342,0.0,22.297233232776282,0.31588850837138505,91.21300736260577,80.25869250201875,19.2970075852602,1.5534246575342465,0.0,0,0.9436619718309859,0.012014525224832215,0.00010345001871830773,0.9914630937397428,1.2512463765445874,13.52735820418801,0.16506306387235703,0.7392426406586945,0.6283562445598904
sunsched_no_defer,46,cct_region,2015,1.0,pvgis,365,0.6498872575545345,88.072440650112,0.32,6276,0.21545192615515954,nan,0.20936902485659656,0.10835145796820825,0.8601801801801802,0.8429752066115702,0.0,0.0,0.8154875717017208,0.18451242829827916,0.0,0.0,0.0,0.0,0.21456265784512504,0.11135417778252053,0.1368583929143101,0.32579937589664554,0.7432064191998969,0.0,21.709066091403,0.31588850837138505,86.82371461976584,80.25869250201875,16.736699258301595,1.5534246575342465,0.0,0,0.9408450704225352,0.01101324295282461,9.046903346302131e-05,0.9918523613027117,1.2371843609504376,14.76300826529238,0.15655145432375417,0.677368719186445,0.5757634113084783
sunsched_no_defer,7,cct_region,2015,1.0,pvgis,365,0.5185664617347002,70.275903079136,0.3,1853,0.40266064853308,nan,0.37560712358337833,0.16163250837787588,0.984984984984985,0.8936170212765957,0.0,0.0,0.8111171073934161,0.18888289260658392,0.0,0.0,0.0,0.0,0.4600308825276162,0.19622282931464546,0.18612661836322605,0.3174608700603248,0.7472294996767941,0.0,21.709066091403,0.31588850837138505,69.27950342411204,70.60674217698606,13.098055591585755,0.4931506849315068,0.0,0,0.9436619718309859,0.010993630218442808,9.53676615614809e-05,0.9913997944094255,0.9831375246270815,14.782597454056594,0.1564273377792602,0.6764711026651025,0.5750004372653371
sunsched_no_defer,7,cct_region,2014,1.0,pvgis,365,0.5185664617347002,70.275903079136,0.3,1853,0.40266064853308,nan,0.37560712358337833,0.16163250837787588,0.984984984984985,0.8936170212765957,0.0,0.0,0.8111171073934161,0.18888289260658392,0.0,0.0,0.0,0.0,0.4600308825276162,0.19622282931464546,0.18612661836322605,0.3669150365474554,0.7505563194054379,0.0,22.297233232776282,0.31588850837138505,72.78186476558025,70.60674217698606,13.404864427855195,0.4931506849315068,0.0,0,0.9436619718309859,0.012011372264074137,0.00010774749287959656,0.9911092971238465,1.0134304028945245,13.526080698636022,0.16507261981663834,0.7393124603351218,0.6284155912848535
sunsched_no_defer,78,cct_region,2011,1.0,pvgis,365,0.5371243038945545,72.79085383900801,0.3,2359,0.13376493115710766,0.2946524064171119,0.14497668503603223,0.11165646848561539,0.871264367816092,0.7065217391304348,0.0,0.0,0.7452310300974989,0.2547689699025011,0.0,0.0,0.0,0.0,0.10864411416066382,0.24491656788547456,0.19389988146256956,0.3494725659205235,0.7335549837599267,0.0,19.639202912676332,0.31588850837138505,73.53979324666396,72.31145787069235,13.135423416827896,0.7808219178082192,0.0,0,0.9436619718309859,0.009832406347267555,8.519355119912333e-05,0.9914098620562123,1.0419409969919764,16.52861513946878,0.14648737501316933,0.6050113645710667,0.5142596598854068
sunsched_no_defer,78,cct_region,2012,1.0,pvgis,365,0.5371243038945545,72.79085383900801,0.3,2359,0.13194127838059633,0.27326203208556127,0.14328105129292074,0.10742601706276363,0.855632183908046,0.7065217391304348,0.01526070368800339,0.0,0.7418397626112759,0.24289953370072065,0.0,0.0,0.0,0.0,0.10864411416066382,0.24491656788547456,0.19389988146256956,0.3342671698066518,0.7421192847940662,0.0,20.729461989872192,0.31588850837138505,69.55800162095082,72.12531747217048,12.751171372935996,0.7534246575342466,0.0,0,0.9464788732394366,0.010405368207373037,9.890844995014336e-05,0.9905839827741791,1.0356933172713125,15.605471673740494,0.15148025284918254,0.6408008811952229,0.5446807490159394
sunsched_no_defer,78,cct_region,2013,1.0,pvgis,365,0.5371243038945545,72.79085383900801,0.31,2359,0.13376493115710766,0.2946524064171119,0.14497668503603223,0.11165646848561539,0.871264367816092,0.7065217391304348,0.0,0.0,0.7452310300974989,0.2547689699025011,0.0,0.0,0.0,0.0,0.10864411416066382,0.24491656788547456,0.19389988146256956,0.34806572740023806,0.7401247798675799,0.0,20.64649507784094,0.31588850837138505,73.71118220046938,72.31145787069235,13.635062340907638,0.7808219178082192,0.0,0,0.9436619718309859,0.010517534639938963,9.550996667132211e-05,0.9910007005330183,1.039286156172405,15.445538759621435,0.1524026898669566,0.647436140339924,0.5503207192889353
sunsched_no_defer,78,cct_region,2014,1.0,pvgis,365,0.5371243038945545,72.79085383900801,0.3,2359,0.13376493115710766,0.2946524064171119,0.14497668503603223,0.11165646848561539,0.871264367816092,0.7065217391304348,0.0,0.0,0.7452310300974989,0.2547689699025011,0.0,0.0,0.0,0.0,0.10864411416066382,0.24491656788547456,0.19389988146256956,0.36363472473399283,0.7440957946868508,0.0,22.297233232776282,0.31588850837138505,75.38649591334313,72.31145787069235,14.329822014062136,0.7808219178082192,0.0,0,0.9464788732394366,0.011974150336955888,0.00010485547818225013,0.99131919631574,1.0425070231341282,13.571000323847075,0.16473762913478418,0.7368653571121,0.6263355535452849
sunsched_no_defer,78,cct_region,2015,1.0,pvgis,365,0.5371243038945545,72.79085383900801,0.31,2359,0.13376493115710766,0.2946524064171119,0.14497668503603223,0.11164095322376949,0.871264367816092,0.7065217391304348,0.0,0.0,0.7465027554048326,0.2534972445951674,0.0,0.0,0.0,0.0,0.10864411416066382,0.24491656788547456,0.19389988146256956,0.3151195310948583,0.7406453304897227,0.0,21.709066091403,0.31588850837138505,71.758796213616,72.28459360549655,13.872819978267163,0.7753424657534247,0.0,0,0.9408450704225352,0.010964985754573147,9.344381826480186e-05,0.9915499920084203,1.0167487877597376,14.823460306843746,0.15616942928105926,0.6746063195098357,0.5734153715833604
sunsched_no_defer,0,cct_region,2011,2.0,pvgis,365,1.2648912659894127,85.70875921763201,0.31,1861,0.6127300613496932,0.3836601307189542,0.7753895754970446,0.40089146664468794,0.9900990099009901,0.16279069767441862,0.0,0.0,0.24502955400322407,0.7549704459967759,0.0,0.0,0.0,0.0,0.500191717791411,0.6087039877300612,0.7935199386503067,0.38038759730076926,0.7254005454799313,0.0,19.639202912676332,0.31588850837138505,173.18121988878173,85.12475424316087,89.77358536720078,3.6054794520547944,0.0,0,0.9464788732394366,0.010109914537616185,6.0514342964673124e-05,0.9940499713753254,1.1996857751431287,16.117726573161804,0.14864266885305755,0.6204348953686405,0.5273696610633445
sunsched_no_defer,0,cct_region,2012,2.0,pvgis,365,1.2648912659894127,85.70875921763201,0.31,1861,0.6127300613496932,0.3836601307189542,0.7753895754970446,0.40089146664468794,0.9900990099009901,0.16279069767441862,0.0,0.0,0.24502955400322407,0.7549704459967759,0.0,0.0,0.0,0.0,0.500191717791411,0.6087039877300612,0.7935199386503067,0.3839889839802852,0.7497673706603192,0.0,20.729461989872192,0.31588850837138505,163.8043709660343,85.12475424316087,82.55163348638773,3.6054794520547944,0.0,0,0.9436619718309859,0.010831866981787402,6.738810594281283e-05,0.9938171824220652,1.2330600643490013,15.039944520018368,0.1548251780376626,0.6648960697088919,0.5651616592525581
sunsched_no_defer,0,cct_region,2014,2.0,pvgis,365,1.2648912659894127,85.70875921763201,0.31,1861,0.6127300613496932,0.3836601307189542,0.7753895754970446,0.40089146664468794,0.9900990099009901,0.16279069767441862,0.0,0.0,0.24502955400322407,0.7549704459967759,0.0,0.0,0.0,0.0,0.500191717791411,0.6087039877300612,0.7935199386503067,0.38840539414223324,0.7499685447473331,0.0,22.297233232776282,0.31588850837138505,177.53007928133889,85.12475424316087,94.57323906166404,3.6054794520547944,0.0,0,0.9464788732394366,0.012235374839851744,7.017909907308168e-05,0.9942969573396374,1.1876194777277729,13.32115503638294,0.16662776466551,0.7506856554621464,0.6380828071428244
sunsched_no_defer,0,cct_region,2013,2.0,pvgis,365,1.2648912659894127,85.70875921763201,0.31,1861,0.6127300613496932,0.3836601307189542,0.7753895754970446,0.40089146664468794,0.9900990099009901,0.16279069767441862,0.0,0.0,0.24502955400322407,0.7549704459967759,0.0,0.0,0.0,0.0,0.500191717791411,0.6087039877300612,0.7935199386503067,0.3859375581674197,0.7412220631563476,0.0,20.64649507784094,0.31588850837138505,173.58482923801856,85.12475424316087,89.24808836421248,3.6054794520547944,0.0,0,0.9436619718309859,0.010890888956089764,6.47067859386139e-05,0.9940937227456849,1.209464749916283,14.962599541724288,0.15530122798261725,0.6683330641921064,0.5680831045632904
sunsched_no_defer,0,cct_region,2015,2.0,pvgis,365,1.2648912659894127,85.70875921763201,0.31,1861,0.6127300613496932,0.3836601307189542,0.7753895754970446,0.40089146664468794,0.9900990099009901,0.16279069767441862,0.0,0.0,0.24502955400322407,0.7549704459967759,0.0,0.0,0.0,0.0,0.500191717791411,0.6087039877300612,0.7935199386503067,0.38689217577789814,0.7434817724048645,0.0,21.709066091403,0.31588850837138505,168.98709280214536,85.12475424316087,85.62245915550183,3.6054794520547944,0.0,0,0.9436619718309859,0.011726617825527077,6.980590927698097e-05,0.9940824515254546,1.2089701147346246,13.896092198294808,0.16237397885421667,0.7196267740096818,0.6116827579082296
sunsched_no_defer,100,cct_region,2011,2.0,pvgis,365,1.2210563483151788,82.73851465568,0.32,4890,0.18829726470774893,0.16227834497581958,0.19325153374233128,0.12506354955964258,0.9260989594393714,0.6629834254143646,0.0,0.0,0.8447852760736196,0.15521472392638036,0.0,0.0,0.0,0.0,0.13079900996382557,0.2012227369846206,0.4851177254553531,0.3884541074633581,0.7708522943195066,0.0,19.639202912676332,0.31588850837138505,167.17960953643777,77.91319742716578,90.21302960582466,1.2931506849315069,0.0,0,0.9436619718309859,0.010186838254956141,5.714408909598785e-05,0.9944216919576041,1.198144061562811,16.001998668434663,0.14926866337373956,0.6249219367656786,0.5311836462508269
sunsched_no_defer,100,cct_region,2012,2.0,pvgis,365,1.2210563483151788,82.73851465568,0.32,4890,0.18829726470774893,0.16227834497581958,0.19325153374233128,0.12506354955964258,0.9260989594393714,0.6629834254143646,0.0,0.0,0.8447852760736196,0.15521472392638036,0.0,0.0,0.0,0.0,0.13079900996382557,0.2012227369846206,0.4851177254553531,0.3928376368482022,0.7950438610546557,0.0,20.729461989872192,0.31588850837138505,158.12771613486893,77.91319742716578,81.68538251528538,1.2931506849315069,0.0,0,0.9436619718309859,0.010911161287551197,6.337871206034514e-05,0.9942249322465826,1.2386845232083012,14.936771093348119,0.15546123699770065,0.6694887360530924,0.5690654256451286
sunsched_no_defer,100,cct_region,2013,2.0,pvgis,365,1.2210563483151788,82.73851465568,0.32,4890,0.18829726470774893,0.16227834497581958,0.19325153374233128,0.12506354955964258,0.9260989594393714,0.6629834254143646,0.0,0.0,0.8447852760736196,0.15521472392638036,0.0,0.0,0.0,0.0,0.13079900996382557,0.2012227369846206,0.4851177254553531,0.39251918242552397,0.785757124880973,0.0,20.64649507784094,0.31588850837138505,167.56923176831125,77.91319742716578,90.58303612800523,1.2931506849315069,0.0,0,0.9464788732394366,0.01095298379188319,6.160575019780449e-05,0.9944068955123165,1.2001371096739104,14.882460322531461,0.15579940779776624,0.6719319106707372,0.5711421240701267
sunsched_no_defer,100,cct_region,2014,2.0,pvgis,365,1.2210563483151788,82.73851465568,0.31,4890,0.18829726470774893,0.16227834497581958,0.19325153374233128,0.12506354955964258,0.9260989594393714,0.6629834254143646,0.0,0.0,0.8447852760736196,0.15521472392638036,0.0,0.0,0.0,0.0,0.13079900996382557,0.2012227369846206,0.4851177254553531,0.395801686256826,0.7935752632289799,0.0,22.297233232776282,0.31588850837138505,171.37775882562494,77.91319742716578,94.39906167578987,1.2931506849315069,0.0,0,0.9436619718309859,0.01231898840252694,6.699339564530994e-05,0.99459119214472,1.1936726503207684,13.234654668488211,0.1672977604524123,0.7555920611823788,0.6422532520050219
sunsched_no_defer,100,cct_region,2015,2.0,pvgis,365,1.2210563483151788,82.73851465568,0.32,4890,0.18829726470774893,0.16227834497581958,0.19325153374233128,0.12506354955964258,0.9260989594393714,0.6629834254143646,0.0,0.0,0.8447852760736196,0.15521472392638036,0.0,0.0,0.0,0.0,0.13079900996382557,0.2012227369846206,0.4851177254553531,0.39390942795298045,0.7887717181304715,0.0,21.709066091403,0.31588850837138505,163.13083029155143,77.91319742716578,86.3666448682031,1.2931506849315069,0.0,0,0.9436619718309859,0.011810468759922843,6.476323254737737e-05,0.9945463606447064,1.2011009763532847,13.803872794479341,0.1630338405605184,0.7244343778652723,0.6157692211854815
sunsched_no_defer,105,cct_region,2012,2.0,pvgis,365,1.058529353339236,71.725720549728,0.31,2169,0.12840038314176247,0.1532491449618522,0.13646841862609496,0.10055044807466418,0.8513708513708513,0.6555555555555556,0.0,0.0,0.776855693868142,0.223144306131858,0.0,0.0,0.0,0.0,0.07260536398467432,0.2796455938697318,0.43668582375478926,0.39985019212696177,0.7894489339843683,0.0,20.729461989872192,0.31588850837138505,137.0803479595446,71.19375708846931,68.4614074734339,0.5424657534246575,0.0,0,0.9408450704225352,0.01097821653226056,5.875714579246453e-05,0.994676335424329,1.0935558006986246,14.852277137794841,0.1559883561401456,0.673297428214077,0.5723028139819654
sunsched_no_defer,105,cct_region,2013,2.0,pvgis,365,1.058529353339236,71.725720549728,0.31,2169,0.12840038314176247,0.1532491449618522,0.13646841862609496,0.10055044807466418,0.8513708513708513,0.6555555555555556,0.0,0.0,0.776855693868142,0.223144306131858,0.0,0.0,0.0,0.0,0.07260536398467432,0.2796455938697318,0.43668582375478926,0.400018383958068,0.7817551295582513,0.0,20.64649507784094,0.31588850837138505,145.26516387880858,71.19375708846931,76.10596405560085,0.5424657534246575,0.0,0,0.9464788732394366,0.011033063938277092,5.6392866763088215e-05,0.9949147313746279,1.05590007864071,14.781985692435944,0.15643120918364362,0.6764990988400886,0.5750242340140753
sunsched_no_defer,105,cct_region,2011,2.0,pvgis,365,1.058529353339236,71.725720549728,0.33,2169,0.12840038314176247,0.1532491449618522,0.13646841862609496,0.10055044807466418,0.8513708513708513,0.6555555555555556,0.0,0.0,0.776855693868142,0.223144306131858,0.0,0.0,0.0,0.0,0.07260536398467432,0.2796455938697318,0.43668582375478926,0.3963262817063908,0.7690011119729978,0.0,19.639202912676332,0.31588850837138505,144.92740176838876,71.19375708846931,75.78525807360867,0.5424657534246575,0.0,0,0.9464788732394366,0.010259919615156286,5.22222364946491e-05,0.9949358496764386,1.0527594140566499,15.896231276410022,0.1498483387709254,0.6290799263118411,0.5347179373650649
sunsched_no_defer,105,cct_region,2014,2.0,pvgis,365,1.058529353339236,71.725720549728,0.3,2169,0.12840038314176247,0.1532491449618522,0.13646841862609496,0.10055044807466418,0.8513708513708513,0.6555555555555556,0.0,0.0,0.776855693868142,0.223144306131858,0.0,0.0,0.0,0.0,0.07260536398467432,0.2796455938697318,0.43668582375478926,0.40332138688567076,0.7887164830581832,0.0,22.297233232776282,0.31588850837138505,148.56676227655393,71.19375708846931,79.4770447392199,0.5424657534246575,0.0,0,0.9436619718309859,0.012406473890344669,6.0834291294631564e-05,0.9951204951054131,1.0458091843755426,13.148322752653437,0.16797469342516103,0.7605532803020005,0.6464702882567005
sunsched_no_defer,105,cct_region,2015,2.0,pvgis,365,1.058529353339236,71.725720549728,0.31,2169,0.12840038314176247,0.1532491449618522,0.13646841862609496,0.10055044807466418,0.8513708513708513,0.6555555555555556,0.0,0.0,0.776855693868142,0.223144306131858,0.0,0.0,0.0,0.0,0.07260536398467432,0.2796455938697318,0.43668582375478926,0.4013036441012674,0.7843568140705789,0.0,21.709066091403,0.31588850837138505,141.41752961398848,71.19375708846931,72.45082403246175,0.5424657534246575,0.0,0,0.9408450704225352,0.01190269373671912,6.0489126862951225e-05,0.9949437263015438,1.0567781048100726,13.702389547852103,0.16376963928025312,0.729799715960311,0.6203297585662644
sunsched_no_defer,130,cct_region,2011,2.0,pvgis,365,1.0106128730967532,68.47891018896,0.31,1455,0.2894387980556783,0.6558154235145384,0.2824742268041237,0.165831296414379,0.9866369710467706,0.8148148148148148,0.0,0.0,0.5814432989690722,0.41855670103092785,0.0,0.0,0.0,0.0,0.13661805862424511,0.29496243923994697,0.36964206805125943,0.40201752924824014,0.7675744946312386,0.0,19.639202912676332,0.31588850837138505,138.36696869062587,70.24443649455364,70.50226468015138,0.4657534246575342,0.0,0,0.9436619718309859,0.01031556316439709,5.110114690328439e-05,0.9950706277961002,1.0396687522419263,15.812626598731645,0.15031174989775054,0.632406003996965,0.5375451033974202
sunsched_no_defer,130,cct_region,2012,2.0,pvgis,365,1.0106128730967532,68.47891018896,0.33,1455,0.2894387980556783,0.6558154235145384,0.2824742268041237,0.165831296414379,0.9866369710467706,0.8148148148148148,0.0,0.0,0.5814432989690722,0.41855670103092785,0.0,0.0,0.0,0.0,0.13661805862424511,0.29496243923994697,0.36964206805125943,0.40502684475860334,0.7869514917199573,0.0,20.729461989872192,0.31588850837138505,130.87512770380468,70.24443649455364,63.662761924793756,0.4657534246575342,0.0,0,0.9436619718309859,0.011033799536972755,5.832655035828994e-05,0.9947416257353126,1.079708957206236,14.778428458022816,0.15645372638903632,0.6766619352256813,0.5751626449418292
sunsched_no_defer,130,cct_region,2014,2.0,pvgis,365,1.0106128730967532,68.47891018896,0.31,1455,0.2894387980556783,0.6558154235145384,0.2824742268041237,0.165831296414379,0.9866369710467706,0.8148148148148148,0.0,0.0,0.5814432989690722,0.41855670103092785,0.0,0.0,0.0,0.0,0.13661805862424511,0.29496243923994697,0.36964206805125943,0.4091060729756857,0.7864228031025358,0.0,22.297233232776282,0.31588850837138505,141.84158615663088,70.24443649455364,74.00383633412562,0.4657534246575342,0.0,0,0.9380281690140845,0.012482074388191487,5.9620732455754e-05,0.9952461982306043,1.0339418426709186,13.070337801396875,0.1685933828204561,0.7650911668810322,0.6503274918488774
sunsched_no_defer,130,cct_region,2013,2.0,pvgis,365,1.0106128730967532,68.47891018896,0.31,1455,0.2894387980556783,0.6558154235145384,0.2824742268041237,0.165831296414379,0.9866369710467706,0.8148148148148148,0.0,0.0,0.5814432989690722,0.41855670103092785,0.0,0.0,0.0,0.0,0.13661805862424511,0.29496243923994697,0.36964206805125943,0.40537749004524454,0.7798060520146094,0.0,20.64649507784094,0.31588850837138505,138.68944131338083,70.24443649455364,70.80845325475914,0.4657534246575342,0.0,0,0.9464788732394366,0.011097503603892698,5.472255366364675e-05,0.9950931273370412,1.0433819440081433,14.698786548362929,0.15696055190673475,0.6803282683980295,0.5782790281383251
sunsched_no_defer,130,cct_region,2015,2.0,pvgis,365,1.0106128730967532,68.47891018896,0.31,1455,0.2894387980556783,0.6558154235145384,0.2824742268041237,0.165831296414379,0.9866369710467706,0.8148148148148148,0.0,0.0,0.5814432989690722,0.41855670103092785,0.0,0.0,0.0,0.0,0.13661805862424511,0.29496243923994697,0.36964206805125943,0.407009775305966,0.7821803461301139,0.0,21.709066091403,0.31588850837138505,135.01597802515954,70.24443649455364,67.31877056556235,0.4657534246575342,0.0,0,0.9408450704225352,0.011965472550755463,5.991563776637069e-05,0.995017571422471,1.0430062907388624,13.631509374928546,0.1642896594735883,0.733594477688016,0.6235553060348136
sunsched_no_defer,28,cct_region,2012,2.0,pvgis,365,1.03062096349991,69.834654076896,0.3,1333,0.1955925155925156,0.09046849757673657,0.1980495123780945,0.12352586299655431,0.9090909090909091,0.7793103448275862,0.0,0.0,0.7996999249812453,0.2003000750187547,0.0,0.0,0.0,0.0,0.1862785862785863,0.19176715176715176,0.2892307692307692,0.40727622558078247,0.789392319907606,0.0,20.729461989872192,0.31588850837138505,133.46619047010245,70.04441023150135,66.13777543508476,0.473972602739726,0.0,0,0.9436619718309859,0.011055007175878774,5.7907154183389166e-05,0.9947892017824036,1.0750573140833093,14.750783364319647,0.15662906871062454,0.677930097203433,0.5762405826229181
sunsched_no_defer,28,cct_region,2011,2.0,pvgis,365,1.03062096349991,69.834654076896,0.32,1333,0.1955925155925156,0.09046849757673657,0.1980495123780945,0.12352586299655431,0.9090909090909091,0.7793103448275862,0.0,0.0,0.7996999249812453,0.2003000750187547,0.0,0.0,0.0,0.0,0.1862785862785863,0.19176715176715176,0.2892307692307692,0.40404590981857624,0.7695562545051617,0.0,19.639202912676332,0.31588850837138505,141.10635475236165,70.04441023150135,73.30466701609093,0.473972602739726,0.0,0,0.9492957746478873,0.010334540760820934,4.999578671683938e-05,0.9951855543588323,1.030946918124849,15.78541238490394,0.1504635989713492,0.6334962784731109,0.5384718367021442
sunsched_no_defer,28,cct_region,2013,2.0,pvgis,365,1.03062096349991,69.834654076896,0.31,1333,0.1955925155925156,0.09046849757673657,0.1980495123780945,0.12352586299655431,0.9090909090909091,0.7793103448275862,0.0,0.0,0.7996999249812453,0.2003000750187547,0.0,0.0,0.0,0.0,0.1862785862785863,0.19176715176715176,0.2892307692307692,0.4077568469022283,0.7820787876553671,0.0,20.64649507784094,0.31588850837138505,141.43521168068102,70.04441023150135,73.61691750505227,0.473972602739726,0.0,0,0.9436619718309859,0.011120321754428562,5.475348543681587e-05,0.9951003922334688,1.0345190317532391,14.668732720851473,0.157153158823076,0.6817221494386553,0.579463827022857
sunsched_no_defer,28,cct_region,2015,2.0,pvgis,365,1.03062096349991,69.834654076896,0.3,1333,0.1955925155925156,0.09046849757673657,0.1980495123780945,0.12352586299655431,0.9090909090909091,0.7793103448275862,0.0,0.0,0.7996999249812453,0.2003000750187547,0.0,0.0,0.0,0.0,0.1862785862785863,0.19176715176715176,0.2892307692307692,0.4090900698309021,0.7845179749093847,0.0,21.709066091403,0.31588850837138505,137.68902125081976,70.04441023150135,70.05814615828677,0.473972602739726,0.0,0,0.9408450704225352,0.01199537228327181,5.937271313536216e-05,0.9950747433352545,1.0351362299963718,13.598312687480886,0.16453496229847997,0.7353853547731972,0.6250775515572176
sunsched_no_defer,28,cct_region,2014,2.0,pvgis,365,1.03062096349991,69.834654076896,0.32,1333,0.1955925155925156,0.09046849757673657,0.1980495123780945,0.12352586299655431,0.9090909090909091,0.7793103448275862,0.0,0.0,0.7996999249812453,0.2003000750187547,0.0,0.0,0.0,0.0,0.1862785862785863,0.19176715176715176,0.2892307692307692,0.41124517916848674,0.7888129359191425,0.0,22.297233232776282,0.31588850837138505,144.64976261499436,70.04441023150135,76.84965180804998,0.473972602739726,0.0,0,0.9436619718309859,0.012505840264699105,5.927211590126303e-05,0.995282802564283,1.0248068052512118,13.04597896649755,0.16878805308407208,0.7665197089218285,0.6515417525835542
sunsched_no_defer,40,cct_region,2011,2.0,pvgis,365,0.9853790484979228,66.769071679648,0.3,1079,0.18499948838637062,0.3377308707124011,0.19091751621872105,0.1352010797733579,0.9782608695652174,0.7522123893805309,0.0,0.0,0.7636700648748842,0.23632993512511585,0.0,0.0,0.0,0.0,0.15880487056175177,0.08216514887956615,0.23636549677683413,0.4070266110046906,0.7712055447421976,0.0,19.639202912676332,0.31588850837138505,134.9121068823523,68.62562653210018,68.8390072368375,0.19452054794520549,0.0,0,0.9436619718309859,0.010364538810833615,4.910222833618299e-05,0.9952848165063986,1.0024643461718592,15.741294635796166,0.150710823132559,0.6352717633059041,0.5399809988100185
sunsched_no_defer,40,cct_region,2012,2.0,pvgis,365,0.9853790484979228,66.769071679648,0.3,1079,0.18499948838637062,0.3377308707124011,0.19091751621872105,0.1352010797733579,0.9782608695652174,0.7522123893805309,0.0,0.0,0.7636700648748842,0.23632993512511585,0.0,0.0,0.0,0.0,0.15880487056175177,0.08216514887956615,0.23636549677683413,0.4096141967499505,0.7900214650130593,0.0,20.729461989872192,0.31588850837138505,127.6073284260185,68.62562653210018,62.00708660660112,0.19452054794520549,0.0,0,0.9464788732394366,0.011080254526100557,5.621269694335533e-05,0.9949523762053519,1.045934193851441,14.71958643130503,0.15682768588953389,0.6793669133755279,0.5774618763691988
sunsched_no_defer,40,cct_region,2013,2.0,pvgis,365,0.9853790484979228,66.769071679648,0.3,1079,0.18499948838637062,0.3377308707124011,0.19091751621872105,0.1352010797733579,0.9782608695652174,0.7522123893805309,0.0,0.0,0.7636700648748842,0.23632993512511585,0.0,0.0,0.0,0.0,0.15880487056175177,0.08216514887956615,0.23636549677683413,0.4106731204779674,0.7831325750016268,0.0,20.64649507784094,0.31588850837138505,135.2265277398714,68.62562653210018,69.13755063989679,0.19452054794520549,0.0,0,0.9436619718309859,0.011154609594456117,5.460949175252734e-05,0.9951281626906804,1.0056933717450822,14.624051021598449,0.15744089312456844,0.683805054101006,0.5812342959858551
sunsched_no_defer,40,cct_region,2014,2.0,pvgis,365,0.9853790484979228,66.769071679648,0.3,1079,0.18499948838637062,0.3377308707124011,0.19091751621872105,0.1352010797733579,0.9782608695652174,0.7522123893805309,0.0,0.0,0.7636700648748842,0.23632993512511585,0.0,0.0,0.0,0.0,0.15880487056175177,0.08216514887956615,0.23636549677683413,0.41416346367929296,0.7896025841052634,0.0,22.297233232776282,0.31588850837138505,138.2999672032459,68.62562653210018,72.23008734661427,0.19452054794520549,0.0,0,0.9436619718309859,0.012544516415094522,5.79075165614614e-05,0.9954050493083316,0.9977808366118743,13.007354197729358,0.1690981339305072,0.7687958556357034,0.653476477290348
sunsched_no_defer,40,cct_region,2015,2.0,pvgis,365,0.9853790484979228,66.769071679648,0.31,1079,0.18499948838637062,0.3377308707124011,0.19091751621872105,0.1352010797733579,0.9782608695652174,0.7522123893805309,0.0,0.0,0.7636700648748842,0.23632993512511585,0.0,0.0,0.0,0.0,0.15880487056175177,0.08216514887956615,0.23636549677683413,0.41199021976025435,0.7854169817389655,0.0,21.709066091403,0.31588850837138505,131.64478654499794,68.62562653210018,65.7350012568626,0.19452054794520549,0.0,0,0.9436619718309859,0.0120275850839389,5.979188363742179e-05,0.9950533615524849,1.0060316462140215,13.561601683202847,0.16480754755278293,0.7373760292920134,0.6267696248982113
sunsched_no_defer,46,cct_region,2011,2.0,pvgis,365,1.299774515109069,88.072440650112,0.33,6276,0.21545192615515954,nan,0.20936902485659656,0.10835145796820825,0.8601801801801802,0.8429752066115702,0.0,0.0,0.8154875717017208,0.18451242829827916,0.0,0.0,0.0,0.0,0.21456265784512504,0.11135417778252053,0.1368583929143101,0.3930452467048116,0.7733279569614051,0.0,19.639202912676332,0.31588850837138505,177.95722222088847,80.25869250201875,98.11336814093008,1.5534246575342465,0.0,0,0.9436619718309859,0.010230489796608015,5.725052745481337e-05,0.9944350726543023,1.2342636909764861,15.933935603484743,0.14964085695364204,0.6275913401967688,0.5334526391672534
sunsched_no_defer,7,cct_region,2011,2.0,pvgis,365,1.0371329234694004,70.275903079136,0.31,1853,0.40266064853308,nan,0.37560712358337833,0.16163250837787588,0.984984984984985,0.8936170212765957,0.0,0.0,0.8111171073934161,0.18888289260658392,0.0,0.0,0.0,0.0,0.4600308825276162,0.19622282931464546,0.18612661836322605,0.40040923191137484,0.7716357118067579,0.0,19.639202912676332,0.31588850837138505,141.99793270985566,70.60674217698606,73.58932088838745,0.4931506849315068,0.0,0,0.9464788732394366,0.010299776974442508,5.025747596667914e-05,0.9951442213832735,1.0249846535864646,15.838033449493462,0.15017043203864255,0.6313915191484726,0.5366827912762017
sunsched_no_defer,46,cct_region,2012,2.0,pvgis,365,1.299774515109069,88.072440650112,0.33,6276,0.21545192615515954,nan,0.20936902485659656,0.10835145796820825,0.8601801801801802,0.8429752066115702,0.0,0.0,0.8154875717017208,0.18451242829827916,0.0,0.0,0.0,0.0,0.21456265784512504,0.11135417778252053,0.1368583929143101,0.3983126126291535,0.7984967483700053,0.0,20.729461989872192,0.31588850837138505,168.32177798190958,80.25869250201875,88.95832038138873,1.5534246575342465,0.0,0,0.9408450704225352,0.01096365029941417,6.324323749556739e-05,0.9942646369728811,1.2765696049472461,14.865854220891459,0.15590327317763597,0.6726825012145404,0.5717801260323594
sunsched_no_defer,46,cct_region,2013,2.0,pvgis,365,1.299774515109069,88.072440650112,0.33,6276,0.21545192615515954,nan,0.20936902485659656,0.10835145796820825,0.8601801801801802,0.8429752066115702,0.0,0.0,0.8154875717017208,0.18451242829827916,0.0,0.0,0.0,0.0,0.21456265784512504,0.11135417778252053,0.1368583929143101,0.39767357904002815,0.7890574091244266,0.0,20.64649507784094,0.31588850837138505,178.37196233358222,80.25869250201875,98.50640873843787,1.5534246575342465,0.0,0,0.9464788732394366,0.01100782858195068,6.332728743558172e-05,0.9942799750827559,1.231547646595399,14.80642073536967,0.15627681217478406,0.6753826720668512,0.5740752712568234
sunsched_no_defer,7,cct_region,2012,2.0,pvgis,365,1.0371329234694004,70.275903079136,0.31,1853,0.40266064853308,nan,0.37560712358337833,0.16163250837787588,0.984984984984985,0.8936170212765957,0.0,0.0,0.8111171073934161,0.18888289260658392,0.0,0.0,0.0,0.0,0.4600308825276162,0.19622282931464546,0.18612661836322605,0.4035527691944954,0.7916025384552402,0.0,20.729461989872192,0.31588850837138505,134.3094941873784,70.60674217698606,66.47066493242573,0.4931506849315068,0.0,0,0.9408450704225352,0.011016180153715135,5.703782452273181e-05,0.9948490290144357,1.0694293718625998,14.803663411227852,0.15629421070209037,0.6755084685602546,0.5741821982762164
sunsched_no_defer,46,cct_region,2014,2.0,pvgis,365,1.299774515109069,88.072440650112,0.34,6276,0.21545192615515954,nan,0.20936902485659656,0.10835145796820825,0.8601801801801802,0.8429752066115702,0.0,0.0,0.8154875717017208,0.18451242829827916,0.0,0.0,0.0,0.0,0.21456265784512504,0.11135417778252053,0.1368583929143101,0.4013602794002517,0.7967761876720703,0.0,22.297233232776282,0.31588850837138505,182.42601472521153,80.25869250201875,102.52532797758,1.5534246575342465,0.0,0,0.9408450704225352,0.012383640453282633,6.634934331447201e-05,0.9946707311091446,1.2283647650706033,13.166612544035575,0.16783058726170152,0.7594967928580811,0.645572273929369
sunsched_no_defer,46,cct_region,2015,2.0,pvgis,365,1.299774515109069,88.072440650112,0.34,6276,0.21545192615515954,nan,0.20936902485659656,0.10835145796820825,0.8601801801801802,0.8429752066115702,0.0,0.0,0.8154875717017208,0.18451242829827916,0.0,0.0,0.0,0.0,0.21456265784512504,0.11135417778252053,0.1368583929143101,0.3992821553248331,0.792280190124795,0.0,21.709066091403,0.31588850837138505,173.64742923953168,80.25869250201875,94.01874521014423,1.5534246575342465,0.0,0,0.9436619718309859,0.011878570311643384,6.700151201292517e-05,0.9943911004845963,1.2364563700505655,13.72259061758471,0.1636223568141142,0.7287253754539303,0.6194165691358408
sunsched_no_defer,7,cct_region,2013,2.0,pvgis,365,1.0371329234694004,70.275903079136,0.31,1853,0.40266064853308,nan,0.37560712358337833,0.16163250837787588,0.984984984984985,0.8936170212765957,0.0,0.0,0.8111171073934161,0.18888289260658392,0.0,0.0,0.0,0.0,0.4600308825276162,0.19622282931464546,0.18612661836322605,0.40401985042995997,0.7841893152117406,0.0,20.64649507784094,0.31588850837138505,142.3288675147464,70.60674217698606,73.90354432643161,0.4931506849315068,0.0,0,0.9436619718309859,0.011077886767434177,5.540487694248927e-05,0.9950234954124755,1.0291048948399566,14.723784938463112,0.15680090955569337,0.6791731909827673,0.5772972123353523
sunsched_no_defer,7,cct_region,2014,2.0,pvgis,365,1.0371329234694004,70.275903079136,0.31,1853,0.40266064853308,nan,0.37560712358337833,0.16163250837787588,0.984984984984985,0.8936170212765957,0.0,0.0,0.8111171073934161,0.18888289260658392,0.0,0.0,0.0,0.0,0.4600308825276162,0.19622282931464546,0.18612661836322605,0.40735150366289374,0.7909595154995512,0.0,22.297233232776282,0.31588850837138505,145.5637295311605,70.60674217698606,77.25947617833285,0.4931506849315068,0.0,0,0.9408450704225352,0.012456740309927447,5.872555748830853e-05,0.9953077609646797,1.0194573852952251,13.097729925960648,0.16837528199960783,0.7634910825408971,0.6489674201597626
sunsched_no_defer,7,cct_region,2015,2.0,pvgis,365,1.0371329234694004,70.275903079136,0.32,1853,0.40266064853308,nan,0.37560712358337833,0.16163250837787588,0.984984984984985,0.8936170212765957,0.0,0.0,0.8111171073934161,0.18888289260658392,0.0,0.0,0.0,0.0,0.4600308825276162,0.19622282931464546,0.18612661836322605,0.40529610899477986,0.7866558783669888,0.0,21.709066091403,0.31588850837138505,138.55900684822407,70.60674217698606,70.32228694709698,0.4931506849315068,0.0,0,0.9436619718309859,0.011950382694821262,5.9262668919921254e-05,0.9950654105824936,1.030152713421503,13.649378217603383,0.1641580841766953,0.7326341054205063,0.6227389896074305
sunsched_no_defer,78,cct_region,2011,2.0,pvgis,365,1.074248607789109,72.79085383900801,0.32,2359,0.13376493115710766,0.2946524064171119,0.14497668503603223,0.11165646848561539,0.871264367816092,0.7065217391304348,0.0,0.0,0.7452310300974989,0.2547689699025011,0.0,0.0,0.0,0.0,0.10864411416066382,0.24491656788547456,0.19389988146256956,0.398960651898831,0.7661193598233507,0.0,19.639202912676332,0.31588850837138505,147.07958649332792,72.31145787069235,76.7292167016397,0.7808219178082192,0.0,0,0.9464788732394366,0.01028655553487085,5.161870559570626e-05,0.9950069804981951,1.0540398817697905,15.85620323435297,0.15006963149002528,0.6306680011728584,0.5360678009969295
sunsched_no_defer,78,cct_region,2012,2.0,pvgis,365,1.074248607789109,72.79085383900801,0.31,2359,0.13376493115710766,0.2946524064171119,0.14497668503603223,0.11165646848561539,0.871264367816092,0.7065217391304348,0.0,0.0,0.7452310300974989,0.2547689699025011,0.0,0.0,0.0,0.0,0.10864411416066382,0.24491656788547456,0.19389988146256956,0.4021719311492668,0.7868828381928311,0.0,20.729461989872192,0.31588850837138505,139.11600324190164,72.31145787069235,69.34269432417229,0.7808219178082192,0.0,0,0.9436619718309859,0.01100325627869989,5.747949338419391e-05,0.9948032848294537,1.0975657292415786,14.820369567340588,0.15618888971637812,0.6747470064469134,0.5735349554798764
sunsched_no_defer,78,cct_region,2013,2.0,pvgis,365,1.074248607789109,72.79085383900801,0.31,2359,0.13376493115710766,0.2946524064171119,0.14497668503603223,0.11165646848561539,0.871264367816092,0.7065217391304348,0.0,0.0,0.7452310300974989,0.2547689699025011,0.0,0.0,0.0,0.0,0.10864411416066382,0.24491656788547456,0.19389988146256956,0.4028706119221039,0.779125119574857,0.0,20.64649507784094,0.31588850837138505,147.42236440093876,72.31145787069235,77.0546898562519,0.7808219178082192,0.0,0,0.9436619718309859,0.011066541508723143,5.5604222346042895e-05,0.9950005849868775,1.0585125443655592,14.73854018753557,0.1567069209857903,0.6784932478222662,0.5767192606489262
sunsched_no_defer,78,cct_region,2014,2.0,pvgis,365,1.074248607789109,72.79085383900801,0.31,2359,0.13376493115710766,0.2946524064171119,0.14497668503603223,0.11165646848561539,0.871264367816092,0.7065217391304348,0.0,0.0,0.7452310300974989,0.2547689699025011,0.0,0.0,0.0,0.0,0.10864411416066382,0.24491656788547456,0.19389988146256956,0.4062362093557253,0.7861511556991362,0.0,22.297233232776282,0.31588850837138505,150.77299182668625,72.31145787069235,80.40665511606697,0.7808219178082192,0.0,0,0.9436619718309859,0.012445345183893048,6.12362733818259e-05,0.9951036761251649,1.0497324095907383,13.107034275432506,0.16830139360330365,0.7629490996863988,0.6485067347334391
sunsched_no_defer,78,cct_region,2015,2.0,pvgis,365,1.074248607789109,72.79085383900801,0.32,2359,0.13376493115710766,0.2946524064171119,0.14497668503603223,0.11165646848561539,0.871264367816092,0.7065217391304348,0.0,0.0,0.7452310300974989,0.2547689699025011,0.0,0.0,0.0,0.0,0.10864411416066382,0.24491656788547456,0.19389988146256956,0.4041751989827863,0.7815962532846945,0.0,21.709066091403,0.31588850837138505,143.517592427232,72.31145787069235,73.34526602028522,0.7808219178082192,0.0,0,0.9408450704225352,0.011933577524036017,5.9631548635720546e-05,0.9950278905108392,1.0582114642023899,13.668084232977758,0.16402069091596294,0.7316314290683427,0.6218867147080913
sunsched_no_ceiling,0,cct_region,2011,0.5,pvgis,365,0.3162228164973532,85.70875921763201,0.33,1861,0.35122699386503065,-0.5078431372549022,0.38903815153143473,0.30265228924292875,0.47634763476347636,0.06976744186046512,0.5255239118753359,0.0,0.060720042987641054,0.0,0.41375604513702313,0.59452803152427,0.9166666666666666,6.379166666666663,0.500191717791411,0.6087039877300612,0.7935199386503067,0.24283882813081378,0.6995412398431518,0.0,19.639202912676332,1.0,43.29530497219543,73.33231395225815,0.0,1.273972602739726,0.1778443683409437,772,0.9436619718309859,0.008764479486393563,7.928348346582727e-05,0.9910350962892114,0.66779828989705,18.535570479179935,0.13727171616813483,0.5395032222629723,0.45857773892352643
sunsched_no_ceiling,0,cct_region,2013,0.5,pvgis,365,0.3162228164973532,85.70875921763201,0.33,1861,0.35122699386503065,-0.5078431372549022,0.38903815153143473,0.30265228924292875,0.47634763476347636,0.06976744186046512,0.5255239118753359,0.0,0.060720042987641054,0.0,0.41375604513702313,0.59452803152427,0.9166666666666666,6.379166666666663,0.500191717791411,0.6087039877300612,0.7935199386503067,0.24607928365571935,0.7049424054348424,0.0,20.64649507784094,1.0,43.39620730950464,73.33231395225815,0.0,1.273972602739726,0.17653158295281582,772,0.9464788732394366,0.009463927961488643,8.347949248464476e-05,0.991256318232244,0.6611056689426131,17.16949785784737,0.14332168189920436,0.5824282155945213,0.4950639832553431
sunsched_no_ceiling,0,cct_region,2012,0.5,pvgis,365,0.3162228164973532,85.70875921763201,0.34,1861,0.35122699386503065,-0.5078431372549022,0.38903815153143473,0.30265228924292875,0.47634763476347636,0.06976744186046512,0.5255239118753359,0.0,0.060720042987641054,0.0,0.41375604513702313,0.59452803152427,0.9166666666666666,6.379166666666663,0.500191717791411,0.6087039877300612,0.7935199386503067,0.2413258532748555,0.6996152082865723,0.0,20.729461989872192,1.0,40.951092741508575,73.33231395225815,0.0,1.273972602739726,0.20770547945205478,772,0.9436619718309859,0.009359697545720731,7.558653357051483e-05,0.991988949889022,0.6333452769035255,17.3735300867914,0.14236052686613476,0.5755882627217317,0.48925002331347195
sunsched_no_ceiling,0,cct_region,2014,0.5,pvgis,365,0.3162228164973532,85.70875921763201,0.33,1861,0.35381518404907975,-0.4990196078431373,0.3938742611499194,0.3030920947735496,0.4845984598459846,0.06976744186046512,0.5174637291778613,0.0,0.0660934981192907,0.0,0.4164427727028479,0.7769568332437756,0.9166666666666666,6.35833333333333,0.500191717791411,0.6087039877300612,0.7935199386503067,0.2533486044689942,0.7092491740699509,0.0,22.297233232776282,1.0,44.38251982033472,73.39793548805012,0.0,1.284931506849315,0.1633371385083714,784,0.9492957746478873,0.010724066324507538,9.921902625778059e-05,0.9908328180360907,0.67148980488663,15.145511415108283,0.15418284670859028,0.6602616264264659,0.561222382462496
sunsched_no_ceiling,0,cct_region,2015,0.5,pvgis,365,0.3162228164973532,85.70875921763201,0.33,1861,0.3495015337423313,-0.5137254901960785,0.3858140784524449,0.3025604009816906,0.4730473047304731,0.06976744186046512,0.5298226759806556,0.0,0.0660934981192907,0.0,0.40408382590005376,0.8954862976894143,0.9166666666666666,6.370833333333327,0.500191717791411,0.6087039877300612,0.7935199386503067,0.24094320636523162,0.70114137145863,0.0,21.709066091403,1.0,42.24677320053634,73.14025657304373,0.0,1.2356164383561643,0.19166666666666668,766,0.9436619718309859,0.010135705105527184,8.520598554180737e-05,0.9916635625941155,0.6516616752018665,16.038119338717948,0.14907235967018306,0.6235145024678048,0.5299873270976341
sunsched_no_ceiling,100,cct_region,2013,0.5,pvgis,365,0.3052640870787947,82.73851465568,0.34,4890,0.15313828774512914,0.06304854021135597,0.15521472392638036,0.11291212680176503,0.5825015926948397,0.36464088397790057,0.37627811860940696,0.0,0.4083844580777096,0.0,0.21533742331288344,0.4999488752556237,0.9166666666666666,10.983333333333329,0.13079900996382557,0.2012227369846206,0.4851177254553531,0.22444437043458526,0.7282363945608683,0.0,20.64649507784094,1.0,41.892307942077814,74.29340522036202,0.0,0.8657534246575342,0.2127283105022831,1061,0.9408450704225352,0.009211482802224924,8.172910053417761e-05,0.9912055055464826,0.6595531650680111,17.63913204005627,0.1411410759925389,0.566921318877326,0.48188312104572706
sunsched_no_ceiling,100,cct_region,2011,0.5,pvgis,365,0.3052640870787947,82.73851465568,0.35,4890,0.15313828774512914,0.06304854021135597,0.15521472392638036,0.11343891418378042,0.5812274368231047,0.34806629834254144,0.3805725971370143,0.0,0.40408997955010223,0.0,0.21533742331288344,0.4410531697341513,0.8333333333333334,10.983333333333329,0.13079900996382557,0.2012227369846206,0.4851177254553531,0.2213977216348473,0.7228643823347087,0.0,19.639202912676332,1.0,41.79490238410944,74.2782562504479,0.0,0.8657534246575342,0.21325152207001521,1055,0.9436619718309859,0.008545777448477183,7.466396096280656e-05,0.991338731114042,0.6455597968601755,19.01575383941266,0.13534250606762965,0.5258797565665622,0.4469977930815779
sunsched_no_ceiling,100,cct_region,2012,0.5,pvgis,365,0.3052640870787947,82.73851465568,0.36,4890,0.15252480379090774,0.06131709355782445,0.15480572597137016,0.11211806662210867,0.5825015926948397,0.35911602209944754,0.3787321063394683,0.0,0.4067484662576687,0.0,0.21451942740286298,0.5210122699386504,0.9166666666666666,11.016666666666652,0.13079900996382557,0.2012227369846206,0.4851177254553531,0.2201880354983505,0.7230085551697926,0.0,20.729461989872192,1.0,39.53192903371723,74.27289957067623,0.0,0.863013698630137,0.2416476407914764,1059,0.9436619718309859,0.009125521872401815,7.607517798180268e-05,0.9917323941088432,0.630231408949325,17.814754431368662,0.14035378566573697,0.5613324639710863,0.4771325943754233
sunsched_no_ceiling,100,cct_region,2014,0.5,pvgis,365,0.3052640870787947,82.73851465568,0.35,4890,0.15430179179623868,0.06633231834736404,0.1572597137014315,0.11463303451966605,0.5858993416861329,0.4088397790055249,0.36993865030674844,0.0,0.41186094069529655,0.0,0.218200408997955,0.5015678254942059,0.9166666666666666,10.89166666666666,0.13079900996382557,0.2012227369846206,0.4851177254553531,0.23003379182347128,0.7322358872501015,0.0,22.297233232776282,1.0,42.844439706406234,74.40178418044823,0.0,0.8821917808219178,0.20019025875190258,1075,0.9436619718309859,0.010435506920415165,9.235374634578295e-05,0.9912276815519256,0.6537892516670174,15.570513043218691,0.15168034907550532,0.6422395955896408,0.5459036562511946
sunsched_no_ceiling,100,cct_region,2015,0.5,pvgis,365,0.3052640870787947,82.73851465568,0.35,4890,0.15250364917179665,0.061257388500806094,0.15460122699386503,0.11407265629354124,0.5776173285198556,0.3314917127071823,0.38609406952965236,0.0,0.4004089979550102,0.0,0.2134969325153374,0.4502726653033401,0.8333333333333334,11.05833333333332,0.13079900996382557,0.2012227369846206,0.4851177254553531,0.22061481567972765,0.7244090612488173,0.0,21.709066091403,1.0,40.78270757288786,74.21751853865464,0.0,0.8575342465753425,0.22873858447488585,1047,0.9323943661971831,0.009908418861325607,8.372831525279603e-05,0.9916205882706517,0.6389289318681893,16.405301976859263,0.1471234385417307,0.6095590324460741,0.5181251775791631
sunsched_no_ceiling,105,cct_region,2012,0.5,pvgis,365,0.264632338334809,71.725720549728,0.32,2169,0.24123563218390806,0.46316758747697984,0.24343015214384509,0.15019316559544474,0.8104858104858105,0.6444444444444445,0.06869525126786538,0.0,0.3868142000922084,0.0,0.5444905486399262,0.6104579683417858,0.9166666666666666,2.1666666666666665,0.07260536398467432,0.2796455938697318,0.43668582375478926,0.2175556799533634,0.7210860898378888,0.0,20.729461989872192,1.0,34.27008698988615,71.98475536940043,0.0,0.6657534246575343,0.28299086757990866,1183,0.9408450704225352,0.009092017801178036,1.2506661162381522e-05,0.998626324613206,0.4124240414078002,18.00469563314808,0.13951879580741633,0.5554106664035576,0.472099066443024
sunsched_no_ceiling,105,cct_region,2011,0.5,pvgis,365,0.264632338334809,71.725720549728,0.33,2169,0.24123563218390806,0.46316758747697984,0.24343015214384509,0.15019316559544474,0.8104858104858105,0.6444444444444445,0.06869525126786538,0.0,0.3868142000922084,0.0,0.5444905486399262,0.6104579683417858,0.9166666666666666,2.1666666666666665,0.07260536398467432,0.2796455938697318,0.43668582375478926,0.21867133467507627,0.7208289689967227,0.0,19.639202912676332,1.0,36.23185044209719,71.98475536940043,0.0,0.6657534246575343,0.25781963470319635,1183,0.9464788732394366,0.00851594915742541,1.1259850041423294e-05,0.9986795386354944,0.4111707261522673,19.223662945924097,0.13453578814550693,0.5201922249744945,0.4421633912283203
sunsched_no_ceiling,105,cct_region,2013,0.5,pvgis,365,0.264632338334809,71.725720549728,0.32,2169,0.24123563218390806,0.46316758747697984,0.24343015214384509,0.15019316559544474,0.8104858104858105,0.6444444444444445,0.06869525126786538,0.0,0.3868142000922084,0.0,0.5444905486399262,0.6104579683417858,0.9166666666666666,2.1666666666666665,0.07260536398467432,0.2796455938697318,0.43668582375478926,0.22126813238884452,0.7256112540642478,0.0,20.64649507784094,1.0,36.316290969702145,71.98475536940043,0.0,0.6657534246575343,0.25720129375951295,1183,0.9464788732394366,0.009173945008488173,1.513017910077366e-05,0.9983534600825543,0.4188759768087023,17.839030422821168,0.14024612248803348,0.5605685826516205,0.4764832952538774
sunsched_no_ceiling,105,cct_region,2014,0.5,pvgis,365,0.264632338334809,71.725720549728,0.32,2169,0.24123563218390806,0.46316758747697984,0.24343015214384509,0.15014873957956984,0.8114478114478114,0.6444444444444445,0.06731212540341171,0.0,0.38819732595666206,0.0,0.5444905486399262,0.6104579683417858,0.9166666666666666,2.1666666666666665,0.07260536398467432,0.2796455938697318,0.43668582375478926,0.22577971819606626,0.7289149400316952,0.0,22.297233232776282,1.0,37.14169056913848,71.98617965833553,0.0,0.6657534246575343,0.24568112633181127,1183,0.9436619718309859,0.010379407344333322,1.5097391587396694e-05,0.9985475602762272,0.4136940221131195,15.770274389554201,0.15054828052629032,0.6341043759278994,0.5389887195387144
sunsched_no_ceiling,105,cct_region,2015,0.5,pvgis,365,0.264632338334809,71.725720549728,0.33,2169,0.24123563218390806,0.46316758747697984,0.24343015214384509,0.1511874200117928,0.8071188071188071,0.6444444444444445,0.07422775472568004,0.0,0.3817427385892116,0.0,0.5440295066851083,0.6102274473643768,0.9166666666666666,2.1708333333333294,0.07260536398467432,0.2796455938697318,0.43668582375478926,0.21833310896158334,0.7221298927427063,0.0,21.709066091403,1.0,35.35438240349712,71.96587187964727,0.0,0.663013698630137,0.27228881278538813,1182,0.9436619718309859,0.009892568145045728,1.473892521776873e-05,0.9985123177152743,0.4143044178074022,16.545786929427493,0.1463995155138127,0.6043834628508669,0.5137259434232369
sunsched_no_ceiling,130,cct_region,2011,0.5,pvgis,365,0.2526532182741883,68.47891018896,0.32,1455,0.16674031521579025,0.1292667509481668,0.16426116838487972,0.1258045580896942,0.6043058648849294,0.5462962962962963,0.37869415807560136,0.0,0.2261168384879725,0.0,0.3951890034364261,0.6894043528064148,0.8333333333333334,0.9166666666666666,0.13661805862424511,0.29496243923994697,0.36964206805125943,0.24087299146861424,0.7261469008162952,0.0,19.639202912676332,1.0,34.59174217265647,68.97648568440606,0.0,0.3150684931506849,0.23626331811263318,580,0.9464788732394366,0.008738822160233473,7.794568235728269e-06,0.9991088476290086,0.39999007066276804,18.741439909609458,0.136433040555188,0.5335769315607717,0.45354039182665595
sunsched_no_ceiling,130,cct_region,2013,0.5,pvgis,365,0.2526532182741883,68.47891018896,0.31,1455,0.16674031521579025,0.1292667509481668,0.16426116838487972,0.1258045580896942,0.6043058648849294,0.5462962962962963,0.37869415807560136,0.0,0.2261168384879725,0.0,0.3951890034364261,0.6894043528064148,0.8333333333333334,0.9166666666666666,0.13661805862424511,0.29496243923994697,0.36964206805125943,0.24347994091590944,0.7306440798208039,0.0,20.64649507784094,1.0,34.672360328345206,68.97648568440606,0.0,0.3150684931506849,0.2358732876712329,580,0.9408450704225352,0.00942364964792862,8.400364531182723e-06,0.9991093808323656,0.39999007066276804,17.379487132961064,0.1423327873221122,0.5753909723282054,0.48908232647897454
sunsched_no_ceiling,130,cct_region,2012,0.5,pvgis,365,0.2526532182741883,68.47891018896,0.32,1455,0.16674031521579025,0.1292667509481668,0.16426116838487972,0.1258045580896942,0.6043058648849294,0.5462962962962963,0.37869415807560136,0.0,0.2261168384879725,0.0,0.3951890034364261,0.6894043528064148,0.8333333333333334,0.9166666666666666,0.13661805862424511,0.29496243923994697,0.36964206805125943,0.2398391549156497,0.7263196926723768,0.0,20.729461989872192,1.0,32.71878192595117,68.97648568440606,0.0,0.3150684931506849,0.25973173515981735,580,0.9464788732394366,0.009332413294363318,8.418303120514774e-06,0.9990987629920679,0.39999007066276804,17.549207489528783,0.14155000636469195,0.5698263016131512,0.48435235637117846
sunsched_no_ceiling,130,cct_region,2015,0.5,pvgis,365,0.2526532182741883,68.47891018896,0.31,1455,0.16379437325084698,0.11662452591656132,0.16151202749140894,0.12555402312795205,0.593170007423905,0.5462962962962963,0.38900343642611684,0.0,0.2268041237113402,0.0,0.384192439862543,0.6855097365406644,0.8333333333333334,0.9166666666666666,0.13661805862424511,0.29496243923994697,0.36964206805125943,0.23973201134220995,0.7274253613865663,0.0,21.709066091403,1.0,33.753994506289885,68.89735131658027,0.0,0.3041095890410959,0.2491248097412481,565,0.9408450704225352,0.010125877936869962,9.024459457290524e-06,0.9991095662193491,0.39999007066276804,16.174225011618685,0.14834014645984928,0.6182676445280404,0.5255274978488342
sunsched_no_ceiling,130,cct_region,2014,0.5,pvgis,365,0.2526532182741883,68.47891018896,0.32,1455,0.16894977168949774,0.13874841972187105,0.1663230240549828,0.12604624758259075,0.6109873793615441,0.5462962962962963,0.3725085910652921,0.0,0.23024054982817868,0.0,0.3972508591065292,0.8882016036655213,0.9166666666666666,0.9166666666666666,0.13661805862424511,0.29496243923994697,0.36964206805125943,0.24859376828821822,0.7339032697347773,0.0,22.297233232776282,1.0,35.46039653915772,69.00275965851264,0.0,0.3178082191780822,0.22522831050228312,589,0.9464788732394366,0.010660128962973955,9.49482372020919e-06,0.9991101069812743,0.39999007066276804,15.363633723751006,0.15288212782257926,0.6508876858044828,0.5532545329338103
sunsched_no_ceiling,28,cct_region,2011,0.5,pvgis,365,0.2576552408749775,69.834654076896,0.33,1333,0.17987525987525987,-0.06219709208400661,0.18454613653413354,0.13299548437620012,0.686026936026936,0.4689655172413793,0.2288072018004501,0.0,0.3915978994748687,0.0,0.37959489872468116,1.1757939484871218,4.633333333333288,19.333333333333332,0.1862785862785863,0.19176715176715176,0.2892307692307692,0.23817692049131717,0.7242304095745266,0.0,19.639202912676332,1.0,35.27658868809041,70.00505714159297,0.0,0.4986301369863014,0.2417427701674277,510,0.9492957746478873,0.008705826560439623,7.772743549727371e-06,0.9991079755588292,0.39999007066276804,18.812454659688207,0.13614780701893492,0.53156274292202,0.451828331483717
sunsched_no_ceiling,28,cct_region,2012,0.5,pvgis,365,0.2576552408749775,69.834654076896,0.34,1333,0.17987525987525987,-0.06219709208400661,0.18454613653413354,0.1325931655758125,0.6910774410774411,0.4689655172413793,0.2243060765191298,0.0,0.396099024756189,0.0,0.37959489872468116,1.2838209552388096,5.366666666666656,19.333333333333332,0.1862785862785863,0.19176715176715176,0.2892307692307692,0.23714951851233496,0.7244842365459427,0.0,20.729461989872192,1.0,33.36654761752561,70.0104951931474,0.0,0.4986301369863014,0.26640030441400303,513,0.9464788732394366,0.009296122413229647,9.193316701570657e-06,0.9990120360266767,0.4020438942794706,17.61618805708187,0.14124503534113064,0.5676596984317448,0.48251074366698304
sunsched_no_ceiling,28,cct_region,2013,0.5,pvgis,365,0.2576552408749775,69.834654076896,0.33,1333,0.17987525987525987,-0.06219709208400661,0.18454613653413354,0.1328286940673997,0.6885521885521886,0.4689655172413793,0.22655663915978994,0.0,0.3938484621155289,0.0,0.37959489872468116,1.2118029507376844,4.833333333333333,19.333333333333332,0.1862785862785863,0.19176715176715176,0.2892307692307692,0.24079194402515913,0.7288916862232352,0.0,20.64649507784094,1.0,35.358802920170255,70.00902879894915,0.0,0.4986301369863014,0.24140981735159817,511,0.9436619718309859,0.009389446145787494,8.75766334200806e-06,0.9990681556263442,0.4010012984409179,17.44207671573933,0.14204242404809375,0.5733262250232066,0.4873272912697257
sunsched_no_ceiling,28,cct_region,2014,0.5,pvgis,365,0.2576552408749775,69.834654076896,0.33,1333,0.17987525987525987,-0.06219709208400661,0.18454613653413354,0.13272872737912172,0.6961279461279462,0.4827586206896552,0.218304576144036,0.0,0.3983495873968492,0.0,0.3833458364591148,1.2234933733433357,5.033333333333265,19.333333333333332,0.1862785862785863,0.19176715176715176,0.2892307692307692,0.24575773282323035,0.7321362949741109,0.0,22.297233232776282,1.0,36.16244065374859,70.04228812493254,0.0,0.5041095890410959,0.2301845509893455,516,0.9464788732394366,0.010621324073532841,1.1792998523638048e-05,0.9988909180211483,0.4050842614162102,15.41638173624349,0.1525728100929401,0.6486606371772875,0.5513615416006944
sunsched_no_ceiling,40,cct_region,2011,0.5,pvgis,365,0.2463447621244807,66.769071679648,0.31,1079,0.16146526143456463,0.03430079155672837,0.1696014828544949,0.14357920578708924,0.6645962732919255,0.34513274336283184,0.31974050046339203,0.0,0.3262279888785913,0.0,0.3540315106580167,0.761275872721656,0.9166666666666666,11.799999999999972,0.15880487056175177,0.08216514887956615,0.23636549677683413,0.24584011628557056,0.7301744695750977,0.0,19.639202912676332,1.0,33.728026720588076,68.38443456627083,0.0,0.20821917808219179,0.23993531202435311,384,0.952112676056338,0.008785675907663132,7.834937673427437e-06,0.9991090091533142,0.39999007066276804,18.64149538360141,0.13683798738602027,0.5364376512839641,0.4559720035913696
sunsched_no_ceiling,40,cct_region,2012,0.5,pvgis,365,0.2463447621244807,66.769071679648,0.31,1079,0.16146526143456463,0.03430079155672837,0.1696014828544949,0.14357920578708924,0.6645962732919255,0.34513274336283184,0.31974050046339203,0.0,0.3262279888785913,0.0,0.3540315106580167,0.761275872721656,0.9166666666666666,11.799999999999972,0.15880487056175177,0.08216514887956615,0.23636549677683413,0.24482786789806688,0.7303264888374408,0.0,20.729461989872192,1.0,31.901832106504624,68.38443456627083,0.0,0.20821917808219179,0.26277587519025875,384,0.9464788732394366,0.009381189692182329,8.462092976889577e-06,0.9990987852190362,0.39999007066276804,17.4579628275545,0.14196904134234656,0.5728045189909935,0.48688384114234445
sunsched_no_ceiling,40,cct_region,2013,0.5,pvgis,365,0.2463447621244807,66.769071679648,0.31,1079,0.16146526143456463,0.03430079155672837,0.1696014828544949,0.14357920578708924,0.6645962732919255,0.34513274336283184,0.31974050046339203,0.0,0.3262279888785913,0.0,0.3540315106580167,0.761275872721656,0.9166666666666666,11.799999999999972,0.15880487056175177,0.08216514887956615,0.23636549677683413,0.24838405468611713,0.734543371817613,0.0,20.64649507784094,1.0,33.80663193496785,68.38443456627083,0.0,0.20821917808219179,0.23923135464231354,384,0.9436619718309859,0.009475113850927842,8.443318172941519e-06,0.9991096886935578,0.39999007066276804,17.28509555075877,0.1427744716417173,0.578533105046158,0.4917531392892343
sunsched_no_ceiling,28,cct_region,2015,0.5,pvgis,365,0.2576552408749775,69.834654076896,0.33,1333,0.17987525987525987,-0.06219709208400661,0.18454613653413354,0.13320381864026193,0.680976430976431,0.4689655172413793,0.23330832708177043,0.0,0.3893473368342086,0.0,0.377344336084021,1.1681045261315328,3.4166666666666665,19.333333333333332,0.1862785862785863,0.19176715176715176,0.2892307692307692,0.2372117221575663,0.7255301371455107,0.0,21.709066091403,1.0,34.42225531270494,69.98791271957946,0.0,0.4958904109589041,0.2557648401826484,507,0.9436619718309859,0.010102534609606298,9.443235714886104e-06,0.99906613366254,0.40099202545307955,16.210893094948595,0.14814487730675785,0.6168691596094762,0.5243387856680547
sunsched_no_ceiling,40,cct_region,2014,0.5,pvgis,365,0.2463447621244807,66.769071679648,0.31,1079,0.16351171595211297,0.060686015831134615,0.17145505097312327,0.14421153226211236,0.6677018633540373,0.34513274336283184,0.3169601482854495,0.0,0.3290083410565338,0.0,0.3540315106580167,0.8057615075687365,0.9166666666666666,11.799999999999972,0.15880487056175177,0.08216514887956615,0.23636549677683413,0.25342265497559957,0.7377371710092051,0.0,22.297233232776282,1.0,34.574991800811475,68.388406223627,0.0,0.20821917808219179,0.22902397260273974,385,0.9464788732394366,0.010717103063814046,9.542627059908485e-06,0.9991103810701953,0.39999007066276804,15.281961999402501,0.15336504226772352,0.6543662391249883,0.55621130325624
sunsched_no_ceiling,40,cct_region,2015,0.5,pvgis,365,0.2463447621244807,66.769071679648,0.31,1079,0.16146526143456463,0.03430079155672837,0.1696014828544949,0.14396450106820735,0.6614906832298136,0.34513274336283184,0.32252085264133457,0.0,0.3262279888785913,0.0,0.35125115848007415,0.7587272165585419,0.8333333333333334,11.933333333333326,0.15880487056175177,0.08216514887956615,0.23636549677683413,0.2446204093347644,0.7314210084762114,0.0,21.709066091403,1.0,32.911196636249485,68.3661881174029,0.0,0.2054794520547945,0.25341514459665143,381,0.9380281690140845,0.010186599898611579,9.07045603547665e-06,0.9991103619752337,0.39999007066276804,16.077823833748788,0.1488575446323106,0.6219747214177771,0.5286785132051105
sunsched_no_ceiling,46,cct_region,2011,0.5,pvgis,365,0.32494362877726723,88.072440650112,0.36,6276,0.12200761213673389,nan,0.11934353091140854,0.09078044351494673,0.5812612612612612,0.4380165289256198,0.3631293817718292,0.0,0.3454429572976418,0.0,0.291427660930529,0.6036753770979393,0.9166666666666666,7.883333333333326,0.21456265784512504,0.11135417778252053,0.1368583929143101,0.22581205401190707,0.7207223614211049,0.0,19.639202912676332,1.0,44.48930555522212,76.53709569153456,0.0,1.1534246575342466,0.2091324200913242,1848,0.9436619718309859,0.008580905613321524,8.820716142317804e-05,0.9898251223954373,0.7197231084484625,18.908992891007557,0.13576334050057814,0.5288488952130097,0.4495215609310583
sunsched_no_ceiling,46,cct_region,2012,0.5,pvgis,365,0.32494362877726723,88.072440650112,0.36,6276,0.125386831714865,nan,0.12237093690248566,0.09182513747701702,0.5911711711711711,0.4462809917355372,0.35404716379859785,0.0,0.3521351179094965,0.0,0.29381771829190567,0.6849904397705545,0.9166666666666666,7.916666666666667,0.21456265784512504,0.11135417778252053,0.1368583929143101,0.22415440994144584,0.7209836979266255,0.0,20.729461989872192,1.0,42.080444495477394,76.6863732441238,0.0,1.16986301369863,0.24182838660578387,1873,0.9464788732394366,0.009159148768956292,8.855392636599105e-05,0.9904242243415996,0.6927620815591171,17.725936616875376,0.14075008493191776,0.5641450839037662,0.47952332131820125
sunsched_no_ceiling,7,cct_region,2011,0.5,pvgis,365,0.2592832308673501,70.275903079136,0.32,1853,0.2737260957358357,nan,0.25310307609282245,0.1464751166829412,0.7315315315315315,0.425531914893617,0.28332433890987585,0.0,0.42957366432811656,0.0,0.28710199676200754,0.9236823169634826,0.9166666666666666,12.083333333333334,0.4600308825276162,0.19622282931464546,0.18612661836322605,0.23805718997407543,0.7297006326430315,0.0,19.639202912676332,1.0,35.499483177463915,69.89936229837805,0.0,0.38082191780821917,0.23709094368340944,545,0.9464788732394366,0.008708764282023294,7.771775749993857e-06,0.9991083871278129,0.39999007066276804,18.806116413962975,0.1361731811914233,0.5317418960873442,0.4519806116742426
sunsched_no_ceiling,46,cct_region,2015,0.5,pvgis,365,0.32494362877726723,88.072440650112,0.36,6276,0.11989115355885177,nan,0.11759082217973231,0.0888214450253441,0.5717117117117118,0.4366391184573003,0.37364563416188656,0.0,0.34608030592734224,0.0,0.2802740599107712,0.9804811982154238,1.0,7.9666666666666215,0.21456265784512504,0.11135417778252053,0.1368583929143101,0.22582791051216872,0.7222894152915942,0.0,21.709066091403,1.0,43.41185730988292,76.27092848039136,0.0,1.115068493150685,0.2226027397260274,1828,0.952112676056338,0.009970733504115913,9.944324047561631e-05,0.990124975658543,0.7062920859713293,16.278184185499075,0.1477887036883545,0.6143191332672225,0.5221712632771391
sunsched_no_ceiling,46,cct_region,2013,0.5,pvgis,365,0.32494362877726723,88.072440650112,0.37,6276,0.1257603244050795,nan,0.122848948374761,0.09277353775320796,0.5940540540540541,0.453168044077135,0.3507010834926705,0.0,0.35388782664117274,0.0,0.2954110898661568,0.7059963883577651,0.9166666666666666,8.09166666666662,0.21456265784512504,0.11135417778252053,0.1368583929143101,0.22863834530226188,0.7265267493819527,0.0,20.64649507784094,1.0,44.592990583395554,76.73982765942786,0.0,1.178082191780822,0.2115677321156773,1885,0.9464788732394366,0.009256680136740608,9.531000636112282e-05,0.9898085856697116,0.7247798312240104,17.528268242445176,0.14164580099373447,0.5705070153926974,0.4849309630837928
sunsched_no_ceiling,46,cct_region,2014,0.5,pvgis,365,0.32494362877726723,88.072440650112,0.37,6276,0.1273610073631416,nan,0.124282982791587,0.09129877124322264,0.6095495495495495,0.5275482093663911,0.3274378585086042,0.0,0.36265137029955385,0.0,0.30991077119184196,0.5685680900786063,0.9166666666666666,7.73333333333333,0.21456265784512504,0.11135417778252053,0.1368583929143101,0.2335344869574181,0.7302005508708198,0.0,22.297233232776282,1.0,45.60650368130288,77.08069944942166,0.0,1.2136986301369863,0.20153158295281584,1957,0.9436619718309859,0.010475800325753428,0.00010692246855748292,0.9898965067274593,0.7205069732983076,15.489793601804744,0.15214563838955952,0.6455863943103078,0.5487484351637617
sunsched_no_ceiling,7,cct_region,2012,0.5,pvgis,365,0.2592832308673501,70.275903079136,0.33,1853,0.27728946430692486,nan,0.25634106853750677,0.14722879527155602,0.7351351351351352,0.425531914893617,0.2800863464651916,0.0,0.43281165677280087,0.0,0.28710199676200754,1.0532020147508545,0.9166666666666666,12.083333333333334,0.4600308825276162,0.19622282931464546,0.18612661836322605,0.2370203878106522,0.7299540344595882,0.0,20.729461989872192,1.0,33.5773735468446,69.90231613940612,0.0,0.38082191780821917,0.2616248097412481,550,0.9464788732394366,0.009298144118620722,9.600523061010015e-06,0.9989685446442077,0.40306060382511266,17.611591007225183,0.14126589564435688,0.5678078712989352,0.4826366906040949
sunsched_no_ceiling,7,cct_region,2013,0.5,pvgis,365,0.2592832308673501,70.275903079136,0.33,1853,0.27728946430692486,nan,0.25634106853750677,0.14722879527155602,0.7351351351351352,0.425531914893617,0.2800863464651916,0.0,0.43281165677280087,0.0,0.28710199676200754,1.0532020147508545,0.9166666666666666,12.083333333333334,0.4600308825276162,0.19622282931464546,0.18612661836322605,0.2407084699537086,0.7343887236136689,0.0,20.64649507784094,1.0,35.5822168786866,69.90231613940612,0.0,0.38082191780821917,0.23679604261796042,550,0.9408450704225352,0.009389500857072393,1.2369189619687646e-05,0.9986843904927148,0.41108620004052904,17.43527521811098,0.1420738811409643,0.5735498794772365,0.487517397555651
sunsched_no_ceiling,7,cct_region,2014,0.5,pvgis,365,0.2592832308673501,70.275903079136,0.33,1853,0.2713505166884429,nan,0.2509444144630329,0.14678061604451176,0.745945945945946,0.425531914893617,0.2703723691311387,0.0,0.43281165677280087,0.0,0.2968159740960604,0.8119266055045872,0.9166666666666666,12.083333333333334,0.4600308825276162,0.19622282931464546,0.18612661836322605,0.2457387195290469,0.7376427629100224,0.0,22.297233232776282,1.0,36.390932382790126,69.97116325366584,0.0,0.3917808219178082,0.2259703196347032,558,0.9436619718309859,0.010621492672955646,1.2127489257871793e-05,0.9988595145328807,0.4061507468027695,15.415652367525189,0.15257707349467686,0.6486913275928645,0.5513876284539349
sunsched_no_ceiling,78,cct_region,2011,0.5,pvgis,365,0.26856215194727723,72.79085383900801,0.32,2359,0.08179082702653415,-0.31497326203208553,0.08139041966935143,0.08446613424124251,0.5889655172413794,0.358695652173913,0.3823654090716405,0.0,0.31835523526918186,0.0,0.2992793556591776,0.8379610004239084,0.9166666666666666,9.583333333333334,0.10864411416066382,0.24491656788547456,0.19389988146256956,0.23632230599954532,0.7228855536570469,0.0,19.639202912676332,1.0,36.76989662333198,70.54976568289385,0.0,0.5315068493150685,0.22890030441400305,719,0.9380281690140845,0.008691230387722616,1.4478630302589648e-05,0.9983368809740124,0.41871830512654007,18.82950503969116,0.1360796294980483,0.5310814054283829,0.4514191946141255
sunsched_no_ceiling,7,cct_region,2015,0.5,pvgis,365,0.2592832308673501,70.275903079136,0.34,1853,0.2671932533555055,nan,0.24716675661090123,0.1440863217313949,0.7171171171171171,0.4148936170212766,0.29735563950350785,0.0,0.42363734484619536,0.0,0.27900701565029684,0.8694909156323078,0.9166666666666666,12.083333333333334,0.4600308825276162,0.19622282931464546,0.18612661836322605,0.2370686344858726,0.7309948641923276,0.0,21.709066091403,1.0,34.63975171205602,69.81383397706605,0.0,0.36712328767123287,0.2500570776255708,529,0.9436619718309859,0.010101492994200696,9.445753159112539e-06,0.9990657887071487,0.4010092727571998,16.212559083279448,0.14813602530323922,0.616805770676471,0.5242849050750004
sunsched_no_ceiling,78,cct_region,2014,0.5,pvgis,365,0.26856215194727723,72.79085383900801,0.33,2359,0.08780888118902162,-0.24438502673796775,0.0877490462060195,0.08845649521626259,0.6018390804597701,0.358695652173913,0.3649851632047478,0.0,0.3264094955489614,0.0,0.3086053412462908,0.7499646742970184,0.9166666666666666,9.583333333333334,0.10864411416066382,0.24491656788547456,0.19389988146256956,0.24429037780301988,0.7310320166912014,0.0,22.297233232776282,1.0,37.69324795667156,70.65711978696993,0.0,0.547945205479452,0.2174181887366819,736,0.9464788732394366,0.010606619094034809,1.8991099591911495e-05,0.9982127050356785,0.42338738356459593,15.427273242840462,0.15250919103146166,0.6482026890034396,0.5509722856529236
sunsched_no_ceiling,78,cct_region,2013,0.5,pvgis,365,0.26856215194727723,72.79085383900801,0.34,2359,0.08179082702653415,-0.31497326203208553,0.08139041966935143,0.08434991935992696,0.5898850574712644,0.358695652173913,0.3798219584569733,0.0,0.32089868588384907,0.0,0.2992793556591776,0.8786562102585841,0.9166666666666666,9.583333333333334,0.10864411416066382,0.24491656788547456,0.19389988146256956,0.23907831690641781,0.7277324626554861,0.0,20.64649507784094,1.0,36.85559110023469,70.5526563660272,0.0,0.5315068493150685,0.22832952815829527,721,0.9408450704225352,0.009373127611667266,2.1776326148081378e-05,0.9976821129527008,0.43792309309447813,17.448203080521186,0.1420141094577949,0.5731249203056212,0.4871561822597781
sunsched_no_ceiling,78,cct_region,2012,0.5,pvgis,365,0.26856215194727723,72.79085383900801,0.35,2359,0.08179082702653415,-0.31497326203208553,0.08139041966935143,0.08437521735241532,0.5898850574712644,0.358695652173913,0.3798219584569733,0.0,0.31877914370495974,0.0,0.301398897838067,0.7785078423060618,0.9166666666666666,9.583333333333334,0.10864411416066382,0.24491656788547456,0.19389988146256956,0.2352175501991188,0.723140992745665,0.0,20.729461989872192,1.0,34.77900081047541,70.56795645714317,0.0,0.5342465753424658,0.25412861491628613,721,0.9464788732394366,0.009280824198324107,1.620879540331587e-05,0.9982565625598777,0.42335819878079983,17.631882337041045,0.14117389658567026,0.5671544199788588,0.48208125698203
sunsched_no_ceiling,78,cct_region,2015,0.5,pvgis,365,0.26856215194727723,72.79085383900801,0.34,2359,0.08179082702653415,-0.31497326203208553,0.08139041966935143,0.08524437900840337,0.577471264367816,0.358695652173913,0.39126748622297586,0.0,0.3119966087325138,0.0,0.29673590504451036,0.8372544863642786,0.9166666666666666,9.583333333333334,0.10864411416066382,0.24491656788547456,0.19389988146256956,0.23519778601418687,0.7241648686197855,0.0,21.709066091403,1.0,35.879398106808,70.49857239311403,0.0,0.5260273972602739,0.24273211567732117,713,0.9464788732394366,0.010074344786767706,1.985981614185605e-05,0.9980325526454921,0.4253058393887878,16.23943621885183,0.1479934555564486,0.6157849241337164,0.523417185513659
sunsched_no_ceiling,0,cct_region,2011,1.0,pvgis,365,0.6324456329947064,85.70875921763201,0.36,1861,0.7128067484662576,0.7248366013071894,0.832348199892531,0.4546034421584648,0.9900990099009901,0.13953488372093023,0.0,0.0,0.10693175711982805,0.0,0.893068242880172,1.0826168726491134,3.75,4.324999999999969,0.500191717791411,0.6087039877300612,0.7935199386503067,0.7355081485184648,0.786779675610821,0.0,19.639202912676332,1.0,86.59060994439086,80.6737894528168,0.0,2.6027397260273974,0.0,1664,0.9464788732394366,0.01500733868949288,0.00016091233344045264,0.9893915037932083,1.3336307891362378,10.80705953383475,0.190146465386003,0.9253210800488323,0.7865229180415075
sunsched_no_ceiling,0,cct_region,2012,1.0,pvgis,365,0.6324456329947064,85.70875921763201,0.36,1861,0.7128067484662576,0.7248366013071894,0.832348199892531,0.4546034421584648,0.9900990099009901,0.13953488372093023,0.0,0.0,0.10693175711982805,0.0,0.893068242880172,1.0826168726491134,3.75,4.324999999999969,0.500191717791411,0.6087039877300612,0.7935199386503067,0.7034320927531287,0.7717162229343997,0.0,20.729461989872192,1.0,81.90218548301715,80.6737894528168,0.0,2.6027397260273974,0.0,1664,0.9408450704225352,0.015589584994934567,0.00016169129157103177,0.9897347180869682,1.3178443828432043,10.407041870596046,0.1948543789008026,0.9608878415540829,0.8167546653209705
sunsched_no_ceiling,0,cct_region,2013,1.0,pvgis,365,0.6324456329947064,85.70875921763201,0.35,1861,0.7128067484662576,0.7248366013071894,0.832348199892531,0.4546034421584648,0.9900990099009901,0.13953488372093023,0.0,0.0,0.10693175711982805,0.0,0.893068242880172,1.0826168726491134,3.75,4.324999999999969,0.500191717791411,0.6087039877300612,0.7935199386503067,0.743593175142618,0.7861395292825235,0.0,20.64649507784094,1.0,86.79241461900928,80.6737894528168,0.0,2.6027397260273974,0.0,1664,0.9408450704225352,0.016308162699249194,0.00017590173582718313,0.9893289827566506,1.3267965513796227,9.944403728498944,0.20073282618047994,1.0055907094099295,0.8547521029984401
sunsched_no_ceiling,0,cct_region,2015,1.0,pvgis,365,0.6324456329947064,85.70875921763201,0.35,1861,0.7128067484662576,0.7248366013071894,0.832348199892531,0.4546034421584648,0.9900990099009901,0.13953488372093023,0.0,0.0,0.10693175711982805,0.0,0.893068242880172,1.0826168726491134,3.75,4.324999999999969,0.500191717791411,0.6087039877300612,0.7935199386503067,0.7102835811479846,0.7523809463611283,0.0,21.709066091403,1.0,84.49354640107268,80.6737894528168,0.0,2.6027397260273974,0.0,1664,0.9408450704225352,0.01667435040775604,0.00017949229961421276,0.9893500667633667,1.3110304210225179,9.726220582164663,0.20368288487207753,1.028148592304947,0.873926303459205
sunsched_no_ceiling,0,cct_region,2014,1.0,pvgis,365,0.6324456329947064,85.70875921763201,0.36,1861,0.7128067484662576,0.7248366013071894,0.832348199892531,0.4546034421584648,0.9900990099009901,0.13953488372093023,0.0,0.0,0.10693175711982805,0.0,0.893068242880172,1.0826168726491134,3.75,4.324999999999969,0.500191717791411,0.6087039877300612,0.7935199386503067,0.7771739162108612,0.8345288449349623,0.0,22.297233232776282,1.0,88.76503964066944,80.6737894528168,0.0,2.6027397260273974,0.0,1664,0.9436619718309859,0.018790861486207292,0.00020271174277013606,0.9893273508714585,1.3512582622466098,8.630508322620434,0.22054092381201418,1.1586803031972228,0.9848782577176394
sunsched_no_ceiling,100,cct_region,2011,1.0,pvgis,365,0.6105281741575894,82.73851465568,0.37,4890,0.2476782805525586,0.3298704400262703,0.2519427402862986,0.15502277983326715,0.922913569760034,0.6243093922651933,0.0,0.0,0.6725971370143149,0.0,0.32740286298568505,0.6976482617586912,0.9166666666666666,11.333333333333334,0.13079900996382557,0.2012227369846206,0.4851177254553531,0.6784273613340588,0.7712601602831918,0.0,19.639202912676332,1.0,83.58980476821888,78.88899592896607,0.0,1.4,0.0,1605,0.9436619718309859,0.014018294882589094,0.00016056537254843713,0.9886757207801481,1.3818812438408097,11.561168449318378,0.1820940787760862,0.8649644751599116,0.7352198038859249
sunsched_no_ceiling,105,cct_region,2011,1.0,pvgis,365,0.529264676669618,71.725720549728,0.33,2169,0.2537835249042146,0.49763220205209163,0.25633932687874594,0.15161495974927694,0.8773448773448773,0.6777777777777778,0.0,0.0,0.43245735361917936,0.0,0.5675426463808206,0.7267942216074995,0.9166666666666666,3.25,0.07260536398467432,0.2796455938697318,0.43668582375478926,0.6039384988929383,0.7621782130235027,0.0,19.639202912676332,1.0,72.46370088419438,72.41418017485968,0.0,0.7150684931506849,0.0,1233,0.9436619718309859,0.012879124255088858,0.0001457757044730792,0.988807921371706,1.1893235080807951,12.585447284656425,0.17260109577481275,0.794568502320257,0.6753832269722184
sunsched_no_ceiling,105,cct_region,2012,1.0,pvgis,365,0.529264676669618,71.725720549728,0.33,2169,0.2537835249042146,0.49763220205209163,0.25633932687874594,0.15161495974927694,0.8773448773448773,0.6777777777777778,0.0,0.0,0.43245735361917936,0.0,0.5675426463808206,0.7267942216074995,0.9166666666666666,3.25,0.07260536398467432,0.2796455938697318,0.43668582375478926,0.5770955223621473,0.7618565507884876,0.0,20.729461989872192,1.0,68.5401739797723,72.41418017485968,0.0,0.7150684931506849,0.0,1233,0.9464788732394366,0.01344600066016259,0.0001541131856352712,0.9886682429733564,1.175238827883589,12.053148502109002,0.17734675133536482,0.8296587400586866,0.7052099290498837
sunsched_no_ceiling,100,cct_region,2012,1.0,pvgis,365,0.6105281741575894,82.73851465568,0.39,4890,0.2476782805525586,0.3298704400262703,0.2519427402862986,0.15502277983326715,0.922913569760034,0.6243093922651933,0.0,0.0,0.6725971370143149,0.0,0.32740286298568505,0.6976482617586912,0.9166666666666666,11.333333333333334,0.13079900996382557,0.2012227369846206,0.4851177254553531,0.6474629040923147,0.7705198720981311,0.0,20.729461989872192,1.0,79.06385806743447,78.88899592896607,0.0,1.4,0.0,1605,0.9436619718309859,0.01457528026613931,0.0001647412027261202,0.9888235439090713,1.362391299589943,11.121028023957686,0.186670996611062,0.8991974463563359,0.7643178294028855
sunsched_no_ceiling,100,cct_region,2013,1.0,pvgis,365,0.6105281741575894,82.73851465568,0.38,4890,0.2476782805525586,0.3298704400262703,0.2519427402862986,0.15502277983326715,0.922913569760034,0.6243093922651933,0.0,0.0,0.6725971370143149,0.0,0.32740286298568505,0.6976482617586912,0.9166666666666666,11.333333333333334,0.13079900996382557,0.2012227369846206,0.4851177254553531,0.6862322006520051,0.7811987651489919,0.0,20.64649507784094,1.0,83.78461588415563,78.88899592896607,0.0,1.4,0.0,1605,0.9408450704225352,0.015217887185754259,0.00017078924476489032,0.9889016287049758,1.3854421719633665,10.652260613128004,0.19192962249562762,0.9387678693925168,0.7979526889836392
sunsched_no_ceiling,105,cct_region,2013,1.0,pvgis,365,0.529264676669618,71.725720549728,0.35,2169,0.2537835249042146,0.49763220205209163,0.25633932687874594,0.15161495974927694,0.8773448773448773,0.6777777777777778,0.0,0.0,0.43245735361917936,0.0,0.5675426463808206,0.7267942216074995,0.9166666666666666,3.25,0.07260536398467432,0.2796455938697318,0.43668582375478926,0.6107044860052825,0.7711898476634401,0.0,20.64649507784094,1.0,72.63258193940429,72.41418017485968,0.0,0.7150684931506849,0.0,1233,0.9464788732394366,0.01396283425736413,0.00015846816719840187,0.9887780770899175,1.19273830136854,11.608291282244714,0.1816231742178408,0.861453228288245,0.7322352440450083
sunsched_no_ceiling,105,cct_region,2014,1.0,pvgis,365,0.529264676669618,71.725720549728,0.33,2169,0.2537835249042146,0.49763220205209163,0.25633932687874594,0.15161495974927694,0.8773448773448773,0.6777777777777778,0.0,0.0,0.43245735361917936,0.0,0.5675426463808206,0.7267942216074995,0.9166666666666666,3.25,0.07260536398467432,0.2796455938697318,0.43668582375478926,0.638806664495539,0.7767340968947865,0.0,22.297233232776282,1.0,74.28338113827697,72.41418017485968,0.0,0.7150684931506849,0.0,1233,0.9436619718309859,0.016027322173499597,0.00019246361325372005,0.9881340224967149,1.1988962192901664,10.106433832367077,0.19861774002074173,0.9894687053680389,0.841048399562833
sunsched_no_ceiling,100,cct_region,2014,1.0,pvgis,365,0.6105281741575894,82.73851465568,0.38,4890,0.2476782805525586,0.3298704400262703,0.2519427402862986,0.15502277983326715,0.922913569760034,0.6243093922651933,0.0,0.0,0.6725971370143149,0.0,0.32740286298568505,0.6976482617586912,0.9166666666666666,11.333333333333334,0.13079900996382557,0.2012227369846206,0.4851177254553531,0.7186491981955953,0.787817138480555,0.0,22.297233232776282,1.0,85.68887941281247,78.88899592896607,0.0,1.4,0.0,1605,0.9436619718309859,0.017536921665618953,0.0002065379263228937,0.9883597713708159,1.4045105764293864,9.238569906819986,0.2107356386769833,1.0824186103325277,0.9200558187826486
sunsched_no_ceiling,100,cct_region,2015,1.0,pvgis,365,0.6105281741575894,82.73851465568,0.37,4890,0.2476782805525586,0.3298704400262703,0.2519427402862986,0.15502277983326715,0.922913569760034,0.6243093922651933,0.0,0.0,0.6725971370143149,0.0,0.32740286298568505,0.6976482617586912,0.9166666666666666,11.333333333333334,0.13079900996382557,0.2012227369846206,0.4851177254553531,0.6540769535564094,0.7734415443836454,0.0,21.709066091403,1.0,81.56541514577572,78.88899592896607,0.0,1.4,0.0,1605,0.9436619718309859,0.01562701634355356,0.00017972647951049404,0.9886297587350981,1.356136416778449,10.370523115603806,0.1953008414805173,0.9642715115261346,0.8196307847972143
sunsched_no_ceiling,105,cct_region,2015,1.0,pvgis,365,0.529264676669618,71.725720549728,0.34,2169,0.2537835249042146,0.49763220205209163,0.25633932687874594,0.15161495974927694,0.8773448773448773,0.6777777777777778,0.0,0.0,0.43245735361917936,0.0,0.5675426463808206,0.7267942216074995,0.9166666666666666,3.25,0.07260536398467432,0.2796455938697318,0.43668582375478926,0.5828292180362521,0.7642112332698939,0.0,21.709066091403,1.0,70.70876480699424,72.41418017485968,0.0,0.7150684931506849,0.0,1233,0.9436619718309859,0.014463753577346698,0.0001694539621570738,0.9884199030390557,1.1708283150581194,11.202205079539876,0.18580178366503752,0.8926813898688903,0.7587791813885567
sunsched_no_ceiling,130,cct_region,2011,1.0,pvgis,365,0.5053064365483766,68.47891018896,0.33,1455,0.3410664309913095,0.877370417193426,0.33127147766323023,0.2082410602606199,0.985894580549369,0.8055555555555556,0.0,0.0,0.29759450171821306,0.0,0.7024054982817869,0.8808705612829325,0.9166666666666666,0.9166666666666666,0.13661805862424511,0.29496243923994697,0.36964206805125943,0.614993187241196,0.7652336428851195,0.0,19.639202912676332,1.0,69.18348434531293,70.99171875756598,0.0,0.5753424657534246,0.0,1026,0.9408450704225352,0.013102945379793857,0.0001758893018377047,0.986754161336084,1.1459773691632027,12.344772396010365,0.17469948564254567,0.810059487466277,0.6885505643463353
sunsched_no_ceiling,130,cct_region,2012,1.0,pvgis,365,0.5053064365483766,68.47891018896,0.32,1455,0.3410664309913095,0.877370417193426,0.33127147766323023,0.2082410602606199,0.985894580549369,0.8055555555555556,0.0,0.0,0.29759450171821306,0.0,0.7024054982817869,0.8808705612829325,0.9166666666666666,0.9166666666666666,0.13661805862424511,0.29496243923994697,0.36964206805125943,0.5893653125406177,0.7653650182391931,0.0,20.729461989872192,1.0,65.43756385190234,70.99171875756598,0.0,0.5753424657534246,0.0,1026,0.9464788732394366,0.013703815273820913,0.00017000148544414243,0.9877465957354082,1.1334775052029054,11.81536376567179,0.17959529981607036,0.8463556601662892,0.7194023111413458
sunsched_no_ceiling,130,cct_region,2013,1.0,pvgis,365,0.5053064365483766,68.47891018896,0.33,1455,0.3410664309913095,0.877370417193426,0.33127147766323023,0.2082410602606199,0.985894580549369,0.8055555555555556,0.0,0.0,0.29759450171821306,0.0,0.7024054982817869,0.8808705612829325,0.9166666666666666,0.9166666666666666,0.13661805862424511,0.29496243923994697,0.36964206805125943,0.6214528982103471,0.7738980752096885,0.0,20.64649507784094,1.0,69.34472065669041,70.99171875756598,0.0,0.5753424657534246,0.0,1026,0.9408450704225352,0.014207634696048717,0.00017907417136801552,0.9875528049522442,1.1482714330212527,11.394141171525945,0.18379231983540212,0.8776440320916933,0.7459974272779392
sunsched_no_ceiling,130,cct_region,2014,1.0,pvgis,365,0.5053064365483766,68.47891018896,0.33,1455,0.3410664309913095,0.877370417193426,0.33127147766323023,0.2082410602606199,0.985894580549369,0.8055555555555556,0.0,0.0,0.29759450171821306,0.0,0.7024054982817869,0.8808705612829325,0.9166666666666666,0.9166666666666666,0.13661805862424511,0.29496243923994697,0.36964206805125943,0.6482829745372051,0.7795886836923638,0.0,22.297233232776282,1.0,70.92079307831544,70.99171875756598,0.0,0.5753424657534246,0.0,1026,0.9436619718309859,0.016275401857350266,0.00021309125279034218,0.9870763658408973,1.1565058884375585,9.94173274258611,0.20076822234337033,1.0058608754552714,0.8549817441369807
sunsched_no_ceiling,130,cct_region,2015,1.0,pvgis,365,0.5053064365483766,68.47891018896,0.33,1455,0.3410664309913095,0.877370417193426,0.33127147766323023,0.2082410602606199,0.985894580549369,0.8055555555555556,0.0,0.0,0.29759450171821306,0.0,0.7024054982817869,0.8808705612829325,0.9166666666666666,0.9166666666666666,0.13661805862424511,0.29496243923994697,0.36964206805125943,0.5948394608392863,0.7679583871739823,0.0,21.709066091403,1.0,67.50798901257977,70.99171875756598,0.0,0.5753424657534246,0.0,1026,0.9436619718309859,0.014716954458703127,0.0001790833016578636,0.9879777894941693,1.127740095341651,11.00454996597819,0.18793893318493538,0.9087150343190888,0.7724077791712256
sunsched_no_ceiling,28,cct_region,2011,1.0,pvgis,365,0.515310481749955,69.834654076896,0.34,1333,0.22436590436590437,0.36995153473344117,0.2280570142535634,0.15562078916716449,0.9006734006734006,0.7379310344827587,0.0,0.0,0.5093773443360841,0.0,0.490622655663916,1.6136534133533382,10.016666666666632,19.333333333333332,0.1862785862785863,0.19176715176715176,0.2892307692307692,0.6189066529478595,0.764110425872266,0.0,19.639202912676332,1.0,70.55317737618083,71.12377412597745,0.0,0.6602739726027397,0.0,659,0.9464788732394366,0.013117006032303754,0.00017696292460983408,0.9866884806799701,1.1556935811145632,12.330718716154431,0.17482437955201835,0.8109827358967353,0.6893353255122249
sunsched_no_ceiling,28,cct_region,2012,1.0,pvgis,365,0.515310481749955,69.834654076896,0.34,1333,0.22436590436590437,0.36995153473344117,0.2280570142535634,0.15562078916716449,0.9006734006734006,0.7379310344827587,0.0,0.0,0.5093773443360841,0.0,0.490622655663916,1.6136534133533382,10.016666666666632,19.333333333333332,0.1862785862785863,0.19176715176715176,0.2892307692307692,0.5927713981737686,0.7641808460523511,0.0,20.729461989872192,1.0,66.73309523505122,71.12377412597745,0.0,0.6602739726027397,0.0,659,0.9436619718309859,0.013709364392857167,0.00018083393934264073,0.9869811837802606,1.1486884964528041,11.801429173907952,0.17972968406027912,0.8473549985038445,0.7202517487282678
sunsched_no_ceiling,28,cct_region,2013,1.0,pvgis,365,0.515310481749955,69.834654076896,0.34,1333,0.22436590436590437,0.36995153473344117,0.2280570142535634,0.15562078916716449,0.9006734006734006,0.7379310344827587,0.0,0.0,0.5093773443360841,0.0,0.490622655663916,1.6136534133533382,10.016666666666632,19.333333333333332,0.1862785862785863,0.19176715176715176,0.2892307692307692,0.6254942531261217,0.7729809423890548,0.0,20.64649507784094,1.0,70.71760584034051,71.12377412597745,0.0,0.6602739726027397,0.0,659,0.9464788732394366,0.014229000662458597,0.00018954659444071138,0.9868539741859214,1.1610637213104118,11.368981139937818,0.18405214591051922,0.8795862951053057,0.7476483508395099
sunsched_no_ceiling,40,cct_region,2012,1.0,pvgis,365,0.4926895242489614,66.769071679648,0.32,1079,0.2171288243118797,0.7519788918205808,0.22335495829471733,0.1643744845884526,0.9668737060041408,0.7168141592920354,0.0,0.0,0.5004633920296571,0.0,0.4995366079703429,1.2426629595304293,0.9249999999999924,12.083333333333334,0.15880487056175177,0.08216514887956615,0.23636549677683413,0.5860893502848626,0.7682480535513682,0.0,20.729461989872192,1.0,63.80366421300925,69.20549276011255,0.0,0.28493150684931506,0.0,544,0.9464788732394366,0.013630187810898616,0.0001903468695512164,0.9862272427259651,1.0960323940888899,11.86091534221706,0.17915805446627775,0.8431052504359908,0.7166394628705922
sunsched_no_ceiling,40,cct_region,2013,1.0,pvgis,365,0.4926895242489614,66.769071679648,0.32,1079,0.2171288243118797,0.7519788918205808,0.22335495829471733,0.1643744845884526,0.9668737060041408,0.7168141592920354,0.0,0.0,0.5004633920296571,0.0,0.4995366079703429,1.2426629595304293,0.9249999999999924,12.083333333333334,0.15880487056175177,0.08216514887956615,0.23636549677683413,0.6173757463693833,0.7766451722454104,0.0,20.64649507784094,1.0,67.6132638699357,69.20549276011255,0.0,0.28493150684931506,0.0,544,0.9436619718309859,0.014124141478421691,0.0001973924202136732,0.986217089481422,1.1109444738003873,11.445994052676856,0.18326018321473647,0.873668110779886,0.7426178941629031
sunsched_no_ceiling,40,cct_region,2014,1.0,pvgis,365,0.4926895242489614,66.769071679648,0.33,1079,0.2171288243118797,0.7519788918205808,0.22335495829471733,0.1643744845884526,0.9668737060041408,0.7168141592920354,0.0,0.0,0.5004633920296571,0.0,0.4995366079703429,1.2426629595304293,0.9249999999999924,12.083333333333334,0.15880487056175177,0.08216514887956615,0.23636549677683413,0.6435359069866635,0.7822677007609302,0.0,22.297233232776282,1.0,69.14998360162295,69.20549276011255,0.0,0.28493150684931506,0.0,544,0.9408450704225352,0.01616727143355386,0.00023206719408953944,0.985848990660004,1.1140622316484021,9.995780656219454,0.20005535364400628,1.000422112481822,0.8503587956095486
sunsched_no_ceiling,40,cct_region,2011,1.0,pvgis,365,0.4926895242489614,66.769071679648,0.33,1079,0.2171288243118797,0.7519788918205808,0.22335495829471733,0.1643744845884526,0.9668737060041408,0.7168141592920354,0.0,0.0,0.5004633920296571,0.0,0.4995366079703429,1.2426629595304293,0.9249999999999924,12.083333333333334,0.15880487056175177,0.08216514887956615,0.23636549677683413,0.611077326848113,0.7682203480595824,0.0,19.639202912676332,1.0,67.45605344117615,69.20549276011255,0.0,0.28493150684931506,0.0,544,0.9492957746478873,0.013026311798192882,0.0001886475648184825,0.9857246958059889,1.107709455680526,12.404441612420976,0.17417215342773817,0.8061628497639644,0.6852384222993697
sunsched_no_ceiling,28,cct_region,2014,1.0,pvgis,365,0.515310481749955,69.834654076896,0.35,1333,0.22436590436590437,0.36995153473344117,0.2280570142535634,0.15562078916716449,0.9006734006734006,0.7379310344827587,0.0,0.0,0.5093773443360841,0.0,0.490622655663916,1.6136534133533382,10.016666666666632,19.333333333333332,0.1862785862785863,0.19176715176715176,0.2892307692307692,0.6528555106866326,0.7787903164997494,0.0,22.297233232776282,1.0,72.32488130749718,71.12377412597745,0.0,0.6602739726027397,0.0,659,0.9436619718309859,0.016308076592490492,0.000220354148083442,0.9866681748835044,1.1675710605205454,9.917710543844303,0.20108735285203605,1.0082972230124998,0.8570526395606248
sunsched_no_ceiling,28,cct_region,2015,1.0,pvgis,365,0.515310481749955,69.834654076896,0.36,1333,0.22436590436590437,0.36995153473344117,0.2280570142535634,0.15562078916716449,0.9006734006734006,0.7379310344827587,0.0,0.0,0.5093773443360841,0.0,0.490622655663916,1.6136534133533382,10.016666666666632,19.333333333333332,0.1862785862785863,0.19176715176715176,0.2892307692307692,0.5983539235344701,0.7666593877125004,0.0,21.709066091403,1.0,68.84451062540988,71.12377412597745,0.0,0.6602739726027397,0.0,659,0.9408450704225352,0.014739494371686285,0.00018772939215535824,0.9874236900896404,1.1378961251345217,10.981559225102897,0.1881921431238076,0.9106174993019992,0.7740248744066993
sunsched_no_ceiling,40,cct_region,2015,1.0,pvgis,365,0.4926895242489614,66.769071679648,0.34,1079,0.2171288243118797,0.7519788918205808,0.22335495829471733,0.1643744845884526,0.9668737060041408,0.7168141592920354,0.0,0.0,0.5004633920296571,0.0,0.4995366079703429,1.2426629595304293,0.9249999999999924,12.083333333333334,0.15880487056175177,0.08216514887956615,0.23636549677683413,0.5914268154859014,0.7706956309789478,0.0,21.709066091403,1.0,65.82239327249897,69.20549276011255,0.0,0.28493150684931506,0.0,544,0.9464788732394366,0.014652881354453282,0.0002001122454688313,0.9865271438971144,1.0894470834784775,11.036441288835535,0.1875893130310201,0.906089176600432,0.7701758001103671
sunsched_no_ceiling,46,cct_region,2011,1.0,pvgis,365,0.6498872575545345,88.072440650112,0.39,6276,0.18886280368512787,nan,0.18483110261312938,0.11508450248650402,0.909009009009009,0.849862258953168,0.0,0.0,0.5291586998087954,0.0,0.47084130019120457,0.7301890800934778,1.6666666666666667,8.5,0.21456265784512504,0.11135417778252053,0.1368583929143101,0.6991939947766362,0.7714747745225949,0.0,19.639202912676332,1.0,88.97861111044423,82.41685051221174,0.0,1.8,0.0,2957,0.9464788732394366,0.014241792566657384,0.000167701098799816,0.9883617632448922,1.4638900234231698,11.376124354872617,0.1839782699646264,0.8790339915471128,0.7471788928150459
sunsched_no_ceiling,46,cct_region,2012,1.0,pvgis,365,0.6498872575545345,88.072440650112,0.38,6276,0.18886280368512787,nan,0.18483110261312938,0.11508450248650402,0.909009009009009,0.849862258953168,0.0,0.0,0.5291586998087954,0.0,0.47084130019120457,0.7301890800934778,1.6666666666666667,8.5,0.21456265784512504,0.11135417778252053,0.1368583929143101,0.66623334357284,0.770457325020734,0.0,20.729461989872192,1.0,84.16088899095479,82.41685051221174,0.0,1.8,0.0,2957,0.9436619718309859,0.014785169102281155,0.0001714803908660385,0.9885348392402585,1.4403097589021534,10.959954092933502,0.1884309883921026,0.9124125808562977,0.775550693727853
sunsched_no_ceiling,7,cct_region,2011,1.0,pvgis,365,0.5185664617347002,70.275903079136,0.34,1853,0.3238508136358238,nan,0.30545062061521855,0.16835835075157612,0.9825825825825826,0.8776595744680851,0.0,0.0,0.5709660010793308,0.0,0.4290339989206692,1.1001978773160639,2.25,15.158333333333283,0.4600308825276162,0.19622282931464546,0.18612661836322605,0.6221048098955333,0.7695768102170019,0.0,19.639202912676332,1.0,70.99896635492783,71.30316607577141,0.0,0.589041095890411,0.0,799,0.9464788732394366,0.013170868496138058,0.0001822088364714742,0.9863545434559492,1.1484895577266794,12.276135885820967,0.17531198374281087,0.8145885719259656,0.6924002861370707
sunsched_no_ceiling,46,cct_region,2013,1.0,pvgis,365,0.6498872575545345,88.072440650112,0.39,6276,0.18886280368512787,nan,0.18483110261312938,0.11508450248650402,0.909009009009009,0.849862258953168,0.0,0.0,0.5291586998087954,0.0,0.47084130019120457,0.7301890800934778,1.6666666666666667,8.5,0.21456265784512504,0.11135417778252053,0.1368583929143101,0.7075019907622244,0.7802790214177502,0.0,20.64649507784094,1.0,89.18598116679111,82.41685051221174,0.0,1.8,0.0,2957,0.9464788732394366,0.015500897331283514,0.0001739994637298479,0.9888994826565491,1.4633646540182967,10.457752543617346,0.19423917782665567,0.9562284016849562,0.8127941414322127
sunsched_no_ceiling,46,cct_region,2014,1.0,pvgis,365,0.6498872575545345,88.072440650112,0.39,6276,0.18886280368512787,nan,0.18483110261312938,0.11508450248650402,0.909009009009009,0.849862258953168,0.0,0.0,0.5291586998087954,0.0,0.47084130019120457,0.7301890800934778,1.6666666666666667,8.5,0.21456265784512504,0.11135417778252053,0.1368583929143101,0.7420088235727347,0.7879565607278294,0.0,22.297233232776282,1.0,91.21300736260577,82.41685051221174,0.0,1.8,0.0,2957,0.9436619718309859,0.01788942640511957,0.00021273828374441744,0.9882479091644057,1.4862231056348054,9.05550218145085,0.21356169853814855,1.104300987358144,0.9386558392544224
sunsched_no_ceiling,46,cct_region,2015,1.0,pvgis,365,0.6498872575545345,88.072440650112,0.39,6276,0.18886280368512787,nan,0.18483110261312938,0.11508450248650402,0.909009009009009,0.849862258953168,0.0,0.0,0.5291586998087954,0.0,0.47084130019120457,0.7301890800934778,1.6666666666666667,8.5,0.21456265784512504,0.11135417778252053,0.1368583929143101,0.6732737827359886,0.7737663439047063,0.0,21.709066091403,1.0,86.82371461976584,82.41685051221174,0.0,1.8,0.0,2957,0.9408450704225352,0.015871218184713036,0.0001745367085643915,0.9891225617164627,1.4392305623089268,10.216047354535405,0.19722187300588045,0.9788521580766273,0.8320243343651332
sunsched_no_ceiling,7,cct_region,2015,1.0,pvgis,365,0.5185664617347002,70.275903079136,0.34,1853,0.3238508136358238,nan,0.30545062061521855,0.16835835075157612,0.9825825825825826,0.8776595744680851,0.0,0.0,0.5709660010793308,0.0,0.4290339989206692,1.1001978773160639,2.25,15.158333333333283,0.4600308825276162,0.19622282931464546,0.18612661836322605,0.6014222184320267,0.7723859103259068,0.0,21.709066091403,1.0,69.27950342411204,71.30316607577141,0.0,0.589041095890411,0.0,799,0.9436619718309859,0.014790591428455395,0.00019923386579242017,0.9867087266274628,1.1316674348105604,10.935697288739885,0.1887001882871049,0.9144364310720872,0.777270966411274
sunsched_no_ceiling,7,cct_region,2014,1.0,pvgis,365,0.5185664617347002,70.275903079136,0.34,1853,0.3238508136358238,nan,0.30545062061521855,0.16835835075157612,0.9825825825825826,0.8776595744680851,0.0,0.0,0.5709660010793308,0.0,0.4290339989206692,1.1001978773160639,2.25,15.158333333333283,0.4600308825276162,0.19622282931464546,0.18612661836322605,0.6562681728796222,0.7846046072554554,0.0,22.297233232776282,1.0,72.78186476558025,71.30316607577141,0.0,0.589041095890411,0.0,799,0.9436619718309859,0.016371728775143247,0.0002251945404913794,0.9864315490161215,1.1645568806716975,9.876781901773962,0.20163436135441803,1.012475530942311,0.8606042013009643
sunsched_no_ceiling,7,cct_region,2013,1.0,pvgis,365,0.5185664617347002,70.275903079136,0.34,1853,0.3238508136358238,nan,0.30545062061521855,0.16835835075157612,0.9825825825825826,0.8776595744680851,0.0,0.0,0.5709660010793308,0.0,0.4290339989206692,1.1001978773160639,2.25,15.158333333333283,0.4600308825276162,0.19622282931464546,0.18612661836322605,0.6287340337066976,0.7781953252613416,0.0,20.64649507784094,1.0,71.1644337573732,71.30316607577141,0.0,0.589041095890411,0.0,799,0.9464788732394366,0.014283423393514736,0.00018372928105062279,0.9873002459306567,1.155227528903105,11.33078467590826,0.184448644491519,0.882551410694636,0.7501686990904407
sunsched_no_ceiling,7,cct_region,2012,1.0,pvgis,365,0.5185664617347002,70.275903079136,0.35,1853,0.3238508136358238,nan,0.30545062061521855,0.16835835075157612,0.9825825825825826,0.8776595744680851,0.0,0.0,0.5709660010793308,0.0,0.4290339989206692,1.1001978773160639,2.25,15.158333333333283,0.4600308825276162,0.19622282931464546,0.18612661836322605,0.5958044199855294,0.7694990746339131,0.0,20.729461989872192,1.0,67.1547470936892,71.30316607577141,0.0,0.589041095890411,0.0,799,0.9436619718309859,0.013761801630400656,0.0001736435720863047,0.9875394313161007,1.1415825580277532,11.763111220855432,0.1801007469051732,0.8501152299121749,0.7225979454253486
sunsched_no_ceiling,78,cct_region,2011,1.0,pvgis,365,0.5371243038945545,72.79085383900801,0.36,2359,0.14780705753624512,0.4593582887700535,0.15345485375158965,0.12467898410343949,0.9126436781609195,0.7717391304347826,0.0,0.0,0.5260703688003391,0.0,0.47392963119966086,1.1464603645612548,3.033333333333303,9.583333333333334,0.10864411416066382,0.24491656788547456,0.19389988146256956,0.6362787294228771,0.7648606877379386,0.0,19.639202912676332,1.0,73.53979324666396,73.0659504499646,0.0,0.8794520547945206,0.0,1132,0.9436619718309859,0.013387563784571233,0.00016510417149655912,0.9878175889771844,1.1783123740696992,12.095344795605232,0.17695634333288612,0.826764360089465,0.7027497060760451
sunsched_no_ceiling,78,cct_region,2012,1.0,pvgis,365,0.5371243038945545,72.79085383900801,0.37,2359,0.14780705753624512,0.4593582887700535,0.15345485375158965,0.12467898410343949,0.9126436781609195,0.7717391304347826,0.0,0.0,0.5260703688003391,0.0,0.47392963119966086,1.1464603645612548,3.033333333333303,9.583333333333334,0.10864411416066382,0.24491656788547456,0.19389988146256956,0.60903713231822,0.764973677253921,0.0,20.729461989872192,1.0,69.55800162095082,73.0659504499646,0.0,0.8794520547945206,0.0,1132,0.9464788732394366,0.013978054118227626,0.00017581342794108625,0.9875784178870124,1.175332772413971,11.581583005089147,0.18188963632077826,0.8634398247291262,0.7339238510197572
sunsched_no_ceiling,78,cct_region,2013,1.0,pvgis,365,0.5371243038945545,72.79085383900801,0.37,2359,0.14780705753624512,0.4593582887700535,0.15345485375158965,0.12467898410343949,0.9126436781609195,0.7717391304347826,0.0,0.0,0.5260703688003391,0.0,0.47392963119966086,1.1464603645612548,3.033333333333303,9.583333333333334,0.10864411416066382,0.24491656788547456,0.19389988146256956,0.6431451920418159,0.7740678285064845,0.0,20.64649507784094,1.0,73.71118220046938,73.0659504499646,0.0,0.8794520547945206,0.0,1132,0.9436619718309859,0.014524477768623069,0.00017647745460394842,0.9879955110450837,1.185978201349875,11.150580988777902,0.18635319738311829,0.8968142565902295,0.762292118101695
sunsched_no_ceiling,78,cct_region,2014,1.0,pvgis,365,0.5371243038945545,72.79085383900801,0.37,2359,0.14780705753624512,0.4593582887700535,0.15345485375158965,0.12467898410343949,0.9126436781609195,0.7717391304347826,0.0,0.0,0.5260703688003391,0.0,0.47392963119966086,1.1464603645612548,3.033333333333303,9.583333333333334,0.10864411416066382,0.24491656788547456,0.19389988146256956,0.6716646903663318,0.7797370255145248,0.0,22.297233232776282,1.0,75.38649591334313,73.0659504499646,0.0,0.8794520547945206,0.0,1132,0.9464788732394366,0.016665324900876573,0.00020895474441899925,0.9876169680240392,1.197554938767368,9.714440869462019,0.20384561107982901,1.029395323351615,0.8749860248488728
sunsched_no_ceiling,78,cct_region,2015,1.0,pvgis,365,0.5371243038945545,72.79085383900801,0.37,2359,0.14780705753624512,0.4593582887700535,0.15345485375158965,0.12467898410343949,0.9126436781609195,0.7717391304347826,0.0,0.0,0.5260703688003391,0.0,0.47392963119966086,1.1464603645612548,3.033333333333303,9.583333333333334,0.10864411416066382,0.24491656788547456,0.19389988146256956,0.6148559738798353,0.7672699997917477,0.0,21.709066091403,1.0,71.758796213616,73.0659504499646,0.0,0.8794520547945206,0.0,1132,0.9408450704225352,0.015006724201386431,0.00017582451732914747,0.9884193016214459,1.1653657821900494,10.796882319693825,0.1902622475138378,0.9261932939437258,0.787264299852167
sunsched_no_ceiling,0,cct_region,2012,2.0,pvgis,365,1.2648912659894127,85.70875921763201,0.39,1861,0.7128067484662576,0.7248366013071894,0.832348199892531,0.4546034421584648,0.9900990099009901,0.13953488372093023,0.0,0.0,0.10693175711982805,0.0,0.893068242880172,1.0162547017732402,3.5,4.162499999999985,0.500191717791411,0.6087039877300612,0.7935199386503067,0.9785091198894399,0.9999976851851852,0.9153729071537291,20.729461989872192,1.0,163.8043709660343,81.41905261071477,59.30551018367976,2.7643835616438355,0.0,1664,0.9436619718309859,0.020565085686226656,0.0001501785001156385,0.9927503458915744,1.4569541901189735,7.9132078816096705,0.23384593599593717,1.2637100085845139,1.0741535072968367
sunsched_no_ceiling,0,cct_region,2011,2.0,pvgis,365,1.2648912659894127,85.70875921763201,0.39,1861,0.7128067484662576,0.7248366013071894,0.832348199892531,0.4546034421584648,0.9900990099009901,0.13953488372093023,0.0,0.0,0.10693175711982805,0.0,0.893068242880172,1.0097617768224967,3.75,4.324999999999969,0.500191717791411,0.6087039877300612,0.7935199386503067,0.9834997372047384,0.9999976851851852,0.9272545662100456,19.639202912676332,1.0,173.18121988878173,81.54536840018837,67.0744253575376,2.791780821917808,0.0,1664,0.9464788732394366,0.01938319599064625,0.0001385490935447229,0.9929028325619864,1.4204873348569058,8.397005038332297,0.22464695428416237,1.1909007978856792,1.0122656782028272
sunsched_no_ceiling,0,cct_region,2013,2.0,pvgis,365,1.2648912659894127,85.70875921763201,0.4,1861,0.7128067484662576,0.7248366013071894,0.832348199892531,0.4546034421584648,0.9900990099009901,0.13953488372093023,0.0,0.0,0.10693175711982805,0.0,0.893068242880172,1.0129858499014868,3.6666666666666665,4.324999999999969,0.500191717791411,0.6087039877300612,0.7935199386503067,0.9822230056679749,0.9999976851851852,0.912205098934551,20.64649507784094,1.0,173.58482923801856,81.50747366334622,67.49560954609746,2.7835616438356166,0.0,1664,0.9436619718309859,0.020906904226120415,0.00014840111830351078,0.992951842023853,1.4186642970981023,7.785410334711788,0.236446750721802,1.2844538142600284,1.091785742121024
sunsched_no_ceiling,0,cct_region,2014,2.0,pvgis,365,1.2648912659894127,85.70875921763201,0.39,1861,0.7128067484662576,0.7248366013071894,0.832348199892531,0.4546034421584648,0.9900990099009901,0.13953488372093023,0.0,0.0,0.10693175711982805,0.0,0.893068242880172,1.0218072720759448,3.6666666666666665,4.412499999999985,0.500191717791411,0.6087039877300612,0.7935199386503067,0.9851013723765966,0.9999976851851852,0.9356735159817352,22.297233232776282,1.0,177.53007928133889,81.41905261071481,71.60524885782417,2.7643835616438355,0.0,1664,0.9464788732394366,0.02319287605528643,0.0001627727898723927,0.9930306885948008,1.4105122987962495,7.018610055141702,0.2538106182880978,1.4247835285669117,1.2110659992818749
sunsched_no_ceiling,105,cct_region,2011,2.0,pvgis,365,1.058529353339236,71.725720549728,0.36,2169,0.2537835249042146,0.49763220205209163,0.25633932687874594,0.15161495974927694,0.8773448773448773,0.6777777777777778,0.0,0.0,0.43245735361917936,0.0,0.5675426463808206,0.704049485169817,0.9166666666666666,3.166666666666667,0.07260536398467432,0.2796455938697318,0.43668582375478926,0.9809857229038653,0.9999976851851852,0.9136130136986301,19.639202912676332,1.0,144.92740176838876,72.43944333275468,49.33957182932874,0.7205479452054795,0.0,1233,0.9464788732394366,0.01935064484484028,0.00013585381285381287,0.9930283107683805,1.3759392690721337,8.412193216879738,0.22437362187555232,1.1887506316348275,1.0104380368896033
sunsched_no_ceiling,0,cct_region,2015,2.0,pvgis,365,1.2648912659894127,85.70875921763201,0.41,1861,0.7128067484662576,0.7248366013071894,0.832348199892531,0.4546034421584648,0.9900990099009901,0.13953488372093023,0.0,0.0,0.10693175711982805,0.0,0.893068242880172,1.0034927458355722,3.5,4.324999999999969,0.500191717791411,0.6087039877300612,0.7935199386503067,0.9823722101446936,0.9999976851851852,0.9069063926940639,21.709066091403,1.0,168.98709280214536,81.53273682124086,63.10259015330431,2.789041095890411,0.0,1664,0.9436619718309859,0.022141039473695008,0.00016459893741375598,0.9926207475266979,1.4225857928175618,7.34900247227858,0.24593427306416182,1.3607288931690167,1.156619559193664
sunsched_no_ceiling,105,cct_region,2012,2.0,pvgis,365,1.058529353339236,71.725720549728,0.36,2169,0.2537835249042146,0.49763220205209163,0.25633932687874594,0.15161495974927694,0.8773448773448773,0.6777777777777778,0.0,0.0,0.43245735361917936,0.0,0.5675426463808206,0.7130782234516674,0.9166666666666666,3.166666666666667,0.07260536398467432,0.2796455938697318,0.43668582375478926,0.9748359036310417,0.9999976851851852,0.9034817351598173,20.729461989872192,1.0,137.0803479595446,72.42681175380719,42.03398456928008,0.7178082191780822,0.0,1233,0.9408450704225352,0.020514625922514153,0.0001473634411722979,0.9928678967654833,1.420922574100118,7.933611277386869,0.23343766003252764,1.2604600415075726,1.0713910352814369
sunsched_no_ceiling,105,cct_region,2013,2.0,pvgis,365,1.058529353339236,71.725720549728,0.36,2169,0.2537835249042146,0.49763220205209163,0.25633932687874594,0.15161495974927694,0.8773448773448773,0.6777777777777778,0.0,0.0,0.43245735361917936,0.0,0.5675426463808206,0.704510527124635,0.9166666666666666,3.166666666666667,0.07260536398467432,0.2796455938697318,0.43668582375478926,0.9783624200089606,0.9999976851851852,0.8839897260273972,20.64649507784094,1.0,145.26516387880858,72.45207491170213,49.64764623237304,0.7232876712328767,0.0,1233,0.9464788732394366,0.020857840932581983,0.0001438585140097719,0.9931501489022062,1.3815482696828387,7.805282246127596,0.2360373314204246,1.281183650336445,1.0890061027859783
sunsched_no_ceiling,105,cct_region,2014,2.0,pvgis,365,1.058529353339236,71.725720549728,0.35,2169,0.2537835249042146,0.49763220205209163,0.25633932687874594,0.15161495974927694,0.8773448773448773,0.6777777777777778,0.0,0.0,0.43245735361917936,0.0,0.5675426463808206,0.7065852159213155,0.9166666666666666,3.166666666666667,0.07260536398467432,0.2796455938697318,0.43668582375478926,0.9818963415844921,0.9999976851851852,0.9214516742770168,22.297233232776282,1.0,148.56676227655393,72.4520749117022,53.0243586771719,0.7232876712328767,0.0,1233,0.9436619718309859,0.023140168471025523,0.00016008838313826283,0.9931293296833483,1.3690214363581446,7.035295484294067,0.25339717463620803,1.4214044061581326,1.2081937452344127
sunsched_no_ceiling,100,cct_region,2011,2.0,pvgis,365,1.2210563483151788,82.73851465568,0.44,4890,0.2476782805525586,0.3298704400262703,0.2519427402862986,0.15502277983326715,0.922913569760034,0.6243093922651933,0.0,0.0,0.6725971370143149,0.0,0.32740286298568505,0.678050443081118,0.9166666666666666,11.416666666666666,0.13079900996382557,0.2012227369846206,0.4851177254553531,0.9848825886868552,0.9999976851851852,0.9339516742770168,19.639202912676332,1.0,167.17960953643777,78.96478540265063,63.96144163034166,1.4164383561643836,0.0,1605,0.9436619718309859,0.01940146668223017,0.0001413400056490883,0.9927676710972764,1.520211139274815,8.387955448111688,0.22481023887413498,1.1921856359229017,1.0133577905344664
sunsched_no_ceiling,100,cct_region,2012,2.0,pvgis,365,1.2210563483151788,82.73851465568,0.44,4890,0.2476782805525586,0.3298704400262703,0.2519427402862986,0.15502277983326715,0.922913569760034,0.6243093922651933,0.0,0.0,0.6725971370143149,0.0,0.32740286298568505,0.6814246762099523,0.9166666666666666,11.416666666666666,0.13079900996382557,0.2012227369846206,0.4851177254553531,0.9800542755418338,0.9999976851851852,0.91912100456621,20.729461989872192,1.0,158.12771613486893,78.96478540265069,55.43786729894208,1.4164383561643836,0.0,1605,0.9436619718309859,0.02058349015349325,0.000152227656706655,0.9926586743656506,1.5616616528074008,7.905402327010644,0.23400262624141344,1.2649577575365996,1.0752140939061097
sunsched_no_ceiling,100,cct_region,2013,2.0,pvgis,365,1.2210563483151788,82.73851465568,0.45,4890,0.2476782805525586,0.3298704400262703,0.2519427402862986,0.15502277983326715,0.922913569760034,0.6243093922651933,0.0,0.0,0.6725971370143149,0.0,0.32740286298568505,0.6778800272665303,0.9166666666666666,11.416666666666666,0.13079900996382557,0.2012227369846206,0.4851177254553531,0.9829094064231273,0.9999976851851852,0.9244292237442923,20.64649507784094,1.0,167.56923176831125,78.96478540265059,64.33144815252034,1.4164383561643836,0.0,1605,0.9464788732394366,0.02091416131482699,0.00015104650623941796,0.9928295743615516,1.521170767425848,7.781750515893645,0.23652235766042884,1.2850579030483882,1.09229921759113
sunsched_no_ceiling,100,cct_region,2014,2.0,pvgis,365,1.2210563483151788,82.73851465568,0.45,4890,0.2476782805525586,0.3298704400262703,0.2519427402862986,0.15502277983326715,0.922913569760034,0.6243093922651933,0.0,0.0,0.6725971370143149,0.0,0.32740286298568505,0.6754089979550102,0.9166666666666666,11.416666666666666,0.13079900996382557,0.2012227369846206,0.4851177254553531,0.9861601408135062,0.9999976851851852,0.9477644596651446,22.297233232776282,1.0,171.37775882562494,78.97741698159804,68.13778431773764,1.4191780821917808,0.0,1605,0.9436619718309859,0.02320914589593855,0.00016725682535034123,0.9928450571568045,1.5177614967241544,7.012378841322091,0.2539654654391259,1.4260495940511155,1.2121421549434481
sunsched_no_ceiling,105,cct_region,2015,2.0,pvgis,365,1.058529353339236,71.725720549728,0.36,2169,0.2537835249042146,0.49763220205209163,0.25633932687874594,0.15161495974927694,0.8773448773448773,0.6777777777777778,0.0,0.0,0.43245735361917936,0.0,0.5675426463808206,0.7144229291532196,0.9166666666666666,3.166666666666667,0.07260536398467432,0.2796455938697318,0.43668582375478926,0.9787363295768595,0.9999976851851852,0.8939022070015221,21.709066091403,1.0,141.41752961398848,72.43944333275465,46.00513778818177,0.7205479452054795,0.0,1233,0.9408450704225352,0.022076436990281875,0.00016067199984686086,0.9927746003350443,1.384251748819412,7.371650330164676,0.2454173390819726,1.3565483374978,1.15306608687313
sunsched_no_ceiling,100,cct_region,2015,2.0,pvgis,365,1.2210563483151788,82.73851465568,0.47,4890,0.2476782805525586,0.3298704400262703,0.2519427402862986,0.15502277983326715,0.922913569760034,0.6243093922651933,0.0,0.0,0.6725971370143149,0.0,0.32740286298568505,0.6800443081117927,0.9166666666666666,11.416666666666666,0.13079900996382557,0.2012227369846206,0.4851177254553531,0.9834515138383262,0.9999976851851852,0.9089136225266362,21.709066091403,1.0,163.13083029155143,78.97741698159808,60.102425313771896,1.4191780821917808,0.0,1605,0.9436619718309859,0.02215417637961664,0.00016910975908435044,0.9924245132175602,1.5218150945191629,7.343192700684042,0.2460673367878129,1.3618054717627754,1.157534650998359
sunsched_no_ceiling,130,cct_region,2011,2.0,pvgis,365,1.0106128730967532,68.47891018896,0.35,1455,0.3410664309913095,0.877370417193426,0.33127147766323023,0.2082410602606199,0.985894580549369,0.8055555555555556,0.0,0.0,0.29759450171821306,0.0,0.7024054982817869,0.8781786941580756,0.9166666666666666,0.9166666666666666,0.13661805862424511,0.29496243923994697,0.36964206805125943,0.979822890248582,0.9999976851851852,0.9108447488584475,19.639202912676332,1.0,138.36696869062587,71.0043503365135,44.54235083819594,0.5780821917808219,0.0,1026,0.9436619718309859,0.019336165158961072,0.00013383459914970635,0.9931261119254019,1.359117682149214,8.419321718825556,0.22424564150083115,1.187744135924876,1.0095825155361446
sunsched_no_ceiling,130,cct_region,2012,2.0,pvgis,365,1.0106128730967532,68.47891018896,0.35,1455,0.3410664309913095,0.877370417193426,0.33127147766323023,0.2082410602606199,0.985894580549369,0.8055555555555556,0.0,0.0,0.29759450171821306,0.0,0.7024054982817869,0.8686712485681557,0.9166666666666666,0.9166666666666666,0.13661805862424511,0.29496243923994697,0.36964206805125943,0.9731214098159205,0.9999976851851852,0.8833618721461187,20.729461989872192,1.0,130.87512770380468,71.00435033651348,37.73392656071644,0.5780821917808219,0.0,1026,0.9436619718309859,0.020487844759608066,0.00014750182321899107,0.9928519822709572,1.3989643200315731,7.943854549329922,0.23323339929895215,1.2588347304072325,1.0700095208461475
sunsched_no_ceiling,130,cct_region,2013,2.0,pvgis,365,1.0106128730967532,68.47891018896,0.35,1455,0.3410664309913095,0.877370417193426,0.33127147766323023,0.2082410602606199,0.985894580549369,0.8055555555555556,0.0,0.0,0.29759450171821306,0.0,0.7024054982817869,0.87737686139748,0.9166666666666666,0.9166666666666666,0.13661805862424511,0.29496243923994697,0.36964206805125943,0.9766988546350027,0.9999976851851852,0.8798420852359209,20.64649507784094,1.0,138.68944131338083,71.00435033651348,44.84853941280417,0.5780821917808219,0.0,1026,0.9464788732394366,0.020836207394792017,0.00014393744857365913,0.9931393491490039,1.3613788856396694,7.813301245192611,0.23587264455023982,1.279868737449849,1.0878884268323716
sunsched_no_ceiling,130,cct_region,2014,2.0,pvgis,365,1.0106128730967532,68.47891018896,0.35,1455,0.3410664309913095,0.877370417193426,0.33127147766323023,0.2082410602606199,0.985894580549369,0.8055555555555556,0.0,0.0,0.29759450171821306,0.0,0.7024054982817869,0.8756586483390608,0.9166666666666666,0.9166666666666666,0.13661805862424511,0.29496243923994697,0.36964206805125943,0.9803333277544952,0.9999976851851852,0.9087899543378996,22.297233232776282,1.0,141.84158615663088,71.00435033651347,48.045670967891674,0.5780821917808219,0.0,1026,0.9380281690140845,0.023116405801675063,0.00015922002408083833,0.9931593665720192,1.35302924784671,7.0427404640436455,0.2532132560326057,1.4199018196190096,1.2069165466761582
sunsched_no_ceiling,130,cct_region,2015,2.0,pvgis,365,1.0106128730967532,68.47891018896,0.36,1455,0.3410664309913095,0.877370417193426,0.33127147766323023,0.2082410602606199,0.985894580549369,0.8055555555555556,0.0,0.0,0.29759450171821306,0.0,0.7024054982817869,0.8703321878579612,0.9166666666666666,0.9166666666666666,0.13661805862424511,0.29496243923994697,0.36964206805125943,0.9774252913367736,0.9999976851851852,0.8903538812785388,21.709066091403,1.0,135.01597802515954,71.00435033651345,41.358856723606564,0.5780821917808219,0.0,1026,0.9408450704225352,0.02205548420089747,0.00015933843618772084,0.9928273820236709,1.3620679429323943,7.379045716770076,0.24524915138539605,1.3551887850854998,1.1519104673226748
sunsched_no_ceiling,28,cct_region,2011,2.0,pvgis,365,1.03062096349991,69.834654076896,0.38,1333,0.22436590436590437,0.36995153473344117,0.2280570142535634,0.15562078916716449,0.9006734006734006,0.7379310344827587,0.0,0.0,0.5093773443360841,0.0,0.490622655663916,1.5804576144036009,10.016666666666632,19.333333333333332,0.1862785862785863,0.19176715176715176,0.2892307692307692,0.9811224006676984,0.9999976851851852,0.9127283105022831,19.639202912676332,1.0,141.10635475236165,71.1237741259774,47.025303121620745,0.6602739726027397,0.0,659,0.9492957746478873,0.01935155901423946,0.00013376081544567934,0.9931353030581566,1.354607420592095,8.412702139959649,0.22436447852066532,1.1886787186367642,1.0103769108412495
sunsched_no_ceiling,28,cct_region,2012,2.0,pvgis,365,1.03062096349991,69.834654076896,0.39,1333,0.22436590436590437,0.36995153473344117,0.2280570142535634,0.15562078916716449,0.9006734006734006,0.7379310344827587,0.0,0.0,0.5093773443360841,0.0,0.490622655663916,1.5871467866966744,10.016666666666632,19.333333333333332,0.1862785862785863,0.19176715176715176,0.2892307692307692,0.974839822481215,0.9999976851851852,0.9025875190258752,20.729461989872192,1.0,133.46619047010245,71.12377412597743,39.87328319245406,0.6602739726027397,0.0,659,0.9436619718309859,0.02051211531674895,0.00014777776886504924,0.992847118411859,1.4000744196387591,7.934416269711235,0.23342159058585166,1.2603321605615658,1.071282336477331
sunsched_no_ceiling,28,cct_region,2014,2.0,pvgis,365,1.03062096349991,69.834654076896,0.39,1333,0.22436590436590437,0.36995153473344117,0.2280570142535634,0.15562078916716449,0.9006734006734006,0.7379310344827587,0.0,0.0,0.5093773443360841,0.0,0.490622655663916,1.5749562390597651,10.016666666666632,19.333333333333332,0.1862785862785863,0.19176715176715176,0.2892307692307692,0.9820165392704231,0.9999976851851852,0.9186738964992389,22.297233232776282,1.0,144.64976261499436,71.12377412597742,50.57030896621217,0.6602739726027397,0.0,659,0.9436619718309859,0.023142342159248454,0.00015803274702970817,0.9932175877999659,1.3466023632399673,7.035259839738539,0.2533980560161091,1.4214116077867058,1.2081998666187
sunsched_no_ceiling,28,cct_region,2013,2.0,pvgis,365,1.03062096349991,69.834654076896,0.4,1333,0.22436590436590437,0.36995153473344117,0.2280570142535634,0.15562078916716449,0.9006734006734006,0.7379310344827587,0.0,0.0,0.5093773443360841,0.0,0.490622655663916,1.581582895723931,10.016666666666632,19.333333333333332,0.1862785862785863,0.19176715176715176,0.2892307692307692,0.9785039069239396,0.9999976851851852,0.88382800608828,20.64649507784094,1.0,141.43521168068102,71.12377412597739,47.33755361058289,0.6602739726027397,0.0,659,0.9436619718309859,0.020860176039008933,0.00014336267400438327,0.993174356190009,1.3573657196592879,7.804598742564588,0.23605138260004255,1.2812958525929297,1.0891014747039904
sunsched_no_ceiling,40,cct_region,2011,2.0,pvgis,365,0.9853790484979228,66.769071679648,0.36,1079,0.2171288243118797,0.7519788918205808,0.22335495829471733,0.1643744845884526,0.9668737060041408,0.7168141592920354,0.0,0.0,0.5004633920296571,0.0,0.4995366079703429,1.2183348779734322,0.9249999999999924,12.0,0.15880487056175177,0.08216514887956615,0.23636549677683413,0.980311305555668,0.9999976851851852,0.9109779299847793,19.639202912676332,1.0,134.9121068823523,69.21812433906,43.04650942988106,0.2876712328767123,0.0,544,0.9436619718309859,0.0193418527845539,0.0001324465045509349,0.9931989078228333,1.3203836545585035,8.41746290305295,0.22427899458291178,1.1880064236900973,1.0098054601365827
sunsched_no_ceiling,40,cct_region,2012,2.0,pvgis,365,0.9853790484979228,66.769071679648,0.36,1079,0.2171288243118797,0.7519788918205808,0.22335495829471733,0.1643744845884526,0.9668737060041408,0.7168141592920354,0.0,0.0,0.5004633920296571,0.0,0.4995366079703429,1.2186438059932034,0.9249999999999924,12.0,0.15880487056175177,0.08216514887956615,0.23636549677683413,0.9736725409898255,0.9999976851851852,0.8936834094368341,20.729461989872192,1.0,127.6073284260185,69.21812433906,36.21467301017079,0.2876712328767123,0.0,544,0.9464788732394366,0.020491541988463494,0.0001446216355465462,0.9929918351985598,1.3628904525895311,7.943540030777118,0.23323966407226504,1.2588845730310618,1.0700518870764026
sunsched_no_ceiling,28,cct_region,2015,2.0,pvgis,365,1.03062096349991,69.834654076896,0.37,1333,0.22436590436590437,0.36995153473344117,0.2280570142535634,0.15562078916716449,0.9006734006734006,0.7379310344827587,0.0,0.0,0.5093773443360841,0.0,0.490622655663916,1.581270317579395,10.016666666666632,19.333333333333332,0.1862785862785863,0.19176715176715176,0.2892307692307692,0.9789229087197208,0.9999976851851852,0.8944349315068493,21.709066091403,1.0,137.68902125081976,71.12377412597739,43.77878226381547,0.6602739726027397,0.0,659,0.9408450704225352,0.02207875659637759,0.0001614429529764462,0.992740939548758,1.3590083555322798,7.3706259453841785,0.24544065954564442,1.356736873380809,1.1532263423736877
sunsched_no_ceiling,40,cct_region,2013,2.0,pvgis,365,0.9853790484979228,66.769071679648,0.36,1079,0.2171288243118797,0.7519788918205808,0.22335495829471733,0.1643744845884526,0.9668737060041408,0.7168141592920354,0.0,0.0,0.5004633920296571,0.0,0.4995366079703429,1.2173308619091752,0.9249999999999924,12.0,0.15880487056175177,0.08216514887956615,0.23636549677683413,0.9777342203854982,0.9999976851851852,0.8811643835616438,20.64649507784094,1.0,135.2265277398714,69.21812433906001,43.34505283293846,0.2876712328767123,0.0,544,0.9436619718309859,0.020849015068908655,0.00014123572395229674,0.9932713655808089,1.3209816817886535,7.809539459373351,0.2359498629729747,1.280485238857147,1.088412453028575
sunsched_no_ceiling,40,cct_region,2014,2.0,pvgis,365,0.9853790484979228,66.769071679648,0.37,1079,0.2171288243118797,0.7519788918205808,0.22335495829471733,0.1643744845884526,0.9668737060041408,0.7168141592920354,0.0,0.0,0.5004633920296571,0.0,0.4995366079703429,1.2203429101019463,0.9249999999999924,12.0,0.15880487056175177,0.08216514887956615,0.23636549677683413,0.9810465493913147,0.9999976851851852,0.9133276255707763,22.297233232776282,1.0,138.2999672032459,69.21812433906001,46.43758953965786,0.2876712328767123,0.0,544,0.9436619718309859,0.023126544989538995,0.00015685259366048928,0.9932633288118712,1.3141252715372524,7.040389670074292,0.2532712922317225,1.4203759264214812,1.207319537458259
sunsched_no_ceiling,40,cct_region,2015,2.0,pvgis,365,0.9853790484979228,66.769071679648,0.36,1079,0.2171288243118797,0.7519788918205808,0.22335495829471733,0.1643744845884526,0.9668737060041408,0.7168141592920354,0.0,0.0,0.5004633920296571,0.0,0.4995366079703429,1.2201112140871178,0.9249999999999924,12.0,0.15880487056175177,0.08216514887956615,0.23636549677683413,0.9780473881412199,0.9999976851851852,0.8917142313546423,21.709066091403,1.0,131.64478654499794,69.21812433906,39.94250344990586,0.2876712328767123,0.0,544,0.9436619718309859,0.02206442198784308,0.00015764036771950525,0.9929061324193411,1.3234685026013422,7.376641699862622,0.2453037912441327,1.3556304354847861,1.1522858701620682
sunsched_no_ceiling,7,cct_region,2011,2.0,pvgis,365,1.0371329234694004,70.275903079136,0.38,1853,0.3238508136358238,nan,0.30545062061521855,0.16835835075157612,0.9825825825825826,0.8776595744680851,0.0,0.0,0.5709660010793308,0.0,0.4290339989206692,1.0595430832883612,2.25,15.916666666666666,0.4600308825276162,0.19622282931464546,0.18612661836322605,0.9817436577037807,0.9999976851851852,0.9156868340943684,19.639202912676332,1.0,141.99793270985566,71.3410608126135,47.655002252765044,0.5972602739726027,0.0,799,0.9464788732394366,0.019359550702722887,0.00013337356725004462,0.9931578471550575,1.3430384563543487,8.409420236731778,0.2244234590181805,1.1891426184555123,1.0107712256871855
sunsched_no_ceiling,46,cct_region,2011,2.0,pvgis,365,1.299774515109069,88.072440650112,0.45,6276,0.18886280368512787,nan,0.18483110261312938,0.11508450248650402,0.909009009009009,0.849862258953168,0.0,0.0,0.5291586998087954,0.0,0.47084130019120457,0.7011631612492033,1.6666666666666667,8.5,0.21456265784512504,0.11135417778252053,0.1368583929143101,0.9856802372233713,0.9999976851851852,0.9382229832572299,19.639202912676332,1.0,177.95722222088847,82.7705347227419,70.4032322906828,1.8767123287671232,0.0,2957,0.9436619718309859,0.019412336707305296,0.00014437565730572564,0.9926175905942667,1.5678833854474528,8.381991245400759,0.22491802676193473,1.1930339351627277,1.0140788448883187
sunsched_no_ceiling,46,cct_region,2012,2.0,pvgis,365,1.299774515109069,88.072440650112,0.45,6276,0.18886280368512787,nan,0.18483110261312938,0.11508450248650402,0.909009009009009,0.849862258953168,0.0,0.0,0.5291586998087954,0.0,0.47084130019120457,0.7050138092203102,1.6666666666666667,8.549999999999955,0.21456265784512504,0.11135417778252053,0.1368583929143101,0.9819600067978554,0.9999976851851852,0.9237157534246575,20.729461989872192,1.0,168.32177798190958,82.72000840695166,61.386481047894094,1.8657534246575342,0.0,2957,0.9408450704225352,0.0206079715776888,0.00015560626491549742,0.9925058067499227,1.6091406828836594,7.894795062373026,0.2342160036330979,1.2666573256170361,1.0766587267744807
sunsched_no_ceiling,46,cct_region,2013,2.0,pvgis,365,1.299774515109069,88.072440650112,0.45,6276,0.18886280368512787,nan,0.18483110261312938,0.11508450248650402,0.909009009009009,0.849862258953168,0.0,0.0,0.5291586998087954,0.0,0.47084130019120457,0.7038586148289782,1.6666666666666667,8.5,0.21456265784512504,0.11135417778252053,0.1368583929143101,0.9844942174185574,0.9999976851851852,0.9373287671232877,20.64649507784094,1.0,178.37196233358222,82.70737682800427,70.85943078292632,1.8630136986301369,0.0,2957,0.9464788732394366,0.02093243642032014,0.00015604756009188217,0.9926003424315931,1.5626401105030945,7.773161502801761,0.23670004525281563,1.2864778374147503,1.093506161802538
sunsched_no_ceiling,7,cct_region,2012,2.0,pvgis,365,1.0371329234694004,70.275903079136,0.38,1853,0.3238508136358238,nan,0.30545062061521855,0.16835835075157612,0.9825825825825826,0.8776595744680851,0.0,0.0,0.5709660010793308,0.0,0.4290339989206692,1.0626461593811838,2.25,15.833333333333334,0.4600308825276162,0.19622282931464546,0.18612661836322605,0.9756529814004514,0.9999976851851852,0.9054794520547945,20.729461989872192,1.0,134.3094941873784,71.34106081261366,40.50211693245797,0.5972602739726027,0.0,799,0.9408450704225352,0.02052381487003453,0.00014531695603691867,0.9929693730119027,1.3882881482158758,7.930869724398444,0.2334924095040708,1.2608957589148269,1.0717613950776028
sunsched_no_ceiling,7,cct_region,2015,2.0,pvgis,365,1.0371329234694004,70.275903079136,0.38,1853,0.3238508136358238,nan,0.30545062061521855,0.16835835075157612,0.9825825825825826,0.8776595744680851,0.0,0.0,0.5709660010793308,0.0,0.4290339989206692,1.063320741140493,2.25,15.916666666666666,0.4600308825276162,0.19622282931464546,0.18612661836322605,0.979678279868948,0.9999976851851852,0.89595700152207,21.709066091403,1.0,138.55900684822407,71.34106081261346,44.38796831147402,0.5972602739726027,0.0,799,0.9436619718309859,0.022090372609573142,0.00015913873979090504,0.992847540006965,1.3476401290424083,7.36754121270514,0.24551091933110947,1.3573049286450207,1.1537091893482676
sunsched_no_ceiling,7,cct_region,2013,2.0,pvgis,365,1.0371329234694004,70.275903079136,0.39,1853,0.3238508136358238,nan,0.30545062061521855,0.16835835075157612,0.9825825825825826,0.8776595744680851,0.0,0.0,0.5709660010793308,0.0,0.4290339989206692,1.0617467170354382,2.25,15.133333333333288,0.4600308825276162,0.19622282931464546,0.18612661836322605,0.97914667059193,0.9999976851851852,0.8906678082191781,20.64649507784094,1.0,142.3288675147464,71.34106081261346,47.969225690808436,0.5972602739726027,0.0,799,0.9436619718309859,0.020867987893554395,0.00014218760362956766,0.9932324409356492,1.3452855057114053,7.8021333925060015,0.23610208253851683,1.281700721703254,1.089445613447766
sunsched_no_ceiling,46,cct_region,2014,2.0,pvgis,365,1.299774515109069,88.072440650112,0.47,6276,0.18886280368512787,nan,0.18483110261312938,0.11508450248650402,0.909009009009009,0.849862258953168,0.0,0.0,0.5291586998087954,0.0,0.47084130019120457,0.7007913745485448,1.6666666666666667,8.5,0.21456265784512504,0.11135417778252053,0.1368583929143101,0.987412418546857,0.9999976851851852,0.954480593607306,22.297233232776282,1.0,182.42601472521153,82.77053472274176,74.89004198370198,1.8767123287671232,0.0,2957,0.9408450704225352,0.023227865857176483,0.00016747318701867286,0.9928416003417473,1.5580765653294617,7.006702981278794,0.2541067235726131,1.4272047818665918,1.213124064586603
sunsched_no_ceiling,7,cct_region,2014,2.0,pvgis,365,1.0371329234694004,70.275903079136,0.4,1853,0.3238508136358238,nan,0.30545062061521855,0.16835835075157612,0.9825825825825826,0.8776595744680851,0.0,0.0,0.5709660010793308,0.0,0.4290339989206692,1.0446123403489838,2.25,15.133333333333288,0.4600308825276162,0.19622282931464546,0.18612661836322605,0.9826687688721388,0.9999976851851852,0.924923896499239,22.297233232776282,1.0,145.5637295311605,71.34106081261352,51.290928178365675,0.5972602739726027,0.0,799,0.9408450704225352,0.023152483494299787,0.00015658152681932187,0.993282376333952,1.3374292028017087,7.032636945345828,0.2534629337634302,1.4219417378879426,1.2086504772047513
sunsched_no_ceiling,46,cct_region,2015,2.0,pvgis,365,1.299774515109069,88.072440650112,0.45,6276,0.18886280368512787,nan,0.18483110261312938,0.11508450248650402,0.909009009009009,0.849862258953168,0.0,0.0,0.5291586998087954,0.0,0.47084130019120457,0.7021722965795625,1.6666666666666667,8.5,0.21456265784512504,0.11135417778252053,0.1368583929143101,0.9845203639736487,0.9999976851851852,0.9311548706240487,21.709066091403,1.0,173.64742923953168,82.7705347227417,66.3086093598962,1.8767123287671232,0.0,2957,0.9436619718309859,0.0221740202537905,0.0001713681032790062,0.9923309409288119,1.5663027110315966,7.335929419061942,0.24623395421763816,1.3631537912586293,1.1586807225698348
sunsched_no_ceiling,78,cct_region,2011,2.0,pvgis,365,1.074248607789109,72.79085383900801,0.41,2359,0.14780705753624512,0.4593582887700535,0.15345485375158965,0.12467898410343949,0.9126436781609195,0.7717391304347826,0.0,0.0,0.5260703688003391,0.0,0.47392963119966086,1.147202204323866,3.533333333333303,9.608333333333311,0.10864411416066382,0.24491656788547456,0.19389988146256956,0.9816682507535349,0.9999976851851852,0.9140315829528158,19.639202912676332,1.0,147.07958649332792,73.10384518680708,50.72370620940907,0.8876712328767123,0.0,1132,0.9464788732394366,0.019358680709909957,0.0001351712875383268,0.9930659529191039,1.3633869364282427,8.409020025926523,0.22443065422147124,1.1891992133647202,1.0108193313600122
sunsched_no_ceiling,78,cct_region,2012,2.0,pvgis,365,1.074248607789109,72.79085383900801,0.41,2359,0.14780705753624512,0.4593582887700535,0.15345485375158965,0.12467898410343949,0.9126436781609195,0.7717391304347826,0.0,0.0,0.5260703688003391,0.0,0.47392963119966086,1.1190829447506008,3.5,8.833333333333334,0.10864411416066382,0.24491656788547456,0.19389988146256956,0.975115663975094,0.9999976851851852,0.9052416286149163,20.729461989872192,1.0,139.11600324190164,73.10384518680706,43.38564033211845,0.8876712328767123,0.0,1132,0.9436619718309859,0.02051476453151095,0.00014639347748570585,0.9929145560272101,1.4068790143333056,7.933930506586878,0.2334312871540728,1.2604093257053155,1.0713479268495183
sunsched_no_ceiling,78,cct_region,2013,2.0,pvgis,365,1.074248607789109,72.79085383900801,0.41,2359,0.14780705753624512,0.4593582887700535,0.15345485375158965,0.12467898410343949,0.9126436781609195,0.7717391304347826,0.0,0.0,0.5260703688003391,0.0,0.47392963119966086,1.1331779002402147,3.8583333333333107,8.933333333333243,0.10864411416066382,0.24491656788547456,0.19389988146256956,0.9790599152478394,0.9999976851851852,0.8907439117199392,20.64649507784094,1.0,147.42236440093876,73.11647676575456,51.03654778507301,0.8904109589041096,0.0,1132,0.9436619718309859,0.020867087153003113,0.0001426535656501682,0.993210122506485,1.3654340930746565,7.8022948509522525,0.2360987612671549,1.2816741985570466,1.0894230687734896
sunsched_no_ceiling,78,cct_region,2015,2.0,pvgis,365,1.074248607789109,72.79085383900801,0.4,2359,0.14780705753624512,0.4593582887700535,0.15345485375158965,0.12467898410343949,0.9126436781609195,0.7717391304347826,0.0,0.0,0.5260703688003391,0.0,0.47392963119966086,1.1140666949272289,3.5,8.833333333333334,0.10864411416066382,0.24491656788547456,0.19389988146256956,0.9795240024670708,0.9999976851851852,0.8955194063926941,21.709066091403,1.0,143.517592427232,73.10384518680704,47.33975552805436,0.8876712328767123,0.0,1132,0.9408450704225352,0.02208908091410538,0.0001589192864328565,0.9928569181499283,1.3690208328885018,7.368041637514217,0.24549951779207912,1.357212742811499,1.153630831389774
sunsched_no_ceiling,78,cct_region,2014,2.0,pvgis,365,1.074248607789109,72.79085383900801,0.42,2359,0.14780705753624512,0.4593582887700535,0.15345485375158965,0.12467898410343949,0.9126436781609195,0.7717391304347826,0.0,0.0,0.5260703688003391,0.0,0.47392963119966086,1.1430337713720502,4.10833333333331,9.512499999999989,0.10864411416066382,0.24491656788547456,0.19389988146256956,0.9826322880652787,0.9999976851851852,0.9233732876712328,22.297233232776282,1.0,150.77299182668625,73.11647676575453,54.389109905218255,0.8904109589041096,0.0,1132,0.9436619718309859,0.023152491194285692,0.00015982988536842238,0.9931439737458012,1.3569214929503632,7.031654688904213,0.2534872410515605,1.4221403698591408,1.2088193143802697
sunsched_no_conformal,0,cct_region,2012,0.5,pvgis,365,0.3162228164973532,85.70875921763201,0.34,1861,0.2975460122699386,-0.6908496732026146,0.3315421816227834,0.2661510902549467,0.41144114411441146,0.06976744186046512,0.5937667920472864,0.0,0.05373455131649651,0.0,0.3524986566362171,0.4412054451012001,0.8333333333333334,5.875,0.500191717791411,0.6087039877300612,0.7935199386503067,0.18691674437915431,0.6826316115364675,0.0,20.729461989872192,0.31588850837138505,40.951092741508575,73.1599769765609,3.3640058986137555,1.273972602739726,0.25565068493150683,660,0.6873239436619718,0.008804002305470805,6.452809229949181e-05,0.992723925001631,0.613413427803194,18.483805599877492,0.13748540323086123,0.5410141296912514,0.45986201023756373
sunsched_no_conformal,0,cct_region,2013,0.5,pvgis,365,0.3162228164973532,85.70875921763201,0.34,1861,0.29467024539877296,-0.7006535947712421,0.32993014508328855,0.2635009346661718,0.41089108910891087,0.06976744186046512,0.5943041375604514,0.0,0.055346587855991405,0.0,0.35034927458355725,0.4999552212072363,0.8333333333333334,5.574999999999989,0.500191717791411,0.6087039877300612,0.7935199386503067,0.1872685005114762,0.6834071113235495,0.0,20.64649507784094,0.31588850837138505,43.39620730950464,73.14471477226863,3.753539520080147,1.2712328767123289,0.2306697108066971,659,0.6535211267605634,0.008830679523946665,7.016200490375305e-05,0.9921173739947694,0.6363000608904097,18.416707150403777,0.13776409421865754,0.5429852317427307,0.46153744698132104
sunsched_no_conformal,0,cct_region,2011,0.5,pvgis,365,0.3162228164973532,85.70875921763201,0.35,1861,0.29342407975460116,-0.704901960784314,0.32885545405695865,0.2627163530157782,0.40594059405940597,0.06976744186046512,0.599677592692101,0.0,0.053197205803331545,0.0,0.34712520150456744,0.44487730610782733,0.8333333333333334,5.625,0.500191717791411,0.6087039877300612,0.7935199386503067,0.18557637338744415,0.6792555828812734,0.0,19.639202912676332,0.31588850837138505,43.29530497219543,73.06754387525045,3.521134177421154,1.2575342465753425,0.2268169710806697,651,0.6676056338028169,0.008217366990577865,6.726126364626292e-05,0.9918811971301225,0.641761661802715,19.7865476637904,0.13243314664465056,0.5053938751680319,0.42958479389282717
sunsched_no_conformal,0,cct_region,2014,0.5,pvgis,365,0.3162228164973532,85.70875921763201,0.35,1861,0.3030099693251534,-0.6722222222222223,0.33799032778076304,0.26912276732461266,0.41804180418041803,0.06976744186046512,0.5873186458893068,0.0,0.054809242342826435,0.0,0.35787211176786676,0.46829661472326706,0.8333333333333334,5.791666666666666,0.500191717791411,0.6087039877300612,0.7935199386503067,0.1933720281096583,0.6863860509987523,0.0,22.297233232776282,0.31588850837138505,44.38251982033472,73.28829536716582,3.5840178924677604,1.2986301369863014,0.21588660578386606,671,0.7126760563380281,0.010011364399315166,8.145979727264133e-05,0.9919289392457484,0.6456156804507294,16.241657303850594,0.14798169385018745,0.6157007140908697,0.5233456069772392
sunsched_no_conformal,0,cct_region,2015,0.5,pvgis,365,0.3162228164973532,85.70875921763201,0.35,1861,0.28604294478527603,-0.7300653594771244,0.32133261687264913,0.20341370348811516,0.3965896589658966,0.06976744186046512,0.6088124664159055,0.0,0.05051047823750672,0.0,0.3406770553465879,0.31775031345154936,0.75,4.6958333333333355,0.500191717791411,0.6087039877300612,0.7935199386503067,0.18478034666458512,0.6828849072885744,0.0,21.709066091403,0.31588850837138505,42.24677320053634,72.98452110699206,3.769184902203853,1.2438356164383562,0.24680365296803652,635,0.6563380281690141,0.009520125302539168,6.73902064121258e-05,0.9929710459034765,0.6179451918250007,17.097671620551132,0.1436652359780708,0.5848749596980303,0.4971437157433257
sunsched_no_conformal,105,cct_region,2011,0.5,pvgis,365,0.264632338334809,71.725720549728,0.38,2169,0.24046934865900385,0.4610628781899501,0.24020285846011988,0.14866297675077228,0.8042328042328042,0.5222222222222223,0.08483171968649147,0.0,0.3739050253573075,0.0,0.541263254956201,0.5131396957123098,0.9166666666666666,2.5291666666666592,0.07260536398467432,0.2796455938697318,0.43668582375478926,0.18832115604337463,0.713259096182012,0.0,19.639202912676332,0.31588850837138505,36.23185044209719,72.17899222180762,2.5565790441658227,0.7123287671232876,0.29887747336377474,1176,0.6788732394366197,0.008240516007514022,8.218292402482542e-06,0.9990036904931504,0.40201360208664944,19.872647835274513,0.13212157453181905,0.5032042072546425,0.4277235761664462
sunsched_no_conformal,105,cct_region,2012,0.5,pvgis,365,0.264632338334809,71.725720549728,0.39,2169,0.24046934865900385,0.4610628781899501,0.24020285846011988,0.14866297675077228,0.8042328042328042,0.5222222222222223,0.08483171968649147,0.0,0.3739050253573075,0.0,0.541263254956201,0.503765175964346,0.9166666666666666,2.3333333333333335,0.07260536398467432,0.2796455938697318,0.43668582375478926,0.18805048535200658,0.7155416124457585,0.0,20.729461989872192,0.31588850837138505,34.27008698988615,72.1789922218076,2.5457199385537352,0.7123287671232876,0.3246194824961948,1176,0.7154929577464788,0.00880634795218966,7.976885618929425e-06,0.9990950088899933,0.39999007066276804,18.597475682521488,0.1370176611091164,0.5377073840939781,0.4570512764798814
sunsched_no_conformal,100,cct_region,2011,0.5,pvgis,365,0.3052640870787947,82.73851465568,0.43,4890,0.14048782551670155,0.027344916114394935,0.14151329243353783,0.10331223751507555,0.5374814185602038,0.2983425414364641,0.43803680981595094,0.0,0.3656441717791411,0.0,0.19631901840490798,0.38892297205180637,0.8333333333333334,11.337499999999997,0.13079900996382557,0.2012227369846206,0.4851177254553531,0.18102383887985968,0.7121633711330833,0.0,19.639202912676332,0.31588850837138505,41.79490238410944,73.77159247455873,3.370106148697203,0.8164383561643835,0.25611681887366816,963,0.6901408450704225,0.008180778372137336,6.041316974521451e-05,0.9926693646861392,0.6052904578212365,19.890836294231413,0.1320560858997355,0.5027440702882927,0.4273324597450488
sunsched_no_conformal,105,cct_region,2013,0.5,pvgis,365,0.264632338334809,71.725720549728,0.38,2169,0.24046934865900385,0.4610628781899501,0.24020285846011988,0.14866297675077228,0.8042328042328042,0.5222222222222223,0.08483171968649147,0.0,0.3739050253573075,0.0,0.541263254956201,0.5020746887966805,0.9166666666666666,2.3333333333333335,0.07260536398467432,0.2796455938697318,0.43668582375478926,0.1889449333336149,0.7166970177468596,0.0,20.64649507784094,0.31588850837138505,36.316290969702145,72.17899222180762,2.8434328094608956,0.7123287671232876,0.303824200913242,1176,0.6816901408450704,0.008836155618990947,9.383520470595379e-06,0.9989391804928278,0.40419095989259535,18.53184856734114,0.13728704230696598,0.5396115753731713,0.4586698390671956
sunsched_no_conformal,105,cct_region,2014,0.5,pvgis,365,0.264632338334809,71.725720549728,0.38,2169,0.241044061302682,0.46264141015522237,0.24158598432457354,0.14948159781473824,0.8056758056758057,0.5888888888888889,0.07976025818349469,0.0,0.3785154449054864,0.0,0.5417242969110189,0.5447210696173351,0.9166666666666666,2.3333333333333335,0.07260536398467432,0.2796455938697318,0.43668582375478926,0.1930089326788324,0.7194181139405882,0.0,22.297233232776282,0.31588850837138505,37.14169056913848,72.21007463279302,2.734885886796752,0.7178082191780822,0.2909341704718417,1179,0.7070422535211267,0.01000410965150416,9.876097729938268e-06,0.9990137695441904,0.40203560223657137,16.369525175480486,0.1473096826186331,0.6108912685493625,0.5192575782669582
sunsched_no_conformal,100,cct_region,2012,0.5,pvgis,365,0.3052640870787947,82.73851465568,0.44,4890,0.14050898013581262,0.02740462117141321,0.14171779141104293,0.10347205158808288,0.5374814185602038,0.2983425414364641,0.4378323108384458,0.0,0.365439672801636,0.0,0.1967280163599182,0.3796864349011588,0.8333333333333334,11.416666666666666,0.13079900996382557,0.2012227369846206,0.4851177254553531,0.18192027382629822,0.7154877241773875,0.0,20.729461989872192,0.31588850837138505,39.53192903371723,73.78576622135198,3.2406913532172075,0.8191780821917808,0.2835426179604262,963,0.7070422535211267,0.008755359839258474,6.208688606713788e-05,0.9929586321300008,0.5939606266473427,18.59089109755148,0.1370446070446507,0.5378978311220947,0.45721315645378047
sunsched_no_conformal,100,cct_region,2013,0.5,pvgis,365,0.3052640870787947,82.73851465568,0.43,4890,0.14050898013581262,0.02740462117141321,0.14171779141104293,0.10347205158808288,0.5374814185602038,0.2983425414364641,0.4378323108384458,0.0,0.365439672801636,0.0,0.1967280163599182,0.3793796864349011,0.8333333333333334,11.416666666666666,0.13079900996382557,0.2012227369846206,0.4851177254553531,0.1825377202401841,0.7161113475261958,0.0,20.64649507784094,0.31588850837138505,41.892307942077814,73.78576622135199,3.6144255859903587,0.8191780821917808,0.2607115677321157,963,0.6704225352112676,0.008776405834526154,6.546942755296465e-05,0.9925955268975861,0.6108569354933197,18.539527755161355,0.1372554272883807,0.5393880648991195,0.45847985516425155
sunsched_no_conformal,100,cct_region,2015,0.5,pvgis,365,0.3052640870787947,82.73851465568,0.43,4890,0.14023397008736857,0.026628455430175016,0.1408997955010225,0.10191455783577101,0.5370566999362922,0.30939226519337015,0.43844580777096115,0.0,0.3693251533742331,0.0,0.19222903885480572,0.582651670074983,0.8333333333333334,11.416666666666666,0.13079900996382557,0.2012227369846206,0.4851177254553531,0.18110239618241125,0.7157388136543893,0.0,21.709066091403,0.31588850837138505,40.78270757288786,73.69512679466426,3.628163488138758,0.8027397260273973,0.2764935312024353,963,0.6647887323943662,0.009489621924934608,6.149940274434458e-05,0.9935610280055682,0.5866653978066687,17.162821642097818,0.1433534997171132,0.5826547760346996,0.4952565596294946
sunsched_no_conformal,105,cct_region,2015,0.5,pvgis,365,0.264632338334809,71.725720549728,0.39,2169,0.24046934865900385,0.4610628781899501,0.24020285846011988,0.14897078744719397,0.8027898027898028,0.5222222222222223,0.08621484555094514,0.0,0.3739050253573075,0.0,0.5398801290917473,0.5006915629322268,0.9166666666666666,2.3333333333333335,0.07260536398467432,0.2796455938697318,0.43668582375478926,0.18733081621878436,0.7160892654213435,0.0,21.709066091403,0.31588850837138505,35.35438240349712,72.17590366767664,2.9232793350352493,0.7123287671232876,0.3207572298325723,1173,0.6676056338028169,0.00956491437530334,8.969711887735332e-06,0.9990631062789097,0.40099650103326123,17.12201550970363,0.14354848873267856,0.5840433910559572,0.49643688239756356
sunsched_no_conformal,100,cct_region,2014,0.5,pvgis,365,0.3052640870787947,82.73851465568,0.45,4890,0.1463899642486937,0.044002627022508865,0.1488752556237219,0.11158606973266727,0.5527712890210236,0.30939226519337015,0.41840490797546015,0.0,0.37975460122699384,0.0,0.201840490797546,0.5196148602590321,0.8333333333333334,11.39166666666666,0.13079900996382557,0.2012227369846206,0.4851177254553531,0.18742957913742517,0.7189976745355355,0.0,22.297233232776282,0.31588850837138505,42.844439706406234,73.9545060019822,3.460632431521286,0.8383561643835616,0.24589992389649923,1002,0.7014084507042253,0.009948554730082446,7.364936127295988e-05,0.9926513808138785,0.6116520472995145,16.35610194471915,0.14737975983086438,0.6113926187179747,0.5196837259102786
sunsched_no_conformal,130,cct_region,2011,0.5,pvgis,365,0.2526532182741883,68.47891018896,0.35,1455,0.16224775371925174,0.10998735777496835,0.15945017182130583,0.12646406255541137,0.5486265775798069,0.5462962962962963,0.4309278350515464,0.0,0.21168384879725086,0.0,0.35738831615120276,0.5091638029782359,0.6666666666666666,0.9166666666666666,0.13661805862424511,0.29496243923994697,0.36964206805125943,0.20983306454568607,0.7197994573224321,0.0,19.639202912676332,0.31588850837138505,34.59174217265647,68.781029011564,2.510679652337649,0.2958904109589041,0.27081430745814306,524,0.6788732394366197,0.008436417190632867,7.5469656897023185e-06,0.9991062295445615,0.39999007066276804,19.413179496534124,0.13381483407604533,0.5151139720201589,0.437846876217135
sunsched_no_conformal,130,cct_region,2012,0.5,pvgis,365,0.2526532182741883,68.47891018896,0.35,1455,0.16224775371925174,0.10998735777496835,0.15945017182130583,0.12646406255541137,0.5486265775798069,0.5462962962962963,0.4309278350515464,0.0,0.21030927835051547,0.0,0.35876288659793815,0.4443298969072164,0.6666666666666666,0.9166666666666666,0.13661805862424511,0.29496243923994697,0.36964206805125943,0.20910226191827996,0.7218121282839898,0.0,20.729461989872192,0.31588850837138505,32.71878192595117,68.79472799537889,2.5798299135252365,0.29863013698630136,0.29644216133942164,524,0.6929577464788732,0.009011616708033236,8.153456188735799e-06,0.9990960461253128,0.39999007066276804,18.17387681109834,0.1387890906428747,0.5502403314351315,0.4677042817198617
sunsched_no_conformal,130,cct_region,2013,0.5,pvgis,365,0.2526532182741883,68.47891018896,0.36,1455,0.16224775371925174,0.10998735777496835,0.15945017182130583,0.12646406255541137,0.5486265775798069,0.5462962962962963,0.4309278350515464,0.0,0.21030927835051547,0.0,0.35876288659793815,0.4438717067583046,0.6666666666666666,0.9166666666666666,0.13661805862424511,0.29496243923994697,0.36964206805125943,0.20992801757122642,0.7231069145123138,0.0,20.64649507784094,0.31588850837138505,34.672360328345206,68.80735957432634,2.8266454265165595,0.3013698630136986,0.27566590563165905,524,0.6929577464788732,0.00905552611714248,8.112297345534553e-06,0.9991049623810492,0.39999007066276804,18.085914765417098,0.13916685959557773,0.5529164617717571,0.4699789925059935
sunsched_no_conformal,130,cct_region,2015,0.5,pvgis,365,0.2526532182741883,68.47891018896,0.35,1455,0.16151126822801593,0.10682680151706701,0.15876288659793814,0.12627819850490762,0.5419450631031922,0.5462962962962963,0.43711340206185567,0.0,0.20824742268041238,0.0,0.354639175257732,0.4896907216494845,0.6666666666666666,0.9166666666666666,0.13661805862424511,0.29496243923994697,0.36964206805125943,0.207333663293679,0.7224129423190759,0.0,21.709066091403,0.31588850837138505,33.753994506289885,68.75432659818154,2.8648006549347937,0.29315068493150687,0.2903443683409437,520,0.676056338028169,0.009769047887759966,8.725452476597172e-06,0.9991076237735343,0.39999007066276804,16.76498177293854,0.14529303831109674,0.5964814119954284,0.5070092001961141
sunsched_no_conformal,130,cct_region,2014,0.5,pvgis,365,0.2526532182741883,68.47891018896,0.4,1455,0.16224775371925174,0.10998735777496835,0.15945017182130583,0.12636279278833185,0.5530809205642168,0.5462962962962963,0.4268041237113402,0.0,0.21305841924398625,0.0,0.36013745704467354,0.44381443298969064,0.6666666666666666,0.9166666666666666,0.13661805862424511,0.29496243923994697,0.36964206805125943,0.2145929556509528,0.7257612471161605,0.0,22.297233232776282,0.31588850837138505,35.46039653915772,68.82394924127459,2.792727727534504,0.3041095890410959,0.264925799086758,526,0.7352112676056338,0.01024982884988427,9.16494548782993e-06,0.9991066428471802,0.39999007066276804,15.978583777186577,0.1493963651567599,0.6258376924666815,0.5319620385966793
sunsched_no_conformal,40,cct_region,2012,0.5,pvgis,365,0.2463447621244807,66.769071679648,0.33,1079,0.16146526143456463,0.03430079155672837,0.1696014828544949,0.14445370881904537,0.6614906832298136,0.30973451327433627,0.3262279888785913,0.0,0.32344763670064874,0.0,0.35032437442076,0.7160951498300896,0.8333333333333334,12.049999999999992,0.15880487056175177,0.08216514887956615,0.23636549677683413,0.21524875043077155,0.7261411317924702,0.0,20.729461989872192,0.31588850837138505,31.901832106504624,68.37381852095054,2.5092964705288594,0.20821917808219179,0.30105593607305936,379,0.6816901408450704,0.009069219543024384,8.205742857777321e-06,0.9990960274968564,0.39999007066276804,18.05844572292284,0.13928554965658502,0.5537575134335235,0.470693886418495
sunsched_no_conformal,40,cct_region,2011,0.5,pvgis,365,0.2463447621244807,66.769071679648,0.34,1079,0.16146526143456463,0.03430079155672837,0.1696014828544949,0.14445370881904537,0.6614906832298136,0.30973451327433627,0.3262279888785913,0.0,0.32344763670064874,0.0,0.35032437442076,0.7129286376274329,0.8333333333333334,12.049999999999992,0.15880487056175177,0.08216514887956615,0.23636549677683413,0.2154311859912259,0.7242761511178433,0.0,19.639202912676332,0.31588850837138505,33.728026720588076,68.38645009989798,2.511113827061972,0.21095890410958903,0.27741628614916286,379,0.6873239436619718,0.0084862482423059,7.591032628802435e-06,0.9991062895843575,0.39999007066276804,19.299186919245134,0.13424685922668878,0.5181565442028031,0.4404330625723826
sunsched_no_conformal,40,cct_region,2013,0.5,pvgis,365,0.2463447621244807,66.769071679648,0.35,1079,0.16146526143456463,0.03430079155672837,0.1696014828544949,0.14445370881904537,0.6614906832298136,0.30973451327433627,0.3262279888785913,0.0,0.32344763670064874,0.0,0.35032437442076,0.7129286376274329,0.8333333333333334,12.049999999999992,0.15880487056175177,0.08216514887956615,0.23636549677683413,0.21553441872213458,0.7275085586281839,0.0,20.64649507784094,0.31588850837138505,33.80663193496785,68.38645009989798,2.8318073855653276,0.21095890410958903,0.2819159056316591,379,0.6873239436619718,0.009111658137217848,8.159735533948818e-06,0.9991052742886096,0.39999007066276804,17.974502793390567,0.139650399842848,0.556343622682966,0.4728920792805211
sunsched_no_conformal,40,cct_region,2014,0.5,pvgis,365,0.2463447621244807,66.769071679648,0.34,1079,0.16146526143456463,0.03430079155672837,0.1696014828544949,0.14445370881904537,0.6614906832298136,0.30973451327433627,0.3262279888785913,0.0,0.32344763670064874,0.0,0.35032437442076,0.7098393574297188,0.8333333333333334,12.049999999999992,0.15880487056175177,0.08216514887956615,0.23636549677683413,0.22017155253033807,0.7301355527511215,0.0,22.297233232776282,0.31588850837138505,34.574991800811475,68.38645009989798,2.7878828574795715,0.21095890410958903,0.27128995433789954,379,0.7295774647887324,0.01031236916491189,9.218272671243114e-06,0.9991068939029981,0.39999007066276804,15.881684171187363,0.14992863925363775,0.6296561430268242,0.5352077215728005
sunsched_no_conformal,40,cct_region,2015,0.5,pvgis,365,0.2463447621244807,66.769071679648,0.35,1079,0.16146526143456463,0.03430079155672837,0.1696014828544949,0.14445370881904537,0.6614906832298136,0.30973451327433627,0.3262279888785913,0.0,0.32344763670064874,0.0,0.35032437442076,0.7129286376274329,0.8333333333333334,12.049999999999992,0.15880487056175177,0.08216514887956615,0.23636549677683413,0.21318520022227447,0.7267744005262321,0.0,21.709066091403,0.31588850837138505,32.911196636249485,68.38645009989798,2.838280175811324,0.21095890410958903,0.29701293759512937,379,0.6563380281690141,0.009837613934845394,8.778713975949878e-06,0.9991084334853332,0.39999007066276804,16.64814695853235,0.14587936418176772,0.600667451152868,0.5105673334799378
sunsched_no_conformal,28,cct_region,2011,0.5,pvgis,365,0.2576552408749775,69.834654076896,0.42,1333,0.17313929313929313,-0.1276252019386109,0.17779444861215304,0.13372822051267202,0.6363636363636364,0.45517241379310347,0.2760690172543136,0.0,0.3675918979744936,0.0,0.3563390847711928,1.0278819704926232,2.5,19.333333333333332,0.1862785862785863,0.19176715176715176,0.2892307692307692,0.2071010361447177,0.7175055939818547,0.0,19.639202912676332,0.31588850837138505,35.27658868809041,69.841718087984,2.6490570393210673,0.4767123287671233,0.27903348554033486,478,0.6873239436619718,0.008407112172523958,7.525552858758646e-06,0.9991056593160205,0.39999007066276804,19.480837699585543,0.13356070035922285,0.5133249480443416,0.43632620583769033
sunsched_no_conformal,28,cct_region,2013,0.5,pvgis,365,0.2576552408749775,69.834654076896,0.4,1333,0.17313929313929313,-0.1276252019386109,0.17779444861215304,0.13372822051267202,0.6363636363636364,0.45517241379310347,0.2760690172543136,0.0,0.3675918979744936,0.0,0.3563390847711928,1.0278194548637158,2.5,19.333333333333332,0.1862785862785863,0.19176715176715176,0.2892307692307692,0.20743235493386347,0.7208769634351998,0.0,20.64649507784094,0.31588850837138505,35.358802920170255,69.84171808798402,2.9747400854271038,0.4767123287671233,0.28398021308980215,478,0.7014084507042253,0.009025768495203746,8.091269266730425e-06,0.9991043397310025,0.39999007066276804,18.14553204309109,0.1389104408148979,0.5510998507099437,0.46843487310345217
sunsched_no_conformal,28,cct_region,2012,0.5,pvgis,365,0.2576552408749775,69.834654076896,0.41,1333,0.17313929313929313,-0.1276252019386109,0.17779444861215304,0.13372822051267202,0.6363636363636364,0.45517241379310347,0.2760690172543136,0.0,0.3675918979744936,0.0,0.3563390847711928,1.0301950487621905,2.5,19.333333333333332,0.1862785862785863,0.19176715176715176,0.2892307692307692,0.20635248662416142,0.7196509693458233,0.0,20.729461989872192,0.31588850837138505,33.36654761752561,69.82908650903649,2.7400128908239947,0.473972602739726,0.30491818873668186,478,0.7014084507042253,0.008980018924133085,8.130172518247243e-06,0.9990954564248077,0.39999007066276804,18.237814044502528,0.1385166830065514,0.5483113258858084,0.46606462700293716
sunsched_no_conformal,28,cct_region,2014,0.5,pvgis,365,0.2576552408749775,69.834654076896,0.42,1333,0.1782120582120582,-0.07835218093699531,0.18304576144036008,0.13524618839476857,0.6439393939393939,0.4689655172413793,0.2670667666916729,0.0,0.3743435858964741,0.0,0.35858964741185295,1.2063015753938484,4.66666666666661,19.333333333333332,0.1862785862785863,0.19176715176715176,0.2892307692307692,0.211755423548495,0.723553272868453,0.0,22.297233232776282,0.31588850837138505,36.16244065374859,69.86939529839412,2.941393926101393,0.4794520547945205,0.27262176560121765,486,0.7323943661971831,0.010214196831855777,9.137939295395989e-06,0.9991061684372127,0.39999007066276804,16.034317128258543,0.14909298389460035,0.623662356183302,0.5301130027558068
sunsched_no_conformal,28,cct_region,2015,0.5,pvgis,365,0.2576552408749775,69.834654076896,0.43,1333,0.1748024948024948,-0.1114701130856222,0.17929482370592648,0.13427335606512045,0.6338383838383839,0.45517241379310347,0.27831957989497375,0.0,0.37209302325581395,0.0,0.3495873968492123,1.2399349837459364,5.016666666666633,19.333333333333332,0.1862785862785863,0.19176715176715176,0.2892307692307692,0.20514272388789193,0.7201986880057998,0.0,21.709066091403,0.31588850837138505,34.42225531270494,69.79753258240841,3.0156541986346057,0.4684931506849315,0.29892503805175036,475,0.6676056338028169,0.009751232842382837,8.705593495127483e-06,0.9991080278269866,0.39999007066276804,16.795617401273535,0.1451405794972762,0.5953934149060662,0.5060844026701563
sunsched_no_conformal,7,cct_region,2011,0.5,pvgis,365,0.2592832308673501,70.275903079136,0.33,1853,0.24284356811972924,nan,0.22504047490555856,0.13760630681507063,0.6708708708708708,0.3351063829787234,0.34916351861845657,0.0,0.39071775499190503,0.0,0.2601187263896384,0.503193020327397,0.75,11.870833333333303,0.4600308825276162,0.19622282931464546,0.18612661836322605,0.20578862541305404,0.7224777150245422,0.0,19.639202912676332,0.31588850837138505,35.499483177463915,69.64759819859405,2.6453265547959037,0.34794520547945207,0.2727834855403349,485,0.7154929577464788,0.00839878404203934,7.515288184529015e-06,0.9991059932689395,0.39999007066276804,19.50016117551513,0.13348842832261187,0.5128162741832226,0.43589383305573925
sunsched_no_conformal,7,cct_region,2012,0.5,pvgis,365,0.2592832308673501,70.275903079136,0.34,1853,0.24284356811972924,nan,0.22504047490555856,0.13760630681507063,0.6708708708708708,0.3351063829787234,0.34916351861845657,0.0,0.39071775499190503,0.0,0.2601187263896384,0.503193020327397,0.75,11.870833333333303,0.4600308825276162,0.19622282931464546,0.18612661836322605,0.20550217263498086,0.7246452957438082,0.0,20.729461989872192,0.31588850837138505,33.5773735468446,69.64759819859405,2.661038673432329,0.34794520547945207,0.2980974124809741,485,0.704225352112676,0.008974625286901997,8.122985968939966e-06,0.9990957126124227,0.39999007066276804,18.248779421333968,0.13847014748292075,0.5479818550663927,0.46578457680643387
sunsched_no_conformal,46,cct_region,2011,0.5,pvgis,365,0.32494362877726723,88.072440650112,0.46,6276,0.08499626507309785,nan,0.08460803059273422,0.07435511602404472,0.4320720720720721,0.37327823691460055,0.5205544933078394,0.0,0.25717017208413,0.0,0.2222753346080306,0.5942213724240493,0.8333333333333334,10.958333333333314,0.21456265784512504,0.11135417778252053,0.1368583929143101,0.1831501387071073,0.7076647430720958,0.0,19.639202912676332,0.31588850837138505,44.48930555522212,74.54246617056849,3.926609850397017,0.9780821917808219,0.23819444444444443,1426,0.6929577464788732,0.008197742067663044,7.027191508946279e-05,0.9915007503330239,0.6654395411886043,19.826308007091484,0.13228894344842634,0.5043803413335047,0.428723290133479
sunsched_no_conformal,46,cct_region,2012,0.5,pvgis,365,0.32494362877726723,88.072440650112,0.46,6276,0.08428485042507024,nan,0.08397068196303378,0.07395911654266007,0.4362162162162162,0.3760330578512397,0.5159337157425111,0.00015933715742511153,0.2582855321861058,0.0,0.22562141491395793,0.4920198640322923,0.8333333333333334,10.770833333333334,0.21456265784512504,0.11135417778252053,0.1368583929143101,0.1828486998505875,0.7113531179603987,0.0,20.729461989872192,0.31588850837138505,42.080444495477394,74.62987254822882,3.9595552224812347,0.989041095890411,0.2709189497716895,1434,0.6676056338028169,0.008760505877852907,6.746066556736822e-05,0.9923583007212857,0.632218344210495,18.56873732163921,0.13713540037754934,0.5385395800901566,0.45775864307663305
sunsched_no_conformal,7,cct_region,2013,0.5,pvgis,365,0.2592832308673501,70.275903079136,0.35,1853,0.24284356811972924,nan,0.22504047490555856,0.13760630681507063,0.6708708708708708,0.3351063829787234,0.34916351861845657,0.0,0.39071775499190503,0.0,0.2601187263896384,0.5029681597409607,0.75,11.870833333333303,0.4600308825276162,0.19622282931464546,0.18612661836322605,0.2064552705615869,0.7258613307922983,0.0,20.64649507784094,0.31588850837138505,35.5822168786866,69.64759819859405,2.9195469843563586,0.34794520547945207,0.2765315829528158,485,0.6873239436619718,0.0090173599217845,8.083051355963023e-06,0.9991044149987963,0.39999007066276804,18.16245388916926,0.13883795120695708,0.550586394383815,0.4679984352262427
sunsched_no_conformal,7,cct_region,2015,0.5,pvgis,365,0.2592832308673501,70.275903079136,0.34,1853,0.23512293621570263,nan,0.2180248246087426,0.10929051068220536,0.6408408408408408,0.3351063829787234,0.3766864543982731,0.0,0.3858607663248786,0.0,0.23745277927684835,0.5361575822989746,0.75,12.0,0.4600308825276162,0.19622282931464546,0.18612661836322605,0.2034105702142095,0.7252239296931762,0.0,21.709066091403,0.31588850837138505,34.63975171205602,69.49909610027078,3.06671151762362,0.3315068493150685,0.29208523592085234,446,0.6563380281690141,0.009733568848567542,8.689925009497407e-06,0.99910801743092,0.39999007066276804,16.82609707243516,0.14498942071111498,0.5943148881734549,0.5051676549474367
sunsched_no_conformal,46,cct_region,2013,0.5,pvgis,365,0.32494362877726723,88.072440650112,0.46,6276,0.08554761142531925,nan,0.08524537922243468,0.0745912876310561,0.43873873873873875,0.3760330578512397,0.5133843212237094,0.0,0.2595602294455067,0.0,0.22705544933078395,0.4539648396005948,0.8333333333333334,10.75,0.21456265784512504,0.11135417778252053,0.1368583929143101,0.1838423537186953,0.7118070334272047,0.0,20.64649507784094,0.31588850837138505,44.592990583395554,74.67019947234351,4.301705707588406,0.9945205479452055,0.246470700152207,1438,0.676056338028169,0.008789256105438074,7.258976907392902e-05,0.9918087303591334,0.6561849792890062,18.497748003095033,0.13742773619195914,0.5406063483147682,0.459515396067553
sunsched_no_conformal,7,cct_region,2014,0.5,pvgis,365,0.2592832308673501,70.275903079136,0.36,1853,0.25412756859484503,nan,0.23529411764705882,0.13986768227381197,0.6894894894894895,0.3351063829787234,0.3297355639503508,0.0,0.40582838640043173,0.0,0.26443604964921746,0.670399352401511,0.8333333333333334,12.0,0.4600308825276162,0.19622282931464546,0.18612661836322605,0.21098577970613458,0.7285442267079089,0.0,22.297233232776282,0.31588850837138505,36.390932382790126,69.70714875896935,2.87796328247541,0.3561643835616438,0.26575342465753427,499,0.6901408450704225,0.010206178529984665,9.13062794483804e-06,0.9991061819271764,0.39999007066276804,16.04691441978986,0.149024688286986,0.6231727632115678,0.5296968487298326
sunsched_no_conformal,46,cct_region,2014,0.5,pvgis,365,0.32494362877726723,88.072440650112,0.46,6276,0.09700138725856364,nan,0.09608030592734225,0.07959630737365796,0.4578378378378378,0.384297520661157,0.4926704907584449,0.0,0.2766093052899936,0.0,0.2307202039515615,0.6222115997450606,0.8333333333333334,11.466666666666622,0.21456265784512504,0.11135417778252053,0.1368583929143101,0.18823026588252603,0.7147778116179638,0.0,22.297233232776282,0.31588850837138505,45.60650368130288,74.92699381550784,4.198363680493203,1.0164383561643835,0.23286719939117198,1481,0.7014084507042253,0.0099540627516216,8.181454592236298e-05,0.9918477933222256,0.6617118551036525,16.333817858564977,0.14749633744825463,0.6122267363693108,0.5203927259139142
sunsched_no_conformal,46,cct_region,2015,0.5,pvgis,365,0.32494362877726723,88.072440650112,0.44,6276,0.08188382598797708,nan,0.08110261312938177,0.07198648805859646,0.4183783783783784,0.37052341597796146,0.5360101975780752,0.0,0.25111536010197577,0.0,0.212874442319949,0.7024776927979605,0.8333333333333334,11.708333333333332,0.21456265784512504,0.11135417778252053,0.1368583929143101,0.18245400216709606,0.7115427406203091,0.0,21.709066091403,0.31588850837138505,43.41185730988292,74.23328361281357,4.4024684532998455,0.9397260273972603,0.25950342465753423,1383,0.6901408450704225,0.009507081952042052,7.056949886137889e-05,0.9926318576925535,0.6352264512860806,17.115280574709985,0.14358075618296962,0.5842732145902579,0.4966322324017193
sunsched_no_conformal,78,cct_region,2011,0.5,pvgis,365,0.26856215194727723,72.79085383900801,0.39,2359,0.07449621592048875,-0.40053475935828864,0.07460788469690546,0.079186751783132,0.5595402298850575,0.32608695652173914,0.41543026706231456,0.0,0.29376854599406527,0.0,0.29080118694362017,0.6203546700579342,0.8333333333333334,9.208333333333334,0.10864411416066382,0.24491656788547456,0.19389988146256956,0.20015100342746936,0.7146010060883244,0.0,19.639202912676332,0.31588850837138505,36.76989662333198,70.53433380611824,2.890714858963762,0.5424657534246575,0.2718321917808219,692,0.6845070422535211,0.00834601751237783,8.876574734545413e-06,0.9989375598730523,0.4031048512017934,19.620140018512906,0.13304274145574901,0.5096803585787021,0.4332283047918968
sunsched_no_conformal,78,cct_region,2012,0.5,pvgis,365,0.26856215194727723,72.79085383900801,0.39,2359,0.07449621592048875,-0.40053475935828864,0.07460788469690546,0.079186751783132,0.5595402298850575,0.32608695652173914,0.41543026706231456,0.0,0.29376854599406527,0.0,0.29080118694362017,0.6203546700579342,0.8333333333333334,9.208333333333334,0.10864411416066382,0.24491656788547456,0.19389988146256956,0.20009163854127757,0.7169601051881594,0.0,20.729461989872192,0.31588850837138505,34.77900081047541,70.53433380611824,2.880992864445296,0.5424657534246575,0.2969939117199391,692,0.6732394366197183,0.008922138174216237,8.362237706565317e-06,0.9990636316756224,0.4009993746911311,18.355543840537855,0.13801982808663038,0.5447945365647624,0.463075356080048
sunsched_no_conformal,78,cct_region,2013,0.5,pvgis,365,0.26856215194727723,72.79085383900801,0.39,2359,0.07449621592048875,-0.40053475935828864,0.07460788469690546,0.079186751783132,0.5595402298850575,0.32608695652173914,0.41543026706231456,0.0,0.29376854599406527,0.0,0.29080118694362017,0.6203546700579342,0.8333333333333334,9.208333333333334,0.10864411416066382,0.24491656788547456,0.19389988146256956,0.20115874924330265,0.7180926393868209,0.0,20.64649507784094,0.31588850837138505,36.85559110023469,70.53433380611824,3.143143931463481,0.5424657534246575,0.2754090563165906,692,0.7070422535211267,0.008963126925682364,1.174003127466363e-05,0.9986918991299851,0.4112781577194528,18.264804661190173,0.13840223451531575,0.5475010647799821,0.46537590506298476
sunsched_no_conformal,78,cct_region,2014,0.5,pvgis,365,0.26856215194727723,72.79085383900801,0.39,2359,0.07449621592048875,-0.40053475935828864,0.07460788469690546,0.079186751783132,0.5595402298850575,0.32608695652173914,0.41543026706231456,0.0,0.29376854599406527,0.0,0.29080118694362017,0.6203546700579342,0.8333333333333334,9.208333333333334,0.10864411416066382,0.24491656788547456,0.19389988146256956,0.20542400060101024,0.7208217760623672,0.0,22.297233232776282,0.31588850837138505,37.69324795667156,70.53433380611824,3.137657884856666,0.5424657534246575,0.2634132420091324,692,0.7070422535211267,0.010144621365902159,1.1212672375419424e-05,0.9988959378094248,0.40516323089059486,16.140889188535006,0.14851840092915614,0.6195445544042936,0.5266128712436495
sunsched_no_conformal,78,cct_region,2015,0.5,pvgis,365,0.26856215194727723,72.79085383900801,0.39,2359,0.06856934439682684,-0.47005347593582886,0.06909707503179313,0.07400398186150446,0.5443678160919541,0.27717391304347827,0.437049597286986,0.0,0.2793556591776176,0.0,0.2835947435353964,0.592906598841317,0.8333333333333334,9.333333333333334,0.10864411416066382,0.24491656788547456,0.19389988146256956,0.19795813233173215,0.7174859210034812,0.0,21.709066091403,0.31588850837138505,35.879398106808,70.4198269002164,3.3375037528307003,0.5287671232876713,0.2921613394216134,674,0.676056338028169,0.009669639014106701,8.640787930566437e-06,0.999107197962106,0.39999007066276804,16.93732720916836,0.14444218383996288,0.5904119272482905,0.501850138161047
sunsched_no_conformal,0,cct_region,2011,1.0,pvgis,365,0.6324456329947064,85.70875921763201,0.37,1861,0.7128067484662576,0.7248366013071894,0.832348199892531,0.4546034421584648,0.9900990099009901,0.13953488372093023,0.0,0.0,0.10693175711982805,0.0,0.893068242880172,0.9964624753716639,3.8333333333333335,4.412499999999985,0.500191717791411,0.6087039877300612,0.7935199386503067,0.3506633409171282,0.7005548257512418,0.0,19.639202912676332,0.31588850837138505,86.59060994439086,81.73484208440193,16.625192307635405,2.8328767123287673,0.0,1664,0.7126760563380281,0.009885972672034843,8.401339623829587e-05,0.9915733687426458,1.1831985685904158,16.44176739129416,0.1469344019993094,0.6082071204397985,0.5169760523738287
sunsched_no_conformal,0,cct_region,2012,1.0,pvgis,365,0.6324456329947064,85.70875921763201,0.37,1861,0.6673696319018404,0.5699346405228757,0.7684040838259001,0.4471238174880267,0.9130913091309131,0.13953488372093023,0.07576571735626007,0.0,0.1031703385276733,0.0,0.8210639441160666,1.5895128067347308,7.25,8.441666666666643,0.500191717791411,0.6087039877300612,0.7935199386503067,0.32910335998248214,0.7110285802392439,0.0,20.729461989872192,0.31588850837138505,81.90218548301715,80.66400543097262,16.018746348059622,2.6356164383561644,0.0,1536,0.7154929577464788,0.010390634094150085,8.889116700619824e-05,0.9915176341684404,1.167886949243267,15.642329947578505,0.15127020113459977,0.6392909517643847,0.5433973089997268
sunsched_no_conformal,0,cct_region,2013,1.0,pvgis,365,0.6324456329947064,85.70875921763201,0.37,1861,0.7128067484662576,0.7248366013071894,0.832348199892531,0.4546034421584648,0.9900990099009901,0.13953488372093023,0.0,0.0,0.10693175711982805,0.0,0.893068242880172,0.9964176965789002,3.8333333333333335,4.412499999999985,0.500191717791411,0.6087039877300612,0.7935199386503067,0.3530219733840714,0.7085204795752872,0.0,20.64649507784094,0.31588850837138505,86.79241461900928,81.74747366334942,16.64031193121842,2.835616438356164,0.0,1664,0.6929577464788732,0.010606467577006118,9.333941231839339e-05,0.9912765330803145,1.1780082845117674,15.32029428124657,0.15313778159887748,0.6527289761163992,0.5548196296989394
sunsched_no_conformal,0,cct_region,2014,1.0,pvgis,365,0.6324456329947064,85.70875921763201,0.37,1861,0.7128067484662576,0.7248366013071894,0.832348199892531,0.4546034421584648,0.9900990099009901,0.13953488372093023,0.0,0.0,0.10693175711982805,0.0,0.893068242880172,0.9943578721117678,3.8333333333333335,4.412499999999985,0.500191717791411,0.6087039877300612,0.7935199386503067,0.35860530196303214,0.7132342153988986,0.0,22.297233232776282,0.31588850837138505,88.76503964066944,81.78536840019167,18.442379943754414,2.8438356164383563,0.0,1664,0.7014084507042253,0.011947091626070907,9.952755419566006e-05,0.9917381339356444,1.1761169317897695,13.607485168744503,0.16446707092657809,0.7348896490417892,0.6246562016855208
sunsched_no_conformal,0,cct_region,2015,1.0,pvgis,365,0.6324456329947064,85.70875921763201,0.37,1861,0.7128067484662576,0.7248366013071894,0.832348199892531,0.4546034421584648,0.9900990099009901,0.13953488372093023,0.0,0.0,0.10693175711982805,0.0,0.893068242880172,1.0006716818914563,3.8333333333333335,4.412499999999985,0.500191717791411,0.6087039877300612,0.7935199386503067,0.3361725436720455,0.708970030765816,0.0,21.709066091403,0.31588850837138505,84.49354640107268,81.6843157686121,15.313563955062687,2.8219178082191783,0.0,1664,0.704225352112676,0.011206918547584021,9.445271053597829e-05,0.991642367250955,1.1757180506267282,14.504805486432574,0.15821697973983306,0.6894266875452929,0.586012684413499
sunsched_no_conformal,105,cct_region,2012,1.0,pvgis,365,0.529264676669618,71.725720549728,0.37,2169,0.24707854406130267,0.47921599579058144,0.24988473951129553,0.15032146641568567,0.862914862914863,0.6777777777777778,0.013831258644536652,0.0,0.4250806823420931,0.0,0.5610880590133702,0.6018134316889503,0.9166666666666666,3.9166666666666665,0.07260536398467432,0.2796455938697318,0.43668582375478926,0.31879944285884604,0.7393869193762277,0.0,20.729461989872192,0.31588850837138505,68.5401739797723,72.65743387249267,10.968108442179688,0.7780821917808219,0.0,1219,0.6563380281690141,0.010214370210267608,8.801782677355044e-05,0.9914565607064021,1.0650307699008204,15.911281077709178,0.14976540992982967,0.6284849064736494,0.5342121705026021
sunsched_no_conformal,105,cct_region,2011,1.0,pvgis,365,0.529264676669618,71.725720549728,0.37,2169,0.2537835249042146,0.49763220205209163,0.25633932687874594,0.15161495974927694,0.8773448773448773,0.6777777777777778,0.0,0.0,0.43245735361917936,0.0,0.5675426463808206,0.6060780697710157,0.9166666666666666,3.6666666666666665,0.07260536398467432,0.2796455938697318,0.43668582375478926,0.3422100256201457,0.7309912617289448,0.0,19.639202912676332,0.31588850837138505,72.46370088419438,72.74260122749392,10.910360655176488,0.7863013698630137,0.0,1233,0.6647887323943662,0.00974074166435704,7.928555866702548e-05,0.9919261365710746,1.0800292567101792,16.692844949009224,0.14565412957241286,0.5990590597676122,0.5092002008024704
sunsched_no_conformal,105,cct_region,2013,1.0,pvgis,365,0.529264676669618,71.725720549728,0.38,2169,0.2537835249042146,0.49763220205209163,0.25633932687874594,0.15161495974927694,0.8773448773448773,0.6777777777777778,0.0,0.0,0.43245735361917936,0.0,0.5675426463808206,0.6060780697710157,0.9166666666666666,3.6666666666666665,0.07260536398467432,0.2796455938697318,0.43668582375478926,0.3348151864077379,0.7374354438961267,0.0,20.64649507784094,0.31588850837138505,72.63258193940429,72.74260122749392,11.722677550469777,0.7863013698630137,0.0,1233,0.6591549295774648,0.01034782396406058,8.709239809512071e-05,0.9916537521650888,1.0716824590107776,15.709200355787617,0.15089149781224354,0.6365696390342223,0.5410841931790888
sunsched_no_conformal,100,cct_region,2012,1.0,pvgis,365,0.6105281741575894,82.73851465568,0.46,4890,0.2476782805525586,0.3298704400262703,0.2519427402862986,0.15502277983326715,0.922913569760034,0.6243093922651933,0.0,0.0,0.6725971370143149,0.0,0.32740286298568505,0.6574812542603954,0.9166666666666666,11.333333333333334,0.13079900996382557,0.2012227369846206,0.4851177254553531,0.3365320584156942,0.7423838306400017,0.0,20.729461989872192,0.31588850837138505,79.06385806743447,79.10373277107274,13.534432499649112,1.4465753424657535,0.0,1605,0.7211267605633802,0.010443177973536246,9.318575648293918e-05,0.9911557954081024,1.214426528467459,15.557947317436799,0.15175248087863225,0.6427583148319542,0.5463445676071611
sunsched_no_conformal,100,cct_region,2011,1.0,pvgis,365,0.6105281741575894,82.73851465568,0.47,4890,0.2476782805525586,0.3298704400262703,0.2519427402862986,0.15502277983326715,0.922913569760034,0.6243093922651933,0.0,0.0,0.6725971370143149,0.0,0.32740286298568505,0.6574471710974779,0.9166666666666666,11.333333333333334,0.13079900996382557,0.2012227369846206,0.4851177254553531,0.35310944546557466,0.7319379075714302,0.0,19.639202912676332,0.31588850837138505,83.58980476821888,79.10373277107274,14.558302498977275,1.4465753424657535,0.0,1605,0.6957746478873239,0.00989846885930936,8.571653365142977e-05,0.9914147694300766,1.2181205023116353,16.41838421235275,0.14705552855374482,0.6090733333232798,0.5177123333247879
sunsched_no_conformal,105,cct_region,2014,1.0,pvgis,365,0.529264676669618,71.725720549728,0.39,2169,0.2537835249042146,0.49763220205209163,0.25633932687874594,0.15161495974927694,0.8773448773448773,0.6777777777777778,0.0,0.0,0.43245735361917936,0.0,0.5675426463808206,0.6012371292454279,0.9166666666666666,3.6666666666666665,0.07260536398467432,0.2796455938697318,0.43668582375478926,0.3577619860586593,0.7413775685487412,0.0,22.297233232776282,0.31588850837138505,74.28338113827697,72.74260122749394,11.978126105218886,0.7863013698630137,0.0,1233,0.6366197183098592,0.011881706356194436,9.977155034206394e-05,0.9916728511190065,1.0781786386211059,13.681466769601226,0.16392261463538538,0.7309157832564374,0.6212784157679717
sunsched_no_conformal,105,cct_region,2015,1.0,pvgis,365,0.529264676669618,71.725720549728,0.37,2169,0.2537835249042146,0.49763220205209163,0.25633932687874594,0.15161495974927694,0.8773448773448773,0.6777777777777778,0.0,0.0,0.43245735361917936,0.0,0.5675426463808206,0.6033118180421084,0.9166666666666666,3.6666666666666665,0.07260536398467432,0.2796455938697318,0.43668582375478926,0.29932655163006033,0.738006495522243,0.0,21.709066091403,0.31588850837138505,70.70876480699424,72.74260122749394,12.11130539633208,0.7863013698630137,0.0,1233,0.6563380281690141,0.010765388412994336,8.655844768617655e-05,0.9920236941078471,1.0469651694456998,15.105510000507953,0.1544252399280439,0.6620100876874551,0.5627085745343368
sunsched_no_conformal,100,cct_region,2014,1.0,pvgis,365,0.6105281741575894,82.73851465568,0.46,4890,0.2476782805525586,0.3298704400262703,0.2519427402862986,0.15502277983326715,0.922913569760034,0.6243093922651933,0.0,0.0,0.6725971370143149,0.0,0.32740286298568505,0.6554192229038854,0.9166666666666666,11.333333333333334,0.13079900996382557,0.2012227369846206,0.4851177254553531,0.3612299364502182,0.7438208339230078,0.0,22.297233232776282,0.31588850837138505,85.68887941281247,79.10373277107276,16.490495497290425,1.4465753424657535,0.0,1605,0.7014084507042253,0.011968961841229104,0.00010392302579191276,0.9913920304105778,1.2152417846427999,13.577880815941107,0.1646865014032265,0.7364919559655806,0.6260181625707435
sunsched_no_conformal,100,cct_region,2015,1.0,pvgis,365,0.6105281741575894,82.73851465568,0.47,4890,0.2476782805525586,0.3298704400262703,0.2519427402862986,0.15502277983326715,0.922913569760034,0.6243093922651933,0.0,0.0,0.6725971370143149,0.0,0.32740286298568505,0.6568336741649625,0.9166666666666666,11.333333333333334,0.13079900996382557,0.2012227369846206,0.4851177254553531,0.3215311194079025,0.7402943423746252,0.0,21.709066091403,0.31588850837138505,81.56541514577572,79.10373277107277,14.234913525318277,1.4465753424657535,0.0,1605,0.7126760563380281,0.011009791575619767,9.254561379875061e-05,0.991664312457835,1.1968525977948532,14.7648363612325,0.1565398584010137,0.6772848513415726,0.5756921236403367
sunsched_no_conformal,100,cct_region,2013,1.0,pvgis,365,0.6105281741575894,82.73851465568,0.49,4890,0.2476782805525586,0.3298704400262703,0.2519427402862986,0.15502277983326715,0.922913569760034,0.6243093922651933,0.0,0.0,0.6725971370143149,0.0,0.32740286298568505,0.6573960463531017,0.9166666666666666,11.333333333333334,0.13079900996382557,0.2012227369846206,0.4851177254553531,0.3547149002458307,0.7395075504259773,0.0,20.64649507784094,0.31588850837138505,83.78461588415563,79.10373277107274,14.736420694748933,1.4465753424657535,0.0,1605,0.6845070422535211,0.010607050197271858,9.20785578338716e-05,0.9913938265496682,1.220547183884245,15.321265458251835,0.1531320377584393,0.652687601246027,0.5547844610591229
sunsched_no_conformal,130,cct_region,2012,1.0,pvgis,365,0.5053064365483766,68.47891018896,0.35,1455,0.2945205479452055,0.6776232616940581,0.2865979381443299,0.19220913981938112,0.8960653303637713,0.75,0.088659793814433,0.0,0.30034364261168384,0.0,0.6109965635738832,1.7881443298969073,0.9166666666666666,0.9166666666666666,0.13661805862424511,0.29496243923994697,0.36964206805125943,0.3234548079600764,0.7446320202752726,0.0,20.729461989872192,0.31588850837138505,65.43756385190234,70.55675506757338,11.877233905557489,0.5232876712328767,0.0039573820395738205,926,0.7070422535211267,0.010305347322662077,9.909021790376562e-05,0.9904761581279696,0.9991721968940086,15.755218981311257,0.1506326530656389,0.634710314839923,0.5395037676139346
sunsched_no_conformal,130,cct_region,2011,1.0,pvgis,365,0.5053064365483766,68.47891018896,0.37,1455,0.3410664309913095,0.877370417193426,0.33127147766323023,0.2082410602606199,0.985894580549369,0.8055555555555556,0.0,0.0,0.29759450171821306,0.0,0.7024054982817869,0.7767468499427261,0.8583333333333295,0.9166666666666666,0.13661805862424511,0.29496243923994697,0.36964206805125943,0.3373714595281584,0.7367703108644912,0.0,19.639202912676332,0.31588850837138505,69.18348434531293,71.06750823125071,12.248260562397212,0.5917808219178082,0.0,1026,0.7154929577464788,0.009728037124686471,9.487820990057637e-05,0.9903411353280727,1.015412419484012,16.68793695612991,0.14567880505299802,0.5992352455722061,0.5093499587363752
sunsched_no_conformal,130,cct_region,2013,1.0,pvgis,365,0.5053064365483766,68.47891018896,0.37,1455,0.3410664309913095,0.877370417193426,0.33127147766323023,0.2082410602606199,0.985894580549369,0.8055555555555556,0.0,0.0,0.29759450171821306,0.0,0.7024054982817869,0.7767468499427261,0.8583333333333295,0.9166666666666666,0.13661805862424511,0.29496243923994697,0.36964206805125943,0.34003392007585215,0.7429759474375878,0.0,20.64649507784094,0.31588850837138505,69.34472065669041,71.06750823125071,12.495566256479883,0.5917808219178082,0.0,1026,0.7154929577464788,0.01045349011401041,9.921364429100721e-05,0.9905982725789152,1.0162946646241657,15.533857064833963,0.15189107668291468,0.6437551187874849,0.5471918509693622
sunsched_no_conformal,130,cct_region,2014,1.0,pvgis,365,0.5053064365483766,68.47891018896,0.37,1455,0.3410664309913095,0.877370417193426,0.33127147766323023,0.2082410602606199,0.985894580549369,0.8055555555555556,0.0,0.0,0.29759450171821306,0.0,0.7024054982817869,0.7761168384879725,0.8583333333333295,0.9166666666666666,0.13661805862424511,0.29496243923994697,0.36964206805125943,0.3511082681749464,0.7467504685317174,0.0,22.297233232776282,0.31588850837138505,70.92079307831544,71.08013981019816,13.344333567970962,0.5945205479452055,0.0,1026,0.7154929577464788,0.011845793056681412,0.00011155382335557963,0.9906706876973,1.0118505081569706,13.709077228717417,0.16372083538104665,0.7294436987379618,0.6200271439272675
sunsched_no_conformal,130,cct_region,2015,1.0,pvgis,365,0.5053064365483766,68.47891018896,0.38,1455,0.312932685226101,0.7566371681415927,0.3037800687285223,0.19586455739761124,0.9116555308092057,0.8055555555555556,0.07010309278350516,0.0,0.2865979381443299,0.0,0.643298969072165,0.9878006872852234,0.9166666666666666,0.9166666666666666,0.13661805862424511,0.29496243923994697,0.36964206805125943,0.30993516071897065,0.7434306964970389,0.0,21.709066091403,0.31588850837138505,67.50798901257977,70.69533136658266,12.683603566211326,0.5424657534246575,0.0,948,0.6985915492957746,0.0109324099290165,9.257028314377315e-05,0.9916035873659284,0.9859537594612671,14.868434108225081,0.15588712249944148,0.6725657811180057,0.5716809139503048
sunsched_no_conformal,40,cct_region,2013,1.0,pvgis,365,0.4926895242489614,66.769071679648,0.35,1079,0.2171288243118797,0.7519788918205808,0.22335495829471733,0.1643744845884526,0.9668737060041408,0.7168141592920354,0.0,0.0,0.5004633920296571,0.0,0.4995366079703429,1.2788075378436823,2.033333333333303,12.333333333333334,0.15880487056175177,0.08216514887956615,0.23636549677683413,0.3376857792668453,0.7469848355026434,0.0,20.64649507784094,0.31588850837138505,67.6132638699357,69.24338749695498,12.557290492601235,0.29315068493150687,0.0,544,0.6929577464788732,0.010418644862071837,0.00010678459336114585,0.9898546093712095,0.9747435025188936,15.57410959078506,0.15165972388820792,0.6420912824394682,0.545777590073548
sunsched_no_conformal,40,cct_region,2011,1.0,pvgis,365,0.4926895242489614,66.769071679648,0.36,1079,0.2171288243118797,0.7519788918205808,0.22335495829471733,0.1643744845884526,0.9668737060041408,0.7168141592920354,0.0,0.0,0.5004633920296571,0.0,0.4995366079703429,1.2795026258881679,2.033333333333303,12.333333333333334,0.15880487056175177,0.08216514887956615,0.23636549677683413,0.3372104559010926,0.7409291132776282,0.0,19.639202912676332,0.31588850837138505,67.45605344117615,69.24338749695498,12.199175064140462,0.29315068493150687,0.0,544,0.7126760563380281,0.009716365505837583,0.00010169340375168355,0.9896422088430984,0.9777475330048899,16.696191511836027,0.14563731226247745,0.5989389851518498,0.5090981373790724
sunsched_no_conformal,40,cct_region,2012,1.0,pvgis,365,0.4926895242489614,66.769071679648,0.36,1079,0.2160032743272281,0.7374670184696573,0.22150139017608897,0.1655774470289242,0.9461697722567288,0.5752212389380531,0.03429101019462465,0.0,0.4819277108433735,0.0,0.48378127896200185,1.2124652455977758,0.9333333333333181,12.316666666666663,0.15880487056175177,0.08216514887956615,0.23636549677683413,0.32114722360916576,0.7484996812434042,0.0,20.729461989872192,0.31588850837138505,63.80366421300925,69.14060095696124,11.955969984519665,0.2821917808219178,0.00716324200913242,527,0.6535211267605634,0.010268286831563398,0.00010725289627106013,0.9896629091994769,0.9602684308366677,15.799100203841059,0.15038716209558645,0.6329474382071969,0.5380053224761174
sunsched_no_conformal,28,cct_region,2012,1.0,pvgis,365,0.515310481749955,69.834654076896,0.41,1333,0.22353430353430354,0.36187399030694684,0.22730682670667668,0.15723894946917524,0.8796296296296297,0.6758620689655173,0.02700675168792198,0.0,0.4943735933983496,0.0,0.47861965491372843,1.654288572143036,11.849999999999966,20.179166666666667,0.1862785862785863,0.19176715176715176,0.2892307692307692,0.3273060903859593,0.7428615564568252,0.0,20.729461989872192,0.31588850837138505,66.73309523505122,71.00692236718662,11.794135100573408,0.6465753424657534,0.0,646,0.7126760563380281,0.010323820148515656,0.00010237468063626811,0.9901810121224642,1.0227399638180699,15.722341133570023,0.15081743731730357,0.636037592305398,0.5406319534595884
sunsched_no_conformal,28,cct_region,2011,1.0,pvgis,365,0.515310481749955,69.834654076896,0.43,1333,0.22436590436590437,0.36995153473344117,0.2280570142535634,0.15562078916716449,0.9006734006734006,0.7379310344827587,0.0,0.0,0.5093773443360841,0.0,0.490622655663916,1.5917729432358088,11.699999999999989,20.195833333333336,0.1862785862785863,0.19176715176715176,0.2892307692307692,0.33940252838855584,0.7347283761258127,0.0,19.639202912676332,0.31588850837138505,70.55317737618083,71.14903728387266,12.30936322050289,0.6657534246575343,0.0,659,0.6732394366197183,0.009723361187901668,9.591289261555967e-05,0.9902321809301704,1.0276372764799633,16.694125297331116,0.14564769474691042,0.5990131152063832,0.5091611479254258
sunsched_no_conformal,40,cct_region,2014,1.0,pvgis,365,0.4926895242489614,66.769071679648,0.37,1079,0.2171288243118797,0.7519788918205808,0.22335495829471733,0.1643744845884526,0.9668737060041408,0.7168141592920354,0.0,0.0,0.5004633920296571,0.0,0.4995366079703429,1.2664504170528268,2.033333333333303,12.333333333333334,0.15880487056175177,0.08216514887956615,0.23636549677683413,0.35177783223031134,0.7506970763783652,0.0,22.297233232776282,0.31588850837138505,69.14998360162295,69.25601907590243,13.203589500616358,0.2958904109589041,0.0,544,0.6985915492957746,0.011844921095174496,0.00011972401702659747,0.9899935170743588,0.97249978564295,13.700714922319483,0.1637818670098593,0.7298889186949841,0.6204055808907365
sunsched_no_conformal,28,cct_region,2015,1.0,pvgis,365,0.515310481749955,69.834654076896,0.41,1333,0.22353430353430354,0.36187399030694684,0.22730682670667668,0.15676285633970452,0.8872053872053872,0.6758620689655173,0.020255063765941484,0.0,0.4988747186796699,0.0,0.4808702175543886,1.5902725681420353,11.699999999999989,20.166666666666668,0.1862785862785863,0.19176715176715176,0.2892307692307692,0.30626487986679046,0.7415461046729915,0.0,21.709066091403,0.31588850837138505,68.84451062540988,71.03050160445076,13.02733805555384,0.6493150684931507,0.0,647,0.6901408450704225,0.010874643739572714,9.488328992022221e-05,0.9913502843226407,0.9972340439943076,14.94359705648747,0.15541889886750804,0.6691829257841703,0.5688054869165448
sunsched_no_conformal,40,cct_region,2015,1.0,pvgis,365,0.4926895242489614,66.769071679648,0.38,1079,0.21702650158600229,0.7506596306068606,0.22242817423540315,0.16450621695486675,0.9668737060041408,0.6637168141592921,0.006487488415199258,0.0,0.5004633920296571,0.0,0.49304911955514363,1.3046030274945937,1.9249999999999925,12.149999999999997,0.15880487056175177,0.08216514887956615,0.23636549677683413,0.30941241761461596,0.7473990622871797,0.0,21.709066091403,0.31588850837138505,65.82239327249897,69.19832823907055,12.672440956108256,0.28493150684931506,0.0,539,0.6507042253521127,0.010930000349082248,0.00010128597064136349,0.9908182991805528,0.9510968902669104,14.85993446982686,0.15594035218429136,0.6729504776959164,0.572007906041529
sunsched_no_conformal,28,cct_region,2013,1.0,pvgis,365,0.515310481749955,69.834654076896,0.43,1333,0.22436590436590437,0.36995153473344117,0.2280570142535634,0.15562078916716449,0.9006734006734006,0.7379310344827587,0.0,0.0,0.5093773443360841,0.0,0.490622655663916,1.5913353338334584,11.699999999999989,20.195833333333336,0.1862785862785863,0.19176715176715176,0.2892307692307692,0.33748873058995854,0.741088696431382,0.0,20.64649507784094,0.31588850837138505,70.71760584034051,71.14903728387266,12.81648591486515,0.6657534246575343,0.0,659,0.6901408450704225,0.010399856679714978,0.00010189323854803784,0.9902974990510066,1.0233459874044308,15.609226377017304,0.15145881217105506,0.6406467404895728,0.5445497294161369
sunsched_no_conformal,28,cct_region,2014,1.0,pvgis,365,0.515310481749955,69.834654076896,0.44,1333,0.22436590436590437,0.36995153473344117,0.2280570142535634,0.15562078916716449,0.9006734006734006,0.7379310344827587,0.0,0.0,0.5093773443360841,0.0,0.490622655663916,1.587146786696674,11.699999999999989,20.195833333333336,0.1862785862785863,0.19176715176715176,0.2892307692307692,0.3562893408674581,0.7449138388882791,0.0,22.297233232776282,0.31588850837138505,72.32488130749718,71.16166886282014,13.258935304637198,0.6684931506849315,0.0,659,0.7211267605633802,0.011882946224106173,0.00011347017585851216,0.9905413273368164,1.0268375248149122,13.664429973393798,0.16404750318861938,0.7318270882481844,0.6220530250109568
sunsched_no_conformal,46,cct_region,2012,1.0,pvgis,365,0.6498872575545345,88.072440650112,0.48,6276,0.18886280368512787,nan,0.18483110261312938,0.11508450248650402,0.909009009009009,0.849862258953168,0.0,0.0,0.5291586998087954,0.0,0.47084130019120457,0.701136605056299,2.0208333333333335,8.883333333333288,0.21456265784512504,0.11135417778252053,0.1368583929143101,0.325300991686061,0.739693017261395,0.0,20.729461989872192,0.31588850837138505,84.16088899095479,82.6947452490566,14.576731842333103,1.8602739726027397,0.0,2957,0.6985915492957746,0.010260231351670698,9.979854640378785e-05,0.9903669634754301,1.2892525452715269,15.822752775979662,0.15025537455838822,0.6320012795233004,0.5372010875948053
sunsched_no_conformal,46,cct_region,2011,1.0,pvgis,365,0.6498872575545345,88.072440650112,0.5,6276,0.18886280368512787,nan,0.18483110261312938,0.11508450248650402,0.909009009009009,0.849862258953168,0.0,0.0,0.5291586998087954,0.0,0.47084130019120457,0.7016411727214786,2.0208333333333335,8.883333333333288,0.21456265784512504,0.11135417778252053,0.1368583929143101,0.34522283075161087,0.7285699932486228,0.0,19.639202912676332,0.31588850837138505,88.97861111044423,82.68211367010908,14.952248551955247,1.8575342465753424,0.0,2957,0.7211267605633802,0.009736080871542862,9.02718142253443e-05,0.9908132938932583,1.3045419593536667,16.682099357822416,0.14570817219824217,0.5994449370852651,0.5095281965224754
sunsched_no_conformal,7,cct_region,2012,1.0,pvgis,365,0.5185664617347002,70.275903079136,0.35,1853,0.32266302411212744,nan,0.3043712898003238,0.16915374409434658,0.9483483483483484,0.8617021276595744,0.032379924446842956,0.0,0.5547760388559093,0.0,0.41284403669724773,1.1642831444504407,2.25,15.833333333333334,0.4600308825276162,0.19622282931464546,0.18612661836322605,0.33179555173111325,0.7479193714316918,0.0,20.729461989872192,0.31588850837138505,67.1547470936892,71.27079553984973,11.59417473126844,0.5917808219178082,0.0,775,0.6901408450704225,0.010379410737566193,0.00010005075514014148,0.9904526816373364,1.015059142099333,15.642425132539586,0.15126965989889662,0.6392870616460784,0.5433940023991667
sunsched_no_conformal,7,cct_region,2011,1.0,pvgis,365,0.5185664617347002,70.275903079136,0.37,1853,0.3238508136358238,nan,0.30545062061521855,0.16835835075157612,0.9825825825825826,0.8776595744680851,0.0,0.0,0.5709660010793308,0.0,0.4290339989206692,1.0298165137614679,2.1999999999999886,15.833333333333334,0.4600308825276162,0.19622282931464546,0.18612661836322605,0.34542833539604034,0.7397528421106527,0.0,19.639202912676332,0.31588850837138505,70.99896635492783,71.40421870735113,12.031470290080795,0.6109589041095891,0.0,799,0.7239436619718309,0.009791896697662405,0.0001026894956303259,0.9896216482807602,1.0202696241604507,16.567058856904,0.14629091763798097,0.6036074409087219,0.5130663247724137
sunsched_no_conformal,46,cct_region,2013,1.0,pvgis,365,0.6498872575545345,88.072440650112,0.5,6276,0.18886280368512787,nan,0.18483110261312938,0.11508450248650402,0.909009009009009,0.849862258953168,0.0,0.0,0.5291586998087954,0.0,0.47084130019120457,0.701136605056299,2.0208333333333335,8.883333333333288,0.21456265784512504,0.11135417778252053,0.1368583929143101,0.3402990072178722,0.7365074469473334,0.0,20.64649507784094,0.31588850837138505,89.18598116679111,82.6947452490566,15.731627088658076,1.8602739726027397,0.0,2957,0.704225352112676,0.01037525875400358,9.4221840853258e-05,0.9910003328245772,1.2927882993052924,15.65733756739743,0.15118494260655058,0.6386781888654269,0.5428764605356129
sunsched_no_conformal,7,cct_region,2014,1.0,pvgis,365,0.5185664617347002,70.275903079136,0.36,1853,0.3238508136358238,nan,0.30545062061521855,0.16835835075157612,0.9825825825825826,0.8776595744680851,0.0,0.0,0.5709660010793308,0.0,0.4290339989206692,1.068312646159381,2.25,17.316666666666645,0.4600308825276162,0.19622282931464546,0.18612661836322605,0.360063744186248,0.7499524516571342,0.0,22.297233232776282,0.31588850837138505,72.78186476558025,71.40421870735115,13.123011133416357,0.6109589041095891,0.0,799,0.676056338028169,0.011931682547417489,0.00011645855278852955,0.9903338986637085,1.0205411464046212,13.605766272623361,0.16447978702108323,0.7349824919542642,0.6247351181611247
sunsched_no_conformal,7,cct_region,2013,1.0,pvgis,365,0.5185664617347002,70.275903079136,0.37,1853,0.3238508136358238,nan,0.30545062061521855,0.16835835075157612,0.9825825825825826,0.8776595744680851,0.0,0.0,0.5709660010793308,0.0,0.4290339989206692,1.0298165137614679,2.1999999999999886,15.833333333333334,0.4600308825276162,0.19622282931464546,0.18612661836322605,0.33954350761739827,0.7461127303914731,0.0,20.64649507784094,0.31588850837138505,71.1644337573732,71.40421870735113,12.757373795338264,0.6109589041095891,0.0,799,0.676056338028169,0.010424677405931672,0.00010008672202638137,0.9904903596119071,1.0147030991783992,15.57509411479741,0.15165407949329068,0.6420506949296256,0.5457430906901818
sunsched_no_conformal,46,cct_region,2014,1.0,pvgis,365,0.6498872575545345,88.072440650112,0.5,6276,0.18886280368512787,nan,0.18483110261312938,0.11508450248650402,0.909009009009009,0.849862258953168,0.0,0.0,0.5291586998087954,0.0,0.47084130019120457,0.7008312088379011,2.0208333333333335,8.883333333333288,0.21456265784512504,0.11135417778252053,0.1368583929143101,0.35683373107187394,0.7410586111911025,0.0,22.297233232776282,0.31588850837138505,91.21300736260577,82.69474524905661,17.09629661451495,1.8602739726027397,0.0,2957,0.7239436619718309,0.011844201468606338,0.00010744094318136489,0.9910103616323562,1.2991775138792154,13.715620513153466,0.1636731285353279,0.7290957044495263,0.6197313487820973
sunsched_no_conformal,7,cct_region,2015,1.0,pvgis,365,0.5185664617347002,70.275903079136,0.38,1853,0.3250386031595202,nan,0.30652995143011336,0.16971208635254487,0.9519519519519519,0.8617021276595744,0.02914193200215866,0.0,0.5547760388559093,0.0,0.416082029141932,1.11283504227379,2.25,18.875,0.4600308825276162,0.19622282931464546,0.18612661836322605,0.30971206605188384,0.7466256319284904,0.0,21.709066091403,0.31588850837138505,69.27950342411204,71.30215159547986,12.88031713070774,0.5972602739726027,0.0,777,0.6591549295774648,0.010912488541883111,0.00010315610298723185,0.990635491039077,0.9920644573200526,14.881034847590602,0.15580831505327786,0.6719962759592023,0.571196834565322
sunsched_no_conformal,46,cct_region,2015,1.0,pvgis,365,0.6498872575545345,88.072440650112,0.51,6276,0.18886280368512787,nan,0.18483110261312938,0.11508450248650402,0.909009009009009,0.849862258953168,0.0,0.0,0.5291586998087954,0.0,0.47084130019120457,0.7010038240917782,2.0208333333333335,8.883333333333288,0.21456265784512504,0.11135417778252053,0.1368583929143101,0.29792535437232587,0.7374459738616619,0.0,21.709066091403,0.31588850837138505,86.82371461976584,82.69474524905661,16.125384990184227,1.8602739726027397,0.0,2957,0.676056338028169,0.010702674939920635,9.172500270791735e-05,0.9915025380571936,1.2648650781661206,15.18604023384676,0.15393848951738176,0.658499506521254,0.559724580543066
sunsched_no_conformal,78,cct_region,2011,1.0,pvgis,365,0.5371243038945545,72.79085383900801,0.43,2359,0.14780705753624512,0.4593582887700535,0.15345485375158965,0.12467898410343949,0.9126436781609195,0.7717391304347826,0.0,0.0,0.5260703688003391,0.0,0.47392963119966086,1.0845697329376855,3.5,8.833333333333334,0.10864411416066382,0.24491656788547456,0.19389988146256956,0.34319818690560944,0.7325063530922999,0.0,19.639202912676332,0.31588850837138505,73.53979324666396,73.25542413417688,12.655581549442628,0.9205479452054794,0.0,1132,0.6929577464788732,0.009772420138612268,9.034360017333376e-05,0.9908399306151829,1.0534329871986694,16.620512887716632,0.14601918908211886,0.6016661499892995,0.5114162274909045
sunsched_no_conformal,78,cct_region,2014,1.0,pvgis,365,0.5371243038945545,72.79085383900801,0.42,2359,0.14780705753624512,0.4593582887700535,0.15345485375158965,0.12467898410343949,0.9126436781609195,0.7717391304347826,0.0,0.0,0.5260703688003391,0.0,0.47392963119966086,1.0829447506005372,3.5,8.833333333333334,0.10864411416066382,0.24491656788547456,0.19389988146256956,0.3578490555165522,0.7430485183241129,0.0,22.297233232776282,0.31588850837138505,75.38649591334313,73.25542413417689,13.81390295833165,0.9205479452054794,0.0,1132,0.6788732394366197,0.011908479486774037,0.00010801651308883569,0.9910109808142017,1.0539780894614688,13.641596671014662,0.1642153429335993,0.7330520203142906,0.6230942172671471
sunsched_no_conformal,78,cct_region,2015,1.0,pvgis,365,0.5371243038945545,72.79085383900801,0.4,2359,0.14598340475973376,0.4379679144385026,0.15175922000847816,0.12368928152192225,0.903448275862069,0.7717391304347826,0.00847816871555744,0.0,0.5353963543874523,0.0,0.45612547689699023,1.5781404549950542,6.5,8.833333333333334,0.10864411416066382,0.24491656788547456,0.19389988146256956,0.3066556816570676,0.7395856712429402,0.0,21.709066091403,0.31588850837138505,71.758796213616,73.07995547765823,13.514803967353629,0.8931506849315068,0.0,1113,0.6929577464788732,0.010872711968056562,9.289216355836817e-05,0.9915287691910607,1.023413531781985,14.948943064284125,0.15538576569682416,0.6689436140734195,0.5686020719624066
sunsched_no_conformal,78,cct_region,2012,1.0,pvgis,365,0.5371243038945545,72.79085383900801,0.43,2359,0.14420534330263518,0.4171122994652405,0.15048749470114456,0.1211243356625304,0.8804597701149425,0.75,0.0317931326833404,0.0,0.5222551928783383,0.0,0.44595167443832134,1.3886533842023454,5.25,8.833333333333334,0.10864411416066382,0.24491656788547456,0.19389988146256956,0.328678093461892,0.7410596255472836,0.0,20.729461989872192,0.31588850837138505,69.55800162095082,72.95865570807177,12.235252317205473,0.8794520547945206,0.0,1080,0.6816901408450704,0.010351094280501147,0.0001013057373533313,0.9903078970207528,1.0474013902140926,15.682923687285214,0.151039943962886,0.6376362086176194,0.5419907773249766
sunsched_no_conformal,78,cct_region,2013,1.0,pvgis,365,0.5371243038945545,72.79085383900801,0.44,2359,0.14780705753624512,0.4593582887700535,0.15345485375158965,0.12467898410343949,0.9126436781609195,0.7717391304347826,0.0,0.0,0.5260703688003391,0.0,0.47392963119966086,1.083086053412463,3.5,8.833333333333334,0.10864411416066382,0.24491656788547456,0.19389988146256956,0.3378369889985568,0.739079167881684,0.0,20.64649507784094,0.31588850837138505,73.71118220046938,73.25542413417689,13.370608604201983,0.9205479452054794,0.0,1132,0.7408450704225352,0.010407795172689456,9.511983863810248e-05,0.9909434820204187,1.046807142800031,15.607494838546781,0.15146869865136392,0.6407178156037182,0.5446101432631605
sunsched_no_conformal,0,cct_region,2011,2.0,pvgis,365,1.2648912659894127,85.70875921763201,0.4,1861,0.7128067484662576,0.7248366013071894,0.832348199892531,0.4546034421584648,0.9900990099009901,0.13953488372093023,0.0,0.0,0.10693175711982805,0.0,0.893068242880172,0.944742969729536,3.8333333333333335,4.4958333333333185,0.500191717791411,0.6087039877300612,0.7935199386503067,0.38624224496542353,0.7405282874373655,0.0,19.639202912676332,0.31588850837138505,173.18121988878173,82.46747366335175,91.35232009438546,2.9917808219178084,0.0,1664,0.6901408450704225,0.010162332067618773,5.6188939695957296e-05,0.9945012649427706,1.171674220641912,16.041870610399336,0.14905202084102254,0.6233686982562607,0.5298633935178215
sunsched_no_conformal,0,cct_region,2012,2.0,pvgis,365,1.2648912659894127,85.70875921763201,0.39,1861,0.7128067484662576,0.7248366013071894,0.832348199892531,0.4546034421584648,0.9900990099009901,0.13953488372093023,0.0,0.0,0.10693175711982805,0.0,0.893068242880172,0.9464445638545586,3.75,4.412499999999985,0.500191717791411,0.6087039877300612,0.7935199386503067,0.3901300772314781,0.7648951126177533,0.0,20.729461989872192,0.31588850837138505,163.8043709660343,82.35378945282561,83.5707733415798,2.967123287671233,0.0,1664,0.6985915492957746,0.010885550778023771,6.248666346144569e-05,0.9942924324295178,1.2101601696571418,14.972929413616649,0.15523737978134855,0.6678719790735019,0.5676911822124766
sunsched_no_conformal,0,cct_region,2015,2.0,pvgis,365,1.2648912659894127,85.70875921763201,0.39,1861,0.7128067484662576,0.7248366013071894,0.832348199892531,0.4546034421584648,0.9900990099009901,0.13953488372093023,0.0,0.0,0.10693175711982805,0.0,0.893068242880172,0.938205265986029,3.75,4.412499999999985,0.500191717791411,0.6087039877300612,0.7935199386503067,0.3923443656861713,0.7586095143622986,0.0,21.709066091403,0.31588850837138505,168.98709280214536,82.44221050545688,87.3931164690989,2.9863013698630136,0.0,1664,0.7183098591549295,0.011789454238516406,6.610214832766968e-05,0.9944243740090493,1.1771990306905853,13.826781846434004,0.16286914540802033,0.723234090988356,0.6147489773401027
sunsched_no_conformal,0,cct_region,2013,2.0,pvgis,365,1.2648912659894127,85.70875921763201,0.41,1861,0.7128067484662576,0.7248366013071894,0.832348199892531,0.4546034421584648,0.9900990099009901,0.13953488372093023,0.0,0.0,0.10693175711982805,0.0,0.893068242880172,0.9466684578183772,3.8333333333333335,4.4958333333333185,0.500191717791411,0.6087039877300612,0.7935199386503067,0.39122656671953865,0.7563498051137819,0.0,20.64649507784094,0.31588850837138505,173.58482923801856,82.42957892650969,91.77350428294716,2.9835616438356163,0.0,1664,0.6845070422535211,0.01094237828899545,6.173908364882063e-05,0.9943894560955611,1.17161884150671,14.896623352682367,0.15571099586768022,0.6712930684522775,0.5705991081844358
sunsched_no_conformal,0,cct_region,2014,2.0,pvgis,365,1.2648912659894127,85.70875921763201,0.41,1861,0.7128067484662576,0.7248366013071894,0.832348199892531,0.4546034421584648,0.9900990099009901,0.13953488372093023,0.0,0.0,0.10693175711982805,0.0,0.893068242880172,0.9536987282822855,3.8333333333333335,4.4958333333333185,0.500191717791411,0.6087039877300612,0.7935199386503067,0.3945490119087231,0.7650962867047673,0.0,22.297233232776282,0.31588850837138505,177.53007928133889,82.3411578738783,95.88314359467073,2.9643835616438357,0.0,1664,0.7070422535211267,0.012300735400231667,6.654315109905878e-05,0.994619418425576,1.1653707153570696,13.254669663064396,0.16714200312722616,0.7544510918945122,0.6412834281103353
sunsched_no_conformal,105,cct_region,2011,2.0,pvgis,365,1.058529353339236,71.725720549728,0.38,2169,0.2537835249042146,0.49763220205209163,0.25633932687874594,0.15161495974927694,0.8773448773448773,0.6777777777777778,0.0,0.0,0.43245735361917936,0.0,0.5675426463808206,0.5734593514676501,0.9166666666666666,3.583333333333333,0.07260536398467432,0.2796455938697318,0.43668582375478926,0.3917825834047462,0.763067477126998,0.0,19.639202912676332,0.31588850837138505,144.92740176838876,72.8057591222313,74.17325603985687,0.8,0.0,1233,0.6140845070422536,0.010214811745286444,5.50713280986881e-05,0.9946375895708679,1.0870116643522318,15.96164149656264,0.14948898774166852,0.6265019798968366,0.5325266829123111
sunsched_no_conformal,105,cct_region,2012,2.0,pvgis,365,1.058529353339236,71.725720549728,0.4,2169,0.2537835249042146,0.49763220205209163,0.25633932687874594,0.15161495974927694,0.8773448773448773,0.6777777777777778,0.0,0.0,0.43245735361917936,0.0,0.5675426463808206,0.5757261410788381,0.9166666666666666,3.583333333333333,0.07260536398467432,0.2796455938697318,0.43668582375478926,0.3949670842430614,0.7835183599461412,0.0,20.729461989872192,0.31588850837138505,137.0803479595446,72.8057591222313,66.85503720086136,0.8,0.0,1233,0.6507042253521127,0.010929510539705648,6.0427680337399924e-05,0.994501545038061,1.1275373597419316,14.91584288709025,0.1555912727259039,0.6704280861428931,0.5698638732214591
sunsched_no_conformal,105,cct_region,2013,2.0,pvgis,365,1.058529353339236,71.725720549728,0.4,2169,0.2537835249042146,0.49763220205209163,0.25633932687874594,0.15161495974927694,0.8773448773448773,0.6777777777777778,0.0,0.0,0.43245735361917936,0.0,0.5675426463808206,0.5748040571692024,0.9166666666666666,3.583333333333333,0.07260536398467432,0.2796455938697318,0.43668582375478926,0.39523141487057184,0.7757868376601579,0.0,20.64649507784094,0.31588850837138505,145.26516387880858,72.8057591222313,74.49396202184904,0.8,0.0,1233,0.6253521126760564,0.01098190357700224,5.813450303999376e-05,0.9947342117283919,1.0910625286998779,14.848154566180924,0.15601421998804177,0.6734843684060657,0.5724617131451558
sunsched_no_conformal,105,cct_region,2014,2.0,pvgis,365,1.058529353339236,71.725720549728,0.41,2169,0.2537835249042146,0.49763220205209163,0.25633932687874594,0.15161495974927694,0.8773448773448773,0.6777777777777778,0.0,0.0,0.43245735361917936,0.0,0.5675426463808206,0.5687720915936684,0.9166666666666666,3.583333333333333,0.07260536398467432,0.2796455938697318,0.43668582375478926,0.3982987055007113,0.7827842437835593,0.0,22.297233232776282,0.31588850837138505,148.56676227655393,72.80575912223131,77.87067446664744,0.8,0.0,1233,0.6338028169014085,0.012344414248630883,6.312936989001301e-05,0.9949120170896858,1.0793419808157885,13.211655495153664,0.16747728731310352,0.7569074143409377,0.643371302189797
sunsched_no_conformal,100,cct_region,2011,2.0,pvgis,365,1.2210563483151788,82.73851465568,0.51,4890,0.2476782805525586,0.3298704400262703,0.2519427402862986,0.15502277983326715,0.922913569760034,0.6243093922651933,0.0,0.0,0.6725971370143149,0.0,0.32740286298568505,0.6378834355828221,0.9166666666666666,11.416666666666666,0.13079900996382557,0.2012227369846206,0.4851177254553531,0.3855451067399434,0.7687018500111158,0.0,19.639202912676332,0.31588850837138505,167.17960953643777,79.20478540265249,88.92144163034662,1.4684931506849315,0.0,1605,0.6985915492957746,0.01016050717901586,5.772802805953981e-05,0.9943504894054928,1.2202087265949197,16.042319295555515,0.14904958874200935,0.6233512633532032,0.5298485738502227
sunsched_no_conformal,100,cct_region,2012,2.0,pvgis,365,1.2210563483151788,82.73851465568,0.52,4890,0.2476782805525586,0.3298704400262703,0.2519427402862986,0.15502277983326715,0.922913569760034,0.6243093922651933,0.0,0.0,0.6725971370143149,0.0,0.32740286298568505,0.6412235855487388,0.9166666666666666,11.416666666666666,0.13079900996382557,0.2012227369846206,0.4851177254553531,0.3896267332748768,0.792993093833146,0.0,20.729461989872192,0.31588850837138505,158.12771613486893,79.20478540265255,80.39786729894833,1.4684931506849315,0.0,1605,0.7295774647887324,0.01088073140309155,6.336621485969566e-05,0.9942100100829,1.262625541892734,14.978319597598514,0.15520409648811395,0.6676316348332765,0.5674868896082851
sunsched_no_conformal,105,cct_region,2015,2.0,pvgis,365,1.058529353339236,71.725720549728,0.42,2169,0.2537835249042146,0.49763220205209163,0.25633932687874594,0.15161495974927694,0.8773448773448773,0.6777777777777778,0.0,0.0,0.43245735361917936,0.0,0.5675426463808206,0.5778392500384202,0.9166666666666666,3.583333333333333,0.07260536398467432,0.2796455938697318,0.43668582375478926,0.39644413529899053,0.7784081211281685,0.0,21.709066091403,0.31588850837138505,141.41752961398848,72.80575912223128,70.8388219987102,0.8,0.0,1233,0.6366197183098592,0.01184458405925537,6.184010717084187e-05,0.9948061562139522,1.0921561252543075,13.767709728603869,0.16329486900290546,0.7263372192706784,0.6173866363800766
sunsched_no_conformal,100,cct_region,2013,2.0,pvgis,365,1.2210563483151788,82.73851465568,0.53,4890,0.2476782805525586,0.3298704400262703,0.2519427402862986,0.15502277983326715,0.922913569760034,0.6243093922651933,0.0,0.0,0.6725971370143149,0.0,0.32740286298568505,0.6381049761417859,0.9166666666666666,11.416666666666666,0.13079900996382557,0.2012227369846206,0.4851177254553531,0.3894551939096785,0.7836733658463939,0.0,20.64649507784094,0.31588850837138505,167.56923176831125,79.19215382370496,89.30407973147462,1.4657534246575343,0.0,1605,0.7154929577464788,0.010920969915663116,6.324634548942187e-05,0.9942420702592044,1.2229360775039615,14.923612930740893,0.15554295395843099,0.6700790248587306,0.5695671711299211
sunsched_no_conformal,100,cct_region,2015,2.0,pvgis,365,1.2210563483151788,82.73851465568,0.52,4890,0.2476782805525586,0.3298704400262703,0.2519427402862986,0.15502277983326715,0.922913569760034,0.6243093922651933,0.0,0.0,0.6725971370143149,0.0,0.32740286298568505,0.64093387866394,0.9166666666666666,11.416666666666666,0.13079900996382557,0.2012227369846206,0.4851177254553531,0.3907853162933445,0.7866342436413252,0.0,21.709066091403,0.31588850837138505,163.13083029155143,79.20478540265252,85.07505689272514,1.4684931506849315,0.0,1605,0.7154929577464788,0.01177182040644098,6.607794805436881e-05,0.9944181014166863,1.224153432835528,13.847406602096854,0.1627213107938742,0.7221568837652057,0.6138333512004248
sunsched_no_conformal,100,cct_region,2014,2.0,pvgis,365,1.2210563483151788,82.73851465568,0.56,4890,0.2476782805525586,0.3298704400262703,0.2519427402862986,0.15502277983326715,0.922913569760034,0.6243093922651933,0.0,0.0,0.6725971370143149,0.0,0.32740286298568505,0.6364860259032038,0.9166666666666666,11.416666666666666,0.13079900996382557,0.2012227369846206,0.4851177254553531,0.39256458842392256,0.7914806959609771,0.0,22.297233232776282,0.31588850837138505,171.37775882562494,79.20478540265248,93.11041589669097,1.4684931506849315,0.0,1605,0.7183098591549295,0.01228133854517337,6.72884262443326e-05,0.9945509386266118,1.2170286520773745,13.274689745541064,0.16698664705206,0.7533132744860553,0.640316283313147
sunsched_no_conformal,130,cct_region,2011,2.0,pvgis,365,1.0106128730967532,68.47891018896,0.37,1455,0.3410664309913095,0.877370417193426,0.33127147766323023,0.2082410602606199,0.985894580549369,0.8055555555555556,0.0,0.0,0.29759450171821306,0.0,0.7024054982817869,0.76815578465063,0.8333333333333334,0.9166666666666666,0.13661805862424511,0.29496243923994697,0.36964206805125943,0.4003902241233253,0.7673698596151399,0.0,19.639202912676332,0.31588850837138505,138.36696869062587,71.10540296809313,69.64129820661887,0.6,0.0,1026,0.6957746478873239,0.01029998907063294,5.088365094065964e-05,0.9950841197346958,1.0574038421107401,15.836750797576196,0.15017755609542827,0.6314426568820224,0.5367262583497191
sunsched_no_conformal,130,cct_region,2012,2.0,pvgis,365,1.0106128730967532,68.47891018896,0.38,1455,0.3410664309913095,0.877370417193426,0.33127147766323023,0.2082410602606199,0.985894580549369,0.8055555555555556,0.0,0.0,0.29759450171821306,0.0,0.7024054982817869,0.7458762886597938,0.8333333333333334,0.9166666666666666,0.13661805862424511,0.29496243923994697,0.36964206805125943,0.40324208138385853,0.7867506956179091,0.0,20.729461989872192,0.31588850837138505,130.87512770380468,71.14329770493543,62.79497919229696,0.6082191780821918,0.0,1026,0.7239436619718309,0.011015011471303524,5.8381823988682735e-05,0.9947277386044345,1.0983026169885404,14.803429035495547,0.1562956898792831,0.6755191635682569,0.5741912890330184
sunsched_no_conformal,130,cct_region,2013,2.0,pvgis,365,1.0106128730967532,68.47891018896,0.38,1455,0.3410664309913095,0.877370417193426,0.33127147766323023,0.2082410602606199,0.985894580549369,0.8055555555555556,0.0,0.0,0.29759450171821306,0.0,0.7024054982817869,0.7467926689576173,0.8333333333333334,0.9166666666666666,0.13661805862424511,0.29496243923994697,0.36964206805125943,0.40364204893369304,0.7796075075257206,0.0,20.64649507784094,0.31588850837138505,138.68944131338083,71.14329770493543,69.90959204438445,0.6082191780821918,0.0,1026,0.7323943661971831,0.011077915405324589,5.613861750540555e-05,0.994957935591987,1.0619901937195175,14.72277676153443,0.15680733797355806,0.6792196989719068,0.5773367441261208
sunsched_no_conformal,130,cct_region,2014,2.0,pvgis,365,1.0106128730967532,68.47891018896,0.39,1455,0.3410664309913095,0.877370417193426,0.33127147766323023,0.2082410602606199,0.985894580549369,0.8055555555555556,0.0,0.0,0.29759450171821306,0.0,0.7024054982817869,0.74106529209622,0.8333333333333334,0.9166666666666666,0.13661805862424511,0.29496243923994697,0.36964206805125943,0.4072879612463423,0.7862261623399793,0.0,22.297233232776282,0.31588850837138505,141.84158615663088,71.14329770493542,73.10672359947289,0.6082191780821918,0.0,1026,0.7154929577464788,0.012459158207826773,6.042328316900273e-05,0.99517369784186,1.0533015157035126,13.093424244802952,0.1684095079133432,0.7637421512534588,0.64918082856544
sunsched_no_conformal,130,cct_region,2015,2.0,pvgis,365,1.0106128730967532,68.47891018896,0.4,1455,0.3410664309913095,0.877370417193426,0.33127147766323023,0.2082410602606199,0.985894580549369,0.8055555555555556,0.0,0.0,0.29759450171821306,0.0,0.7024054982817869,0.745475372279496,0.8333333333333334,0.9166666666666666,0.13661805862424511,0.29496243923994697,0.36964206805125943,0.40528272604713816,0.7819635541797277,0.0,21.709066091403,0.31588850837138505,135.01597802515954,71.14329770493542,66.41990935518754,0.6082191780821918,0.0,1026,0.7126760563380281,0.011946186986770873,6.087728139501264e-05,0.9949298779422364,1.0620917478156722,13.652312352787154,0.1641365099324068,0.7324766487604185,0.6226051514463558
sunsched_no_conformal,40,cct_region,2011,2.0,pvgis,365,0.9853790484979228,66.769071679648,0.39,1079,0.2171288243118797,0.7519788918205808,0.22335495829471733,0.1643744845884526,0.9668737060041408,0.7168141592920354,0.0,0.0,0.5004633920296571,0.0,0.4995366079703429,1.215400061785604,1.9166666666666667,12.0,0.15880487056175177,0.08216514887956615,0.23636549677683413,0.40616254971485377,0.7708214997864928,0.0,19.639202912676332,0.31588850837138505,134.9121068823523,69.2686506548499,68.19598311409237,0.29863013698630136,0.0,544,0.6732394366197183,0.010356065705764847,5.011452580766525e-05,0.9951841574244873,1.0164494561557478,15.752580503232284,0.15064745519440126,0.6348166256282958,0.5395941317840515
sunsched_no_conformal,40,cct_region,2012,2.0,pvgis,365,0.9853790484979228,66.769071679648,0.4,1079,0.2171288243118797,0.7519788918205808,0.22335495829471733,0.1643744845884526,0.9668737060041408,0.7168141592920354,0.0,0.0,0.5004633920296571,0.0,0.4995366079703429,1.2118473895582331,1.9166666666666667,12.0,0.15880487056175177,0.08216514887956615,0.23636549677683413,0.4086463106792768,0.7896412282108181,0.0,20.729461989872192,0.31588850837138505,127.6073284260185,69.2686506548499,61.364146694382256,0.29863013698630136,0.0,544,0.6901408450704225,0.011069527749676903,5.6815348707294306e-05,0.9948936188462906,1.0589738580487036,14.732980133678959,0.15674231676412864,0.6787493032139797,0.5769369077318828
sunsched_no_conformal,40,cct_region,2013,2.0,pvgis,365,0.9853790484979228,66.769071679648,0.39,1079,0.2171288243118797,0.7519788918205808,0.22335495829471733,0.1643744845884526,0.9668737060041408,0.7168141592920354,0.0,0.0,0.5004633920296571,0.0,0.4995366079703429,1.2114612295335188,1.9166666666666667,12.0,0.15880487056175177,0.08216514887956615,0.23636549677683413,0.4097160692846863,0.782754531278398,0.0,20.64649507784094,0.31588850837138505,135.2265277398714,69.2686506548499,68.49452651715137,0.29863013698630136,0.0,544,0.676056338028169,0.01114346371078188,5.492247330380857e-05,0.9950955010480117,1.0191902255043503,14.638197784422474,0.15734961360880484,0.6831442058148508,0.5806725749426233
sunsched_no_conformal,28,cct_region,2011,2.0,pvgis,365,1.03062096349991,69.834654076896,0.47,1333,0.22436590436590437,0.36995153473344117,0.2280570142535634,0.15562078916716449,0.9006734006734006,0.7379310344827587,0.0,0.0,0.5093773443360841,0.0,0.490622655663916,1.5572643160790196,11.299999999999955,20.195833333333336,0.1862785862785863,0.19176715176715176,0.2892307692307692,0.40153114675580687,0.7659105318141599,0.0,19.639202912676332,0.31588850837138505,141.10635475236165,71.16166886282008,72.18740838478138,0.6684931506849315,0.0,659,0.6619718309859155,0.01030991680941808,5.1504943710352126e-05,0.9950291625090156,1.0546582867577303,15.820627297551768,0.15026720203467225,0.6320861879824129,0.5372732597850509
sunsched_no_conformal,28,cct_region,2012,2.0,pvgis,365,1.03062096349991,69.834654076896,0.45,1333,0.22436590436590437,0.36995153473344117,0.2280570142535634,0.15562078916716449,0.9006734006734006,0.7379310344827587,0.0,0.0,0.5093773443360841,0.0,0.490622655663916,1.5590772693173294,11.299999999999955,20.195833333333336,0.1862785862785863,0.19176715176715176,0.2892307692307692,0.4044758702781408,0.7857506019259698,0.0,20.729461989872192,0.31588850837138505,133.46619047010245,71.16166886282011,65.03538845561523,0.6684931506849315,0.0,659,0.7154929577464788,0.011024992790085578,5.8402494607622045e-05,0.9947306314439333,1.099556294851785,14.790069975703116,0.15638007391544273,0.676129323013876,0.5747099245617947
sunsched_no_conformal,28,cct_region,2013,2.0,pvgis,365,1.03062096349991,69.834654076896,0.46,1333,0.22436590436590437,0.36995153473344117,0.2280570142535634,0.15562078916716449,0.9006734006734006,0.7379310344827587,0.0,0.0,0.5093773443360841,0.0,0.490622655663916,1.554013503375844,11.299999999999955,20.195833333333336,0.1862785862785863,0.19176715176715176,0.2892307692307692,0.4051019142934554,0.7784394222638348,0.0,20.64649507784094,0.31588850837138505,141.43521168068102,71.16166886282008,72.49965887374263,0.6684931506849315,0.0,659,0.6929577464788732,0.011090570374488032,5.5973655871650435e-05,0.9949783847155498,1.0581043153267897,14.706279487392,0.15691264742949196,0.6799816369988894,0.5779843914490559
sunsched_no_conformal,40,cct_region,2014,2.0,pvgis,365,0.9853790484979228,66.769071679648,0.39,1079,0.2171288243118797,0.7519788918205808,0.22335495829471733,0.1643744845884526,0.9668737060041408,0.7168141592920354,0.0,0.0,0.5004633920296571,0.0,0.4995366079703429,1.2107661414890332,1.9166666666666667,12.0,0.15880487056175177,0.08216514887956615,0.23636549677683413,0.4131113846222183,0.7892263887686717,0.0,22.297233232776282,0.31588850837138505,138.2999672032459,69.26865065484992,71.58706322386902,0.29863013698630136,0.0,544,0.6929577464788732,0.012530529213167593,5.964026424782632e-05,0.9952629498471159,1.010922890625655,13.020014712513754,0.1689963049992227,0.7680482872564524,0.6528410441679846
sunsched_no_conformal,28,cct_region,2015,2.0,pvgis,365,1.03062096349991,69.834654076896,0.46,1333,0.22436590436590437,0.36995153473344117,0.2280570142535634,0.15562078916716449,0.9006734006734006,0.7379310344827587,0.0,0.0,0.5093773443360841,0.0,0.490622655663916,1.5542635658914727,11.299999999999955,20.195833333333336,0.1862785862785863,0.19176715176715176,0.2892307692307692,0.40642419346926223,0.7808296387977959,0.0,21.709066091403,0.31588850837138505,137.68902125081976,71.16166886282008,68.94088752697733,0.6684931506849315,0.0,659,0.6788732394366197,0.011964452184295591,6.100438210241041e-05,0.9949270631210069,1.0603256209709266,13.631431864885174,0.16429023091663641,0.7335986489988765,0.623558851649045
sunsched_no_conformal,40,cct_region,2015,2.0,pvgis,365,0.9853790484979228,66.769071679648,0.39,1079,0.2171288243118797,0.7519788918205808,0.22335495829471733,0.1643744845884526,0.9668737060041408,0.7168141592920354,0.0,0.0,0.5004633920296571,0.0,0.4995366079703429,1.2119246215631758,1.9166666666666667,12.0,0.15880487056175177,0.08216514887956615,0.23636549677683413,0.4110160161732784,0.7850296000132811,0.0,21.709066091403,0.31588850837138505,131.64478654499794,69.2686506548499,65.0919771341172,0.29863013698630136,0.0,544,0.6704225352112676,0.01201762309187721,6.032085810136895e-05,0.9950057014379938,1.020011813764044,13.572193455102191,0.1647287596946464,0.7368005792932979,0.6262804923993032
sunsched_no_conformal,28,cct_region,2014,2.0,pvgis,365,1.03062096349991,69.834654076896,0.48,1333,0.22436590436590437,0.36995153473344117,0.2280570142535634,0.15562078916716449,0.9006734006734006,0.7379310344827587,0.0,0.0,0.5093773443360841,0.0,0.490622655663916,1.5538884721180293,11.299999999999955,20.195833333333336,0.1862785862785863,0.19176715176715176,0.2892307692307692,0.4085121102265302,0.7851754930418318,0.0,22.297233232776282,0.31588850837138505,144.64976261499436,71.1616688628201,75.73241422937195,0.6684931506849315,0.0,659,0.7323943661971831,0.012470810873445409,6.046399314001574e-05,0.995174952765481,1.04922376981333,13.081206307755112,0.16850674343899807,0.7644554916981595,0.6497871679434355
sunsched_no_conformal,46,cct_region,2011,2.0,pvgis,365,1.299774515109069,88.072440650112,0.56,6276,0.18886280368512787,nan,0.18483110261312938,0.11508450248650402,0.909009009009009,0.849862258953168,0.0,0.0,0.5291586998087954,0.0,0.47084130019120457,0.6754833227108561,2.0208333333333335,8.75,0.21456265784512504,0.11135417778252053,0.1368583929143101,0.38849791133954065,0.7676596409681233,0.0,19.639202912676332,0.31588850837138505,177.95722222088847,83.01053472274424,95.36323229068998,1.9287671232876713,0.0,2957,0.7464788732394366,0.010186596572588975,6.054051871572753e-05,0.9940919577657353,1.2794831063987697,15.997072193763238,0.14929550227296062,0.6251143883628086,0.5313472301083872
sunsched_no_conformal,46,cct_region,2012,2.0,pvgis,365,1.299774515109069,88.072440650112,0.54,6276,0.18886280368512787,nan,0.18483110261312938,0.11508450248650402,0.909009009009009,0.849862258953168,0.0,0.0,0.5291586998087954,0.0,0.47084130019120457,0.6784443382196728,2.0833333333333335,8.833333333333334,0.21456265784512504,0.11135417778252053,0.1368583929143101,0.39342243357239726,0.7933254623081629,0.0,20.729461989872192,0.31588850837138505,168.32177798190958,82.97263998590152,86.33384946895431,1.9205479452054794,0.0,2957,0.7183098591549295,0.010915375640015455,6.513513407470042e-05,0.9940681143696526,1.3240945844017724,14.92864905845631,0.1555116616990656,0.6698529760357328,0.5693750296303729
sunsched_no_conformal,46,cct_region,2013,2.0,pvgis,365,1.299774515109069,88.072440650112,0.54,6276,0.18886280368512787,nan,0.18483110261312938,0.11508450248650402,0.909009009009009,0.849862258953168,0.0,0.0,0.5291586998087954,0.0,0.47084130019120457,0.6778202676864244,2.0208333333333335,8.75,0.21456265784512504,0.11135417778252053,0.1368583929143101,0.39293368158536884,0.7834442734258201,0.0,20.64649507784094,0.31588850837138505,178.37196233358222,82.96000840695409,95.80679920398671,1.917808219178082,0.0,2957,0.7126760563380281,0.01095836300303135,6.468636242350207e-05,0.994131717977584,1.2783193991720778,14.87103852974773,0.15587082360185855,0.6724479921154262,0.5715807932981122
sunsched_no_conformal,7,cct_region,2011,2.0,pvgis,365,1.0371329234694004,70.275903079136,0.41,1853,0.3238508136358238,nan,0.30545062061521855,0.16835835075157612,0.9825825825825826,0.8776595744680851,0.0,0.0,0.5709660010793308,0.0,0.4290339989206692,1.025993883792049,2.25,18.616666666666635,0.4600308825276162,0.19622282931464546,0.18612661836322605,0.39910152059352905,0.7710318440584543,0.0,19.639202912676332,0.31588850837138505,141.99793270985566,71.44211344419328,72.75394962118749,0.6191780821917808,0.0,799,0.6901408450704225,0.010286881228787301,5.116039046184314e-05,0.9950512493230261,1.0378530224170794,15.856406645120108,0.1500685042674832,0.6306599107735139,0.5360609241574869
sunsched_no_conformal,7,cct_region,2013,2.0,pvgis,365,1.0371329234694004,70.275903079136,0.4,1853,0.3238508136358238,nan,0.30545062061521855,0.16835835075157612,0.9825825825825826,0.8776595744680851,0.0,0.0,0.5709660010793308,0.0,0.4290339989206692,1.0268483540205073,2.25,17.891666666666634,0.4600308825276162,0.19622282931464546,0.18612661836322605,0.402620193930929,0.783585447463437,0.0,20.64649507784094,0.31588850837138505,142.3288675147464,71.44211344419323,73.06817305923154,0.6191780821917808,0.0,799,0.6704225352112676,0.011062047197886017,5.620926651092615e-05,0.9949444171673032,1.0420858499644483,14.74369586219845,0.15667412204663023,0.6782559877431498,0.5765175895816774
sunsched_no_conformal,46,cct_region,2014,2.0,pvgis,365,1.299774515109069,88.072440650112,0.56,6276,0.18886280368512787,nan,0.18483110261312938,0.11508450248650402,0.909009009009009,0.849862258953168,0.0,0.0,0.5291586998087954,0.0,0.47084130019120457,0.6750849798172933,2.0208333333333335,8.75,0.21456265784512504,0.11135417778252053,0.1368583929143101,0.3963875868091048,0.7917674865726876,0.0,22.297233232776282,0.31588850837138505,182.42601472521153,83.01053472274413,99.85004198371003,1.9287671232876713,0.0,2957,0.7352112676056338,0.012324742263701144,6.835753554677823e-05,0.9944842261698783,1.2744672266499364,13.22705331872968,0.16735703024889115,0.7560262863566044,0.6426223434031137
sunsched_no_conformal,46,cct_region,2015,2.0,pvgis,365,1.299774515109069,88.072440650112,0.54,6276,0.18886280368512787,nan,0.18483110261312938,0.11508450248650402,0.909009009009009,0.849862258953168,0.0,0.0,0.5291586998087954,0.0,0.47084130019120457,0.6771696409602719,2.0833333333333335,8.75,0.21456265784512504,0.11135417778252053,0.1368583929143101,0.39441655266420567,0.7866490725035371,0.0,21.709066091403,0.31588850837138505,173.64742923953168,83.02316630169159,91.2559777809566,1.9315068493150684,0.0,2957,0.7154929577464788,0.011818517113906303,6.746813923709009e-05,0.9943237234608509,1.2812129826996923,13.791384419363858,0.16312383729832525,0.7250903677196796,0.6163268125617277
sunsched_no_conformal,7,cct_region,2014,2.0,pvgis,365,1.0371329234694004,70.275903079136,0.41,1853,0.3238508136358238,nan,0.30545062061521855,0.16835835075157612,0.9825825825825826,0.8776595744680851,0.0,0.0,0.5709660010793308,0.0,0.4290339989206692,1.0132667745997483,2.25,17.891666666666634,0.4600308825276162,0.19622282931464546,0.18612661836322605,0.4058850179264309,0.7903556477512476,0.0,22.297233232776282,0.31588850837138505,145.5637295311605,71.44211344419327,76.38987554678755,0.6191780821917808,0.0,799,0.6788732394366197,0.012437823768505203,5.982699921511062e-05,0.9952129403895942,1.0332056445543327,13.116400424020782,0.1682271137000041,0.7624042936114128,0.6480436495697008
sunsched_no_conformal,7,cct_region,2012,2.0,pvgis,365,1.0371329234694004,70.275903079136,0.43,1853,0.3238508136358238,nan,0.30545062061521855,0.16835835075157612,0.9825825825825826,0.8776595744680851,0.0,0.0,0.5709660010793308,0.0,0.4290339989206692,1.0301762906997662,2.25,18.616666666666635,0.4600308825276162,0.19622282931464546,0.18612661836322605,0.4020818966158009,0.7909986707069366,0.0,20.729461989872192,0.31588850837138505,134.3094941873784,71.42948186524599,65.61369587982792,0.6164383561643836,0.0,799,0.676056338028169,0.011000561855596619,5.884508682185963e-05,0.9946791824255822,1.082876667168044,14.822150290921778,0.1561776766881735,0.6746659427765193,0.5734660513600414
sunsched_no_conformal,7,cct_region,2015,2.0,pvgis,365,1.0371329234694004,70.275903079136,0.42,1853,0.3238508136358238,nan,0.30545062061521855,0.16835835075157612,0.9825825825825826,0.8776595744680851,0.0,0.0,0.5709660010793308,0.0,0.4290339989206692,1.0316153984529592,2.25,18.616666666666635,0.4600308825276162,0.19622282931464546,0.18612661836322605,0.4038861501121692,0.7860520106186851,0.0,21.709066091403,0.31588850837138505,138.55900684822407,71.42948186524579,69.49954725884446,0.6164383561643836,0.0,799,0.6450704225352113,0.011934274329571448,6.001233307122047e-05,0.9949965900633229,1.0429349599159377,13.666856265787581,0.1640296993336564,0.7316971661605258,0.621942591236447
sunsched_no_conformal,78,cct_region,2011,2.0,pvgis,365,1.074248607789109,72.79085383900801,0.47,2359,0.14780705753624512,0.4593582887700535,0.15345485375158965,0.12467898410343949,0.9126436781609195,0.7717391304347826,0.0,0.0,0.5260703688003391,0.0,0.47392963119966086,1.0761622156280912,3.633333333333288,8.833333333333334,0.10864411416066382,0.24491656788547456,0.19389988146256956,0.39636554345235653,0.7651388651760588,0.0,19.639202912676332,0.31588850837138505,147.07958649332792,73.30595044996682,75.72160094625463,0.9315068493150684,0.0,1132,0.6732394366197183,0.010261676446919136,5.191411374080722e-05,0.9949664364281797,1.0739701821326855,15.893998396083433,0.14986065528600612,0.6291683030787382,0.5347930576169274
sunsched_no_conformal,78,cct_region,2015,2.0,pvgis,365,1.074248607789109,72.79085383900801,0.46,2359,0.14780705753624512,0.4593582887700535,0.15345485375158965,0.12467898410343949,0.9126436781609195,0.7717391304347826,0.0,0.0,0.5260703688003391,0.0,0.47392963119966086,1.056591776176346,4.333333333333333,8.833333333333334,0.10864411416066382,0.24491656788547456,0.19389988146256956,0.4014806249861375,0.7805678794628952,0.0,21.709066091403,0.31588850837138505,143.517592427232,73.30595044996673,72.33765026489968,0.9315068493150684,0.0,1132,0.7070422535211267,0.011901878042364979,6.074650243382578e-05,0.9949219753402494,1.0770089401154743,13.703029064826957,0.16376497041612514,0.729765656388198,0.6203008079299683
sunsched_no_conformal,78,cct_region,2012,2.0,pvgis,365,1.074248607789109,72.79085383900801,0.49,2359,0.14780705753624512,0.4593582887700535,0.15345485375158965,0.12467898410343949,0.9126436781609195,0.7717391304347826,0.0,0.0,0.5260703688003391,0.0,0.47392963119966086,1.0585346898403278,4.333333333333333,8.833333333333334,0.10864411416066382,0.24491656788547456,0.19389988146256956,0.39940595497302533,0.7858392198056089,0.0,20.729461989872192,0.31588850837138505,139.11600324190164,73.30595044996679,68.38353506896384,0.9315068493150684,0.0,1132,0.6929577464788732,0.010974520913722847,5.921441799252737e-05,0.9946333298550019,1.1161460592778376,14.856636207124398,0.15596102332250084,0.6730998767543739,0.5721348952412179
sunsched_no_conformal,78,cct_region,2014,2.0,pvgis,365,1.074248607789109,72.79085383900801,0.48,2359,0.14780705753624512,0.4593582887700535,0.15345485375158965,0.12467898410343949,0.9126436781609195,0.7717391304347826,0.0,0.0,0.5260703688003391,0.0,0.47392963119966086,1.0742193019641089,4.333333333333333,8.833333333333334,0.10864411416066382,0.24491656788547456,0.19389988146256956,0.40352796912448347,0.7851739544569434,0.0,22.297233232776282,0.31588850837138505,150.77299182668625,73.31858202891425,79.38700464206259,0.9342465753424658,0.0,1132,0.7098591549295774,0.012411428239718912,6.152899370330954e-05,0.9950670083644289,1.067733587415702,13.142367825149217,0.16802169374712572,0.7608978939749361,0.6467632098786957
sunsched_no_conformal,78,cct_region,2013,2.0,pvgis,365,1.074248607789109,72.79085383900801,0.49,2359,0.14780705753624512,0.4593582887700535,0.15345485375158965,0.12467898410343949,0.9126436781609195,0.7717391304347826,0.0,0.0,0.5260703688003391,0.0,0.47392963119966086,1.079270877490462,4.333333333333333,8.833333333333334,0.10864411416066382,0.24491656788547456,0.19389988146256956,0.4002427415017345,0.7781506622910269,0.0,20.64649507784094,0.31588850837138505,147.42236440093876,73.31858202891426,76.03444252191933,0.9342465753424658,0.0,1132,0.7183098591549295,0.011037452721735785,5.7227730644343855e-05,0.9948418766191625,1.0769117750083463,14.775025971462197,0.1564752736259929,0.676817761221868,0.5752950970385877
sunsched_lite,0,cct_region,2012,0.5,pvgis,365,0.3162228164973532,85.70875921763201,0.29,1861,0.24530291411042943,-0.8689542483660132,0.33046749059645353,0.12241556049699996,0.4922992299229923,0.13953488372093023,0.5137023105857066,0.0,0.4862976894142934,0.0,0.0,0.0,0.0,0.0,0.500191717791411,0.6087039877300612,0.7935199386503067,0.2464199475581835,0.7309087143134778,0.0,20.729461989872192,0.31588850837138505,40.951092741508575,67.05281839010662,4.991293270561795,0.0,0.18841324200913243,0,0.9436619718309859,0.009422076159058398,6.895863764935499e-05,0.9927343393922363,0.6084602021814765,17.271477277256675,0.14283857471202843,0.5789892688084152,0.4921408784871529
sunsched_lite,0,cct_region,2011,0.5,pvgis,365,0.3162228164973532,85.70875921763201,0.29,1861,0.245590490797546,-0.8679738562091504,0.3310048361096185,0.1224819265534728,0.49284928492849284,0.13953488372093023,0.5131649650725416,0.0,0.48683503492745833,0.0,0.0,0.0,0.0,0.0,0.500191717791411,0.6087039877300612,0.7935199386503067,0.24535713405319245,0.7275173201354688,0.0,19.639202912676332,0.31588850837138505,43.29530497219543,67.053293153085,5.107958312517176,0.0,0.1604642313546423,0,0.9436619718309859,0.008803492280937832,6.684268520817807e-05,0.9924644688770734,0.6283478018028401,18.48004528065892,0.13750097047479282,0.541124215234793,0.459955582949574
sunsched_lite,0,cct_region,2013,0.5,pvgis,365,0.3162228164973532,85.70875921763201,0.29,1861,0.24530291411042943,-0.8689542483660132,0.33046749059645353,0.12241556049699996,0.4922992299229923,0.13953488372093023,0.5137023105857066,0.0,0.4862976894142934,0.0,0.0,0.0,0.0,0.0,0.500191717791411,0.6087039877300612,0.7935199386503067,0.2465136346541898,0.731646493490483,0.0,20.64649507784094,0.31588850837138505,43.39620730950464,67.05281839010662,5.303960434698982,0.0,0.16219558599695585,0,0.9464788732394366,0.00946382244003383,7.181154057371186e-05,0.9924691383163664,0.6277172264491904,17.19069672371656,0.143220807302043,0.5817099888804298,0.49445349054836535
sunsched_lite,100,cct_region,2011,0.5,pvgis,365,0.3052640870787947,82.73851465568,0.28,4890,0.08707241226121722,-0.12341035285688698,0.09447852760736196,0.0720452033961461,0.5784667657676789,0.30386740331491713,0.37198364008179957,0.0,0.6280163599182004,0.0,0.0,0.0,0.0,0.0,0.13079900996382557,0.2012227369846206,0.4851177254553531,0.21637231104262195,0.7226617904004511,0.0,19.639202912676332,0.31588850837138505,41.79490238410944,69.73757605388094,4.015357193352606,0.0,0.20532724505327246,0,0.9436619718309859,0.008504814605646812,6.20564299073312e-05,0.992756231575124,0.6031983390331266,19.134663186672686,0.13487906899652202,0.5226117597389961,0.44421999577814664
sunsched_lite,0,cct_region,2015,0.5,pvgis,365,0.3162228164973532,85.70875921763201,0.29,1861,0.24328987730061347,-0.8758169934640525,0.32670607200429874,0.12226904159700715,0.4812981298129813,0.13953488372093023,0.5244492208490059,0.0,0.4755507791509941,0.0,0.0,0.0,0.0,0.0,0.500191717791411,0.6087039877300612,0.7935199386503067,0.24005310175936379,0.7311879028851042,0.0,21.709066091403,0.31588850837138505,42.24677320053634,67.03237576211811,5.3584846344707655,0.0,0.18054604261796042,0,0.9436619718309859,0.010137551649548765,6.469386468683453e-05,0.9936588602385068,0.5974563928491242,16.067461972000224,0.14891350874982134,0.6223758311938988,0.529019456514814
sunsched_lite,0,cct_region,2014,0.5,pvgis,365,0.3162228164973532,85.70875921763201,0.3,1861,0.24779524539877298,-0.8604575163398696,0.3326168726491134,0.12300383076176685,0.4966996699669967,0.13953488372093023,0.5094035464803869,0.0,0.4905964535196131,0.0,0.0,0.0,0.0,0.0,0.500191717791411,0.6087039877300612,0.7935199386503067,0.25194301432224775,0.734615976836701,0.0,22.297233232776282,0.31588850837138505,44.38251982033472,67.06166912551257,5.620240920766172,0.0,0.15273972602739727,0,0.9492957746478873,0.010703870446775536,8.076138902432528e-05,0.9925114375479898,0.6280582166409285,15.199794886352988,0.15385583984712492,0.6579036148032773,0.5592180725827857
sunsched_lite,100,cct_region,2013,0.5,pvgis,365,0.3052640870787947,82.73851465568,0.3,4890,0.08707241226121722,-0.12341035285688698,0.09447852760736196,0.07284041724520844,0.5759184540242089,0.27071823204419887,0.37566462167689163,0.0,0.6243353783231084,0.0,0.0,0.0,0.0,0.0,0.13079900996382557,0.2012227369846206,0.4851177254553531,0.21644271258631018,0.7266097667935637,0.0,20.64649507784094,0.31588850837138505,41.892307942077814,69.72145137290187,4.40644373781069,0.0,0.2102644596651446,0,0.9408450704225352,0.009126874738004144,6.390445949754138e-05,0.9930468942704105,0.5984306650229001,17.835722990010424,0.14026077439649687,0.5606725337459479,0.47657165368405574
sunsched_lite,100,cct_region,2012,0.5,pvgis,365,0.3052640870787947,82.73851465568,0.31,4890,0.08707241226121722,-0.12341035285688698,0.09447852760736196,0.07172591859410268,0.5784667657676789,0.32044198895027626,0.37137014314928424,0.0,0.6286298568507157,0.0,0.0,0.0,0.0,0.0,0.13079900996382557,0.2012227369846206,0.4851177254553531,0.21646503320359473,0.7259861434447553,0.0,20.729461989872192,0.31588850837138505,39.53192903371723,69.73900034281603,4.045567553424748,0.0,0.23438926940639268,0,0.9436619718309859,0.009092884964764174,6.234047422917572e-05,0.9931907221024117,0.5861826338681106,17.904986930285183,0.13995501333561944,0.5585036190719367,0.47472807621114615
sunsched_lite,100,cct_region,2015,0.5,pvgis,365,0.3052640870787947,82.73851465568,0.29,4890,0.08700894840388397,-0.12358946802794195,0.09386503067484663,0.07435721301977971,0.5708218305372691,0.2541436464088398,0.38609406952965236,0.0,0.6139059304703477,0.0,0.0,0.0,0.0,0.0,0.13079900996382557,0.2012227369846206,0.4851177254553531,0.21199091785108307,0.7262372329217571,0.0,21.709066091403,0.31588850837138505,40.78270757288786,69.68460688205776,4.481562331274057,0.0,0.22792998477929985,0,0.9323943661971831,0.009817597030146341,5.8842901543027023e-05,0.9940420939174424,0.5716692066778737,16.597497981334968,0.1461359793017597,0.6025004498416382,0.5121253823653924
sunsched_lite,100,cct_region,2014,0.5,pvgis,365,0.3052640870787947,82.73851465568,0.31,4890,0.08751665926254996,-0.12215654665950204,0.0950920245398773,0.07225470284179923,0.5842004671904863,0.3370165745856354,0.36441717791411044,0.0,0.6355828220858896,0.0,0.0,0.0,0.0,0.0,0.13079900996382557,0.2012227369846206,0.4851177254553531,0.22246540005874688,0.7294960938029035,0.0,22.297233232776282,0.31588850837138505,42.844439706406234,69.76272123144894,4.425611673101594,0.0,0.19667998477929985,0,0.9436619718309859,0.0103451296887497,7.324961256420778e-05,0.9929691931493634,0.5996440966309521,15.734135520321972,0.1507510648254714,0.635560815342168,0.5402266930408428
sunsched_lite,105,cct_region,2011,0.5,pvgis,365,0.264632338334809,71.725720549728,0.28,2169,0.07159961685823754,-0.0027624309392265123,0.0834485938220378,0.08646651254207804,0.7445887445887446,0.5555555555555556,0.06731212540341171,0.0,0.9326878745965883,0.0,0.0,0.0,0.0,0.0,0.07260536398467432,0.2796455938697318,0.43668582375478926,0.21826039140086592,0.7225928803803741,0.0,19.639202912676332,0.31588850837138505,36.23185044209719,68.26149813675987,2.9613777801370817,0.0,0.24638508371385084,0,0.9464788732394366,0.008517233190861976,8.512140143992074e-06,0.9990015957768483,0.40201360208664677,19.226963211396868,0.13452311711748044,0.520102935136031,0.4420874948656264
sunsched_lite,105,cct_region,2012,0.5,pvgis,365,0.264632338334809,71.725720549728,0.29,2169,0.07159961685823754,-0.0027624309392265123,0.0834485938220378,0.08646651254207804,0.7445887445887446,0.5555555555555556,0.06731212540341171,0.0,0.9326878745965883,0.0,0.0,0.0,0.0,0.0,0.07260536398467432,0.2796455938697318,0.43668582375478926,0.218415609190136,0.7248753966441206,0.0,20.729461989872192,0.31588850837138505,34.27008698988615,68.26149813675987,2.9399568483644707,0.0,0.2712614155251142,0,0.9408450704225352,0.00910609692469552,8.232813297794454e-06,0.9990967176375597,0.39999007066276804,17.985326024103365,0.13960317527399901,0.5560088255613669,0.47260750172716187
sunsched_lite,105,cct_region,2013,0.5,pvgis,365,0.264632338334809,71.725720549728,0.3,2169,0.07159961685823754,-0.0027624309392265123,0.0834485938220378,0.08646651254207804,0.7445887445887446,0.5555555555555556,0.06731212540341171,0.0,0.9326878745965883,0.0,0.0,0.0,0.0,0.0,0.07260536398467432,0.2796455938697318,0.43668582375478926,0.2182495595249878,0.7260308019452216,0.0,20.64649507784094,0.31588850837138505,36.316290969702145,68.26149813675987,3.306664543546047,0.0,0.25105593607305937,0,0.9464788732394366,0.009143355867847536,8.571192870937886e-06,0.9990634548533798,0.4009987357563387,17.91143993406362,0.13992664180718783,0.5583024054354334,0.4745570446201184
sunsched_lite,105,cct_region,2014,0.5,pvgis,365,0.264632338334809,71.725720549728,0.3,2169,0.07159961685823754,-0.0027624309392265123,0.0834485938220378,0.08646651254207804,0.7445887445887446,0.5555555555555556,0.06731212540341171,0.0,0.9326878745965883,0.0,0.0,0.0,0.0,0.0,0.07260536398467432,0.2796455938697318,0.43668582375478926,0.22338436535319245,0.7287518981389502,0.0,22.297233232776282,0.31588850837138505,37.14169056913848,68.26149813675987,3.306867209966478,0.0,0.23955479452054795,0,0.9436619718309859,0.010351826604590138,9.706597830806942e-06,0.9990632083456009,0.4010027781443425,15.820457129905245,0.1502681490829424,0.6320929868137062,0.5372790387916503
sunsched_lite,105,cct_region,2015,0.5,pvgis,365,0.264632338334809,71.725720549728,0.29,2169,0.07159961685823754,-0.0027624309392265123,0.0834485938220378,0.08649589480107006,0.7436267436267436,0.5555555555555556,0.06869525126786538,0.0,0.9313047487321346,0.0,0.0,0.0,0.0,0.0,0.07260536398467432,0.2796455938697318,0.43668582375478926,0.2149919067599895,0.7254230496197056,0.0,21.709066091403,0.31588850837138505,35.35438240349712,68.26007384782477,3.345258411386445,0.0,0.2668759512937595,0,0.9436619718309859,0.009853866008640261,8.795224464818927e-06,0.9991082300956159,0.39999007066276804,16.62068562983399,0.1460183136564006,0.6016598967523991,0.5114109122395393
sunsched_lite,130,cct_region,2011,0.5,pvgis,365,0.2526532182741883,68.47891018896,0.28,1455,0.09802621888348799,-0.16561314791403292,0.09828178694158075,0.06466684859569022,0.585003711952487,0.5648148148148148,0.3917525773195876,0.0,0.6082474226804123,0.0,0.0,0.0,0.0,0.0,0.13661805862424511,0.29496243923994697,0.36964206805125943,0.22375236576378243,0.7245667187702013,0.0,19.639202912676332,0.31588850837138505,34.59174217265647,67.18058628843457,2.8454832306987283,0.0,0.25201674277016745,0,0.9464788732394366,0.008570065319413305,7.657010706112898e-06,0.9991073375411995,0.39999007066276804,19.110456776316312,0.13497296414454418,0.5232737300341797,0.44478267052905274
sunsched_lite,130,cct_region,2012,0.5,pvgis,365,0.2526532182741883,68.47891018896,0.28,1455,0.09802621888348799,-0.16561314791403292,0.09828178694158075,0.06466684859569022,0.585003711952487,0.5648148148148148,0.3917525773195876,0.0,0.6082474226804123,0.0,0.0,0.0,0.0,0.0,0.13661805862424511,0.29496243923994697,0.36964206805125943,0.22406101441162818,0.7265784300032462,0.0,20.729461989872192,0.31588850837138505,32.71878192595117,67.18058628843457,2.7854884352337668,0.0,0.27538051750380516,0,0.9464788732394366,0.009164370350917128,8.281292143418785e-06,0.9990971757714483,0.39999007066276804,17.870971035186443,0.1401048918547777,0.5595666838870053,0.47563168130395445
sunsched_lite,130,cct_region,2013,0.5,pvgis,365,0.2526532182741883,68.47891018896,0.29,1455,0.09802621888348799,-0.16561314791403292,0.09828178694158075,0.06512654147544478,0.5738678544914625,0.5648148148148148,0.4020618556701031,0.0,0.5979381443298969,0.0,0.0,0.0,0.0,0.0,0.13661805862424511,0.29496243923994697,0.36964206805125943,0.22403360847964254,0.7278726533282805,0.0,20.64649507784094,0.31588850837138505,34.672360328345206,67.1608332648116,3.1244752641440554,0.0,0.25571727549467277,0,0.9408450704225352,0.009206357541499751,8.23218042446284e-06,0.9991066145457486,0.39999007066276804,17.789635434225204,0.14046548241212065,0.5621250664171091,0.4778063064545427
sunsched_lite,130,cct_region,2014,0.5,pvgis,365,0.2526532182741883,68.47891018896,0.29,1455,0.09957283841508321,-0.15897597977244002,0.10034364261168385,0.06621390943204206,0.5872308834446919,0.5648148148148148,0.38900343642611684,0.0,0.6109965635738832,0.0,0.0,0.0,0.0,0.0,0.13661805862424511,0.29496243923994697,0.36964206805125943,0.22904351136279236,0.7305265100005442,0.0,22.297233232776282,0.31588850837138505,35.46039653915772,67.18501165613753,3.1279573454540057,0.0,0.245148401826484,0,0.9464788732394366,0.010419540898830376,9.303721778593588e-06,0.9991078856654736,0.39999007066276804,15.718346354978905,0.1508399391921279,0.6361992396758979,0.5407693537245132
sunsched_lite,130,cct_region,2015,0.5,pvgis,365,0.2526532182741883,68.47891018896,0.3,1455,0.09802621888348799,-0.16561314791403292,0.09828178694158075,0.06589935155990082,0.5515961395694136,0.5648148148148148,0.422680412371134,0.0,0.5773195876288659,0.0,0.0,0.0,0.0,0.0,0.13661805862424511,0.29496243923994697,0.36964206805125943,0.22081224877795297,0.7271817733543969,0.0,21.709066091403,0.31588850837138505,33.753994506289885,67.13395879651317,3.1570973308515784,0.0,0.2701388888888889,0,0.9408450704225352,0.009916526793225898,8.848624785083813e-06,0.999108484625274,0.39999007066276804,16.515666654938514,0.14655374075397143,0.6054857008760104,0.5146628457446089
sunsched_lite,28,cct_region,2011,0.5,pvgis,365,0.2576552408749775,69.834654076896,0.29,1333,0.14702702702702702,-0.3812600969305335,0.15153788447111777,0.09133415101734244,0.6767676767676768,0.503448275862069,0.23330832708177043,0.0,0.7666916729182296,0.0,0.0,0.0,0.0,0.0,0.1862785862785863,0.19176715176715176,0.2892307692307692,0.2240959013963787,0.7242407317901491,0.0,19.639202912676332,0.31588850837138505,35.27658868809041,67.42247092173349,2.963161306454236,0.0,0.2475076103500761,0,0.9492957746478873,0.00857278350955521,7.659746869125369e-06,0.9991073017278693,0.39999007066276804,19.10439669958278,0.1349965063973374,0.5234397169013136,0.4449237593661166
sunsched_lite,28,cct_region,2012,0.5,pvgis,365,0.2576552408749775,69.834654076896,0.29,1333,0.14702702702702702,-0.3812600969305335,0.15153788447111777,0.09101843354939652,0.6818181818181818,0.503448275862069,0.2288072018004501,0.0,0.7711927981995499,0.0,0.0,0.0,0.0,0.0,0.1862785862785863,0.19176715176715176,0.2892307692307692,0.22424777218985,0.7263856451595383,0.0,20.729461989872192,0.31588850837138505,33.36654761752561,67.42531949960367,2.930162214173057,0.0,0.27171803652968035,0,0.9464788732394366,0.009165307457227767,8.282900759183305e-06,0.9990970928027137,0.39999007066276804,17.86914233490603,0.14011296475997648,0.5596239490725724,0.4756803567116865
sunsched_lite,28,cct_region,2015,0.5,pvgis,365,0.2576552408749775,69.834654076896,0.28,1333,0.14702702702702702,-0.3812600969305335,0.15153788447111777,0.09217469288153296,0.6624579124579124,0.503448275862069,0.24681170292573143,0.0,0.7531882970742686,0.0,0.0,0.0,0.0,0.0,0.1862785862785863,0.19176715176715176,0.2892307692307692,0.2209500248838849,0.7269340934326997,0.0,21.709066091403,0.31588850837138505,34.42225531270494,67.41392518812293,3.2960347608173195,0.0,0.26672374429223744,0,0.9436619718309859,0.009919259155068255,8.849892770152994e-06,0.9991086023806236,0.39999007066276804,16.511119190887683,0.14657707164241962,0.6056524627063983,0.5148045933004386
sunsched_lite,28,cct_region,2014,0.5,pvgis,365,0.2576552408749775,69.834654076896,0.29,1333,0.14702702702702702,-0.3812600969305335,0.15153788447111777,0.09085456813743192,0.6843434343434344,0.503448275862069,0.22655663915978994,0.0,0.77344336084021,0.0,0.0,0.0,0.0,0.0,0.1862785862785863,0.19176715176715176,0.2892307692307692,0.2292021265780067,0.7302868799060867,0.0,22.297233232776282,0.31588850837138505,36.16244065374859,67.42927010432827,3.2908539957312533,0.0,0.24085806697108067,0,0.9464788732394366,0.010420668833635613,9.30525664549131e-06,0.9991078351139758,0.39999007066276804,15.716644203530555,0.15084953040101357,0.636268141627436,0.5408279203833206
sunsched_lite,28,cct_region,2013,0.5,pvgis,365,0.2576552408749775,69.834654076896,0.3,1333,0.14702702702702702,-0.3812600969305335,0.15153788447111777,0.09133415101734244,0.6767676767676768,0.503448275862069,0.23330832708177043,0.0,0.7666916729182296,0.0,0.0,0.0,0.0,0.0,0.1862785862785863,0.19176715176715176,0.2892307692307692,0.22409181233452327,0.7276110511013889,0.0,20.64649507784094,0.31588850837138505,35.358802920170255,67.42247092173349,3.2855781693843893,0.0,0.2519501522070015,0,0.9436619718309859,0.00920623408020044,8.232678749965187e-06,0.9991065485431408,0.39999007066276804,17.789872829023317,0.1404644253802494,0.5621175652074074,0.47779993042629626
sunsched_lite,40,cct_region,2011,0.5,pvgis,365,0.2463447621244807,66.769071679648,0.28,1079,0.09076025785326922,-0.8773087071240107,0.0963855421686747,0.06112379361924094,0.6656314699792961,0.40707964601769914,0.3262279888785913,0.0,0.6737720111214087,0.0,0.0,0.0,0.0,0.0,0.15880487056175177,0.08216514887956615,0.23636549677683413,0.22306915116867876,0.7255907503664982,0.0,19.639202912676332,0.31588850837138505,33.728026720588076,67.20410005364229,2.6595489899828917,0.0,0.2619482496194825,0,0.952112676056338,0.008561499362097496,7.651572001830804e-06,0.999107079329017,0.39999007066276804,19.129572239961934,0.1348987975977417,0.5227508422331507,0.44433821589817807
sunsched_lite,40,cct_region,2012,0.5,pvgis,365,0.2463447621244807,66.769071679648,0.28,1079,0.09076025785326922,-0.8773087071240107,0.0963855421686747,0.06112379361924094,0.6656314699792961,0.40707964601769914,0.3262279888785913,0.0,0.6737720111214087,0.0,0.0,0.0,0.0,0.0,0.15880487056175177,0.08216514887956615,0.23636549677683413,0.22325745254405682,0.727455731041125,0.0,20.729461989872192,0.31588850837138505,31.901832106504624,67.20410005364229,2.6044186402945417,0.0,0.28492199391171996,0,0.9464788732394366,0.009153304010193708,8.274374322643922e-06,0.9990968396519286,0.39999007066276804,17.892571012221286,0.14000965653647557,0.5588911729437671,0.47505749700220207
sunsched_lite,40,cct_region,2013,0.5,pvgis,365,0.2463447621244807,66.769071679648,0.29,1079,0.09076025785326922,-0.8773087071240107,0.0963855421686747,0.06112379361924094,0.6656314699792961,0.40707964601769914,0.3262279888785913,0.0,0.6737720111214087,0.0,0.0,0.0,0.0,0.0,0.15880487056175177,0.08216514887956615,0.23636549677683413,0.22316729436067886,0.7288231578768387,0.0,20.64649507784094,0.31588850837138505,33.80663193496785,67.20410005364229,2.9562113183866767,0.0,0.26601027397260274,0,0.9436619718309859,0.009195404967777026,8.224766844361824e-06,0.9991063561788647,0.39999007066276804,17.81081992166146,0.14037126142757061,0.5614564654509832,0.4772379956333357
sunsched_lite,40,cct_region,2015,0.5,pvgis,365,0.2463447621244807,66.769071679648,0.28,1079,0.09076025785326922,-0.8773087071240107,0.0963855421686747,0.06112379361924094,0.6656314699792961,0.40707964601769914,0.3262279888785913,0.0,0.6737720111214087,0.0,0.0,0.0,0.0,0.0,0.15880487056175177,0.08216514887956615,0.23636549677683413,0.2204197149228199,0.7280889997748871,0.0,21.709066091403,0.31588850837138505,32.911196636249485,67.20410005364229,2.9527800540045175,0.0,0.28045091324200916,0,0.9380281690140845,0.009914230859658698,8.845013202130152e-06,0.9991086419860679,0.39999007066276804,16.519493948173444,0.1465341141794244,0.6053454198641295,0.5145436068845101
sunsched_lite,40,cct_region,2014,0.5,pvgis,365,0.2463447621244807,66.769071679648,0.29,1079,0.09076025785326922,-0.8773087071240107,0.0963855421686747,0.06112379361924094,0.6656314699792961,0.40707964601769914,0.3262279888785913,0.0,0.6737720111214087,0.0,0.0,0.0,0.0,0.0,0.15880487056175177,0.08216514887956615,0.23636549677683413,0.2282036392519007,0.7314501519997765,0.0,22.297233232776282,0.31588850837138505,34.574991800811475,67.20410005364229,2.9237485800700322,0.0,0.25554604261796043,0,0.9464788732394366,0.010408471136357324,9.295598832765283e-06,0.9991077167430361,0.39999007066276804,15.735060689665106,0.1507458624565624,0.6355234464756826,0.5401949295043301
sunsched_lite,46,cct_region,2011,0.5,pvgis,365,0.32494362877726723,88.072440650112,0.3,6276,0.1643189983281756,nan,0.15997450605481198,0.08101287806017848,0.6009009009009009,0.5991735537190083,0.2783620140216699,0.0,0.7216379859783302,0.0,0.0,0.0,0.0,0.0,0.21456265784512504,0.11135417778252053,0.1368583929143101,0.2201900299016037,0.7229782229635565,0.0,19.639202912676332,0.31588850837138505,44.48930555522212,70.74051731844384,4.863217699033814,0.0,0.19509132420091324,0,0.9436619718309859,0.008537251597842157,7.034067674170001e-05,0.991828065909976,0.6569294220407931,19.044139940621836,0.13523137155146558,0.5250959104049451,0.4463315238442033
sunsched_lite,46,cct_region,2012,0.5,pvgis,365,0.32494362877726723,88.072440650112,0.3,6276,0.1657418276242308,nan,0.16124920331421289,0.08120482500810505,0.6050450450450451,0.6101928374655647,0.2731038878266412,0.0,0.7268961121733588,0.0,0.0,0.0,0.0,0.0,0.21456265784512504,0.11135417778252053,0.1368583929143101,0.22137956922469812,0.7266665978518594,0.0,20.729461989872192,0.31588850837138505,42.080444495477394,70.78144765462488,4.772826825271562,0.0,0.22504756468797565,0,0.9464788732394366,0.009139769426789776,7.12372169456771e-05,0.9922660769120033,0.63259477840322,17.79655559585094,0.14043468050348495,0.5619064850015912,0.47762051225135255
sunsched_lite,46,cct_region,2013,0.5,pvgis,365,0.32494362877726723,88.072440650112,0.31,6276,0.15933909579198235,nan,0.15551306564690887,0.07955981113429539,0.5918918918918918,0.59366391184573,0.288559592096877,0.0,0.711440407903123,0.0,0.0,0.0,0.0,0.0,0.21456265784512504,0.11135417778252053,0.1368583929143101,0.2203650488120545,0.7271125499511174,0.0,20.64649507784094,0.31588850837138505,44.592990583395554,70.66634301414385,5.3014255498153,0.0,0.19984779299847794,0,0.9464788732394366,0.009168128851218128,7.355808949731424e-05,0.9920406209419144,0.6495362268286522,17.73747508226028,0.14069838725502815,0.5637780999619989,0.47921138496769905
sunsched_lite,7,cct_region,2011,0.5,pvgis,365,0.2592832308673501,70.275903079136,0.29,1853,0.3512293621570259,nan,0.3211009174311927,0.14511639273806373,0.7099099099099099,0.425531914893617,0.30545062061521855,0.0,0.6945493793847815,0.0,0.0,0.0,0.0,0.0,0.4600308825276162,0.19622282931464546,0.18612661836322605,0.22044151294524786,0.7253499216743663,0.0,19.639202912676332,0.31588850837138505,35.499483177463915,67.82449363731813,2.882247074448991,0.0,0.24914383561643835,0,0.9464788732394366,0.008538634821737912,7.630690760782427e-06,0.9991071315594371,0.39999007066276804,19.180797927381903,0.13470074260036646,0.5213547443573405,0.44315153270373947
sunsched_lite,46,cct_region,2014,0.5,pvgis,365,0.32494362877726723,88.072440650112,0.32,6276,0.1701881691744033,nan,0.16523263224984067,0.08241711987096526,0.6136936936936936,0.6143250688705234,0.2627469725940089,0.0,0.7372530274059911,0.0,0.0,0.0,0.0,0.0,0.21456265784512504,0.11135417778252053,0.1368583929143101,0.2257920790765044,0.7300837057948812,0.0,22.297233232776282,0.31588850837138505,45.60650368130288,70.84178093242939,5.385847540760848,0.0,0.18862252663622528,0,0.9436619718309859,0.010381973241874195,8.48458787269055e-05,0.9918938239259424,0.656996975347343,15.661318872545525,0.15116235073225714,0.6385158287997135,0.5427384544797564
sunsched_lite,46,cct_region,2015,0.5,pvgis,365,0.32494362877726723,88.072440650112,0.31,6276,0.14712054921210826,nan,0.1435627788400255,0.07770291315001686,0.554954954954955,0.4380165289256198,0.34448693435309113,0.0,0.6555130656469088,0.0,0.0,0.0,0.0,0.0,0.21456265784512504,0.11135417778252053,0.1368583929143101,0.21613705088926174,0.726849926137358,0.0,21.709066091403,0.31588850837138505,43.41185730988292,70.31528015610435,5.393884797238655,0.0,0.21423135464231355,0,0.952112676056338,0.009864281158574928,6.747218325722688e-05,0.993206417745693,0.6222136078208205,16.505060706506686,0.14660817383787794,0.6058747785191583,0.5149935617412845
sunsched_lite,7,cct_region,2012,0.5,pvgis,365,0.2592832308673501,70.275903079136,0.3,1853,0.3512293621570259,nan,0.3211009174311927,0.14478328147890315,0.7099099099099099,0.44148936170212766,0.3038316243928764,0.0,0.6961683756071236,0.0,0.0,0.0,0.0,0.0,0.4600308825276162,0.19622282931464546,0.18612661836322605,0.22052239362495418,0.7275175023936323,0.0,20.729461989872192,0.31588850837138505,33.5773735468446,67.82844424204272,2.8593712792052757,0.0,0.27366818873668186,0,0.9464788732394366,0.009127640363191334,8.250871627400994e-06,0.9990968728265989,0.39999007066276804,17.94287909254458,0.13978869354827084,0.5573241589837769,0.47372553513621035
sunsched_lite,7,cct_region,2014,0.5,pvgis,365,0.2592832308673501,70.275903079136,0.29,1853,0.3619194678702935,nan,0.33081489476524556,0.14654561054507895,0.7207207207207207,0.44148936170212766,0.29411764705882354,0.0,0.7058823529411765,0.0,0.0,0.0,0.0,0.0,0.4600308825276162,0.19622282931464546,0.18612661836322605,0.2256088867680387,0.731416433357733,0.0,22.297233232776282,0.31588850837138505,36.390932382790126,67.83698997565328,3.1976247161355222,0.0,0.2423230593607306,0,0.9436619718309859,0.01037793294419739,9.270548078943435e-06,0.9991075029880914,0.39999007066276804,15.781359434315533,0.15048625597696919,0.6336589722591106,0.538610126420244
sunsched_lite,7,cct_region,2015,0.5,pvgis,365,0.2592832308673501,70.275903079136,0.29,1853,0.3399453616819101,nan,0.31084727468969237,0.14478532111756404,0.6918918918918919,0.3776595744680851,0.3264975715056665,0.0,0.6735024284943335,0.0,0.0,0.0,0.0,0.0,0.4600308825276162,0.19622282931464546,0.18612661836322605,0.21722067995954686,0.7280961363430003,0.0,21.709066091403,0.31588850837138505,34.63975171205602,67.79587261800391,3.2481400243827245,0.0,0.2685502283105023,0,0.9436619718309859,0.009879316897645577,8.815634773448155e-06,0.9991084631254137,0.39999007066276804,16.577871634664277,0.1462358175475189,0.6032137430169282,0.512731681564389
sunsched_lite,7,cct_region,2013,0.5,pvgis,365,0.2592832308673501,70.275903079136,0.3,1853,0.3512293621570259,nan,0.3211009174311927,0.14547688300482653,0.7099099099099099,0.4095744680851064,0.30706961683756073,0.0,0.6929303831624393,0.0,0.0,0.0,0.0,0.0,0.4600308825276162,0.19622282931464546,0.18612661836322605,0.22054918782147928,0.7287335374421224,0.0,20.64649507784094,0.31588850837138505,35.5822168786866,67.82054303259353,3.1973799813212156,0.0,0.25349124809741247,0,0.9408450704225352,0.00916836435967428,8.202402656635448e-06,0.999106157796366,0.39999007066276804,17.86334650796486,0.14013856119204526,0.5598055210730659,0.47583469291210606
sunsched_lite,78,cct_region,2011,0.5,pvgis,365,0.26856215194727723,72.79085383900801,0.3,2359,0.07340202425458192,-0.41336898395721927,0.07969478592623994,0.06974371304244532,0.5144827586206897,0.2717391304347826,0.3899957609156422,0.0,0.6100042390843577,0.0,0.0,0.0,0.0,0.0,0.10864411416066382,0.24491656788547456,0.19389988146256956,0.22350566511872735,0.7243032240360451,0.0,19.639202912676332,0.31588850837138505,36.76989662333198,67.68865761002724,3.285134347028621,0.0,0.2351407914764079,0,0.9380281690140845,0.008569332172651874,8.77018294656443e-06,0.9989776080322893,0.40204038561886096,19.10961014845042,0.1349762522761382,0.5232969130357109,0.4448023760803543
sunsched_lite,78,cct_region,2012,0.5,pvgis,365,0.26856215194727723,72.79085383900801,0.31,2359,0.07340202425458192,-0.41336898395721927,0.07969478592623994,0.06974371304244532,0.5144827586206897,0.2717391304347826,0.3899957609156422,0.0,0.6100042390843577,0.0,0.0,0.0,0.0,0.0,0.10864411416066382,0.24491656788547456,0.19389988146256956,0.22406659896564304,0.7266612401978273,0.0,20.729461989872192,0.31588850837138505,34.77900081047541,67.68865761002724,3.2139091809188285,0.0,0.259265601217656,0,0.9464788732394366,0.009166471428548387,8.578876457729235e-06,0.9990649777197353,0.40099937469113117,17.866298971630663,0.1401255200844137,0.5597130114008888,0.47575605969075546
sunsched_lite,78,cct_region,2013,0.5,pvgis,365,0.26856215194727723,72.79085383900801,0.29,2359,0.06884289231330354,-0.46684491978609627,0.07545570156846121,0.06568505176216637,0.5075862068965518,0.2717391304347826,0.39762611275964393,0.0,0.6023738872403561,0.0,0.0,0.0,0.0,0.0,0.10864411416066382,0.24491656788547456,0.19389988146256956,0.2236371571322692,0.7277932221444144,0.0,20.64649507784094,0.31588850837138505,36.85559110023469,67.67758556062718,3.605488543229745,0.0,0.23917427701674276,0,0.9408450704225352,0.009202401498559078,1.0853178130672904e-05,0.9988220038942229,0.408212872004407,17.792213238578032,0.14045400583514256,0.5620436235733429,0.4777370800373415
sunsched_lite,78,cct_region,2014,0.5,pvgis,365,0.26856215194727723,72.79085383900801,0.3,2359,0.07340202425458192,-0.41336898395721927,0.07969478592623994,0.06925583425133947,0.5236781609195402,0.2717391304347826,0.3798219584569733,0.0,0.6201780415430267,0.0,0.0,0.0,0.0,0.0,0.10864411416066382,0.24491656788547456,0.19389988146256956,0.2289952354210733,0.7305245734754501,0.0,22.297233232776282,0.31588850837138505,37.69324795667156,67.71015718466599,3.6157550338187376,0.0,0.22790144596651446,0,0.9464788732394366,0.01041965219898831,1.025081281022011e-05,0.9990171708405511,0.40207800623086054,15.716751310492132,0.15084892682132378,0.6362638055692995,0.5408242347339045
sunsched_lite,78,cct_region,2015,0.5,pvgis,365,0.26856215194727723,72.79085383900801,0.3,2359,0.06747515273092003,-0.4828877005347593,0.07418397626112759,0.06467457153700915,0.5020689655172413,0.2717391304347826,0.4052564646036456,0.0,0.5947435353963544,0.0,0.0,0.0,0.0,0.0,0.10864411416066382,0.24491656788547456,0.19389988146256956,0.21996575062177437,0.7271895419120183,0.0,21.709066091403,0.31588850837138505,35.879398106808,67.66398719543761,3.648454736383448,0.0,0.25488013698630135,0,0.9464788732394366,0.009906966167945081,8.840838254706306e-06,0.9991084096080955,0.39999007066276804,16.53160370371246,0.14647207155343434,0.6049019913146313,0.5141666926174365
sunsched_lite,0,cct_region,2011,1.0,pvgis,365,0.6324456329947064,85.70875921763201,0.3,1861,0.500191717791411,0.0,0.708221386351424,0.23054618357163578,0.9917491749174917,0.23255813953488372,0.0,0.0,1.0,0.0,0.0,0.0,0.0,0.0,0.500191717791411,0.6087039877300612,0.7935199386503067,0.39266095170246257,0.7479660250504859,0.0,19.639202912676332,0.31588850837138505,86.59060994439086,67.75174442900305,25.806834924869275,0.0,0.0,0,0.9464788732394366,0.010239727002234598,5.6782185591401465e-05,0.9944852974386176,0.987384859179029,15.920365712177958,0.14971542288127526,0.6281262742821734,0.5339073331398474
sunsched_lite,0,cct_region,2012,1.0,pvgis,365,0.6324456329947064,85.70875921763201,0.31,1861,0.500191717791411,0.0,0.708221386351424,0.23054618357163578,0.9917491749174917,0.23255813953488372,0.0,0.0,1.0,0.0,0.0,0.0,0.0,0.0,0.500191717791411,0.6087039877300612,0.7935199386503067,0.3798502367353792,0.7586889052002227,0.0,20.729461989872192,0.31588850837138505,81.90218548301715,67.75174442900305,23.91881703059406,0.0,0.0,0,0.9408450704225352,0.010818767469594297,5.932665785610388e-05,0.994546226833394,0.9918599460698916,15.069201452792614,0.15464630923505007,0.6636051705411906,0.564064394960012
sunsched_lite,0,cct_region,2013,1.0,pvgis,365,0.6324456329947064,85.70875921763201,0.3,1861,0.500191717791411,0.0,0.708221386351424,0.23054618357163578,0.9917491749174917,0.23255813953488372,0.0,0.0,1.0,0.0,0.0,0.0,0.0,0.0,0.500191717791411,0.6087039877300612,0.7935199386503067,0.3939785214962722,0.7557057200873475,0.0,20.64649507784094,0.31588850837138505,86.79241461900928,67.75174442900305,26.14532350200109,0.0,0.0,0,0.9408450704225352,0.010994507517506464,6.128976752386538e-05,0.9944563231448851,0.9860039082771851,14.826989641981365,0.15614721665847797,0.6744457399286128,0.5732788789393208
sunsched_lite,0,cct_region,2015,1.0,pvgis,365,0.6324456329947064,85.70875921763201,0.31,1861,0.500191717791411,0.0,0.708221386351424,0.23054618357163578,0.9917491749174917,0.23255813953488372,0.0,0.0,1.0,0.0,0.0,0.0,0.0,0.0,0.500191717791411,0.6087039877300612,0.7935199386503067,0.3959028588560579,0.7566330263833374,0.0,21.709066091403,0.31588850837138505,84.49354640107268,67.75174442900305,23.19889487470594,0.0,0.0,0,0.9408450704225352,0.011841850113800925,6.704532835379753e-05,0.9943701471996746,1.001227877843407,13.764852720827227,0.1633155461324941,0.7264879765018677,0.6175147800265876
sunsched_lite,100,cct_region,2012,1.0,pvgis,365,0.6105281741575894,82.73851465568,0.31,4890,0.13079900996382557,0.0,0.13987730061349693,0.08662383638636405,0.9063495434274793,0.5966850828729282,0.0,0.0,1.0,0.0,0.0,0.0,0.0,0.0,0.13079900996382557,0.2012227369846206,0.4851177254553531,0.36104327492875804,0.7527936175760707,0.0,20.729461989872192,0.31588850837138505,79.06385806743447,71.5460120167942,18.99909222572932,0.0,0.0,0,0.9436619718309859,0.010652030759892617,7.202451824073261e-05,0.9932838356039071,1.0765677774886178,15.285653381816896,0.15334311023071878,0.6542082140823327,0.5560769819699828
sunsched_lite,100,cct_region,2014,1.0,pvgis,365,0.6105281741575894,82.73851465568,0.32,4890,0.13079900996382557,0.0,0.13987730061349693,0.08662383638636405,0.9063495434274793,0.5966850828729282,0.0,0.0,1.0,0.0,0.0,0.0,0.0,0.0,0.13079900996382557,0.2012227369846206,0.4851177254553531,0.3841185110755329,0.7542718896098592,0.0,22.297233232776282,0.31588850837138505,85.68887941281247,71.5460120167942,22.179450689139216,0.0,0.0,0,0.9436619718309859,0.01220331869723135,7.80559062039782e-05,0.9936443672858781,1.0731255404416182,13.347381471707388,0.16642623585539007,0.7492106239112987,0.6368290303246039
sunsched_lite,0,cct_region,2014,1.0,pvgis,365,0.6324456329947064,85.70875921763201,0.35,1861,0.500191717791411,0.0,0.708221386351424,0.23054618357163578,0.9917491749174917,0.23255813953488372,0.0,0.0,1.0,0.0,0.0,0.0,0.0,0.0,0.500191717791411,0.6087039877300612,0.7935199386503067,0.3991233952127541,0.7602989063901714,0.0,22.297233232776282,0.31588850837138505,88.76503964066944,67.75174442900305,28.062824315582606,0.0,0.0,0,0.9436619718309859,0.012374403403200368,6.71349630844221e-05,0.9946039660765463,0.9784930253636563,13.175556511018526,0.16776025390355398,0.7589812234221109,0.6451340399087941
sunsched_lite,100,cct_region,2015,1.0,pvgis,365,0.6105281741575894,82.73851465568,0.33,4890,0.13079900996382557,0.0,0.13987730061349693,0.08662383638636405,0.9063495434274793,0.5966850828729282,0.0,0.0,1.0,0.0,0.0,0.0,0.0,0.0,0.13079900996382557,0.2012227369846206,0.4851177254553531,0.3747645984128987,0.7507583700313014,0.0,21.709066091403,0.31588850837138505,81.56541514577572,71.5460120167942,18.094332006697726,0.0,0.0,0,0.9436619718309859,0.011613694145118574,7.746505583143117e-05,0.993374048330029,1.0831354654252074,14.021209446508104,0.16149178659236862,0.7132052365490081,0.6062244510666569
sunsched_lite,105,cct_region,2011,1.0,pvgis,365,0.529264676669618,71.725720549728,0.31,2169,0.07260536398467432,0.0,0.08483171968649147,0.0856813132549586,0.8104858104858105,0.6,0.0,0.0,1.0,0.0,0.0,0.0,0.0,0.0,0.07260536398467432,0.2796455938697318,0.43668582375478926,0.3755181737754511,0.740323291541342,0.0,19.639202912676332,0.31588850837138505,72.46370088419438,68.43439247896946,13.768572721269987,0.0,0.0,0,0.9436619718309859,0.010087894119217284,7.15623530454067e-05,0.9929560844873163,1.0032620185341556,16.135134027744062,0.14854924587757734,0.6197655366732737,0.5268007061722826
sunsched_lite,100,cct_region,2011,1.0,pvgis,365,0.6105281741575894,82.73851465568,0.39,4890,0.13079900996382557,0.0,0.13987730061349693,0.08662383638636405,0.9063495434274793,0.5966850828729282,0.0,0.0,1.0,0.0,0.0,0.0,0.0,0.0,0.13079900996382557,0.2012227369846206,0.4851177254553531,0.3771225228634661,0.7423906890600732,0.0,19.639202912676332,0.31588850837138505,83.58980476821888,71.5460120167942,20.206748188826353,0.0,0.0,0,0.9436619718309859,0.010102263884789114,6.554495064227639e-05,0.9935536798829386,1.0784542355710462,16.121879795553372,0.14862036179529725,0.6202750626361904,0.5272338032407619
sunsched_lite,100,cct_region,2013,1.0,pvgis,365,0.6105281741575894,82.73851465568,0.39,4890,0.13079900996382557,0.0,0.13987730061349693,0.08662383638636405,0.9063495434274793,0.5966850828729282,0.0,0.0,1.0,0.0,0.0,0.0,0.0,0.0,0.13079900996382557,0.2012227369846206,0.4851177254553531,0.3788562868481481,0.7499521050090131,0.0,20.64649507784094,0.31588850837138505,83.78461588415563,71.5460120167942,20.450609764488444,0.0,0.0,0,0.9408450704225352,0.0108408555241939,7.114780487403788e-05,0.9934798585806411,1.0803432260334511,15.02237370037461,0.15493291773077866,0.6656737609816371,0.5658226968343916
sunsched_lite,105,cct_region,2014,1.0,pvgis,365,0.529264676669618,71.725720549728,0.31,2169,0.07260536398467432,0.0,0.08483171968649147,0.0856813132549586,0.8104858104858105,0.6,0.0,0.0,1.0,0.0,0.0,0.0,0.0,0.0,0.07260536398467432,0.2796455938697318,0.43668582375478926,0.38378563448612396,0.7507095983611384,0.0,22.297233232776282,0.31588850837138505,74.28338113827697,68.43439247896946,15.403259254705103,0.0,0.0,0,0.9436619718309859,0.012206574062449842,8.769036403542098e-05,0.9928673761199969,0.9933728813409659,13.333387516527797,0.16653367542442699,0.7499969522076969,0.6374974093765423
sunsched_lite,105,cct_region,2012,1.0,pvgis,365,0.529264676669618,71.725720549728,0.31,2169,0.07260536398467432,0.0,0.08483171968649147,0.0856813132549586,0.8104858104858105,0.6,0.0,0.0,1.0,0.0,0.0,0.0,0.0,0.0,0.07260536398467432,0.2796455938697318,0.43668582375478926,0.3549702833170795,0.7487195339839465,0.0,20.729461989872192,0.31588850837138505,68.5401739797723,68.43439247896946,13.620810710323214,0.0,0.0,0,0.9464788732394366,0.010599780810237715,7.963804810572617e-05,0.9925428481491286,0.9916437172937952,15.349542330285358,0.15296510122265417,0.6514852224792095,0.553762439107328
sunsched_lite,105,cct_region,2015,1.0,pvgis,365,0.529264676669618,71.725720549728,0.3,2169,0.07260536398467432,0.0,0.08483171968649147,0.0856813132549586,0.8104858104858105,0.6,0.0,0.0,1.0,0.0,0.0,0.0,0.0,0.0,0.07260536398467432,0.2796455938697318,0.43668582375478926,0.34768157227172913,0.7473391101299618,0.0,21.709066091403,0.31588850837138505,70.70876480699424,68.43439247896946,14.050466952004777,0.0,0.0,0,0.9436619718309859,0.011315363092413903,7.92718350352359e-05,0.9930430561803895,0.978177324810577,14.386085457999599,0.15900169849243084,0.6951161265651561,0.5908487075803827
sunsched_lite,105,cct_region,2013,1.0,pvgis,365,0.529264676669618,71.725720549728,0.38,2169,0.07260536398467432,0.0,0.08483171968649147,0.0856813132549586,0.8104858104858105,0.6,0.0,0.0,1.0,0.0,0.0,0.0,0.0,0.0,0.07260536398467432,0.2796455938697318,0.43668582375478926,0.3746898532825412,0.7467674737085239,0.0,20.64649507784094,0.31588850837138505,72.63258193940429,68.43439247896946,14.133753053625798,0.0,0.0,0,0.9464788732394366,0.010792822090443747,7.945541245964304e-05,0.9926919256394601,1.0016190871703334,15.077263414699928,0.15459713598082658,0.6632503342914515,0.5637627841477337
sunsched_lite,130,cct_region,2011,1.0,pvgis,365,0.5053064365483766,68.47891018896,0.3,1455,0.13661805862424511,0.0,0.13676975945017184,0.07489019168284437,0.9806978470675576,0.8611111111111112,0.0,0.0,1.0,0.0,0.0,0.0,0.0,0.0,0.13661805862424511,0.29496243923994697,0.36964206805125943,0.3665351246248059,0.741505855799871,0.0,19.639202912676332,0.31588850837138505,69.18348434531293,67.77204329136786,13.08244115599082,0.0,0.0,0,0.9408450704225352,0.010010922030194868,8.936808914531682e-05,0.9911519285001335,0.9712351692134363,16.229651811199552,0.14804530505233116,0.6161561638124193,0.5237327392405565
sunsched_lite,130,cct_region,2012,1.0,pvgis,365,0.5053064365483766,68.47891018896,0.3,1455,0.13661805862424511,0.0,0.13676975945017184,0.07492239148260187,0.9517446176688938,0.8611111111111112,0.026804123711340205,0.0,0.9731958762886598,0.0,0.0,0.0,0.0,0.0,0.13661805862424511,0.29496243923994697,0.36964206805125943,0.343772657521449,0.7493656457536273,0.0,20.729461989872192,0.31588850837138505,65.43756385190234,67.73836964047513,13.185366038845823,0.0,0.0,0,0.9464788732394366,0.010500329316694524,9.069874940303127e-05,0.9914362657867594,0.9559516056288369,15.477646816338863,0.1522160536406928,0.6460930475195734,0.5491790903916374
sunsched_lite,130,cct_region,2013,1.0,pvgis,365,0.5053064365483766,68.47891018896,0.3,1455,0.13661805862424511,0.0,0.13676975945017184,0.07489019168284437,0.9806978470675576,0.8611111111111112,0.0,0.0,1.0,0.0,0.0,0.0,0.0,0.0,0.13661805862424511,0.29496243923994697,0.36964206805125943,0.36177876986137936,0.7477084471093627,0.0,20.64649507784094,0.31588850837138505,69.34472065669041,67.77204329136786,13.755076637338838,0.0,0.0,0,0.9408450704225352,0.010672931807314838,8.961891089905673e-05,0.9916730788782819,0.9641858706369015,15.230979729700591,0.15366897780831612,0.6565565825355201,0.5580730951551921
sunsched_lite,130,cct_region,2014,1.0,pvgis,365,0.5053064365483766,68.47891018896,0.3,1455,0.13661805862424511,0.0,0.13676975945017184,0.07489019168284437,0.9806978470675576,0.8611111111111112,0.0,0.0,1.0,0.0,0.0,0.0,0.0,0.0,0.13661805862424511,0.29496243923994697,0.36964206805125943,0.37318121276397315,0.7514820163403262,0.0,22.297233232776282,0.31588850837138505,70.92079307831544,67.77204329136786,14.610622815337255,0.0,0.0,0,0.9436619718309859,0.012094713507401525,9.859773505659916e-05,0.9919137850993851,0.9586175417917338,13.443779837112062,0.1656918372067453,0.7438384235060606,0.6322626599801514
sunsched_lite,130,cct_region,2015,1.0,pvgis,365,0.5053064365483766,68.47891018896,0.3,1455,0.13661805862424511,0.0,0.13676975945017184,0.07489019168284437,0.9806978470675576,0.8611111111111112,0.0,0.0,1.0,0.0,0.0,0.0,0.0,0.0,0.13661805862424511,0.29496243923994697,0.36964206805125943,0.3393865901509977,0.7481723198995625,0.0,21.709066091403,0.31588850837138505,67.50798901257977,67.77204329136786,13.49269851073873,0.0,0.0,0,0.9436619718309859,0.011247570354998975,8.812487456036807e-05,0.9922258959176521,0.9445082937404736,14.460885592754478,0.1585058661925287,0.6915205805245032,0.5877924934458276
sunsched_lite,28,cct_region,2011,1.0,pvgis,365,0.515310481749955,69.834654076896,0.3,1333,0.1862785862785863,0.0,0.18829707426856715,0.10218881619939477,0.8981481481481481,0.7931034482758621,0.0,0.0,1.0,0.0,0.0,0.0,0.0,0.0,0.1862785862785863,0.19176715176715176,0.2892307692307692,0.37334892922225393,0.7414338853585273,0.0,19.639202912676332,0.31588850837138505,70.55317737618083,67.71664852379557,13.458527529078289,0.0,0.0,0,0.9464788732394366,0.010071313386152423,8.23401788239085e-05,0.9918905861523648,0.9803473130746414,16.144355406651346,0.14849983370418096,0.6194115372286761,0.5264998066443748
sunsched_lite,28,cct_region,2013,1.0,pvgis,365,0.515310481749955,69.834654076896,0.31,1333,0.1862785862785863,0.0,0.18829707426856715,0.10218881619939477,0.8981481481481481,0.7931034482758621,0.0,0.0,1.0,0.0,0.0,0.0,0.0,0.0,0.1862785862785863,0.19176715176715176,0.2892307692307692,0.36883791820463374,0.7477913194120227,0.0,20.64649507784094,0.31588850837138505,70.71760584034051,67.71664852379557,14.129802824419944,0.0,0.0,0,0.9464788732394366,0.010739629023850726,8.749196727991463e-05,0.9919191844857386,0.9734190536584882,15.14014593198633,0.1542152891326517,0.6604956150966266,0.5614212728321326
sunsched_lite,28,cct_region,2014,1.0,pvgis,365,0.515310481749955,69.834654076896,0.3,1333,0.1862785862785863,0.0,0.18829707426856715,0.10218881619939477,0.8981481481481481,0.7931034482758621,0.0,0.0,1.0,0.0,0.0,0.0,0.0,0.0,0.1862785862785863,0.19176715176715176,0.2892307692307692,0.3817337502558137,0.7516155006118089,0.0,22.297233232776282,0.31588850837138505,72.32488130749718,67.71664852379557,14.921271362494346,0.0,0.0,0,0.9436619718309859,0.012187952800684854,9.851488251721302e-05,0.9919818384699859,0.9701004497290422,13.341848613910885,0.1664686894742231,0.7495213211738511,0.6370931229977734
sunsched_lite,28,cct_region,2012,1.0,pvgis,365,0.515310481749955,69.834654076896,0.34,1333,0.1862785862785863,0.0,0.18829707426856715,0.10218881619939477,0.8981481481481481,0.7931034482758621,0.0,0.0,1.0,0.0,0.0,0.0,0.0,0.0,0.1862785862785863,0.19176715176715176,0.2892307692307692,0.3510937588562448,0.7495647709371962,0.0,20.729461989872192,0.31588850837138505,66.73309523505122,67.71664852379557,13.520765483924773,0.0,0.0,0,0.9436619718309859,0.01056781525113816,8.25909615577049e-05,0.992245275916401,0.9666510661627402,15.391355837074439,0.15271931335754652,0.6497153406012594,0.5522580395110704
sunsched_lite,40,cct_region,2011,1.0,pvgis,365,0.4926895242489614,66.769071679648,0.3,1079,0.15880487056175177,0.0,0.16218721037998146,0.09384774925614975,0.974120082815735,0.8053097345132744,0.0,0.0,1.0,0.0,0.0,0.0,0.0,0.0,0.15880487056175177,0.08216514887956615,0.23636549677683413,0.3567303988454423,0.7422253977011367,0.0,19.639202912676332,0.31588850837138505,67.45605344117615,67.5926903062394,12.535973829557797,0.0,0.0,0,0.9492957746478873,0.009913507323125303,0.00010129870470550928,0.9898851056701444,0.9576086788593967,16.368184403517205,0.14731667733534515,0.6109413086677588,0.5193001123675949
sunsched_lite,28,cct_region,2015,1.0,pvgis,365,0.515310481749955,69.834654076896,0.31,1333,0.1862785862785863,0.0,0.18829707426856715,0.10218881619939477,0.8981481481481481,0.7931034482758621,0.0,0.0,1.0,0.0,0.0,0.0,0.0,0.0,0.1862785862785863,0.19176715176715176,0.2892307692307692,0.3467798845087908,0.7482729206159997,0.0,21.709066091403,0.31588850837138505,68.84451062540988,67.71664852379557,13.812551991320452,0.0,0.0,0,0.9408450704225352,0.011320419009114019,8.566562085872903e-05,0.9924894805151964,0.9546940106311566,14.371644358856736,0.15909798559064636,0.6958146020248096,0.5914424117210881
sunsched_lite,40,cct_region,2012,1.0,pvgis,365,0.4926895242489614,66.769071679648,0.3,1079,0.15880487056175177,0.0,0.16218721037998146,0.0943139497223502,0.974120082815735,0.7610619469026548,0.004633920296570899,0.0,0.995366079703429,0.0,0.0,0.0,0.0,0.0,0.15880487056175177,0.08216514887956615,0.23636549677683413,0.3367224015631181,0.7497940615901809,0.0,20.729461989872192,0.31588850837138505,63.80366421300925,67.59031649134761,12.504815953892987,0.0,0.0,0,0.9464788732394366,0.010430271234746857,0.00010330025735099433,0.9901932352736688,0.9443859458783523,15.56207141632486,0.15172879489837376,0.6425879776846314,0.5461997810319367
sunsched_lite,40,cct_region,2013,1.0,pvgis,365,0.4926895242489614,66.769071679648,0.3,1079,0.15880487056175177,0.0,0.16218721037998146,0.09384774925614975,0.974120082815735,0.8053097345132744,0.0,0.0,1.0,0.0,0.0,0.0,0.0,0.0,0.15880487056175177,0.08216514887956615,0.23636549677683413,0.35419878999295334,0.7482781193099141,0.0,20.64649507784094,0.31588850837138505,67.6132638699357,67.5926903062394,13.067077192164122,0.0,0.0,0,0.9436619718309859,0.010596178221337259,0.00010497132906980113,0.9901906492778798,0.9528876953305747,15.318372204484787,0.1531491513857799,0.6528108774555225,0.554889245837194
sunsched_lite,40,cct_region,2014,1.0,pvgis,365,0.4926895242489614,66.769071679648,0.3,1079,0.15880487056175177,0.0,0.16218721037998146,0.09384774925614975,0.974120082815735,0.8053097345132744,0.0,0.0,1.0,0.0,0.0,0.0,0.0,0.0,0.15880487056175177,0.08216514887956615,0.23636549677683413,0.36522749311311103,0.7519894359923173,0.0,22.297233232776282,0.31588850837138505,69.14998360162295,67.5926903062394,13.90727541726995,0.0,0.0,0,0.9408450704225352,0.012004502155297397,0.00011525269383389851,0.9904905094807129,0.9460413878415559,13.525371913008614,0.16507792237702845,0.739351203376675,0.6284485228701737
sunsched_lite,40,cct_region,2015,1.0,pvgis,365,0.4926895242489614,66.769071679648,0.3,1079,0.15880487056175177,0.0,0.16218721037998146,0.09384774925614975,0.974120082815735,0.8053097345132744,0.0,0.0,1.0,0.0,0.0,0.0,0.0,0.0,0.15880487056175177,0.08216514887956615,0.23636549677683413,0.33131870733604984,0.748697015095678,0.0,21.709066091403,0.31588850837138505,65.82239327249897,67.5926903062394,12.873112154808322,0.0,0.0,0,0.9464788732394366,0.01116671537647847,0.00010160715979093655,0.9909829382799532,0.9326420143836125,14.547346448538969,0.15793873255637614,0.6874105896477312,0.5842990012005715
sunsched_lite,46,cct_region,2011,1.0,pvgis,365,0.6498872575545345,88.072440650112,0.33,6276,0.21456265784512504,nan,0.212874442319949,0.09284589182409973,0.8286486486486486,0.8016528925619835,0.0,0.0,1.0,0.0,0.0,0.0,0.0,0.0,0.21456265784512504,0.11135417778252053,0.1368583929143101,0.3839422703622148,0.7437998244905272,0.0,19.639202912676332,0.31588850837138505,88.97861111044423,72.47855982059706,23.536540948474876,0.0,0.0,0,0.9464788732394366,0.010158693227578376,6.258404825774805e-05,0.9938770814479614,1.104325290367678,16.037544761310762,0.1490754757393744,0.6235368411331992,0.5300063149632194
sunsched_lite,46,cct_region,2012,1.0,pvgis,365,0.6498872575545345,88.072440650112,0.33,6276,0.21456265784512504,nan,0.212874442319949,0.09284589182409973,0.8286486486486486,0.8016528925619835,0.0,0.0,1.0,0.0,0.0,0.0,0.0,0.0,0.21456265784512504,0.11135417778252053,0.1368583929143101,0.37249386955817015,0.7549233411235565,0.0,20.729461989872192,0.31588850837138505,84.16088899095479,72.47855982059706,21.264594050011887,0.0,0.0,0,0.9436619718309859,0.010740572521625174,6.933983065075554e-05,0.9935855325750022,1.1109201108813624,15.164248005625836,0.15406972611996728,0.6594458225881076,0.5605289491998915
sunsched_lite,46,cct_region,2013,1.0,pvgis,365,0.6498872575545345,88.072440650112,0.33,6276,0.21456265784512504,nan,0.212874442319949,0.09284589182409973,0.8286486486486486,0.8016528925619835,0.0,0.0,1.0,0.0,0.0,0.0,0.0,0.0,0.21456265784512504,0.11135417778252053,0.1368583929143101,0.3845900897135297,0.7517011063172163,0.0,20.64649507784094,0.31588850837138505,89.18598116679111,72.47855982059706,23.870424365258135,0.0,0.0,0,0.9464788732394366,0.010891526311023003,6.813015875530449e-05,0.9937835497907095,1.1013594759333252,14.957055659638412,0.15533552869256817,0.6685807840499639,0.5682936664424694
sunsched_lite,46,cct_region,2014,1.0,pvgis,365,0.6498872575545345,88.072440650112,0.32,6276,0.21456265784512504,nan,0.212874442319949,0.09284589182409973,0.8286486486486486,0.8016528925619835,0.0,0.0,1.0,0.0,0.0,0.0,0.0,0.0,0.21456265784512504,0.11135417778252053,0.1368583929143101,0.3900759920811546,0.7562528708357728,0.0,22.297233232776282,0.31588850837138505,91.21300736260577,72.47855982059706,25.864206478489148,0.0,0.0,0,0.9436619718309859,0.012264961226359939,7.500516204181676e-05,0.9939217693402865,1.0959178451377112,13.284006347299416,0.16691449992019103,0.7527849459386143,0.6398672040478222
sunsched_lite,46,cct_region,2015,1.0,pvgis,365,0.6498872575545345,88.072440650112,0.33,6276,0.21456265784512504,nan,0.212874442319949,0.09284589182409973,0.8286486486486486,0.8016528925619835,0.0,0.0,1.0,0.0,0.0,0.0,0.0,0.0,0.21456265784512504,0.11135417778252053,0.1368583929143101,0.38529610572649714,0.7526779838556397,0.0,21.709066091403,0.31588850837138505,86.82371461976584,72.47855982059706,20.526381803343007,0.0,0.0,0,0.9408450704225352,0.011707920039364684,7.535104820928887e-05,0.9936052520858364,1.1201252061457734,13.91160320514533,0.1622638010345009,0.7188244124373394,0.6110007505717384
sunsched_lite,7,cct_region,2011,1.0,pvgis,365,0.5185664617347002,70.275903079136,0.31,1853,0.4600308825276162,nan,0.42579600647598487,0.15751626039084943,0.9807807807807808,0.9148936170212766,0.0,0.0,1.0,0.0,0.0,0.0,0.0,0.0,0.4600308825276162,0.19622282931464546,0.18612661836322605,0.37332365588098937,0.7426250487604769,0.0,19.639202912676332,0.31588850837138505,70.99896635492783,68.14626211465134,13.199422257127113,0.0,0.0,0,0.9464788732394366,0.010071704525122967,7.9201864668789e-05,0.9921975573778872,0.9891210029424858,16.148724609837846,0.14847644030509266,0.6192439490799152,0.5263573567179279
sunsched_lite,7,cct_region,2012,1.0,pvgis,365,0.5185664617347002,70.275903079136,0.32,1853,0.4600308825276162,nan,0.42579600647598487,0.15751626039084943,0.9807807807807808,0.9148936170212766,0.0,0.0,1.0,0.0,0.0,0.0,0.0,0.0,0.4600308825276162,0.19622282931464546,0.18612661836322605,0.34975267778492597,0.7507915780815161,0.0,20.729461989872192,0.31588850837138505,67.1547470936892,68.14626211465134,13.358119065515254,0.0,0.0,0,0.9436619718309859,0.010552975987815141,8.356946006524783e-05,0.9921431765158394,0.9736607872371162,15.41141272156709,0.15260186319387714,0.648869781159372,0.5515393139854662
sunsched_lite,7,cct_region,2013,1.0,pvgis,365,0.5185664617347002,70.275903079136,0.31,1853,0.4600308825276162,nan,0.42579600647598487,0.15751626039084943,0.9807807807807808,0.9148936170212766,0.0,0.0,1.0,0.0,0.0,0.0,0.0,0.0,0.4600308825276162,0.19622282931464546,0.18612661836322605,0.3671173563659721,0.7489849370412972,0.0,20.64649507784094,0.31588850837138505,71.1644337573732,68.14626211465134,13.99332680292809,0.0,0.0,0,0.9464788732394366,0.010717797671028475,8.349200975463854e-05,0.9922701814114677,0.9808653795902109,15.17635362753326,0.15399677993855554,0.6589198067879619,0.5600818357697677
sunsched_lite,7,cct_region,2014,1.0,pvgis,365,0.5185664617347002,70.275903079136,0.31,1853,0.4600308825276162,nan,0.42579600647598487,0.15751626039084943,0.9807807807807808,0.9148936170212766,0.0,0.0,1.0,0.0,0.0,0.0,0.0,0.0,0.4600308825276162,0.19622282931464546,0.18612661836322605,0.3808042451163574,0.7528246583069584,0.0,22.297233232776282,0.31588850837138505,72.78186476558025,68.14626211465134,14.740473858021074,0.0,0.0,0,0.9436619718309859,0.01217322382355098,9.492587810189856e-05,0.9922624127997794,0.9798345447476208,13.361769770946387,0.16631598893041266,0.7484038545360837,0.6361432763556711
sunsched_lite,7,cct_region,2015,1.0,pvgis,365,0.5185664617347002,70.275903079136,0.31,1853,0.4600308825276162,nan,0.42579600647598487,0.15751626039084943,0.9807807807807808,0.9148936170212766,0.0,0.0,1.0,0.0,0.0,0.0,0.0,0.0,0.4600308825276162,0.19622282931464546,0.18612661836322605,0.34370546879453406,0.7494978385783146,0.0,21.709066091403,0.31588850837138505,69.27950342411204,68.14626211465134,13.717186869179756,0.0,0.0,0,0.9436619718309859,0.011282884417046201,8.075961920479691e-05,0.9928931583084469,0.9590742722466904,14.425319141118655,0.15874102299224135,0.6932255641745559,0.5892417295483725
sunsched_lite,78,cct_region,2011,1.0,pvgis,365,0.5371243038945545,72.79085383900801,0.32,2359,0.10864411416066382,0.0,0.1288681644764731,0.09292406092237715,0.8041379310344827,0.6032608695652174,0.0,0.0,1.0,0.0,0.0,0.0,0.0,0.0,0.10864411416066382,0.24491656788547456,0.19389988146256956,0.3787069675662167,0.7421593389740347,0.0,19.639202912676332,0.31588850837138505,73.53979324666396,68.39070270801838,14.912776363308476,0.0,0.0,0,0.9436619718309859,0.010125660945622408,7.052518871828057e-05,0.9930831795546815,0.9954478555364492,16.077010528171385,0.14886193479703302,0.6220061859434143,0.528705258051902
sunsched_lite,78,cct_region,2012,1.0,pvgis,365,0.5371243038945545,72.79085383900801,0.33,2359,0.10864411416066382,0.0,0.1288681644764731,0.09292406092237715,0.8041379310344827,0.6032608695652174,0.0,0.0,1.0,0.0,0.0,0.0,0.0,0.0,0.10864411416066382,0.24491656788547456,0.19389988146256956,0.35635127226606006,0.7507195821557014,0.0,20.729461989872192,0.31588850837138505,69.55800162095082,68.39070270801838,14.772674177395311,0.0,0.0,0,0.9464788732394366,0.010616886414516778,8.018157718411666e-05,0.9925043406991221,0.9827136672731741,15.324217061737635,0.1531145852938829,0.6525618868300007,0.5546776038055007
sunsched_lite,78,cct_region,2013,1.0,pvgis,365,0.5371243038945545,72.79085383900801,0.32,2359,0.10864411416066382,0.0,0.1288681644764731,0.09292406092237715,0.8041379310344827,0.6032608695652174,0.0,0.0,1.0,0.0,0.0,0.0,0.0,0.0,0.10864411416066382,0.24491656788547456,0.19389988146256956,0.3765415230488151,0.7487236301020326,0.0,20.64649507784094,0.31588850837138505,73.71118220046938,68.39070270801838,15.269520848450828,0.0,0.0,0,0.9436619718309859,0.010815727121262528,7.706294422251348e-05,0.9929253254896837,0.9940152551480133,15.048870936051685,0.154770534692391,0.6645016787301694,0.564826426920644
sunsched_lite,78,cct_region,2014,1.0,pvgis,365,0.5371243038945545,72.79085383900801,0.32,2359,0.10864411416066382,0.0,0.1288681644764731,0.09292406092237715,0.8041379310344827,0.6032608695652174,0.0,0.0,1.0,0.0,0.0,0.0,0.0,0.0,0.10864411416066382,0.24491656788547456,0.19389988146256956,0.38603769298355617,0.7526987666650468,0.0,22.297233232776282,0.31588850837138505,75.38649591334313,68.39070270801838,16.534815172849303,0.0,0.0,0,0.9464788732394366,0.012237312126815477,8.542328654579259e-05,0.9930678308281154,0.9856669515065197,13.302581474828306,0.16677093840380797,0.7517337908376966,0.6389737222120422
sunsched_lite,78,cct_region,2015,1.0,pvgis,365,0.5371243038945545,72.79085383900801,0.32,2359,0.10864411416066382,0.0,0.1288681644764731,0.09292406092237715,0.8041379310344827,0.6032608695652174,0.0,0.0,1.0,0.0,0.0,0.0,0.0,0.0,0.10864411416066382,0.24491656788547456,0.19389988146256956,0.3574031004068977,0.7492541974382736,0.0,21.709066091403,0.31588850837138505,71.758796213616,68.39070270801838,14.688176271627396,0.0,0.0,0,0.9408450704225352,0.011430733780329936,8.022082289191703e-05,0.9930309148409409,0.9780412377335358,14.240712215397748,0.15997938395881517,0.7022120697859139,0.5968802593180268
sunsched_lite,0,cct_region,2011,2.0,pvgis,365,1.2648912659894127,85.70875921763201,0.31,1861,0.500191717791411,0.0,0.708221386351424,0.23054618357163578,0.9917491749174917,0.23255813953488372,0.0,0.0,1.0,0.0,0.0,0.0,0.0,0.0,0.500191717791411,0.6087039877300612,0.7935199386503067,0.41744021075219917,0.7858067344272516,0.0,19.639202912676332,0.31588850837138505,173.18121988878173,67.75174442900305,106.06804932864152,0.0,0.0,0,0.9464788732394366,0.010467158211455309,4.745460890253863e-05,0.9954867944532718,0.956451339636342,15.590131051864208,0.15156795484164653,0.6414314265051825,0.5452167125294051
sunsched_lite,0,cct_region,2012,2.0,pvgis,365,1.2648912659894127,85.70875921763201,0.33,1861,0.500191717791411,0.0,0.708221386351424,0.23054618357163578,0.9917491749174917,0.23255813953488372,0.0,0.0,1.0,0.0,0.0,0.0,0.0,0.0,0.500191717791411,0.6087039877300612,0.7935199386503067,0.42453405679880707,0.8067613121592874,0.0,20.729461989872192,0.31588850837138505,163.8043709660343,67.75174442900305,97.15984295500867,0.0,0.0,0,0.9436619718309859,0.011245140280254716,5.220552567780908e-05,0.9953789565642581,0.9980699184980848,14.509973815523074,0.15818309316424295,0.6891811196310906,0.585803951686427
sunsched_lite,0,cct_region,2013,2.0,pvgis,365,1.2648912659894127,85.70875921763201,0.31,1861,0.500191717791411,0.0,0.708221386351424,0.23054618357163578,0.9917491749174917,0.23255813953488372,0.0,0.0,1.0,0.0,0.0,0.0,0.0,0.0,0.500191717791411,0.6087039877300612,0.7935199386503067,0.4231706809113378,0.7994063584796917,0.0,20.64649507784094,0.31588850837138505,173.58482923801856,67.75174442900305,106.45133878036187,0.0,0.0,0,0.9436619718309859,0.011297309545601283,5.0096441423479125e-05,0.9955852076253584,0.9565667498351192,14.445961659997904,0.1586044066457193,0.6922349813298239,0.5883997341303502
sunsched_lite,0,cct_region,2014,2.0,pvgis,365,1.2648912659894127,85.70875921763201,0.3,1861,0.500191717791411,0.0,0.708221386351424,0.23054618357163578,0.9917491749174917,0.23255813953488372,0.0,0.0,1.0,0.0,0.0,0.0,0.0,0.0,0.500191717791411,0.6087039877300612,0.7935199386503067,0.4276994566831641,0.80628465196691,0.0,22.297233232776282,0.31588850837138505,177.53007928133889,67.75174442900305,110.32144018224763,0.0,0.0,0,0.9464788732394366,0.012724295378573435,5.3113804338976735e-05,0.9958431475756442,0.9504640442072085,12.829219874104902,0.17055082087895168,0.7794706223863594,0.6625500290284055
sunsched_lite,0,cct_region,2015,2.0,pvgis,365,1.2648912659894127,85.70875921763201,0.31,1861,0.500191717791411,0.0,0.708221386351424,0.23054618357163578,0.9917491749174917,0.23255813953488372,0.0,0.0,1.0,0.0,0.0,0.0,0.0,0.0,0.500191717791411,0.6087039877300612,0.7935199386503067,0.4248641987002683,0.8035257248119831,0.0,21.709066091403,0.31588850837138505,168.98709280214536,67.75174442900305,102.0835825454612,0.0,0.0,0,0.9436619718309859,0.012181781155979815,5.334609331386464e-05,0.9956399232940594,0.9589204487595901,13.39783301709866,0.1660406397332056,0.7463893591775432,0.6344309553009119
sunsched_lite,100,cct_region,2011,2.0,pvgis,365,1.2210563483151788,82.73851465568,0.33,4890,0.13079900996382557,0.0,0.13987730061349693,0.08662383638636405,0.9063495434274793,0.5966850828729282,0.0,0.0,1.0,0.0,0.0,0.0,0.0,0.0,0.13079900996382557,0.2012227369846206,0.4851177254553531,0.40270129206353195,0.779007966699186,0.0,19.639202912676332,0.31588850837138505,167.17960953643777,71.5460120167942,96.58021501614903,0.0,0.0,0,0.9436619718309859,0.010323157845949681,5.2039219920117206e-05,0.9949842668443084,1.0587014575354134,15.79962200122778,0.1503842507070925,0.6329265345223389,0.5379875543439882
sunsched_lite,100,cct_region,2013,2.0,pvgis,365,1.2210563483151788,82.73851465568,0.32,4890,0.13079900996382557,0.0,0.13987730061349693,0.08662383638636405,0.9063495434274793,0.5966850828729282,0.0,0.0,1.0,0.0,0.0,0.0,0.0,0.0,0.13079900996382557,0.2012227369846206,0.4851177254553531,0.407447411180245,0.7938560815416966,0.0,20.64649507784094,0.31588850837138505,167.56923176831125,71.5460120167942,96.95022153832946,0.0,0.0,0,0.9464788732394366,0.011115228324507289,5.474416883828216e-05,0.995098988035029,1.0599094523545594,14.67543379597819,0.15711014891415376,0.6814108624673504,0.5791992330972477
sunsched_lite,100,cct_region,2012,2.0,pvgis,365,1.2210563483151788,82.73851465568,0.33,4890,0.13079900996382557,0.0,0.13987730061349693,0.08662383638636405,0.9063495434274793,0.5966850828729282,0.0,0.0,1.0,0.0,0.0,0.0,0.0,0.0,0.13079900996382557,0.2012227369846206,0.4851177254553531,0.40821258951347533,0.8022389136315066,0.0,20.729461989872192,0.31588850837138505,158.12771613486893,71.5460120167942,87.99723828791691,0.0,0.0,0,0.9436619718309859,0.011066704844657636,5.66968004772599e-05,0.9949029260754908,1.100065648667215,14.736876097671688,0.1567175120795089,0.6785698633633707,0.5767843838588651
sunsched_lite,100,cct_region,2014,2.0,pvgis,365,1.2210563483151788,82.73851465568,0.32,4890,0.13079900996382557,0.0,0.13987730061349693,0.08662383638636405,0.9063495434274793,0.5966850828729282,0.0,0.0,1.0,0.0,0.0,0.0,0.0,0.0,0.13079900996382557,0.2012227369846206,0.4851177254553531,0.41130275772071634,0.80067659480737,0.0,22.297233232776282,0.31588850837138505,171.37775882562494,71.5460120167942,100.72408272980242,0.0,0.0,0,0.9436619718309859,0.012509298716121893,5.917587619486841e-05,0.9952917216993824,1.0537543275595003,13.042489016861197,0.16881599977748896,0.7667248166413713,0.6517160941451655
sunsched_lite,105,cct_region,2011,2.0,pvgis,365,1.058529353339236,71.725720549728,0.3,2169,0.07260536398467432,0.0,0.08483171968649147,0.0856813132549586,0.8104858104858105,0.6,0.0,0.0,1.0,0.0,0.0,0.0,0.0,0.0,0.07260536398467432,0.2796455938697318,0.43668582375478926,0.4055951470808272,0.7723072573858633,0.0,19.639202912676332,0.31588850837138505,144.92740176838876,68.43439247896946,78.54462268309084,0.0,0.0,0,0.9464788732394366,0.010349677371846394,4.8818258957513824e-05,0.9953052575400524,0.9900859377584338,15.764221830645457,0.1505821815225561,0.6343478357149301,0.5391956603576907
sunsched_lite,100,cct_region,2015,2.0,pvgis,365,1.2210563483151788,82.73851465568,0.31,4890,0.13079900996382557,0.0,0.13987730061349693,0.08662383638636405,0.9063495434274793,0.5966850828729282,0.0,0.0,1.0,0.0,0.0,0.0,0.0,0.0,0.13079900996382557,0.2012227369846206,0.4851177254553531,0.4090099942629311,0.796929697447769,0.0,21.709066091403,0.31588850837138505,163.13083029155143,71.5460120167942,92.73383027852749,0.0,0.0,0,0.9436619718309859,0.011991754477508174,5.9104995883366314e-05,0.9950953709140936,1.06206041915147,13.602697151264373,0.16450249935714334,0.7351483230713917,0.624876074610683
sunsched_lite,105,cct_region,2013,2.0,pvgis,365,1.058529353339236,71.725720549728,0.31,2169,0.07260536398467432,0.0,0.08483171968649147,0.0856813132549586,0.8104858104858105,0.6,0.0,0.0,1.0,0.0,0.0,0.0,0.0,0.0,0.07260536398467432,0.2796455938697318,0.43668582375478926,0.4096719647862877,0.7850612749711169,0.0,20.64649507784094,0.31588850837138505,145.26516387880858,68.43439247896946,78.86532866508303,0.0,0.0,0,0.9464788732394366,0.011141730813581305,5.309339412076729e-05,0.9952573266774266,0.9936689021769077,14.642855375630644,0.1573195977452767,0.6829269116898121,0.5804878749363402
sunsched_lite,105,cct_region,2012,2.0,pvgis,365,1.058529353339236,71.725720549728,0.31,2169,0.07260536398467432,0.0,0.08483171968649147,0.0856813132549586,0.8104858104858105,0.6,0.0,0.0,1.0,0.0,0.0,0.0,0.0,0.0,0.07260536398467432,0.2796455938697318,0.43668582375478926,0.4095829552285966,0.7927550793972339,0.0,20.729461989872192,0.31588850837138505,137.0803479595446,68.43439247896946,71.18074253633948,0.0,0.0,0,0.9408450704225352,0.011080571456319403,5.4854111664226484e-05,0.9950739097190913,1.0318623883277036,14.720963364013873,0.15681890279563027,0.6793033684497509,0.5774078631822883
sunsched_lite,105,cct_region,2014,2.0,pvgis,365,1.058529353339236,71.725720549728,0.32,2169,0.07260536398467432,0.0,0.08483171968649147,0.0856813132549586,0.8104858104858105,0.6,0.0,0.0,1.0,0.0,0.0,0.0,0.0,0.0,0.07260536398467432,0.2796455938697318,0.43668582375478926,0.41334024862565194,0.7920226284710485,0.0,22.297233232776282,0.31588850837138505,148.56676227655393,68.43439247896946,82.19637980212553,0.0,0.0,0,0.9436619718309859,0.012533633802002668,5.646723342070884e-05,0.9955149499386992,0.9838145486752118,13.020085491591765,0.16899573624240227,0.7680441120342794,0.6528374952291375
sunsched_lite,105,cct_region,2015,2.0,pvgis,365,1.058529353339236,71.725720549728,0.31,2169,0.07260536398467432,0.0,0.08483171968649147,0.0856813132549586,0.8104858104858105,0.6,0.0,0.0,1.0,0.0,0.0,0.0,0.0,0.0,0.07260536398467432,0.2796455938697318,0.43668582375478926,0.411050103338394,0.7876629594834444,0.0,21.709066091403,0.31588850837138505,141.41752961398848,68.43439247896946,75.2101886419436,0.0,0.0,0,0.9408450704225352,0.012015562983350311,5.7126599302615e-05,0.9952681132972474,0.9936985667345449,13.578100447851378,0.1646848701588467,0.7364800428753948,0.6260080364440855
sunsched_lite,130,cct_region,2011,2.0,pvgis,365,1.0106128730967532,68.47891018896,0.31,1455,0.13661805862424511,0.0,0.13676975945017184,0.07489019168284437,0.9806978470675576,0.8611111111111112,0.0,0.0,1.0,0.0,0.0,0.0,0.0,0.0,0.13661805862424511,0.29496243923994697,0.36964206805125943,0.40851028619344987,0.7720419715257414,0.0,19.639202912676332,0.31588850837138505,138.36696869062587,67.77204329136786,72.97465788331806,0.0,0.0,0,0.9436619718309859,0.010378472213635043,4.822792728695484e-05,0.9953745742531068,0.980370726394645,15.72157917782942,0.15082172844160469,0.6360684182478313,0.5406581555106565
sunsched_lite,130,cct_region,2012,2.0,pvgis,365,1.0106128730967532,68.47891018896,0.31,1455,0.13661805862424511,0.0,0.13676975945017184,0.07489019168284437,0.9806978470675576,0.8611111111111112,0.0,0.0,1.0,0.0,0.0,0.0,0.0,0.0,0.13661805862424511,0.29496243923994697,0.36964206805125943,0.4119689849284269,0.79141896861446,0.0,20.729461989872192,0.31588850837138505,130.87512770380468,67.77204329136786,65.94511831919945,0.0,0.0,0,0.9436619718309859,0.011107453147029761,5.511166216985858e-05,0.9950628136891587,1.023539433916416,14.685172684855756,0.15704770729062967,0.6809589655225919,0.5788151206942032
sunsched_lite,130,cct_region,2013,2.0,pvgis,365,1.0106128730967532,68.47891018896,0.31,1455,0.13661805862424511,0.0,0.13676975945017184,0.07489019168284437,0.9806978470675576,0.8611111111111112,0.0,0.0,1.0,0.0,0.0,0.0,0.0,0.0,0.13661805862424511,0.29496243923994697,0.36964206805125943,0.41243203677157414,0.7842735289091122,0.0,20.64649507784094,0.31588850837138505,138.68944131338083,67.77204329136786,73.28084645792568,0.0,0.0,0,0.9464788732394366,0.011175456922009004,5.232909818497187e-05,0.9953393217424295,0.98497263279061,14.59986782204087,0.1575973176261467,0.6849377077855031,0.5821970516176777
sunsched_lite,130,cct_region,2014,2.0,pvgis,365,1.0106128730967532,68.47891018896,0.31,1455,0.13661805862424511,0.0,0.13676975945017184,0.07489019168284437,0.9806978470675576,0.8611111111111112,0.0,0.0,1.0,0.0,0.0,0.0,0.0,0.0,0.13661805862424511,0.29496243923994697,0.36964206805125943,0.4162013498629831,0.7908902799970385,0.0,22.297233232776282,0.31588850837138505,141.84158615663088,67.77204329136786,76.44883156966266,0.0,0.0,0,0.9380281690140845,0.012572436812311967,5.6012531762288376e-05,0.9955645756469245,0.9755251786425096,12.98054791706551,0.16931435185251775,0.7703835049099131,0.6548259791734261
sunsched_lite,130,cct_region,2015,2.0,pvgis,365,1.0106128730967532,68.47891018896,0.3,1455,0.13661805862424511,0.0,0.13676975945017184,0.07489019168284437,0.9806978470675576,0.8611111111111112,0.0,0.0,1.0,0.0,0.0,0.0,0.0,0.0,0.13661805862424511,0.29496243923994697,0.36964206805125943,0.41379741665945463,0.7866478230246167,0.0,21.709066091403,0.31588850837138505,135.01597802515954,67.77204329136786,69.79116376872842,0.0,0.0,0,0.9408450704225352,0.01204549859634265,5.667890652608542e-05,0.9953166356622475,0.9851840471332218,13.545016323726312,0.1649311518093599,0.7382789183120706,0.62753708056526
sunsched_lite,28,cct_region,2012,2.0,pvgis,365,1.03062096349991,69.834654076896,0.3,1333,0.1862785862785863,0.0,0.18829707426856715,0.10218881619939477,0.8981481481481481,0.7931034482758621,0.0,0.0,1.0,0.0,0.0,0.0,0.0,0.0,0.1862785862785863,0.19176715176715176,0.2892307692307692,0.4126743151405263,0.7923920633302962,0.0,20.729461989872192,0.31588850837138505,133.46619047010245,67.71664852379557,68.45237186139194,0.0,0.0,0,0.9436619718309859,0.011114150968386872,5.3830247375874896e-05,0.9951799482524293,1.0200033366202632,14.67805046068881,0.15709336428472465,0.6812893869511006,0.5790959789084356
sunsched_lite,28,cct_region,2011,2.0,pvgis,365,1.03062096349991,69.834654076896,0.33,1333,0.1862785862785863,0.0,0.18829707426856715,0.10218881619939477,0.8981481481481481,0.7931034482758621,0.0,0.0,1.0,0.0,0.0,0.0,0.0,0.0,0.1862785862785863,0.19176715176715176,0.2892307692307692,0.40899898329982215,0.772555997927852,0.0,19.639202912676332,0.31588850837138505,141.10635475236165,67.71664852379557,75.63242872377964,0.0,0.0,0,0.9492957746478873,0.010383103802701795,4.817811846666127e-05,0.9953813808474592,0.9771142906503095,15.71467371582921,0.15086063607846356,0.6363479242923838,0.5408957356485263
sunsched_lite,28,cct_region,2013,2.0,pvgis,365,1.03062096349991,69.834654076896,0.31,1333,0.1862785862785863,0.0,0.18829707426856715,0.10218881619939477,0.8981481481481481,0.7931034482758621,0.0,0.0,1.0,0.0,0.0,0.0,0.0,0.0,0.1862785862785863,0.19176715176715176,0.2892307692307692,0.4130490905473315,0.7850785310780573,0.0,20.64649507784094,0.31588850837138505,141.43521168068102,67.71664852379557,75.94467921274081,0.0,0.0,0,0.9436619718309859,0.01118159819937222,5.187575252295343e-05,0.9953820382950902,0.9808757462890175,14.592475358109066,0.15764523204489556,0.6852846932815262,0.5824919892892972
sunsched_lite,28,cct_region,2014,2.0,pvgis,365,1.03062096349991,69.834654076896,0.31,1333,0.1862785862785863,0.0,0.18829707426856715,0.10218881619939477,0.8981481481481481,0.7931034482758621,0.0,0.0,1.0,0.0,0.0,0.0,0.0,0.0,0.1862785862785863,0.19176715176715176,0.2892307692307692,0.4167930411871208,0.7918126793418326,0.0,22.297233232776282,0.31588850837138505,144.64976261499436,67.71664852379557,79.16424823435732,0.0,0.0,0,0.9436619718309859,0.012579093835362007,5.559512986089284e-05,0.9955998022575847,0.971520103413184,12.974137494020885,0.16936618197200093,0.7707641455633168,0.6551495237288193
sunsched_lite,28,cct_region,2015,2.0,pvgis,365,1.03062096349991,69.834654076896,0.3,1333,0.1862785862785863,0.0,0.18829707426856715,0.10218881619939477,0.8981481481481481,0.7931034482758621,0.0,0.0,1.0,0.0,0.0,0.0,0.0,0.0,0.1862785862785863,0.19176715176715176,0.2892307692307692,0.41435280624175364,0.787517718332075,0.0,21.709066091403,0.31588850837138505,137.68902125081976,67.71664852379557,72.38590786597511,0.0,0.0,0,0.9408450704225352,0.012053738309426281,5.676890114671566e-05,0.9953124258002048,0.9812009159891807,13.535699948708793,0.1650007079564202,0.7387870622053739,0.6279690028745679
sunsched_lite,40,cct_region,2011,2.0,pvgis,365,0.9853790484979228,66.769071679648,0.3,1079,0.15880487056175177,0.0,0.16218721037998146,0.09384774925614975,0.974120082815735,0.8053097345132744,0.0,0.0,1.0,0.0,0.0,0.0,0.0,0.0,0.15880487056175177,0.08216514887956615,0.23636549677683413,0.40903350901533797,0.772055549804186,0.0,19.639202912676332,0.31588850837138505,134.9121068823523,67.5926903062394,69.87194346269001,0.0,0.0,0,0.9436619718309859,0.010383927532821653,4.823569066050926e-05,0.9953762523048016,0.9798346827141294,15.713346150490345,0.15086811973086034,0.6364016870899228,0.5409414340264345
sunsched_lite,40,cct_region,2012,2.0,pvgis,365,0.9853790484979228,66.769071679648,0.3,1079,0.15880487056175177,0.0,0.16218721037998146,0.09384774925614975,0.974120082815735,0.8053097345132744,0.0,0.0,1.0,0.0,0.0,0.0,0.0,0.0,0.15880487056175177,0.08216514887956615,0.23636549677683413,0.41196568945864837,0.7908714700750477,0.0,20.729461989872192,0.31588850837138505,127.6073284260185,67.5926903062394,63.02525644377153,0.0,0.0,0,0.9464788732394366,0.011106304650458693,5.4461021605865045e-05,0.9951203149312433,1.02202475330789,14.68753996325658,0.1570325411172323,0.6808492113054145,0.5787218296096024
sunsched_lite,40,cct_region,2013,2.0,pvgis,365,0.9853790484979228,66.769071679648,0.3,1079,0.15880487056175177,0.0,0.16218721037998146,0.09384774925614975,0.974120082815735,0.8053097345132744,0.0,0.0,1.0,0.0,0.0,0.0,0.0,0.0,0.15880487056175177,0.08216514887956615,0.23636549677683413,0.41280626288722033,0.7839825800636151,0.0,20.64649507784094,0.31588850837138505,135.2265277398714,67.5926903062394,70.17048686574931,0.0,0.0,0,0.9436619718309859,0.011179345677454995,5.2586328346090396e-05,0.9953181404304327,0.9826619043261227,14.594478647513764,0.15763224315521318,0.6851906286973496,0.5824120343927471
sunsched_lite,40,cct_region,2014,2.0,pvgis,365,0.9853790484979228,66.769071679648,0.3,1079,0.15880487056175177,0.0,0.16218721037998146,0.09384774925614975,0.974120082815735,0.8053097345132744,0.0,0.0,1.0,0.0,0.0,0.0,0.0,0.0,0.15880487056175177,0.08216514887956615,0.23636549677683413,0.4164236138516656,0.7904525891672517,0.0,22.297233232776282,0.31588850837138505,138.2999672032459,67.5926903062394,73.26302357246679,0.0,0.0,0,0.9436619718309859,0.012574487378271328,5.6458737459127694e-05,0.9955301260141698,0.9738287453465087,12.977982039274224,0.16933509195716812,0.7705358174897918,0.6549554448663231
sunsched_lite,40,cct_region,2015,2.0,pvgis,365,0.9853790484979228,66.769071679648,0.3,1079,0.15880487056175177,0.0,0.16218721037998146,0.09384774925614975,0.974120082815735,0.8053097345132744,0.0,0.0,1.0,0.0,0.0,0.0,0.0,0.0,0.15880487056175177,0.08216514887956615,0.23636549677683413,0.4141189451889147,0.7862669868009539,0.0,21.709066091403,0.31588850837138505,131.64478654499794,67.5926903062394,66.76793748271518,0.0,0.0,0,0.9436619718309859,0.012051307195868248,5.788993885911733e-05,0.9952193412812566,0.9829868452650115,13.537164355750749,0.1649897687216021,0.7387071425894213,0.6279010712010081
sunsched_lite,46,cct_region,2011,2.0,pvgis,365,1.299774515109069,88.072440650112,0.32,6276,0.21456265784512504,nan,0.212874442319949,0.09284589182409973,0.8286486486486486,0.8016528925619835,0.0,0.0,1.0,0.0,0.0,0.0,0.0,0.0,0.21456265784512504,0.11135417778252053,0.1368583929143101,0.4079205281387014,0.7825941436079175,0.0,19.639202912676332,0.31588850837138505,177.95722222088847,72.47855982059706,105.88233749767478,0.0,0.0,0,0.9436619718309859,0.010374034290831124,5.205663864369579e-05,0.9950070799309327,1.0725995166404432,15.722497812250284,0.15081655499510538,0.6360312540293971,0.5406265659249875
sunsched_lite,46,cct_region,2012,2.0,pvgis,365,1.299774515109069,88.072440650112,0.32,6276,0.21456265784512504,nan,0.212874442319949,0.09284589182409973,0.8286486486486486,0.8016528925619835,0.0,0.0,1.0,0.0,0.0,0.0,0.0,0.0,0.21456265784512504,0.11135417778252053,0.1368583929143101,0.41446984025301464,0.8051018427342663,0.0,20.729461989872192,0.31588850837138505,168.32177798190958,72.47855982059706,96.7284797767425,0.0,0.0,0,0.9408450704225352,0.011133264404451431,5.6989036571847445e-05,0.9949072613169845,1.1139297914828634,14.648836390786922,0.15728107949576764,0.6826480775148318,0.580250865887607
sunsched_lite,46,cct_region,2013,2.0,pvgis,365,1.299774515109069,88.072440650112,0.32,6276,0.21456265784512504,nan,0.212874442319949,0.09284589182409973,0.8286486486486486,0.8016528925619835,0.0,0.0,1.0,0.0,0.0,0.0,0.0,0.0,0.21456265784512504,0.11135417778252053,0.1368583929143101,0.4132656874627355,0.7977944310825621,0.0,20.64649507784094,0.31588850837138505,178.37196233358222,72.47855982059706,106.27619732946495,0.0,0.0,0,0.9464788732394366,0.011181127725811056,5.5558651513467496e-05,0.9950556018342219,1.0728938687271368,14.588303555377955,0.15767229190552146,0.6854806634671045,0.5826585639470389
sunsched_lite,46,cct_region,2014,2.0,pvgis,365,1.299774515109069,88.072440650112,0.32,6276,0.21456265784512504,nan,0.212874442319949,0.09284589182409973,0.8286486486486486,0.8016528925619835,0.0,0.0,1.0,0.0,0.0,0.0,0.0,0.0,0.21456265784512504,0.11135417778252053,0.1368583929143101,0.4173990807957179,0.8045985427869926,0.0,22.297233232776282,0.31588850837138505,182.42601472521153,72.47855982059706,110.27859639374861,0.0,0.0,0,0.9408450704225352,0.012587475191087922,5.8503683709492436e-05,0.9953737322916072,1.066679535986722,12.962554615339446,0.16945995466288333,0.7714528730445108,0.6557349420878341
sunsched_lite,46,cct_region,2015,2.0,pvgis,365,1.299774515109069,88.072440650112,0.32,6276,0.21456265784512504,nan,0.212874442319949,0.09284589182409973,0.8286486486486486,0.8016528925619835,0.0,0.0,1.0,0.0,0.0,0.0,0.0,0.0,0.21456265784512504,0.11135417778252053,0.1368583929143101,0.41491154728890417,0.8009493582091295,0.0,21.709066091403,0.31588850837138505,173.64742923953168,72.47855982059706,101.78798684451779,0.0,0.0,0,0.9436619718309859,0.012063198640198785,5.984280191788498e-05,0.995063713821023,1.0749055085692814,13.521705144016185,0.16510536251333296,0.7395516980656349,0.6286189433557897
sunsched_lite,7,cct_region,2011,2.0,pvgis,365,1.0371329234694004,70.275903079136,0.3,1853,0.4600308825276162,nan,0.42579600647598487,0.15751626039084943,0.9807807807807808,0.9148936170212766,0.0,0.0,1.0,0.0,0.0,0.0,0.0,0.0,0.4600308825276162,0.19622282931464546,0.18612661836322605,0.40613642879544015,0.7739040507082784,0.0,19.639202912676332,0.31588850837138505,141.99793270985566,68.14626211465134,76.04980095070336,0.0,0.0,0,0.9464788732394366,0.010355175174140864,4.8325825128691876e-05,0.9953548497633552,0.9815566911577801,15.756637293589892,0.15062469813206925,0.6346531822540712,0.5394552049159606
sunsched_lite,7,cct_region,2014,2.0,pvgis,365,1.0371329234694004,70.275903079136,0.29,1853,0.4600308825276162,nan,0.42579600647598487,0.15751626039084943,0.9807807807807808,0.9148936170212766,0.0,0.0,1.0,0.0,0.0,0.0,0.0,0.0,0.4600308825276162,0.19622282931464546,0.18612661836322605,0.4136738255708502,0.7932278544010717,0.0,22.297233232776282,0.31588850837138505,145.5637295311605,68.14626211465134,79.62299594907783,0.0,0.0,0,0.9408450704225352,0.012537709234996258,5.7881686276933783e-05,0.9954046073234106,0.9777266796026621,13.014410586495972,0.16904135626702865,0.7683790159791187,0.6531221635822508
sunsched_lite,7,cct_region,2012,2.0,pvgis,365,1.0371329234694004,70.275903079136,0.3,1853,0.4600308825276162,nan,0.42579600647598487,0.15751626039084943,0.9807807807807808,0.9148936170212766,0.0,0.0,1.0,0.0,0.0,0.0,0.0,0.0,0.4600308825276162,0.19622282931464546,0.18612661836322605,0.40975433249936466,0.7938708773567608,0.0,20.729461989872192,0.31588850837138505,134.3094941873784,68.14626211465134,68.83418470317112,0.0,0.0,0,0.9408450704225352,0.011082142881264785,5.481120978680106e-05,0.9950784380236567,1.0260243167847398,14.718942943358416,0.1568317910629894,0.6793966141782124,0.5774871220514806
sunsched_lite,7,cct_region,2015,2.0,pvgis,365,1.0371329234694004,70.275903079136,0.29,1853,0.4600308825276162,nan,0.42579600647598487,0.15751626039084943,0.9807807807807808,0.9148936170212766,0.0,0.0,1.0,0.0,0.0,0.0,0.0,0.0,0.4600308825276162,0.19622282931464546,0.18612661836322605,0.41137275846670174,0.7889242172685094,0.0,21.709066091403,0.31588850837138505,138.55900684822407,68.14626211465134,72.78276700941292,0.0,0.0,0,0.9436619718309859,0.012019682273219099,5.74217401371712e-05,0.9952454048525485,0.986387996714311,13.573137371981222,0.16472174389005356,0.7367493399604734,0.6262369389664023
sunsched_lite,78,cct_region,2011,2.0,pvgis,365,1.074248607789109,72.79085383900801,0.29,2359,0.10864411416066382,0.0,0.1288681644764731,0.09292406092237715,0.8041379310344827,0.6032608695652174,0.0,0.0,1.0,0.0,0.0,0.0,0.0,0.0,0.10864411416066382,0.24491656788547456,0.19389988146256956,0.4081955401755062,0.7745591235756133,0.0,19.639202912676332,0.31588850837138505,147.07958649332792,68.39070270801838,80.63680658290288,0.0,0.0,0,0.9464788732394366,0.010375786789733197,4.862442894145535e-05,0.9953355227531365,0.9829168731113573,15.725031216662948,0.1508022906640969,0.6359287852734786,0.5405394674824568
sunsched_lite,7,cct_region,2013,2.0,pvgis,365,1.0371329234694004,70.275903079136,0.31,1853,0.4600308825276162,nan,0.42579600647598487,0.15751626039084943,0.9807807807807808,0.9148936170212766,0.0,0.0,1.0,0.0,0.0,0.0,0.0,0.0,0.4600308825276162,0.19622282931464546,0.18612661836322605,0.41006887018227456,0.7864576541132612,0.0,20.64649507784094,0.31588850837138505,142.3288675147464,68.14626211465134,76.36402438874686,0.0,0.0,0,0.9436619718309859,0.011146488516932396,5.307642249737433e-05,0.9952608496147461,0.9863426718617911,14.636657112623219,0.15735954644271122,0.6832161143800802,0.5807336972230682
sunsched_lite,78,cct_region,2013,2.0,pvgis,365,1.074248607789109,72.79085383900801,0.29,2359,0.10864411416066382,0.0,0.1288681644764731,0.09292406092237715,0.8041379310344827,0.6032608695652174,0.0,0.0,1.0,0.0,0.0,0.0,0.0,0.0,0.10864411416066382,0.24491656788547456,0.19389988146256956,0.41248429149818533,0.7875916040159915,0.0,20.64649507784094,0.31588850837138505,147.42236440093876,68.39070270801838,80.9622797375146,0.0,0.0,0,0.9436619718309859,0.011174869121293847,5.229769448336118e-05,0.9953418618123792,0.9866641267568255,14.600673038778805,0.15759210136159274,0.6848999339578662,0.5821649438641863
sunsched_lite,78,cct_region,2012,2.0,pvgis,365,1.074248607789109,72.79085383900801,0.3,2359,0.10864411416066382,0.0,0.1288681644764731,0.09292406092237715,0.8041379310344827,0.6032608695652174,0.0,0.0,1.0,0.0,0.0,0.0,0.0,0.0,0.10864411416066382,0.24491656788547456,0.19389988146256956,0.4123334802617706,0.7953164714860469,0.0,20.729461989872192,0.31588850837138505,139.11600324190164,68.39070270801838,73.11825738922086,0.0,0.0,0,0.9436619718309859,0.011110963705164057,5.4227878551435e-05,0.9951431304922231,1.0265756023553245,14.681717783336106,0.15706984970224946,0.6811192087720211,0.578951327456218
sunsched_lite,78,cct_region,2014,2.0,pvgis,365,1.074248607789109,72.79085383900801,0.27,2359,0.10864411416066382,0.0,0.1288681644764731,0.09292406092237715,0.8041379310344827,0.6032608695652174,0.0,0.0,1.0,0.0,0.0,0.0,0.0,0.0,0.10864411416066382,0.24491656788547456,0.19389988146256956,0.41628495513449715,0.7945891575138143,0.0,22.297233232776282,0.31588850837138505,150.77299182668625,68.39070270801838,84.30054601351533,0.0,0.0,0,0.9436619718309859,0.01257358708625228,5.627498393395544e-05,0.9955442914878068,0.9779467757428595,12.979095964630215,0.1693260871051918,0.7704696865830523,0.6548992335955944
sunsched_lite,78,cct_region,2015,2.0,pvgis,365,1.074248607789109,72.79085383900801,0.26,2359,0.10864411416066382,0.0,0.1288681644764731,0.09292406092237715,0.8041379310344827,0.6032608695652174,0.0,0.0,1.0,0.0,0.0,0.0,0.0,0.0,0.10864411416066382,0.24491656788547456,0.19389988146256956,0.4137895440203908,0.7900501322314133,0.0,21.709066091403,0.31588850837138505,143.517592427232,68.39070270801838,77.25285590154843,0.0,0.0,0,0.9408450704225352,0.01204600436376229,5.6232546685770966e-05,0.9953535410765901,0.9870357541455372,13.544949833817244,0.16493164790519166,0.7382825424006606,0.6275401610405615
